search_category,media_type,id,title,original_language,genres,release_date,popularity,vote_average,vote_count,origin_country,overview,release_year,is_recent
popular,movie,969681,Spider-Man: Brand New Day,en,"Science Fiction, Action, Adventure",2026-07-29,1657.2333,7.9,2098,,Fighting crime full-time as Spider-Man in a world that doesn't remember him—and the pressure of seeing his old friends move on without him—sparks a change in Peter Parker he may not have the power to control. But that transformation might also be the only thing that can stop a shocking new threat to the city and those he loves - a powerful villain no one can even see.,2026.0,True
popular,movie,1368337,The Odyssey,en,"Adventure, Action, Fantasy",2026-07-15,672.5442,7.999,3122,,"Odysseus, the legendary King of Ithaca, embarks on a long and perilous journey home following the Trojan War. Throughout his voyage, he is forced to confront the whims of gods, mythological monsters, and trials that stretch both his cunning and his humanity to the breaking point.",2026.0,True
popular,movie,1288445,Mutiny,en,"Action, Thriller",2026-08-19,532.9923,6.6,125,,"After witnessing his billionaire boss' murder and being framed for the crime, Cole Reed boards a cargo ship on a one-man crusade to avenge his boss' death only to discover an international conspiracy.",2026.0,True
popular,movie,1084244,Toy Story 5,en,"Animation, Family, Comedy, Adventure",2026-06-17,387.5602,8.184,1527,,"When Bonnie receives a Lilypad tablet as a gift and becomes obsessed, Buzz, Woody, Jessie and the rest of the gang's jobs become exponentially harder when they have to go head to head with the all-new threat to playtime.",2026.0,True
popular,movie,1323244,Rage of Stars,en,"Action, Science Fiction, Thriller",2026-08-06,388.5213,4.636,33,,"A story about a woman from the International Special Forces Unit, who has a premonition about the impending end of humanity.",2026.0,True
popular,movie,634649,Spider-Man: No Way Home,en,"Action, Adventure, Science Fiction",2021-12-15,252.1788,7.941,22816,,"Peter Parker is unmasked and no longer able to separate his normal life from the high-stakes of being a super-hero. When he asks for help from Doctor Strange the stakes become even more dangerous, forcing him to discover what it truly means to be Spider-Man.",2021.0,False
popular,movie,1375646,Colony,ko,"Action, Horror, Science Fiction",2026-05-21,220.8453,8.115,588,,"Professor Se-jeong is thrust into a bloody nightmare when a rapidly mutating virus is released during a biotech conference causing authorities to seal the facility. Trapped inside with no escape, Se-jeong along with a small group of survivors must fight to stay alive while the infected undergo horrific transformations.",2026.0,True
popular,movie,1339713,Obsession,en,"Horror, Thriller",2026-05-13,284.2699,8.22,4987,,"After breaking the mysterious ""One Wish Willow"" to win his crush's heart, a hopeless romantic finds himself getting exactly what he asked for but soon discovers that some desires come at a dark, sinister price.",2026.0,True
popular,movie,1315772,Minions & Monsters,en,"Adventure, Animation, Comedy, Family, Fantasy",2026-06-24,231.8791,7.519,826,,"This is the rambunctious, ridiculous and totally true story of how the Minions conquered Hollywood, became movie stars, lost everything, unleashed monsters onto the world and then banded together to try and save the planet from the mayhem they had just created.",2026.0,True
popular,movie,1108427,Moana,en,"Family, Fantasy, Comedy, Adventure",2026-07-08,250.1106,6.113,222,,"Teenage Moana answers the Ocean's call and, for the first time, voyages beyond the reef of her island of Motunui with infamous demigod Maui on an unforgettable journey to restore prosperity to her people.",2026.0,True
popular,movie,1284465,The Death of Robin Hood,en,"Adventure, Drama, Action",2026-06-18,172.0553,6.288,243,,"Grappling with his past after a life of crime and murder, Robin Hood finds himself gravely injured after a battle he thought would be his last. In the hands of a mysterious woman, he is offered a chance at salvation.",2026.0,True
popular,movie,1284041,The Last House,en,"Horror, Science Fiction, Thriller",2026-08-06,158.1143,6.894,1003,,A family suddenly sealed inside their home must work together to survive against dwindling resources and the ominous threat keeping them trapped.,2026.0,True
popular,movie,82023,Hotel Desire,de,"Drama, Romance",2011-12-07,185.9993,6.174,158,,"Antonia is a single mother who works as a hotel maid in Berlin. A normal hot summer day takes a dramatic turn when she crosses paths with a particular guest of the hotel, famous blind portrait painter Julius Pass.",2011.0,False
popular,movie,1275779,Disclosure Day,en,"Science Fiction, Thriller",2026-06-10,161.164,7.465,2980,,"A cybersecurity expert becomes a whistleblower after uncovering secrets about aliens, putting him on the run from a corporation. Meanwhile, a meteorologist experiencing strange phenomena joins forces with him to prove there's life beyond our understanding.",2026.0,True
popular,movie,1101383,The End of Oak Street,en,"Science Fiction, Mystery, Thriller",2026-08-12,136.3742,6.386,330,,"After a mysterious cosmic event rips Oak Street from suburbia and transports their neighborhood to someplace unknown, the Platt family soon discovers that their very survival depends on them sticking together as they navigate their now unrecognizable surroundings.",2026.0,True
popular,movie,1212763,Evil Dead Burn,en,Horror,2026-07-07,146.2951,7.838,1250,,"After her husband's abrupt death, Alice seeks solace with his remaining family — descendants of a leading researcher on demonic possession. As her in-laws transform one by one into creatures that feed on fear, she comes to discover that the vows she took in life survive even in death.",2026.0,True
popular,movie,1083381,Backrooms,en,"Horror, Mystery, Science Fiction",2026-05-27,152.9265,7.096,2927,,A strange doorway appears in the basement of a furniture showroom.,2026.0,True
popular,movie,687163,Project Hail Mary,en,"Science Fiction, Adventure",2026-03-15,128.5141,8.647,7292,,"Science teacher Ryland Grace wakes up on a spaceship light years from home with no recollection of who he is or how he got there. As his memory returns, he begins to uncover his mission: solve the riddle of the mysterious substance causing the sun to die out. He must call on his scientific knowledge and unorthodox ideas to save everything on Earth from extinction.",2026.0,True
popular,movie,1081003,Supergirl,en,"Action, Adventure, Science Fiction",2026-06-24,131.5168,6.727,2030,,"When an unexpected and ruthless adversary strikes too close to home, Kara Zor-El, aka Supergirl, reluctantly joins forces with an unlikely companion on an epic, interstellar journey of vengeance and justice.",2026.0,True
popular,movie,1273221,Scary Movie,en,Comedy,2026-06-03,124.6124,6.444,1714,,"Twenty-six years after outrunning a suspiciously familiar masked killer, the Core Four are back in the killer's crosshairs and no horror movie IP is safe.",2026.0,True
popular,movie,1523145,Your Heart Will Be Broken,ru,Romance,2026-03-26,108.3718,7.1,121,,"High school student Polina is saved from bullying at her new school and makes a deal with the main bully Bars: he must pretend to be her boyfriend and protect her, and she must do everything he says. During this game, the couple develops real feelings, but her family and classmates have reasons to separate the lovers.",2026.0,True
popular,movie,1003596,Avengers: Doomsday,en,"Science Fiction, Action, Adventure",2026-12-16,97.5399,0.0,0,,Beloved heroes from three distinct universes are set on a deadly collision course and face an existential threat unlike anything they've ever encountered.,2026.0,True
popular,movie,454639,Masters of the Universe,en,"Action, Fantasy, Science Fiction",2026-06-03,111.0374,7.166,1925,,"After being separated for 15 years, the Sword of Power leads Prince Adam back to Eternia, where he discovers his home shattered under the fiendish rule of Skeletor. To save his family and his world, Adam must join forces with his closest allies, Teela and Duncan/Man-At-Arms, and embrace his true destiny as He-Man — the most powerful man in the universe.",2026.0,True
popular,movie,1307118,Soulm8te,en,"Horror, Science Fiction, Thriller",2026-07-31,107.4701,7.286,245,,"After a ruthless tech giant acquires a small robotics company, a grieving engineer is tasked with testing their new AI companion. But when he attempts to reprogram her to be a truly sentient soulmate, she develops needs of her own—unleashing a relentless spree of precision-engineered mayhem.",2026.0,True
popular,movie,755898,War of the Worlds,en,"Science Fiction, Thriller",2025-07-29,108.2923,4.045,1097,,"Will Radford is a top analyst for Homeland Security who tracks potential threats through a mass surveillance program, until one day an attack by an unknown entity leads him to question whether the government is hiding something from him... and from the rest of the world.",2025.0,True
popular,movie,1538273,Pyaar Prema Kalyanam,ta,"Romance, Comedy, Drama",2026-08-21,103.5313,7.0,1,,"When a bride refuses to leave her family home after marriage, her husband must find out if he can adjust to life under his in-laws' roof.",2026.0,True
popular,movie,980431,Avatar Aang: The Last Airbender,en,"Animation, Action, Adventure, Fantasy",2026-07-24,99.9187,9.201,959,,"Avatar Aang, the world's last Airbender, learns of an ancient power that could save his culture from extinction. With the help of his friends, he embarks on a global quest to find it before it falls into the wrong hands and threatens to upend the peace they sacrificed everything to achieve.",2026.0,True
popular,movie,1612018,Jackass: Best and Last,en,"Action, Comedy, Documentary",2026-06-25,106.3238,7.554,177,,The fifth and final installment to Jackass franchise where the crew go on one last insane crusade.,2026.0,True
popular,movie,1285366,Shape of My Heart,ja,Romance,2024-07-06,137.4408,6.2,4,,"A romance about a man and a woman who, due to an unexpected event, end up switching bodies. Despite coming from completely different backgrounds and environments, the two try to overcome the various difficulties that arise from their body swap.",2024.0,False
popular,movie,315635,Spider-Man: Homecoming,en,"Action, Adventure, Science Fiction",2017-07-05,97.8934,7.333,23735,,"Following the events of Captain America: Civil War, Peter Parker, with the help of his mentor Tony Stark, tries to balance his life as an ordinary high school student in Queens, New York City, with fighting crime as his superhero alter ego Spider-Man as a new threat, the Vulture, emerges.",2017.0,False
popular,movie,299536,Avengers: Infinity War,en,"Adventure, Action, Science Fiction",2018-04-25,102.7902,8.2,32681,,"As the Avengers and their allies have continued to protect the world from threats too large for any one hero to handle, a new danger has emerged from the cosmic shadows: Thanos. A despot of intergalactic infamy, his goal is to collect all six Infinity Stones, artifacts of unimaginable power, and use them to inflict his twisted will on all of reality. Everything the Avengers have fought for has led up to this moment - the fate of Earth and existence itself has never been more uncertain.",2018.0,False
popular,movie,278,The Shawshank Redemption,en,"Drama, Crime",1994-09-23,85.0929,8.728,31122,,"Imprisoned in the 1940s for the double murder of his wife and her lover, upstanding banker Andy Dufresne begins a new life at the Shawshank prison, where he puts his accounting skills to work for an amoral warden. During his long stretch in prison, Dufresne comes to be admired by the other inmates -- including an older prisoner named Red -- for his integrity and unquenchable sense of hope.",1994.0,False
popular,movie,83533,Avatar: Fire and Ash,en,"Science Fiction, Adventure, Fantasy",2025-12-17,97.646,7.646,4188,,"In the wake of the devastating war against the RDA and the loss of their eldest son, Jake Sully and Neytiri face a new threat on Pandora: the Ash People, a violent and power-hungry Na'vi tribe led by the ruthless Varang. Jake's family must fight for their survival and the future of Pandora in a conflict that pushes them to their emotional and physical limits.",2025.0,True
popular,movie,441168,From Straight A's to XXX,en,"Drama, TV Movie",2017-02-11,103.2328,5.912,170,,"When a change of circumstances leaves Miriam unable to pay her college tuition, she makes a surprising decision: to start performing in adult films, using the pseudonym Belle Knox. Miriam lies to her family and her friends at school, keeping her double life a secret. But soon rumours spread and Miriam becomes the subject of vicious online attacks and unwanted attention. Miriam fights back: she talks to the media, saying her new line of work empowers her as a feminist. But her confident stand has unintended consequences. Miriam is shunned by her conservative family and her colleagues in the adult film world. One impulsive decision has quickly spiralled out of control - and Miriam's problems are just beginning.",2017.0,False
popular,movie,1594914,Lucky Strike,en,"Action, War",2026-06-26,105.4359,7.25,32,,"A wounded American soldier fights to survive behind enemy lines during WWII's Battle of the Bulge against the Germans, relying on his instinct, spy craft and a hand-radio to evade capture and find his way back to his unit.",2026.0,True
popular,movie,1698863,The Odyssey,en,"Adventure, Fantasy, Action",2026-07-03,104.0118,4.014,347,,"Based on the Ancient Greek epic. After ten years of war, King Odysseus sets sail for Ithaca, eager to reunite with his beloved. But his journey home is far more treacherous than the battlefield, as he must face deadly monsters and vengeful gods to survive.",2026.0,True
popular,movie,1291595,Insidious: Out of the Further,en,"Horror, Thriller",2026-08-19,102.7501,6.7,45,,"Gemma, a young mother raising her daughter in the house she grew up in, discovers she can travel into The Further, where she possesses an ability to bring what lives there back to the real world.",2026.0,True
popular,movie,391312,Mourning Wife,ja,"Drama, Romance",2001-09-28,114.4772,4.5,6,,"Director Daisuke Goto, the master of the cinematic Pink Eiga, is back with this retelling of the classic film noir, The Postman Always Rings Twice. A married woman, tasked with running her handicapped husband’s failing printing business, meets a drifter and they fall in love. Soon a plan to murder the husband is put into motion and the forces of fate begin to show their hand. Featuring bravura filmmaking, fantastic performances and steamy sex, the Mourning Wife is a worthy follow up for any fan of Daisuke Goto’s masterpiece A Lonely Cow Weeps at Dawn.",2001.0,False
popular,movie,1311031,Demon Slayer: Kimetsu no Yaiba Infinity Castle,ja,"Animation, Action, Fantasy",2025-07-18,91.0316,8.755,1954,,"The Demon Slayer Corps are drawn into the Infinity Castle, where Tanjiro, Nezuko, and the Hashira face terrifying Upper Rank demons in a desperate fight as the final battle against Muzan Kibutsuji begins.",2025.0,True
popular,movie,557,Spider-Man,en,"Action, Science Fiction",2002-05-01,86.2569,7.348,21240,,"After being bitten by a genetically altered spider at Oscorp, nerdy but endearing high school student Peter Parker is endowed with amazing powers to become the superhero known as Spider-Man.",2002.0,False
popular,movie,1130948,Rosebush Pruning,en,"Comedy, Drama, Thriller",2026-04-23,113.2706,6.471,17,,"In a Spanish villa, American siblings Jack, Ed, Anna and Robert wallow in isolation and their inherited fortune. When Jack wants to move in with his girlfriend and Ed uncovers the truth about their mother’s death, the fabric of the family begins to unravel.",2026.0,True
popular,movie,1481343,The Devil's Mouth,en,"Horror, Thriller",2026-07-29,85.0283,6.574,694,,"A group of college friends' Thailand adventure turns deadly when they become trapped in submerged caves with a dangerous predator. As oxygen runs low, past conflicts emerge in their desperate fight for survival.",2026.0,True
popular,movie,89657,Country Hooker,en,Drama,1974-10-04,63.4616,3.857,7,,"A couple of musicians are on their way to a show at a country bar. Along the way, they pick up a couple of sexy hitchhiking ladies and decide to pull over for a pitstop. Eventually, they make it to the bar and uncover that the deep voiced country singer that also plays there is also a pimp who uses the ""waitresses"" to make him some extra cash. It is up to our musician heroes to put an end to the singer and his operation.",1974.0,False
popular,movie,1314826,Yellow Eyes,en,Horror,2026-08-18,96.2457,4.3,3,,"A young couple inherits a house containing a mysterious relic that hosts the spirit of a powerful demon, and the wife of the man it possesses must find an exorcist to save him.",2026.0,True
popular,movie,1564614,Leviticus,en,"Horror, Romance",2026-06-17,83.6284,6.7,417,,Two teenage boys must escape a violent entity that takes the form of the person they desire most:  each other.,2026.0,True
popular,movie,1599191,Renegade Immortal: Battle of the Immortal Slayer,zh,"Animation, Action, Adventure, Fantasy",,89.5272,0.0,0,,,,False
popular,movie,1314481,The Devil Wears Prada 2,en,"Comedy, Drama",2026-04-29,79.2885,7.068,2162,,"Andy Sachs returns to Runway as Miranda Priestly navigates a new media landscape and Runway's position within. The duo reconnect with former assistant Emily Charlton, now the head of a luxury brand that possesses funding which could ensure Runway's survival.",2026.0,True
popular,movie,24428,The Avengers,en,"Science Fiction, Action, Adventure",2012-04-25,80.0398,8.068,39377,,"When an unexpected enemy emerges and threatens global safety and security, Nick Fury, director of the international peacekeeping agency known as S.H.I.E.L.D., finds himself in need of a team to pull the world back from the brink of disaster. Spanning the globe, a daring recruitment effort begins!",2012.0,False
popular,movie,936075,Michael,en,"Music, Drama",2026-04-22,78.8838,8.671,4133,,"The story of Michael Jackson, one of the most influential artists the world has ever known, and his life beyond the music. His journey from the discovery of his extraordinary talent as the lead of the Jackson Five, to the visionary artist whose creative ambition fueled a relentless pursuit to become the biggest entertainer in the world, highlighting both his life off-stage and some of the most iconic performances from his early solo career.",2026.0,True
popular,movie,1280738,The Furious,zh,"Action, Crime, Thriller",2026-06-10,74.1319,8.147,612,,"After a criminal network kidnaps Wang Wei's daughter and the corrupt police refuse to assist him, Wei sets out on his own to locate her. Navin, a tenacious journalist whose wife has mysteriously vanished, is his only ally. In this explosive martial arts showdown, the unlikely duo fights the kidnappers ruthlessly driven by a furious vengeance.",2026.0,True
popular,movie,950028,The Invite,en,"Comedy, Drama, Romance",2026-06-25,68.9528,7.341,318,,"Joe and Angela's marriage is on thin ice. When they invite their enigmatic upstairs neighbors for a dinner party, the night spirals into unexpected places. Have they reignited the spark or lit the match that burns it all down?",2026.0,True
popular,movie,1727780,Borderline,en,Thriller,2026-07-17,77.6957,5.7,15,,"Convinced they are our secret saviors, rogue U.S. operatives abduct Mexican gang members and seed them across major American cities, unleashing criminal chaos, swaying voters by playing on nativist prejudices, and forcing law enforcement into a race to expose the plot as the escalating carnage threatens democracy itself.",2026.0,True
popular,movie,157336,Interstellar,en,"Adventure, Drama, Science Fiction",2014-11-05,71.0031,8.485,40880,,The adventures of a group of explorers who make use of a newly discovered wormhole to surpass the limitations on human space travel and conquer the vast distances involved in an interstellar voyage.,2014.0,False
popular,movie,1127384,Deep Water,en,"Horror, Thriller",2026-04-30,79.0296,7.1,416,,A group of international passengers on a flight from Los Angeles to Shanghai is forced to make an emergency landing in shark-infested waters. The terrified group is forced to work together and overcome their differences if they hope to escape their sinking plane and the frenzy of sharks drawn to the wreckage.,2026.0,True
popular,movie,1930,The Amazing Spider-Man,en,"Action, Adventure, Science Fiction",2012-06-23,68.3969,6.756,18979,,A teenage Peter Parker grapples with both high school and amazing super-human crises as his alter-ego Spider-Man.,2012.0,False
popular,movie,1439930,The Punisher: One Last Kill,en,"Action, Drama, Crime",2026-05-12,76.1121,8.276,2128,,"As Frank Castle searches for meaning beyond revenge, an unexpected force pulls him back into the fight.",2026.0,True
popular,movie,1084242,Zootopia 2,en,"Animation, Adventure, Comedy, Mystery, Family",2025-11-26,71.4974,7.679,3322,,"After cracking the biggest case in Zootopia's history, rookie cops Judy Hopps and Nick Wilde find themselves on the twisting trail of a great mystery when Gary De'Snake arrives and turns the animal metropolis upside down. To crack the case, Judy and Nick must go undercover to unexpected new parts of town, where their growing partnership is tested like never before.",2025.0,True
popular,movie,569094,Spider-Man: Across the Spider-Verse,en,"Animation, Action, Adventure, Science Fiction",2023-05-31,69.9701,8.346,9095,,"After reuniting with Gwen Stacy, Brooklyn’s full-time, friendly neighborhood Spider-Man is catapulted across the Multiverse, where he encounters the Spider Society, a team of Spider-People charged with protecting the Multiverse's very existence. But when the heroes clash on how to handle a new threat, Miles finds himself pitted against the other Spiders and must set out on his own to save those he loves most.",2023.0,False
popular,movie,964849,Nightborn,fi,Horror,2026-07-01,77.0312,6.129,35,,"In Finnish forest, Saga and her husband Jon embark on a new chapter as parents. But Saga's joy is overshadowed by a chilling suspicion about their newborn, unbeknownst to Jon, causing a rift as she alone grapples with the disturbing truth.",2026.0,True
popular,movie,5721,Vixen!,en,Drama,1968-10-15,69.7111,5.518,109,,"In a Canadian mountain resort, Vixen Palmer resides with her naive pilot husband Tom. While he's away flying in tourists, she sleeps with practically everybody including a husband and his wife, and even her biker brother. However, the only one she won't bed is her brother's friend... who is Black.",1968.0,False
popular,movie,1228710,The Mandalorian and Grogu,en,"Action, Adventure, Science Fiction",2026-05-20,67.4061,7.506,1350,,"The evil Empire has fallen, and Imperial warlords remain scattered throughout the galaxy. As the fledgling New Republic works to protect everything the Rebellion fought for, they have enlisted the help of legendary Mandalorian bounty hunter Din Djarin and his young apprentice Grogu.",2026.0,True
popular,movie,238,The Godfather,en,"Drama, Crime",1972-03-14,62.5713,8.686,23409,,"Spanning the years 1945 to 1955, a chronicle of the fictional Italian-American Corleone crime family. When organized crime family patriarch, Vito Corleone barely survives an attempt on his life, his youngest son, Michael steps in to take care of the would-be killers, launching a campaign of bloody revenge.",1972.0,False
popular,movie,1226863,The Super Mario Galaxy Movie,en,"Family, Comedy, Adventure, Fantasy, Animation",2026-04-01,87.3492,8.248,3523,,"Having thwarted Bowser's previous plot to marry Princess Peach, Mario and Luigi now face a fresh threat in Bowser Jr., who is determined to liberate his father from captivity and restore the family legacy. Alongside companions new and old, the brothers travel across the stars to stop the young heir's crusade.",2026.0,True
popular,movie,299534,Avengers: Endgame,en,"Adventure, Science Fiction, Action",2019-04-24,65.8542,8.24,28427,,"After the devastating events of Avengers: Infinity War, the universe is in ruins due to the efforts of the Mad Titan, Thanos. With the help of remaining allies, the Avengers must assemble once more in order to undo Thanos' actions and restore order to the universe once and for all, no matter what consequences may be in store.",2019.0,False
popular,movie,1290821,Shelter,en,"Action, Crime, Thriller",2026-01-28,70.0378,7.784,1762,,"A man living in self-imposed exile on a remote island rescues a young girl from a violent storm, setting off a chain of events that forces him out of seclusion to protect her from enemies tied to his past.",2026.0,True
popular,movie,1408162,Vishwanath & Sons,ta,"Drama, Romance",2026-08-14,54.522,8.4,7,,"Sanjay Vishwanath is an acclaimed professional handgunner in his 40s with a major stake in fame and wealth. When he comes across a woman named Maddy in her 20s, their dynamic poses many issues that they must come to terms with.",2026.0,True
popular,movie,1110034,Kraken,no,"Horror, Action, Thriller",2026-02-06,66.1043,6.288,285,,"A marine biologist is doing research on a fish farm when she encounters several strange occurrences. Along with the brutal deaths of two teenagers, all signs point to the deep fjord; can there be more to the depths than the eye can see?",2026.0,True
popular,movie,155,The Dark Knight,en,"Action, Crime, Thriller",2008-07-16,62.0227,8.534,36492,,"Batman raises the stakes in his war on crime. With the help of Lt. Jim Gordon and District Attorney Harvey Dent, Batman sets out to dismantle the remaining criminal organizations that plague the streets. The partnership proves to be effective, but they soon find themselves prey to a reign of chaos unleashed by a rising criminal mastermind known to the terrified citizens of Gotham as the Joker.",2008.0,False
popular,movie,194117,Woman in the Moon,it,"Drama, Romance, Crime",1988-03-31,75.0823,5.6,8,,An Italian-American woman traveling to Sicily picks up a teenager who claims to be in trouble with some drug dealers.,1988.0,False
popular,movie,1668364,Desire,es,"Mystery, Drama",2026-05-07,65.9527,6.778,234,,"Lucero’s life appears immaculate: a wealthy household, a devoted husband, and two children who embody the promise of a perfect family. Yet beneath this surface simmers a quiet dissatisfaction. When Matías, a young swimming coach hired by her husband, enters their lives, Lucero finds herself pulled into a risky and consuming relationship. As secrecy, desire, and jealousy tighten their grip, the boundaries within the family begin to collapse, placing mother and daughter in a dangerous emotional triangle that threatens to shatter everything Lucero has built.",2026.0,True
popular,movie,533535,Deadpool & Wolverine,en,"Action, Comedy, Science Fiction",2024-07-24,61.9392,7.585,9260,,"A listless Wade Wilson toils away in civilian life with his days as the morally flexible mercenary, Deadpool, behind him. But when his homeworld faces an existential threat, Wade must reluctantly suit-up again with an even more reluctant Wolverine.",2024.0,False
popular,movie,27205,Inception,en,"Action, Science Fiction, Adventure",2010-07-15,60.7361,8.372,39978,,"Cobb, a skilled thief who commits corporate espionage by infiltrating the subconscious of his targets is offered a chance to regain his old life as payment for a task considered to be impossible: ""inception"", the implantation of another person's idea into a target's subconscious.",2010.0,False
popular,movie,1493400,Camp Rock 3,en,"Music, Comedy, Drama, TV Movie, Romance",2026-08-13,54.8258,6.494,87,,"When Connect 3 loses their opening act for a major reunion tour, they return to their beloved Camp Rock to discover the next big thing. As campers vie for the chance to open for their favorite band, tensions rise and friendships are tested - leading to unexpected alliances, revelations, and romances.",2026.0,True
popular,movie,1630409,The Debt Collector,th,"Action, Thriller, Crime",2026-07-20,61.1356,7.873,114,,"Tormented by past mistakes and a terminal diagnosis, an ex-debt collector returns to the underworld to protect the victims of a violent organization.",2026.0,True
popular,movie,324857,Spider-Man: Into the Spider-Verse,en,"Animation, Action, Adventure, Science Fiction",2018-12-06,59.003,8.397,17718,,"Struggling to find his place in the world while juggling school and family, Brooklyn teenager Miles Morales is unexpectedly bitten by a radioactive spider and develops unfathomable powers just like the one and only Spider-Man. While wrestling with the implications of his new abilities, Miles discovers a super collider created by the madman Wilson ""Kingpin"" Fisk, causing others from across the Spider-Verse to be inadvertently transported to his dimension.",2018.0,False
popular,movie,931285,Mortal Kombat II,en,"Action, Fantasy, Adventure",2026-05-06,57.2122,7.86,2436,,"The fan favorite champions—now joined by Johnny Cage himself—are pitted against one another in the ultimate, no-holds barred, gory battle to defeat the dark rule of Shao Kahn that threatens the very existence of the Earthrealm and its defenders.",2026.0,True
popular,movie,1419406,The Shadow's Edge,zh,"Action, Crime, Drama, Thriller",2025-08-16,61.4608,8.131,1256,,Macau Police brings the tracking expert police officer out of retirement to help catch a dangerous group of professional thieves.,2025.0,True
popular,movie,429617,Spider-Man: Far From Home,en,"Action, Adventure, Science Fiction",2019-06-28,58.163,7.393,17466,,"Peter Parker and his friends go on a summer trip to Europe. However, they will hardly be able to rest - Peter will have to agree to help Nick Fury uncover the mystery of creatures that cause natural disasters and destruction throughout the continent.",2019.0,False
popular,movie,559,Spider-Man 3,en,"Action, Adventure, Science Fiction",2007-05-01,56.23,6.477,15637,,"The seemingly invincible Spider-Man goes up against an all-new crop of villains—including the shape-shifting Sandman. While Spider-Man’s superpowers are altered by an alien organism, his alter ego, Peter Parker, deals with nemesis Eddie Brock and also gets caught up in a love triangle.",2007.0,False
popular,movie,1417285,The Stain,th,"Horror, Thriller, Romance",2026-02-26,47.2172,4.0,2,,"When Malee, a young woman with a dark past, is drawn by fate to an apartment where she must confront haunting memories from her childhood, she encounters Pran, a botanist, a tea blending master, and the founder of a Thai floral tea brand.",2026.0,True
popular,movie,822119,Captain America: Brave New World,en,"Action, Thriller, Science Fiction",2025-02-12,58.8695,5.948,3321,,"After meeting with newly elected U.S. President Thaddeus Ross, Sam finds himself in the middle of an international incident. He must discover the reason behind a nefarious global plot before the true mastermind has the entire world seeing red.",2025.0,True
popular,movie,1327819,Hoppers,en,"Adventure, Animation, Comedy, Family, Science Fiction",2026-03-04,58.2164,8.168,2224,,"Scientists have discovered how to 'hop' human consciousness into lifelike robotic animals, allowing people to communicate with animals as animals. Animal lover Mabel seizes an opportunity to use the technology, uncovering mysteries within the animal world beyond anything she could have imagined.",2026.0,True
popular,movie,1491920,Kung Fu Soccer,zh,"Drama, Comedy, Action",2026-07-11,51.733,6.4,24,,"The ""Supreme Invincible Cup"" is about to begin, and a host of top teams are about to engage in an unprecedented showdown! But the Kung Fu Women's Soccer Team has been dealt a hellish script right from the start?! Their opponents are all highly skilled, and external pressure is mounting. The schemes on the field are one after another... Can they use their kung fu to turn the tide on the green field?",2026.0,True
popular,movie,1569947,The Priest: Thanksgiving Massacre,en,Horror,2025-08-08,54.0591,3.5,59,,"A family gather to spend Thanksgiving at an isolated cabin, unaware that the site has a horrific history of murder and cannibalism and that the Priest responsible did not rest in peace. Now they are on the menu for Thanksgiving dinner.",2025.0,True
popular,movie,1125257,Freakier Friday,en,"Comedy, Fantasy, Family",2025-08-06,47.2104,6.8,788,,"Years after Tess and Anna endured an identity crisis, Anna now has a daughter of her own and a soon-to-be stepdaughter. As they navigate the myriad challenges that come when two families merge, Tess and Anna discover lightning might indeed strike twice.",2025.0,True
popular,movie,99861,Avengers: Age of Ultron,en,"Action, Adventure, Science Fiction",2015-04-22,56.0793,7.276,24872,,"When Tony Stark tries to jumpstart a dormant peacekeeping program, things go awry and Earth’s Mightiest Heroes are put to the ultimate test as the fate of the planet hangs in the balance. As the villainous Ultron emerges, it is up to The Avengers to stop him from enacting his terrible plans, and soon uneasy alliances and unexpected action pave the way for an epic and unique global adventure.",2015.0,False
popular,movie,1599993,Animals,es,"Comedy, Thriller",2026-02-05,63.9309,6.154,26,,"Four couples sail the thin line between desire and search for authenticity, in a world where truth is as fragile as their relationships.",2026.0,True
popular,movie,1242898,Predator: Badlands,en,"Action, Science Fiction, Adventure",2025-11-05,52.0768,7.826,3526,,"Cast out from his clan, a young Predator finds an unlikely ally in a damaged android and embarks on a treacherous journey in search of the ultimate adversary.",2025.0,True
popular,movie,1728704,Siping,tl,Drama,2026-07-10,50.6313,4.3,5,,A gripping story about a woman wagered in a high-stakes card game. But the stakes get even hotter when she’s won by the man who’s long been obsessed with her.,2026.0,True
popular,movie,1516698,The Last Sunrise,en,"Romance, Drama",2026-08-26,52.2218,0.0,0,,"Ry, a college student with a chronic illness escapes to Mallorca for the summer with her mother, where she unexpectedly falls for a local and begins to embrace living in the moment. But as her condition worsens and long-hidden family secrets come to light, everything she has found before summer's end is threatened.",2026.0,True
popular,movie,1698856,Master of the Universe,en,"Science Fiction, Action, Fantasy",2026-05-22,56.4165,5.032,78,,"A young man must use his untapped powers to fight back against an evil alien and their army, who will stop at nothing to take over Earth and then the universe.",2026.0,True
popular,movie,1007757,Swapped,en,"Adventure, Animation, Family, Fantasy",2026-05-01,50.009,8.879,2127,,"A small woodland creature and a majestic bird, two natural sworn enemies of the Valley, magically trade places and set off on an adventure of a lifetime to switch back. Their journey soon uncovers a greater threat—one that could endanger not only their species, but the entire valley they call home.",2026.0,True
popular,movie,1184918,The Wild Robot,en,"Family, Animation, Science Fiction, Adventure",2024-09-12,49.7118,8.306,6486,,"After a shipwreck, an intelligent robot called Roz is stranded on an uninhabited island. To survive the harsh environment, Roz bonds with the island's animals and cares for an orphaned baby goose.",2024.0,False
popular,movie,1193950,The Dollmaker,es,"Crime, Thriller, Horror",2025-10-11,46.6208,2.0,1,,"In a quiet village, charming young Tomás leads a simple life: caring for his mother, working at the video store and town clinic, and collecting dolls. As women begin disappearing, newly arrived Inspector Porter investigates.",2025.0,True
popular,movie,1510795,"Shake, Rattle & Roll: Evil Origins",tl,Horror,2026-06-05,50.8959,5.737,19,,"In 1775 during the Spanish colonial period in the Philippines, nuns attempts to survive the night after an unknown evil was set free in their cloister. Meanwhile in 2025, a group of friends attend a Halloween masquerade ball which was attacked by a serial killer. Fast forward to the future in 2050, a post-apocalytic Philippines is ruled by the aswang.",2026.0,True
popular,movie,76341,Mad Max: Fury Road,en,"Action, Adventure, Science Fiction",2015-05-13,49.5191,7.6,24463,,"An apocalyptic story set in the furthest reaches of our planet, in a stark desert landscape where humanity is broken, and most everyone is crazed fighting for the necessities of life. Within this world exist two rebels on the run who just might be able to restore order.",2015.0,False
popular,movie,1504358,Don't Say Good Luck,en,"Comedy, Music, Drama",2026-08-13,47.0389,7.2,58,,Sophie Birenbaum is ready for the spotlight as the lead in her high school musical — until she's suddenly facing more drama at home than on the stage.,2026.0,True
popular,movie,102382,The Amazing Spider-Man 2,en,"Action, Adventure, Science Fiction",2014-04-16,49.0328,6.557,14634,,"For Peter Parker, life is busy. Between taking out the bad guys as Spider-Man and spending time with the person he loves, Gwen Stacy, high school graduation cannot come quickly enough. Peter has not forgotten about the promise he made to Gwen’s father to protect her by staying away, but that is a promise he cannot keep. Things will change for Peter when a new villain, Electro, emerges, an old friend, Harry Osborn, returns, and Peter uncovers new clues about his past.",2014.0,False
popular,movie,1301421,The Sheep Detectives,en,"Comedy, Family, Mystery",2026-04-30,59.262,7.943,1503,,"George Hardy is a shepherd who reads detective novels to his beloved sheep every night, assuming they can't possibly understand. But when a mysterious incident disrupts life on the farm, the sheep realize they must become the detectives. As they follow the clues and investigate human suspects, they prove that even sheep can be brilliant crime-solvers.",2026.0,True
popular,movie,617126,The Fantastic 4: First Steps,en,"Science Fiction, Adventure, Action",2025-07-23,49.5346,6.9,3744,,"Against the vibrant backdrop of a 1960s-inspired, retro-futuristic world, Marvel's First Family is forced to balance their roles as heroes with the strength of their family bond, while defending Earth from a ravenous space god called Galactus and his enigmatic Herald, Silver Surfer.",2025.0,True
popular,movie,1726,Iron Man,en,"Action, Science Fiction, Adventure",2008-04-30,49.2197,7.7,28652,,"After being held captive in an Afghan cave, billionaire engineer Tony Stark creates a unique weaponized suit of armor to fight evil.",2008.0,False
popular,movie,872585,Oppenheimer,en,"Drama, History",2023-07-19,50.4453,8.023,12305,,The story of J. Robert Oppenheimer's role in the development of the atomic bomb during World War II.,2023.0,False
popular,movie,603,The Matrix,en,"Action, Science Fiction",1999-03-31,48.7214,8.255,28546,,"Set in the 22nd century, The Matrix tells the story of a computer hacker who joins a group of underground insurgents fighting the vast and powerful computers who now rule the earth.",1999.0,False
popular,movie,271110,Captain America: Civil War,en,"Adventure, Action, Science Fiction",2016-04-27,47.6929,7.452,24434,,"Following the events of Age of Ultron, the collective governments of the world pass an act designed to regulate all superhuman activity. This polarizes opinion amongst the Avengers, causing two factions to side with Iron Man or Captain America, which causes an epic battle between former allies.",2016.0,False
popular,movie,1232569,Pinocchio: Unstrung,en,"Horror, Fantasy, Mystery",2026-07-22,89.9603,7.125,44,,"Influenced by a sinister Cricket and created by Geppetto, Pinocchio launches a violent crusade to carve himself into a real boy like his brother James, one piece at a time.",2026.0,True
popular,movie,122,The Lord of the Rings: The Return of the King,en,"Adventure, Fantasy, Action",2003-12-17,45.4706,8.505,27165,,"As armies mass for a final battle that will decide the fate of the world--and powerful, ancient forces of Light and Dark compete to determine the outcome--one member of the Fellowship of the Ring is revealed as the noble heir to the throne of the Kings of Men. Yet, the sole hope for triumph over evil lies with a brave hobbit, Frodo, who, accompanied by his loyal friend Sam and the hideous, wretched Gollum, ventures deep into the very dark heart of Mordor on his seemingly impossible quest to destroy the Ring of Power.​",2003.0,False
popular,movie,1304313,Lee Cronin's The Mummy,en,"Horror, Mystery",2026-04-15,52.9811,7.896,2552,,"The young daughter of a journalist disappears into the desert without a trace—eight years later, the broken family is shocked when she is returned to them, as what should be a joyful reunion turns into a living nightmare.",2026.0,True
popular,movie,1621552,Facing El Chapo,es,"Crime, Action, Thriller",2026-08-21,234.2102,6.609,32,,Two Mexican officers must survive the final hours of their shift after crossing a ruthless cartel boss.,2026.0,True
popular,movie,49018,Insidious,en,"Horror, Thriller",2011-03-31,55.1464,6.951,7508,,"A family discovers that dark spirits have invaded their home after their son inexplicably falls into an endless sleep. When they reach out to a professional for help, they learn things are a lot more personal than they thought.",2011.0,False
popular,movie,1368166,The Housemaid,en,"Mystery, Thriller",2025-12-18,45.3568,7.272,2919,,"Trying to escape her past, Millie Calloway accepts a job as a live-in housemaid for the wealthy Nina and Andrew Winchester. But what begins as a dream job quickly unravels into something far more dangerous—a sexy, seductive game of secrets, scandal, and power.",2025.0,True
popular,movie,671,Harry Potter and the Philosopher's Stone,en,"Adventure, Fantasy",2001-11-16,46.6557,7.902,30070,,"Harry Potter has lived under the stairs at his aunt and uncle's house his whole life. But on his 11th birthday, he learns he's a powerful wizard—with a place waiting for him at the Hogwarts School of Witchcraft and Wizardry. As he learns to harness his newfound powers with the help of the school's kindly headmaster, Harry uncovers the truth about his parents' deaths—and about the villain who's to blame.",2001.0,False
popular,movie,1234821,Jurassic World Rebirth,en,"Science Fiction, Adventure, Action",2025-06-23,48.9457,6.259,3681,,"Five years after the events of Jurassic World Dominion, covert operations expert Zora Bennett is contracted to lead a skilled team on a top-secret mission to secure genetic material from the world's three most massive dinosaurs. When Zora's operation intersects with a civilian family whose boating expedition was capsized, they all find themselves stranded on an island where they come face-to-face with a sinister, shocking discovery that's been hidden from the world for decades.",2025.0,True
popular,movie,652,Troy,en,"War, Action, History",2004-05-13,47.1316,7.188,11422,,"In year 1250 B.C. during the late Bronze age, two emerging nations begin to clash. Paris, the Trojan prince, convinces Helen, Queen of Sparta, to leave her husband Menelaus, and sail with him back to Troy. After Menelaus finds out that his wife was taken by the Trojans, he asks his brother Agamemnon to help him get her back. Agamemnon sees this as an opportunity for power. They set off with 1,000 ships holding 50,000 Greeks to Troy.",2004.0,False
popular,movie,1413976,Citizen Vigilante,en,"Thriller, Action, Crime",2026-06-19,47.6375,6.409,348,,"A man takes justice into his own hands, hunting down criminals. His vigilante crusade makes him a social media star but puts him at odds with the local police chief.",2026.0,True
popular,movie,1418582,Here the Whole Time,pt,"Comedy, Romance",2026-06-18,47.0331,6.935,31,,"An insecure teenager's vacation plans are ruined by an unexpected visitor: his neighbor and school crush who will spend two weeks sleeping at his house. The days that promised peace, tranquility and epic series marathons end up bringing a whirlwind of feelings and unresolved issues.",2026.0,True
popular,movie,840464,Greenland 2: Migration,en,"Adventure, Thriller, Science Fiction",2026-01-07,115.2826,6.399,1471,,"Having found the safety of the Greenland bunker after the comet Clarke decimated the Earth, the Garrity family must now risk everything to embark on a perilous journey across the wasteland of Europe to find a new home.",2026.0,True
popular,movie,803796,KPop Demon Hunters,en,"Fantasy, Music, Comedy, Animation",2025-06-20,40.8872,8.004,3132,,"When K-pop superstars Rumi, Mira and Zoey aren't selling out stadiums, they're using their secret powers to protect their fans from supernatural threats.",2025.0,True
popular,movie,1393326,Ghost in the Cell,id,"Horror, Comedy, Thriller",2026-04-16,43.2647,7.4,27,,"In a notorious prison, an invisible force begins killing inmates brutally, compelling enemy gangs and corrupt guards to work together as they try to survive the mounting bloodshed.",2026.0,True
popular,movie,1724,The Incredible Hulk,en,"Science Fiction, Action, Adventure",2008-06-12,42.4064,6.257,13041,,"Scientist Bruce Banner scours the planet for an antidote to the unbridled force of rage within him: the Hulk. But when the military masterminds who dream of exploiting his powers force him back to civilization, he finds himself coming face to face with a new, deadly foe.",2008.0,False
popular,movie,453395,Doctor Strange in the Multiverse of Madness,en,"Fantasy, Action, Adventure",2022-05-04,41.663,7.225,10704,,"Doctor Strange, with the help of mystical allies both old and new, traverses the mind-bending and dangerous alternate realities of the Multiverse to confront a mysterious new adversary.",2022.0,False
popular,movie,680,Pulp Fiction,en,"Thriller, Crime, Comedy",1994-09-10,42.5213,8.5,30709,,"A burger-loving hit man, his philosophical partner, a drug-addled gangster's moll and a washed-up boxer converge in this sprawling, comedic crime caper. Their adventures unfurl in three stories that ingeniously trip back and forth in time.",1994.0,False
popular,movie,862,Toy Story,en,"Family, Comedy, Animation, Adventure",1995-11-22,47.2338,7.987,20393,,"Led by Woody, Andy's toys live happily in his room until Andy's birthday brings Buzz Lightyear onto the scene. Afraid of losing his place in Andy's heart, Woody plots against Buzz. But when circumstances separate Buzz and Woody from their owner, the duo eventually learns to put aside their differences.",1995.0,False
popular,movie,120,The Lord of the Rings: The Fellowship of the Ring,en,"Adventure, Fantasy, Action",2001-12-18,43.346,8.443,28175,,"Young hobbit Frodo Baggins, after inheriting a mysterious ring from his uncle Bilbo, must leave his home in order to keep it from falling into the hands of its evil creator. Along the way, a fellowship is formed to protect the ringbearer and make sure that the ring arrives at its final destination: Mt. Doom, the only place where it can be destroyed.",2001.0,False
popular,movie,361743,Top Gun: Maverick,en,"Action, Drama",2022-05-21,34.9693,8.2,11405,,"After more than thirty years of service as one of the Navy’s top aviators, and dodging the advancement in rank that would ground him, Pete “Maverick” Mitchell finds himself training a detachment of TOP GUN graduates for a specialized mission the likes of which no living pilot has ever seen.",2022.0,False
popular,movie,986056,Thunderbolts*,en,"Action, Science Fiction, Adventure",2025-04-30,46.2587,7.3,3930,,"After finding themselves ensnared in a death trap, seven disillusioned castoffs must embark on a dangerous mission that will force them to confront the darkest corners of their pasts.",2025.0,True
popular,movie,1404304,The Isolate Thief,en,"Western, Action, Drama",2026-07-10,41.9634,7.324,17,,A young woman struggles to conceal the gold she stole from a group of violent outlaws who have seized control of her remote outpost.,2026.0,True
popular,movie,1669051,Kesong Puti,tl,Drama,2026-04-24,41.9971,3.8,4,,"Have a taste of VMX Newest Temptation Apphle Celso. Lena, a Kesong Puti vendor, meets a charming dairy supplier Manny. Their chemistry sparks a daring secret that transforms her humble cheese into their town’s obsession.",2026.0,True
popular,movie,14836,Coraline,en,"Animation, Family, Fantasy",2009-02-05,44.3305,7.932,9336,,"Wandering her rambling old house in her boring new town, 11-year-old Coraline discovers a hidden door to a strangely idealized version of her life. In order to stay in the fantasy, she must make a frighteningly real sacrifice.",2009.0,False
popular,movie,1656061,Immortal Combat,en,"Action, Science Fiction, Adventure",2026-04-24,43.2224,4.6,20,,"History's greatest warriors, including Genghis Khan and Joan of Arc, are summoned by a shadowy organization to fight in a battle to the death. But unknown to their captors, the fighters have been plotting to turn the tables and dismantle the deadly enterprise from within.",2026.0,True
popular,movie,350,The Devil Wears Prada,en,"Drama, Comedy",2006-06-29,40.6038,7.439,14130,,"A young woman from the Midwest gets more than she bargained for when she moves to New York to become a writer and ends up as the assistant to the tyrannical, larger-than-life editor-in-chief of a major fashion magazine.",2006.0,False
popular,movie,1625901,The Dating App Killer: The Monica White Story,en,"Thriller, TV Movie",2026-02-14,34.7663,6.833,6,,"A divorcee reenters the dating pool by creating an online profile, but when her match displays unsettling behavior and a series of women from the same dating site go missing, she must save herself from becoming the next victim.",2026.0,True
popular,movie,1122573,In the Grey,en,"Action, Thriller",2026-05-13,41.0171,7.6,775,,"A covert team of elite operatives are living in the shadows. When a ruthless despot steals a billion-dollar fortune, they're sent to take it back—an impossible heist that erupts into a deadly game of strategy, deception and survival.",2026.0,True
popular,movie,354912,Coco,en,"Family, Animation, Music, Adventure",2017-10-27,44.1277,8.197,21296,,"Despite his family’s baffling generations-old ban on music, Miguel dreams of becoming an accomplished musician like his idol, Ernesto de la Cruz. Desperate to prove his talent, Miguel finds himself in the stunning and colorful Land of the Dead following a mysterious chain of events. Along the way, he meets charming trickster Hector, and together, they set off on an extraordinary journey to unlock the real story behind Miguel's family history.",2017.0,False
popular,movie,496243,Parasite,ko,"Comedy, Thriller, Drama",2019-05-30,41.002,8.5,21160,,"All unemployed, Ki-taek's family takes peculiar interest in the wealthy and glamorous Parks for their livelihood until they get entangled in an unexpected incident.",2019.0,False
popular,movie,550,Fight Club,en,"Drama, Thriller",1999-10-15,38.7406,8.4,32695,,"A ticking-time-bomb insomniac and a slippery soap salesman channel primal male aggression into a shocking new form of therapy. Their concept catches on, with underground ""fight clubs"" forming in every town, until an eccentric gets in the way and ignites an out-of-control spiral toward oblivion.",1999.0,False
popular,movie,98,Gladiator,en,"Action, Drama, Adventure",2000-05-04,39.4523,8.2,21338,,"After the death of Emperor Marcus Aurelius, his devious son takes power and demotes Maximus, one of Rome's most capable generals who Marcus preferred. Eventually, Maximus is forced to become a gladiator and battle to the death against other men for the amusement of paying audiences.",2000.0,False
popular,movie,1723013,Hibla 2,tl,Drama,2026-06-30,38.5327,3.0,1,,"Two VMX queens, Aliya Raymundo and Margaret Diaz, play reunited childhood friends who share a memorable past and a complicated present: one is a liberated city girl, the other a sheltered country virgin, and both are surrounded by men eager to get a taste of their youth.",2026.0,True
popular,movie,693134,Dune: Part Two,en,"Science Fiction, Adventure",2024-02-27,41.1544,8.133,8427,,"Follow the mythic journey of Paul Atreides as he unites with Chani and the Fremen while on a path of revenge against the conspirators who destroyed his family. Facing a choice between the love of his life and the fate of the known universe, Paul endeavors to prevent a terrible future only he can foresee.",2024.0,False
popular,movie,1235877,Jana Nayagan,ta,"Action, Drama",2026-07-22,38.8061,5.563,16,,"A clash of ideologies. One stands for the people, the other feeds on control. Their paths collided once before. Years later, a child’s silent fear ignites the past, drawing a former police officer into a battle far bigger than personal revenge.",2026.0,True
popular,movie,393392,Modori River,ja,"Crime, Drama, Romance",1983-04-16,36.6576,5.7,3,,"The story of Takeha, a free-spirited genius poet who lived through Taisho Romanticism, and the women who gave themselves over to his ambitions.",1983.0,False
popular,movie,1497463,All That We Never Were,es,"Drama, Romance",2026-06-04,40.5516,8.065,85,,"19-year-old Leah navigates a coming-of-age journey in the wake of a tragic car accident that claims her parents. Relocated to a coastal town under the care of her brother’s best friend Axel, Leah grapples with grief, haunting nightmares and a fractured sense of self.",2026.0,True
popular,movie,1265609,War Machine,en,"Action, Science Fiction, Thriller",2026-02-12,42.0475,7.45,2348,,"On one last grueling mission during Army Ranger training, a combat engineer must lead his unit in a fight against a giant otherworldly killing machine.",2026.0,True
popular,movie,105,Back to the Future,en,"Adventure, Comedy, Science Fiction",1985-07-03,37.9988,8.329,22241,,"Eighties teenager Marty McFly is accidentally sent back in time to 1955, inadvertently disrupting his parents' first meeting and attracting his mother's romantic interest. Marty must repair the damage to history by rekindling his parents' romance and - with the help of his eccentric inventor friend Doc Brown - return to 1985.",1985.0,False
popular,movie,1616131,A Child of My Own,es,Documentary,2026-07-30,42.571,8.153,36,,"Desperate for a baby and burdened by family and societal expectations, a woman fakes a pregnancy and gets tangled in a crime.",2026.0,True
popular,movie,53653,Prison on Fire,cn,"Crime, Drama",1987-11-13,41.8051,7.027,110,,A veteran inmate takes a newcomer under his wing as the pair confront both other violent inmates and the prison's corrupt wardens.,1987.0,False
popular,movie,76338,Thor: The Dark World,en,"Action, Adventure, Fantasy",2013-10-30,35.5494,6.51,18629,,"Thor fights to restore order across the cosmos… but an ancient race led by the vengeful Malekith returns to plunge the universe back into darkness. Faced with an enemy that even Odin and Asgard cannot withstand, Thor must embark on his most perilous and personal journey yet, one that will reunite him with Jane Foster and force him to sacrifice everything to save us all.",2013.0,False
popular,movie,447365,Guardians of the Galaxy Vol. 3,en,"Science Fiction, Adventure, Action",2023-05-03,38.7486,7.932,8695,,"Peter Quill, still reeling from the loss of Gamora, must rally his team around him to defend the universe along with protecting one of their own. A mission that, if not completed successfully, could quite possibly lead to the end of the Guardians as we know them.",2023.0,False
popular,movie,12444,Harry Potter and the Deathly Hallows: Part 1,en,"Adventure, Fantasy",2010-11-17,37.4279,7.732,20698,,"Harry, Ron and Hermione walk away from their last year at Hogwarts to find and destroy the remaining Horcruxes, putting an end to Voldemort's bid for immortality. But with Harry's beloved Dumbledore dead and Voldemort's unscrupulous Death Eaters on the loose, the world is more dangerous than ever.",2010.0,False
popular,movie,13,Forrest Gump,en,"Comedy, Drama, Romance",1994-06-23,38.1499,8.463,30283,,"A man with a low IQ has accomplished great things in his life and been present during significant historic events—in each case, far exceeding what anyone imagined he could do. But despite all he has achieved, his one true love eludes him.",1994.0,False
popular,movie,438631,Dune,en,"Science Fiction, Adventure",2021-09-15,37.0462,7.783,15397,,"Paul Atreides, a brilliant and gifted young man born into a great destiny beyond his understanding, must travel to the most dangerous planet in the universe to ensure the future of his family and his people. As malevolent forces explode into conflict over the planet's exclusive supply of the most precious resource in existence - a commodity capable of unlocking humanity's greatest potential - only those who can conquer their fear will survive.",2021.0,False
popular,movie,912649,Venom: The Last Dance,en,"Science Fiction, Action, Adventure",2024-10-22,38.2075,6.674,4446,,"Eddie and Venom are on the run. Hunted by both of their worlds and with the net closing in, the duo are forced into a devastating decision that will bring the curtains down on Venom and Eddie's last dance.",2024.0,False
popular,movie,436969,The Suicide Squad,en,"Action, Comedy, Adventure",2021-07-28,34.4834,7.451,9814,,"Supervillains Harley Quinn, Bloodsport, Peacemaker and a collection of nutty cons at Belle Reve prison join the super-secret, super-shady Task Force X as they are dropped off at the remote, enemy-infused island of Corto Maltese.",2021.0,False
popular,movie,597,Titanic,en,"Drama, Romance",1997-12-18,39.7308,7.9,27598,,"101-year-old Rose DeWitt Bukater tells the story of her life aboard the Titanic, 84 years later. A young Rose boards the ship with her mother and fiancé. Meanwhile, Jack Dawson and Fabrizio De Rossi win third-class tickets aboard the ship. Rose tells the whole story from Titanic's departure through to its death—on its first and last voyage—on April 15, 1912.",1997.0,False
popular,movie,976912,Graphic Desires,en,"Thriller, Crime",2023-08-31,40.6209,6.911,146,,"When reclusive Franklin cheats on his partner with a mysterious girl he meets on a dating app, it becomes the start of a deadly obsession.",2023.0,False
popular,movie,1598766,Crayon Shin-chan the Movie: Very Bizarre! My Yokai Vacation,ja,"Adventure, Animation, Comedy",2026-07-31,36.3207,0.0,0,,"Shin-chan and his family visit his father's home town of Akita in order to view the Omagari Fireworks Festival. When a strange incident to causes the residents of “Yokai Land” to begin running wild throughout Akita and the rest of Japan, Shin-chan and company are lured to “Yokai Land” for an unusual adventure.",2026.0,True
popular,movie,1168190,The Wrecking Crew,en,"Action, Comedy, Crime, Mystery",2026-01-28,39.8973,7.08,1226,,"Estranged half-brothers Jonny and James reunite after their father's mysterious death. As they search for the truth, buried secrets reveal a conspiracy threatening to tear their family apart.",2026.0,True
popular,movie,284053,Thor: Ragnarok,en,"Action, Science Fiction, Comedy, Adventure",2017-10-02,38.1625,7.581,22375,,"Thor is imprisoned on the other side of the universe and finds himself in a race against time to get back to Asgard to stop Ragnarok, the destruction of his home-world and the end of Asgardian civilization, at the hands of a powerful new threat, the ruthless Hela.",2017.0,False
popular,movie,424,Schindler's List,en,"Drama, History, War",1993-12-15,34.4713,8.57,17787,,The true story of how businessman Oskar Schindler saved over a thousand Jewish lives from the Nazis while they worked as slaves in his factory during World War II.,1993.0,False
popular,movie,497,The Green Mile,en,"Fantasy, Drama, Crime",1999-12-10,31.1511,8.505,19669,,"A supernatural tale set on death row in a Southern prison, where gentle giant John Coffey possesses the mysterious power to heal people's ailments. When the cell block's head guard, Paul Edgecomb, recognizes Coffey's miraculous gift, he tries desperately to help stave off the condemned man's execution.",1999.0,False
popular,movie,91586,Insidious: Chapter 2,en,"Horror, Thriller",2013-09-12,40.2453,6.692,4697,,The haunted Lambert family seeks to uncover the mysterious childhood secret that has left them dangerously connected to the spirit world.,2013.0,False
popular,movie,614479,Insidious: The Red Door,en,"Horror, Thriller",2023-07-05,41.7124,6.507,2061,,"To put their demons to rest once and for all, Josh Lambert and a college-aged Dalton Lambert must go deeper into The Further than ever before, facing their family's dark past and a host of new and more horrifying terrors that lurk behind the red door.",2023.0,False
popular,movie,106646,The Wolf of Wall Street,en,"Crime, Drama, Comedy",2013-12-25,36.8699,8.027,26370,,"A New York stockbroker refuses to cooperate in a large securities fraud case involving corruption on Wall Street, corporate banking world and mob infiltration. Based on Jordan Belfort's autobiography.",2013.0,False
popular,movie,390062,Jungle,en,"Adventure, Drama, Thriller",2017-06-27,39.9166,6.697,2218,,"In 1981, an enthusiastic young adventurer follows his dreams into the Bolivian Amazon jungle with two friends and a guide with a mysterious past. Their journey quickly turns into a terrifying ordeal as the darkest elements of human nature and the deadliest threats of the wilderness lead to an all-out fight for survival.",2017.0,False
popular,movie,1318621,Descendants: Wicked Wonderland,en,"Fantasy, TV Movie, Family, Adventure",2026-07-16,36.4843,7.588,160,,"Now that the Queen of Hearts is nice and Cinderella is safe, things seem perfect for Red and Chloe… But little do they know that changing the past created a new villain — Maddox Hatter. When Maddox captures the Queen of Hearts, Red and Chloe must work alongside Red’s new sister Pink, Luisa Madrigal’s son Luis, and Maddox’s son Max to save her and Wonderland.",2026.0,True
popular,movie,1061474,Superman,en,"Science Fiction, Adventure, Action",2025-07-09,36.8227,7.327,5321,,"Superman, a journalist in Metropolis, embarks on a journey to reconcile his Kryptonian heritage with his human upbringing as Clark Kent.",2025.0,True
popular,movie,1325734,The Drama,en,"Romance, Comedy, Drama",2026-04-01,35.7861,6.9,1622,,A happily engaged couple is put to the test when an unexpected turn sends their wedding week off the rails.,2026.0,True
popular,movie,672,Harry Potter and the Chamber of Secrets,en,"Adventure, Fantasy",2002-11-13,35.6313,7.706,23948,,"Cars fly, trees fight back, and a mysterious house-elf comes to warn Harry Potter at the start of his second year at Hogwarts. Adventure and danger await when bloody writing on a wall announces: The Chamber Of Secrets Has Been Opened. To save Hogwarts will require all of Harry, Ron and Hermione's magical abilities and courage.",2002.0,False
popular,movie,1719326,The Cheating Wife,tl,Drama,2026-06-26,35.3139,2.5,2,,"Two widows who find solace in each other and eventually fall in love. But when one of their supposedly dead husbands returns home blind, they are forced to hide their forbidden affair, testing the limits of love and loyalty.",2026.0,True
popular,movie,76600,Avatar: The Way of Water,en,"Action, Adventure, Science Fiction",2022-12-14,38.6091,7.587,14538,,"Set more than a decade after the events of the first film, learn the story of the Sully family (Jake, Neytiri, and their kids), the trouble that follows them, the lengths they go to keep each other safe, the battles they fight to stay alive, and the tragedies they endure.",2022.0,False
popular,movie,674,Harry Potter and the Goblet of Fire,en,"Adventure, Fantasy",2005-11-16,35.624,7.801,22528,,"When his name emerges from the Goblet of Fire, Harry Potter becomes a competitor in a grueling battle for glory among three wizarding schools. Signs of Voldemort's return emerge as Harry's friends help him prepare for the Triwizard Tournament.",2005.0,False
popular,movie,807,Se7en,en,"Crime, Mystery, Thriller",1995-09-22,35.5526,8.38,23620,,"Two homicide detectives are on a desperate hunt for a serial killer whose crimes are based on the ""seven deadly sins"" in this dark and haunting film that takes viewers from the tortured remains of one victim to the next. The seasoned Det. Somerset researches each sin in an effort to get inside the killer's mind, while his novice partner, Mills, scoffs at his efforts to unravel the case.",1995.0,False
popular,movie,240,The Godfather Part II,en,"Drama, Crime",1974-12-20,34.2694,8.573,14223,,"In the continuing saga of the Corleone crime family, a young Vito Corleone grows up in Sicily and in 1910s New York. In the 1950s, Michael Corleone attempts to expand the family business into Las Vegas, Hollywood and Cuba.",1974.0,False
popular,movie,1297842,GOAT,en,"Animation, Comedy, Family",2026-02-11,37.2349,8.087,1016,,"A small goat with big dreams gets a once-in-a-lifetime shot to join the pros and play roarball, a high-intensity, co-ed, full-contact sport dominated by the fastest, fiercest animals in the world.",2026.0,True
popular,movie,129,Spirited Away,ja,"Animation, Family, Fantasy",2001-07-20,35.2375,8.534,18757,,"A young girl, Chihiro, becomes trapped in a strange new world of spirits. When her parents undergo a mysterious transformation, she must call upon the courage she never knew she had to free her family.",2001.0,False
popular,movie,49026,The Dark Knight Rises,en,"Action, Crime, Drama, Thriller",2012-07-17,36.9245,7.797,24790,,"Following the death of District Attorney Harvey Dent, Batman assumes responsibility for Dent's crimes to protect the late attorney's reputation and is subsequently hunted by the Gotham City Police Department. Eight years later, Batman encounters the mysterious Selina Kyle and the villainous Bane, a new terrorist leader who overwhelms Gotham's finest. The Dark Knight resurfaces to protect a city that has branded him an enemy.",2012.0,False
popular,movie,138843,The Conjuring,en,"Horror, Thriller",2013-07-18,35.1248,7.541,12982,,"Paranormal investigators Ed and Lorraine Warren work to help a family terrorized by a dark presence in their farmhouse. Forced to confront a powerful entity, the Warrens find themselves caught in the most terrifying case of their lives.",2013.0,False
popular,movie,12445,Harry Potter and the Deathly Hallows: Part 2,en,"Adventure, Fantasy",2011-07-12,36.7501,8.08,22329,,"Harry, Ron and Hermione continue their quest to vanquish the evil Voldemort once and for all. Just as things begin to look hopeless for the young wizards, Harry discovers a trio of magical objects that endow him with powers to rival Voldemort's formidable skills.",2011.0,False
popular,movie,616037,Thor: Love and Thunder,en,"Fantasy, Action, Comedy",2022-07-06,35.7445,6.358,8844,,"After his retirement is interrupted by Gorr the God Butcher, a galactic killer who seeks the extinction of the gods, Thor Odinson enlists the help of King Valkyrie, Korg, and ex-girlfriend Jane Foster, who now wields Mjolnir as the Mighty Thor. Together they embark upon a harrowing cosmic adventure to uncover the mystery of the God Butcher’s vengeance and stop him before it’s too late.",2022.0,False
popular,movie,911430,F1,en,"Action, Drama",2025-06-25,37.483,7.822,4522,,Racing legend Sonny Hayes is coaxed out of retirement to lead a struggling Formula 1 team—and mentor a young hotshot driver—while chasing one more chance at glory.,2025.0,True
popular,movie,1676318,Back to the 90s,de,"Comedy, Music",2026-08-18,39.5128,5.7,6,,"When a mysterious glitch sends a rising boyband back to 1995 - just days before the biggest showcase of their lives - the five friends race to reverse the time slip. But as unexpected connections form and the past pulls them in deeper, getting home means confronting what they're willing to leave behind - and who they truly are to each other.",2026.0,True
popular,movie,673,Harry Potter and the Prisoner of Azkaban,en,"Adventure, Fantasy",2004-05-31,33.346,8.009,23524,,Harry Potter's life is in danger once more as dangerous wizard Sirius Black has escaped from Azkaban Prison and is heading to Hogwarts.,2004.0,False
popular,movie,1318447,Apex,en,"Action, Thriller",2026-04-24,34.4023,6.893,1836,,A grieving woman pushing her limits on a solo adventure in the Australian wild is ensnared in a twisted game with a cunning killer who thinks she's prey.,2026.0,True
popular,movie,246655,X-Men: Apocalypse,en,"Science Fiction, Fantasy, Action",2016-05-18,36.3356,6.527,14020,,"After the re-emergence of the world's first mutant, world-destroyer Apocalypse, the X-Men must unite to defeat his extinction level plan.",2016.0,False
popular,movie,16869,Inglourious Basterds,en,"Drama, Thriller, War",2009-08-02,33.0093,8.217,24619,,"In Nazi-occupied France during World War II, a group of Jewish-American soldiers known as ""The Basterds"" are chosen specifically to spread fear throughout the Third Reich by scalping and brutally killing Nazis. The Basterds, lead by Lt. Aldo Raine soon cross paths with a French-Jewish teenage girl who runs a movie theater in Paris which is targeted by the soldiers.",2009.0,False
popular,movie,335984,Blade Runner 2049,en,"Science Fiction, Drama",2017-10-04,33.4023,7.6,15541,,"Thirty years after the events of the first film, a new blade runner, LAPD Officer K, unearths a long-buried secret that has the potential to plunge what's left of society into chaos. K's discovery leads him on a quest to find Rick Deckard, a former LAPD blade runner who has been missing for 30 years.",2017.0,False
popular,movie,1430698,The Bay,en,"Thriller, Horror",2026-07-02,34.525,5.7,25,,"Best friends Emma and Lani, attending a destination wedding in Thailand, find themselves trapped on a sinking tour boat in the heart of a tiger shark sanctuary.",2026.0,True
popular,movie,280092,Insidious: Chapter 3,en,"Horror, Thriller",2015-05-28,39.8084,6.292,3712,,A prequel set before the haunting of the Lambert family that reveals how gifted psychic Elise Rainier reluctantly agrees to use her ability to contact the dead in order to help a teenage girl who has been targeted by a dangerous supernatural entity.,2015.0,False
popular,movie,121,The Lord of the Rings: The Two Towers,en,"Adventure, Fantasy, Action",2002-12-18,32.7884,8.427,24414,,"Frodo Baggins and the other members of the Fellowship continue on their sacred quest to destroy the One Ring--but on separate paths. Their destinies lie at two towers--Orthanc Tower in Isengard, where the corrupt wizard Saruman awaits, and Sauron's fortress at Barad-dur, deep within the dark lands of Mordor. Frodo and Sam are trekking to Mordor to destroy the One Ring of Power while Gimli, Legolas and Aragorn search for the orc-captured Merry and Pippin. All along, nefarious wizard Saruman awaits the Fellowship members at the Orthanc Tower in Isengard.",2002.0,False
popular,movie,10138,Iron Man 2,en,"Adventure, Action, Science Fiction",2010-04-28,36.3686,6.855,22785,,"With the world now aware of his dual life as the armored superhero Iron Man, billionaire inventor Tony Stark faces pressure from the government, the press and the public to share his technology with the military. Unwilling to let go of his invention, Stark, with Pepper Potts and James 'Rhodey' Rhodes at his side, must forge new alliances – and confront powerful enemies.",2010.0,False
popular,movie,19995,Avatar,en,"Science Fiction, Action, Adventure",2009-12-16,35.631,7.609,34508,,"In the 22nd century, a paraplegic Marine is dispatched to the moon Pandora on a unique mission, but becomes torn between following orders and protecting an alien civilization.",2009.0,False
popular,movie,475557,Joker,en,"Crime, Thriller, Drama",2019-10-01,31.9685,8.118,28164,,"During the 1980s, a failed stand-up comedian is driven insane and turns to a life of crime and chaos in Gotham City while becoming an infamous psychopathic crime figure.",2019.0,False
popular,movie,585,"Monsters, Inc.",en,"Animation, Comedy, Family, Fantasy",2001-11-01,36.6301,7.856,20133,,"Lovable Sulley and his wisecracking sidekick Mike Wazowski are the top scare team at Monsters, Inc., the scream-processing factory in Monstropolis. When a little girl named Boo wanders into their world, it's the monsters who are scared silly, and it's up to Sulley and Mike to keep her out of sight and get her back home.",2001.0,False
popular,movie,1272837,28 Years Later: The Bone Temple,en,"Horror, Thriller, Science Fiction",2026-01-14,30.3498,7.094,1643,,Dr. Kelson finds himself in a shocking new relationship - with consequences that could change the world as they know it - and Spike's encounter with Jimmy Crystal becomes a nightmare he can't escape.,2026.0,True
popular,movie,950387,A Minecraft Movie,en,"Family, Fantasy, Comedy, Adventure",2025-03-31,33.8555,6.227,3238,,"Four misfits find themselves struggling with ordinary problems when they are suddenly pulled through a mysterious portal into the Overworld: a bizarre, cubic wonderland that thrives on imagination. To get back home, they'll have to master this world while embarking on a magical quest with an unexpected, expert crafter, Steve.",2025.0,True
popular,movie,406563,Insidious: The Last Key,en,"Horror, Thriller",2018-01-03,39.1061,6.27,3230,,"Parapsychologist Elise Rainier and her team travel to Five Keys, NM, to investigate a man’s claim of a haunting. Terror soon strikes when Rainier realizes that the house he lives in was her family’s old home.",2018.0,False
popular,movie,1185806,PAW Patrol: The Dino Movie,en,"Animation, Adventure, Family, Fantasy, Comedy",2026-07-23,32.4343,7.192,39,,"The Paw Patrol lands on a mysterious dinosaur island after a storm, where they meet Rex, a stranded pup. When Humdinger's reckless mining triggers a volcano, the team faces their biggest rescue mission yet to save the island.",2026.0,True
popular,movie,1010581,My Fault,es,"Drama, Romance, Thriller",2023-06-08,32.8106,7.7,4172,,"Noah must leave her city, boyfriend, and friends to move into William Leister's mansion, the flashy and wealthy husband of her mother Rafaela. As a proud and independent 17 year old, Noah resists living in a mansion surrounded by luxury. However, it is there where she meets Nick, her new stepbrother, and the clash of their strong personalities becomes evident from the very beginning.",2023.0,False
popular,movie,324786,Hacksaw Ridge,en,"Drama, History, War",2016-10-07,33.9606,8.192,15182,,"WWII American Army Medic Desmond T. Doss, who served during the Battle of Okinawa, refuses to kill people and becomes the first Conscientious Objector in American history to receive the Congressional Medal of Honor.",2016.0,False
popular,movie,280,Terminator 2: Judgment Day,en,"Action, Thriller, Science Fiction",1991-07-03,35.5422,8.164,14701,,"Ten years after the events of the original, a reprogrammed T-800 is sent back in time to protect young John Connor from the shape-shifting T-1000. Together with his mother Sarah, he fights to stop Skynet from triggering a nuclear apocalypse.",1991.0,False
popular,movie,8587,The Lion King,en,"Animation, Family, Drama",1994-06-15,35.6733,8.252,20027,,"Young lion prince Simba, eager to one day become king of the Pride Lands, grows up under the watchful eye of his father Mufasa; all the while his villainous uncle Scar conspires to take the throne for himself. Amid betrayal and tragedy, Simba must confront his past and find his rightful place in the Circle of Life.",1994.0,False
top_rated,movie,1632181,Accidental Partners,es,"Comedy, Romance",2026-03-12,22.9914,8.884,362,,Two women discover they were both scammed by the same man (who also got them pregnant). They form an alliance to take revenge.,2026.0,True
top_rated,movie,389,12 Angry Men,en,Drama,1957-04-10,31.0451,8.569,10271,,"The defense and the prosecution have rested and the jury is filing into the jury room to decide if a young Spanish-American is guilty or innocent of murdering his father. What begins as an open and shut case soon becomes a mini-drama of each of the jurors' prejudices and preconceptions about the trial, the accused, and each other.",1957.0,False
top_rated,movie,1232449,Young Hearts,nl,"Drama, Romance",2024-10-26,15.9709,8.6,306,,"14-year-old Elias increasingly feels like an outsider in his village. When he meets his new neighbour of the same age, Alexander, Elias is confronted with his burgeoning sexuality.",2024.0,False
top_rated,movie,1218925,Chainsaw Man - The Movie: Reze Arc,ja,"Animation, Action, Romance, Fantasy",2025-09-19,33.4956,8.533,1135,,"In a brutal war between devils, hunters, and secret enemies, a mysterious girl named Reze has stepped into Denji's world, and he faces his deadliest battle yet, fueled by love in a world where survival knows no rules.",2025.0,True
top_rated,movie,19404,Dilwale Dulhania Le Jayenge,hi,"Comedy, Drama, Romance",1995-10-20,12.8694,8.5,4614,,"Raj is a rich, carefree, happy-go-lucky second generation NRI. Simran is the daughter of Chaudhary Baldev Singh, who in spite of being an NRI is very strict about adherence to Indian values. Simran has left for India to be married to her childhood fiancé. Raj leaves for India with a mission at his hands, to claim his lady love under the noses of her whole family. Thus begins a saga.",1995.0,False
top_rated,movie,372058,Your Name.,ja,"Animation, Romance, Drama",2016-07-01,29.0371,8.485,12899,,"High schoolers Mitsuha and Taki are complete strangers living separate lives. But one night, they suddenly switch places. Mitsuha wakes up in Taki’s body, and he in hers. This bizarre occurrence continues to happen randomly, and the two must adjust their lives around each other.",2016.0,False
top_rated,movie,1181678,¿Quieres ser mi hijo?,en,"Comedy, Romance",2023-09-21,7.861,8.47,365,,"Lu, a conformist woman in her forties, learns that her 15-year partner has been having extramarital affairs. Starting from scratch, she gets involved in an unexpected relationship with a young womanizer.",2023.0,False
top_rated,movie,429,"The Good, the Bad and the Ugly",it,Western,1966-12-23,25.2919,8.466,9872,,"While the Civil War rages on between the Union and the Confederacy, three men – a quiet loner, a ruthless hitman, and a Mexican bandit – comb the American Southwest in search of a strongbox containing $200,000 in stolen gold.",1966.0,False
top_rated,movie,1383731,Protector,en,"Action, Thriller",2026-02-20,16.5425,8.457,526,,"Nikki's life is shattered when her daughter is kidnapped. Thrust into the criminal underworld while hunted by cops and military, she must fight to rescue her child.",2026.0,True
top_rated,movie,14537,Harakiri,ja,"Action, Drama, History",1962-09-15,10.8804,8.456,1265,,"Down-on-his-luck veteran Tsugumo Hanshirō enters the courtyard of the prosperous House of Iyi. Unemployed, and with no family, he hopes to find a place to commit seppuku—and a worthy second to deliver the coup de grâce in his suicide ritual. The senior counselor for the Iyi clan questions the ronin’s resolve and integrity, suspecting Hanshirō of seeking charity rather than an honorable end. What follows is a pair of interlocking stories which lay bare the difference between honor and respect, and promises to examine the legendary foundations of the Samurai code.",1962.0,False
top_rated,movie,346,Seven Samurai,ja,"Action, Drama",1954-04-26,17.5192,8.453,4336,,"A samurai answers a village's request for protection after he falls on hard times. The town needs protection from bandits, so the samurai gathers six others to help him teach the people how to defend themselves, and the villagers provide the soldiers with food.",1954.0,False
top_rated,movie,769,GoodFellas,en,"Drama, Crime",1990-09-12,26.2226,8.451,14661,,"The true story of Henry Hill, a half-Irish, half-Sicilian Brooklyn kid who is adopted by neighbourhood gangsters at an early age and climbs the ranks of a Mafia family under the guidance of Jimmy Conway.",1990.0,False
top_rated,movie,12477,Grave of the Fireflies,ja,"Animation, Drama, War",1988-04-16,0.0193,8.447,6714,,"In the final months of World War II, 14-year-old Seita and his sister Setsuko are orphaned when their mother is killed during an air raid in Kobe, Japan. After a falling out with their aunt, they move into an abandoned bomb shelter. With no surviving relatives and their emergency rations depleted, Seita and Setsuko struggle to survive.",1988.0,False
top_rated,movie,1330021,Remarkably Bright Creatures,en,"Drama, Mystery",2026-05-07,20.3677,8.433,862,,"Through unlikely bonds formed during night shifts at a local aquarium, Tova, an elderly widow, learns of a life-changing discovery that may bring her joy and wonder once again.",2026.0,True
top_rated,movie,637,Life Is Beautiful,it,"Comedy, Drama",1997-12-20,25.5626,8.437,14180,,A touching story of an Italian book seller of Jewish ancestry who lives in his own little fairy tale. His creative and happy life would come to an abrupt halt when his entire family is deported to a concentration camp during World War II. While locked up he tries to convince his son that the whole thing is just a game.,1997.0,False
top_rated,movie,11216,Cinema Paradiso,it,"Drama, Romance",1988-11-17,19.173,8.43,4946,,"A filmmaker recalls his childhood, when he fell in love with the movies at his village's theater and formed a deep friendship with the theater's projectionist.",1988.0,False
top_rated,movie,598,City of God,pt,"Drama, Crime",2002-08-30,20.3879,8.427,8376,,"In the poverty-stricken favelas of Rio de Janeiro in the 1970s, two young men choose different paths. Rocket is a budding photographer who documents the increasing drug-related violence of his neighborhood, while José “Zé” Pequeno is an ambitious drug dealer diving into a dangerous life of crime.",2002.0,False
top_rated,movie,40096,A Dog's Will,pt,"Comedy, Drama, Fantasy, Romance",2000-09-15,7.197,8.417,1236,,"The lively João Grilo and the sly Chicó are poor guys living in the hinterland who cheat a bunch of people in a small town in Northeastern Brazil. When they die, they have to be judged by Christ, the Devil and the Virgin Mary before they are admitted to paradise.",2000.0,False
top_rated,movie,539,Psycho,en,"Horror, Thriller, Mystery",1960-06-22,20.3539,8.408,11190,,"When larcenous real estate clerk Marion Crane goes on the lam with a wad of cash and hopes of starting a new life, she ends up at the notorious Bates Motel, where manager Norman Bates cares for his housebound mother.",1960.0,False
top_rated,movie,667257,Impossible Things,es,"Family, Drama",2021-06-17,5.6268,8.406,430,,"After the death of her abusive husband, Matilde finds her new best friend in Miguel, her young, insecure, and disoriented neighbor.",2021.0,False
top_rated,movie,510,One Flew Over the Cuckoo's Nest,en,Drama,1975-11-19,19.3996,8.406,11666,,"A petty criminal fakes insanity to serve his sentence in a mental ward rather than prison. He soon finds himself as a leader to the other patients—and an enemy to the cruel, domineering nurse who runs the ward.",1975.0,False
top_rated,movie,620249,The Legend of Hei,zh,"Animation, Fantasy, Action",2019-08-27,12.7533,8.405,537,,"When cat spirit Luo Xiaohei's home is deforested by humans, he must find a new one. He runs into a group of other spirit creatures who take him under their wing with dreams of reconquering the land they say is rightfully theirs. However, they run into a human known as Wuxian who separates Luo Xiaohei from the other spirits and the two go on a journey, with the cat spirit learning to control his abilities as well as forming his own thoughts on whether or not he should ally with the spirits or the humans.",2019.0,False
top_rated,movie,378064,A Silent Voice: The Movie,ja,"Animation, Drama, Romance",2016-09-17,16.6265,8.394,4641,,"Shouya Ishida starts bullying the new girl in class, Shouko Nishimiya, because she is deaf. But as the teasing continues, the rest of the class starts to turn on Shouya for his lack of compassion. When they leave elementary school, Shouko and Shouya do not speak to each other again... until an older, wiser Shouya, tormented by his past behaviour, decides he must see Shouko once more. He wants to atone for his sins, but is it already too late...?",2016.0,False
top_rated,movie,1891,The Empire Strikes Back,en,"Adventure, Action, Science Fiction",1980-05-20,21.9599,8.392,18733,,"The epic saga continues as Luke Skywalker, in hopes of defeating the evil Galactic Empire, learns the ways of the Jedi from aging master Yoda. But Darth Vader is more determined than ever to capture Luke. Meanwhile, rebel leader Princess Leia, cocky Han Solo, Chewbacca, and droids C-3PO and R2-D2 are thrown into various stages of capture, betrayal and despair.",1980.0,False
top_rated,movie,4935,Howl's Moving Castle,ja,"Fantasy, Animation, Adventure",2004-09-09,28.8188,8.387,11334,,"Sophie, a young milliner, is turned into an elderly woman by a witch who enters her shop and curses her. She encounters a wizard named Howl and gets caught up in his resistance to fighting for the king.",2004.0,False
top_rated,movie,255709,Hope,ko,Drama,2013-10-02,10.7522,8.386,905,,"After 8-year-old So-won narrowly survives a brutal sexual assault, her family labors to help her heal while coping with their own rage and grief.",2013.0,False
top_rated,movie,696374,Gabriel's Inferno,en,"Romance, Drama",2020-05-29,4.6721,8.382,2479,,"An intriguing and sinful exploration of seduction, forbidden love, and redemption, Gabriel's Inferno is a captivating and wildly passionate tale of one man's escape from his own personal hell as he tries to earn the impossible--forgiveness and love.",2020.0,False
top_rated,movie,12493,High and Low,ja,"Drama, Crime, Thriller, Mystery",1963-03-01,9.7564,8.376,1182,,A Yokohama shoe executive faces a wrenching choice when kidnappers mistakenly seize his chauffeur’s son but demand the ransom anyway.,1963.0,False
top_rated,movie,770156,Lucy Shimmers and the Prince of Peace,en,"Drama, Family",2020-10-19,8.8076,8.379,373,,Second chances start when a hardened criminal crosses paths with a precocious little girl who is helped by an angel to change hearts during the holiday season.,2020.0,False
top_rated,movie,244786,Whiplash,en,"Drama, Music, Thriller",2014-10-10,32.6329,8.375,16975,,"Under the direction of a ruthless instructor, a talented young drummer begins to pursue perfection at any cost, even his humanity.",2014.0,False
top_rated,movie,311,Once Upon a Time in America,en,"Drama, Crime",1984-05-23,23.7447,8.374,6164,,"A former Prohibition-era Jewish gangster returns to the Lower East Side of Manhattan over thirty years later, where he once again must confront the ghosts and regrets of his old life.",1984.0,False
top_rated,movie,423,The Pianist,en,"Drama, War",2002-09-17,20.1774,8.37,10364,,"The true story of pianist Władysław Szpilman's experiences in Warsaw during the Nazi occupation. When the Jews of the city find themselves forced into a ghetto, Szpilman finds work playing in a café; and when his family is deported in 1942, he stays behind, works for a while as a laborer, and eventually goes into hiding in the ruins of the war-torn city.",2002.0,False
top_rated,movie,724089,Gabriel's Inferno: Part II,en,"Romance, Drama",2020-07-31,3.2955,8.348,1561,,"Professor Gabriel Emerson finally learns the truth about Julia Mitchell's identity, but his realization comes a moment too late. Julia is done waiting for the well-respected Dante specialist to remember her and wants nothing more to do with him. Can Gabriel win back her heart before she finds love in another's arms?",2020.0,False
top_rated,movie,274,The Silence of the Lambs,en,"Crime, Thriller, Drama",1991-02-14,8.712,8.344,18359,,"Clarice Starling is a top student at the FBI's training academy.  Jack Crawford wants Clarice to interview Dr. Hannibal Lecter, a brilliant psychiatrist who is also a violent psychopath, serving life behind bars for various acts of murder and cannibalism.  Crawford believes that Lecter may have insight into a case and that Starling, as an attractive young woman, may be just the bait to draw him out.",1991.0,False
top_rated,movie,614945,Voicemails for Isabelle,en,"Romance, Comedy, Drama",2026-06-20,26.4766,8.337,814,,"A young woman's hilariously confessional voicemails to her late sister are unknowingly redirected to a stranger, who begins to fall in love from afar.",2026.0,True
top_rated,movie,761053,Gabriel's Inferno: Part III,en,"Romance, Drama",2020-11-19,6.5217,8.339,1094,,The final part of the film adaption of the erotic romance novel Gabriel's Inferno written by an anonymous Canadian author under the pen name Sylvain Reynard.,2020.0,False
top_rated,movie,567,Rear Window,en,"Thriller, Mystery, Drama",1954-08-01,15.6462,8.337,7311,,A wheelchair-bound photographer spies on his neighbors from his apartment window and becomes convinced one of them has committed murder.,1954.0,False
top_rated,movie,1058694,Radical,es,Drama,2023-10-19,6.4278,8.3,511,,"In a Mexican border town plagued by neglect, corruption, and violence, a frustrated teacher tries an unorthodox new method to break through his students’ apathy and unlock their curiosity, their potential... and perhaps even their genius.",2023.0,False
top_rated,movie,73,American History X,en,Drama,1998-07-01,17.566,8.326,12815,,"Derek Vineyard is paroled after serving 3 years in prison for killing two African-American men. Through his brother, Danny Vineyard's narration, we learn that before going to prison, Derek was a skinhead and the leader of a violent white supremacist gang that committed acts of racial crime throughout L.A. and his actions greatly influenced Danny. Reformed and fresh out of prison, Derek severs contact with the gang and becomes determined to keep Danny from going down the same violent path as he did.",1998.0,False
top_rated,movie,128,Princess Mononoke,ja,"Adventure, Fantasy, Animation",1997-07-12,20.8232,8.321,9208,,"Ashitaka, a prince of the disappearing Emishi people, is cursed by a demonized boar god and must journey to the west to find a cure. Along the way, he encounters San, a young human woman fighting to protect the forest, and Lady Eboshi, who is trying to destroy it. Ashitaka must find a way to bring balance to this conflict.",1997.0,False
top_rated,movie,372754,Dou kyu sei – Classmates,ja,"Romance, Animation",2016-02-20,6.7584,8.316,459,,"Rihito Sajo, an honor student with a perfect score on the entrance exam and Hikaru Kusakabe, in a band and popular among girls, would have never crossed paths. Until one day they started talking at the practice for their school’s upcoming chorus festival. After school, the two meet regularly, as Hikaru helps Rihito to improve his singing skills. While they listen to each other’s voice and harmonize, their hearts start to beat together.",2016.0,False
top_rated,movie,3782,Ikiru,ja,Drama,1952-10-09,10.5808,8.3,1380,,"Kanji Watanabe is a middle-aged man who has worked in the same monotonous bureaucratic position for decades. Learning he has cancer, he starts to look for the meaning of his life.",1952.0,False
top_rated,movie,10494,Perfect Blue,ja,"Animation, Thriller",1998-02-28,20.1873,8.306,3309,,"Rising pop star Mima Kirigoe quits singing to pursue a career as an actress. After she takes up a role on a popular detective show, her handlers and collaborators begin turning up murdered. Harboring feelings of guilt and haunted by visions of her former self, Mima's reality and fantasy meld into a frenzied paranoia.",1998.0,False
top_rated,movie,533514,Violet Evergarden: The Movie,ja,"Animation, Drama, Fantasy, Romance",2020-09-18,9.9074,8.3,536,,"As the world moves on from the war and technological advances bring changes to her life, Violet still hopes to see her lost commanding officer again.",2020.0,False
top_rated,movie,207,Dead Poets Society,en,Drama,1989-06-02,25.9666,8.296,12869,,"At an elite, old-fashioned boarding school in New England, a passionate English teacher inspires his students to rebel against convention and seize the potential of every day, courting the disdain of the stern headmaster.",1989.0,False
top_rated,movie,101,Léon: The Professional,fr,"Crime, Drama, Action",1994-09-14,28.6497,8.293,16403,,"Léon, the top hit man in New York, has earned a rep as an effective ""cleaner"". But when his next-door neighbors are wiped out by a loose-cannon DEA agent, he becomes the unwilling custodian of 12-year-old Mathilda. Before long, Mathilda's thoughts turn to revenge, and she considers following in Léon's footsteps.",1994.0,False
top_rated,movie,644479,Dedicated to my ex,es,"Drama, Comedy",2019-11-01,4.7727,8.285,514,,"The film tells the story of Ariel, a 21-year-old who decides to form a rock band to compete for a prize of ten thousand dollars in a musical band contest, this as a last option when trying to get money to save their relationship and reunite with his ex-girlfriend, which breaks due to the trip she must make to Finland for an internship. Ariel with her friend Ortega, decides to make a casting to find the other members of the band, although they do not know nothing about music, thus forming a band with members that have diverse and opposite personalities.",2019.0,False
top_rated,movie,914,The Great Dictator,en,"Comedy, War",1940-10-15,11.0617,8.285,3785,,Dictator Adenoid Hynkel tries to expand his empire while a poor Jewish barber tries to avoid persecution from Hynkel's regime.,1940.0,False
top_rated,movie,3082,Modern Times,en,"Comedy, Drama, Romance",1936-02-05,10.5048,8.283,4164,,"A bumbling tramp desires to build a home with a young woman, yet is thwarted time and time again by his lack of experience and habit of being in the wrong place at the wrong time...",1936.0,False
top_rated,movie,42269,We All Loved Each Other So Much,it,"Drama, Comedy",1974-12-21,6.4091,8.282,663,,"Three partisans bound by a strong friendship return home after the war, but the clash with everyday reality puts a strain on their bond.",1974.0,False
top_rated,movie,820067,The Quintessential Quintuplets Movie,ja,"Animation, Comedy, Romance",2022-05-20,8.8797,8.278,451,,"When five lovely young girls who hate studying hire part-time tutor Futaro, he guides not only their education but also their hearts. Time spent has brought them all closer, with feelings growing within the girls and Futaro. As they finish their third year of high school and their last school festival approaches, they set their sights on what’s next. Is there a future with one of them and Futaro?",2022.0,False
top_rated,movie,654299,Out of the Clear Blue Sky,es,"Comedy, Drama, Music",2019-12-24,4.9301,8.278,389,,"Returning to Earth as an imitator, the legendary Mexican artist Pedro Infante must prove that he is no longer a womanizer to enter paradise.",2019.0,False
top_rated,movie,599,Sunset Boulevard,en,Drama,1950-08-10,11.5479,8.276,2998,,A hack screenwriter writes a screenplay for a former silent film star who has faded into Hollywood obscurity.,1950.0,False
top_rated,movie,1585,It's a Wonderful Life,en,"Drama, Family, Fantasy",1946-12-20,19.8515,8.3,5019,,"George Bailey has spent his entire life giving to the people of Bedford Falls.  All that prevents rich skinflint Mr. Potter from taking over the entire town is George's modest building and loan company.  But on Christmas Eve the business's $8,000 is lost and George's troubles begin.",1946.0,False
top_rated,movie,77338,The Intouchables,fr,"Drama, Comedy",2011-11-02,27.3266,8.271,18718,,A true story of two men who should never have met – a quadriplegic aristocrat who was injured in a paragliding accident and a young man from the projects.,2011.0,False
top_rated,movie,335,Once Upon a Time in the West,it,"Drama, Western",1968-12-21,18.0326,8.269,5013,,"As the railroad builders advance unstoppably through the Arizona desert on their way to the sea, Jill arrives in the small town of Flagstone with the intention of starting a new life.",1968.0,False
top_rated,movie,28,Apocalypse Now,en,"Drama, War",1979-05-19,21.0271,8.261,9294,,"At the height of the Vietnam war, Captain Benjamin Willard is sent on a dangerous mission that, officially, ""does not exist, nor will it ever exist."" His goal is to locate - and eliminate - a mysterious Green Beret Colonel named Walter Kurtz, who has been leading his personal army on illegal guerrilla missions into enemy territory.",1979.0,False
top_rated,movie,92321,Hotarubi no Mori e,ja,"Romance, Animation, Fantasy",2011-09-17,0.0085,8.259,1239,,"One hot summer day a little girl gets lost in an enchanted forest of the mountain god where spirits reside. A young boy appears before her, but she cannot touch him for fear of making him disappear. And so a wondrous adventure awaits...",2011.0,False
top_rated,movie,18491,Neon Genesis Evangelion: The End of Evangelion,ja,"Animation, Science Fiction, Drama, Fantasy, Action",1997-07-19,18.7932,8.258,1930,,"SEELE orders an all-out attack on NERV, aiming to destroy the Evas before Gendo can advance his own plans for the Human Instrumentality Project. Shinji is pushed to the limits of his sanity as he is forced to decide the fate of humanity.",1997.0,False
top_rated,movie,1356039,Counterattack,es,"Action, Adventure, Thriller",2025-02-27,12.2844,8.257,839,,"When a hostage rescue mission creates a new enemy, Capt. Guerrero and his elite soldiers must face an ambush by a criminal group.",2025.0,True
top_rated,movie,92060,Michael Jackson's Thriller,en,"Horror, Music, Thriller",1983-11-21,8.0238,8.257,794,,"A night at the movies turns terrifying when Michael and his date are attacked by zombies. Released at the height of Thriller’s success, the short film redefined the music video, broke racial barriers, and became the first inducted into the U.S. National Film Registry.",1983.0,False
top_rated,movie,652837,"Josee, the Tiger and the Fish",ja,"Animation, Drama, Romance",2020-12-25,9.3012,8.252,622,,"With dreams of diving abroad, Tsuneo gets a job assisting Josee, an artist whose imagination takes her far beyond her wheelchair. But when the tide turns against them, they push each other to places they never thought possible, and inspire a love fit for a storybook.",2020.0,False
top_rated,movie,975,Paths of Glory,en,"War, Drama",1957-10-25,7.1894,8.251,3349,,A commanding officer defends three scapegoats on trial for a failed offensive that occurred within the French Army in 1916.,1957.0,False
top_rated,movie,901,City Lights,en,"Comedy, Drama, Romance",1931-02-06,8.1522,8.251,2520,,A tramp falls in love with a beautiful blind flower girl. His on-and-off friendship with a wealthy man allows him to be the girl's benefactor and suitor.,1931.0,False
top_rated,movie,1139087,Once Upon a Studio,en,"Animation, Family, Fantasy, Drama, Comedy",2023-09-24,9.081,8.254,445,,"Created for Disney's 100th anniversary, the short features Mickey Mouse corralling a gallery of legendary Disney characters for a group photo.",2023.0,False
top_rated,movie,637920,Miracle in Cell No. 7,tr,Drama,2019-10-10,7.5727,8.25,4592,,"Separated from his daughter, a father with an intellectual disability must prove his innocence when he is jailed for the death of a commander's child.",2019.0,False
top_rated,movie,29259,Le Trou,fr,"Drama, Thriller, Crime",1960-03-18,5.0109,8.246,592,,"Four prison inmates have been hatching a plan to literally dig out of jail when another prisoner, Claude Gaspard, is moved into their cell. They take a risk and share their plan with the newcomer. Over the course of three days, the prisoners and friends break through the concrete floor using a bed post and begin to make their way through the sewer system – yet their escape is anything but assured.",1960.0,False
top_rated,movie,630566,Clouds,en,"Music, Drama",2020-10-09,3.9198,8.244,1060,,"Young musician Zach Sobiech discovers his cancer has spread, leaving him just a few months to live. With limited time, he follows his dream and makes an album, unaware that it will soon be a viral music phenomenon.",2020.0,False
top_rated,movie,10376,The Legend of 1900,it,"Drama, Music",1998-10-28,8.551,8.24,2484,,"Musician Max Tooney goes to sell his prized Conn trumpet to a music shop, where he plays the instrument one last time. The shopkeeper recognises the song as one on a record matrix he found and asks who the piece is by. Tooney tells the story of an infant found abandoned in the first class dining room of the four-stacker ocean-liner SS Virginian on 1 January 1900. Danny Boodman, a coal-man from the boiler room, names the boy Danny Boodman T. D. Lemon 1900, after himself, the fruit crate the boy was found in, and the year, and raises him as his own.",1998.0,False
top_rated,movie,670,Oldboy,ko,"Thriller, Mystery",2003-11-21,20.9255,8.236,10121,,"With no clue how he came to be imprisoned, drugged and tortured for 15 years, a desperate man seeks revenge on his captors.",2003.0,False
top_rated,movie,15804,A Brighter Summer Day,zh,"Crime, Drama, Romance",1991-07-27,6.7335,8.234,401,,"A boy experiences first love, friendships and injustices growing up in 1960s Taiwan.",1991.0,False
top_rated,movie,572154,Rascal Does Not Dream of a Dreaming Girl,ja,"Animation, Romance, Drama, Fantasy",2019-06-15,4.8356,8.232,611,,"In Fujisawa, Sakuta Azusagawa is in his second year of high school. Blissful days with his girlfriend and upperclassman, Mai Sakurajima, are interrupted by the appearance of his first crush, Shoko Makinohara.",2019.0,False
top_rated,movie,857,Saving Private Ryan,en,"War, Drama, History",1998-07-24,31.3818,8.232,17653,,"As U.S. troops storm the beaches of Normandy, three brothers lie dead on the battlefield, with a fourth trapped behind enemy lines. Ranger captain John Miller and seven men are tasked with penetrating German-held territory and bringing the boy home.",1998.0,False
top_rated,movie,1317149,I Swear,en,"Drama, History",2025-09-22,18.5923,8.2,487,,"Diagnosed with Tourette Syndrome at 15, John Davidson navigates his way against the odds through troubled teenage years and into adulthood, finding inspiration in the kindness of others to discover his true purpose in life.",2025.0,True
top_rated,movie,504253,I Want to Eat Your Pancreas,ja,"Animation, Drama, Romance",2018-09-01,9.1249,8.23,1829,,"After his classmate and crush is diagnosed with a pancreatic disease, an average high schooler sets out to make the most of her final days.",2018.0,False
top_rated,movie,635302,Demon Slayer -Kimetsu no Yaiba- The Movie: Mugen Train,ja,"Animation, Action, Fantasy",2020-10-16,16.3795,8.227,4642,,"Tanjiro Kamado, joined with Inosuke Hashibira, a boy raised by boars who wears a boar's head, and Zenitsu Agatsuma, a scared boy who reveals his true power when he sleeps, boards the Infinity Train on a new mission with the Fire Hashira, Kyojuro Rengoku, to defeat a demon who has been tormenting the people and killing the demon slayers who oppose it!",2020.0,False
top_rated,movie,24188,Il Sorpasso,it,"Drama, Comedy, Adventure",1962-12-05,3.3036,8.226,861,,"Roberto, a shy law student in Rome, meets Bruno, a forty-year-old exuberant, capricious man, who takes him for a drive through the Roman and Tuscany countries in the summer. When their journey starts to blend into their daily lives though, the pair’s newfound friendship is tested.",1962.0,False
top_rated,movie,632632,Given,ja,"Animation, Drama, Music, Romance",2020-08-22,3.5219,8.2,424,,"Haruki secretly had feelings for Akihiko for years, but Akihiko was still in a relationship with his roommate, the violinist Ugetsu Murata. Haruki, Akihiko, and Ugetsu's love clashes and starts to move forward.",2020.0,False
top_rated,movie,490132,Green Book,en,"Drama, Comedy, History",2018-11-16,18.6715,8.222,13134,,"Tony Lip, a bouncer in 1962, is hired to drive pianist Don Shirley on a tour through the Deep South in the days when African Americans, forced to find alternate accommodations and services due to segregation laws below the Mason-Dixon Line, relied on a guide called The Negro Motorist Green Book.",2018.0,False
top_rated,movie,447362,Life in a Year,en,"Drama, Romance",2020-11-27,6.0827,8.222,2000,,"A 17 year old finds out that his girlfriend is dying, so he sets out to give her an entire life, in the last year she has left.",2020.0,False
top_rated,movie,508965,Klaus,en,"Animation, Family, Comedy",2019-11-08,8.3595,8.219,4784,,"A selfish postman and a reclusive toymaker form an unlikely friendship, delivering joy to a cold, dark town that desperately needs it.",2019.0,False
top_rated,movie,16672,Woman in the Dunes,ja,"Drama, Thriller",1964-02-15,5.6403,8.2,536,,A vacationing entomologist suffers extreme physical and psychological trauma after being taken captive by the residents of a poor seaside village and made to live with a woman whose life task is shoveling sand for them.,1964.0,False
top_rated,movie,283566,Evangelion: 3.0+1.0 Thrice Upon a Time,ja,"Animation, Action, Science Fiction, Drama",2021-03-08,11.2189,8.216,985,,"In the aftermath of the Fourth Impact, stranded without their Evangelions, Shinji, Asuka and Rei find refuge in one of the rare pockets of humanity that still exist on the ruined planet Earth. There, each lives a life far different from their days as an Evangelion pilot. However, the danger to the world is far from over. A new impact is looming on the horizon—one that will prove to be the true end of Evangelion.",2021.0,False
top_rated,movie,110420,Wolf Children,ja,"Animation, Family, Drama, Fantasy",2012-07-21,8.1059,8.216,2525,,"After her werewolf lover unexpectedly dies in an accident, a woman must find a way to raise the son and daughter that she had with him. However, their inheritance of their father's traits prove to be a challenge for her.",2012.0,False
top_rated,movie,527641,Five Feet Apart,en,"Romance, Drama",2019-03-14,9.9924,8.215,5978,,"Seventeen-year-old Stella spends most of her time in the hospital as a cystic fibrosis patient. Her life is full of routines, boundaries and self-control — all of which get put to the test when she meets Will, an impossibly charming teen who has the same illness. There's an instant flirtation, though restrictions dictate that they must maintain a safe distance between them. As their connection intensifies, so does the temptation to throw the rules out the window and embrace that attraction.",2019.0,False
top_rated,movie,315162,Puss in Boots: The Last Wish,en,"Animation, Adventure, Fantasy, Comedy, Family",2022-12-07,24.4003,8.215,9153,,"Puss in Boots discovers that his passion for adventure has taken its toll: He has burned through eight of his nine lives, leaving him with only one life left. Puss sets out on an epic journey to find the mythical Last Wish and restore his nine lives.",2022.0,False
top_rated,movie,995133,"The Boy, the Mole, the Fox and the Horse",en,"Animation, Family, Drama, Adventure",2022-12-25,25.9257,8.213,760,,"The unlikely friendship of a boy, a mole, a fox and a horse traveling together in the boy's search for home.",2022.0,False
top_rated,movie,1124,The Prestige,en,"Drama, Mystery, Science Fiction",2006-10-19,27.0589,8.211,17985,,"A mysterious story of two magicians whose intense rivalry leads them on a life-long battle for supremacy -- full of obsession, deceit and jealousy with dangerous and deadly consequences.",2006.0,False
top_rated,movie,37257,Witness for the Prosecution,en,"Drama, Mystery, Crime",1957-12-17,9.3709,8.2,1750,,An ailing barrister is thrust back into the courtroom in what becomes one of the most unusual and eventful murder cases of the lawyer's career when he finds himself defending a man being tried for the murder of a socialite.,1957.0,False
top_rated,movie,9702,Bound by Honor,en,"Crime, Drama, Thriller",1993-02-05,10.704,8.206,1598,,"Based on the true life experiences of poet Jimmy Santiago Baca, the film focuses on half-brothers Paco and Cruz, and their bi-racial cousin Miklo. It opens in 1972, as the three are members of an East L.A. gang known as the ""Vatos Locos"", and the story focuses on how a violent crime and the influence of narcotics alter their lives. Miklo is incarcerated and sent to San Quentin, where he makes a ""home"" for himself. Cruz becomes an exceptional artist, but a heroin addiction overcomes him with tragic results. Paco becomes a cop and an enemy to his ""carnal"", Miklo.",1993.0,False
top_rated,movie,11,Star Wars,en,"Adventure, Action, Science Fiction",1977-05-25,32.5789,8.206,22719,,Princess Leia is captured and held hostage by the evil Imperial forces in their effort to take over the galactic Empire. Venturesome Luke Skywalker and dashing captain Han Solo team together with the loveable robot duo R2-D2 and C-3PO to rescue the beautiful princess and restore peace and justice in the Empire.,1977.0,False
top_rated,movie,1244492,Look Back,ja,"Animation, Drama",2024-06-28,11.5386,8.194,643,,"Popular, outgoing Fujino is celebrated by her classmates for her funny comics in the class newspaper. One day, her teacher asks her to share the space with Kyomoto, a truant recluse whose beautiful artwork sparks a competitive fervor in Fujino. What starts as jealousy transforms when Fujino realizes their shared passion for drawing.",2024.0,False
top_rated,movie,50014,The Help,en,Drama,2011-08-09,16.2074,8.204,9208,,"Aibileen Clark is a middle-aged African-American maid who has spent her life raising white children and has recently lost her only son; Minny Jackson is an African-American maid who has often offended her employers despite her family's struggles with money and her desperate need for jobs; and Eugenia ""Skeeter"" Phelan is a young white woman who has recently moved back home after graduating college to find out her childhood maid has mysteriously disappeared. These three stories intertwine to explain how life in Jackson, Mississippi revolves around ""the help""; yet they are always kept at a certain distance because of racial lines.",2011.0,False
top_rated,movie,694,The Shining,en,"Horror, Thriller",1980-05-23,24.0541,8.201,19256,,"Jack Torrance accepts a caretaker job at the Overlook Hotel, where he, along with his wife Wendy and their son Danny, must live isolated from the rest of the world for the winter. But they aren't prepared for the madness that lurks within.",1980.0,False
top_rated,movie,568332,Taylor Swift: Reputation Stadium Tour,en,Music,2018-12-31,2.8132,8.199,437,,"Taylor Swift takes the stage in Dallas for the Reputation Stadium Tour and celebrates a monumental night of music, memories and visual magic.",2018.0,False
top_rated,movie,25237,Come and See,ru,"Drama, War, Horror, History",1985-10-17,13.2674,8.198,1923,,"The invasion of a village in Belarus by German forces sends young Florya into the forest to join the weary Resistance fighters, against his family's wishes. There he meets a girl, Glasha, who accompanies him back to his village. On returning home, Florya finds his family and fellow peasants massacred. His continued survival amidst the brutal debris of war becomes increasingly nightmarish, a battle between despair and hope.",1985.0,False
top_rated,movie,11324,Shutter Island,en,"Drama, Thriller, Mystery",2010-02-14,26.8288,8.197,26289,,"World War II soldier-turned-U.S. Marshal Teddy Daniels investigates the disappearance of a patient from a hospital for the criminally insane, but his efforts are compromised by troubling visions and a mysterious doctor.",2010.0,False
top_rated,movie,265177,Mommy,fr,Drama,2014-09-19,10.035,8.195,2885,,"A peculiar neighbor offers hope to a recent widow who is struggling to raise a teenager who is unpredictable and, sometimes, violent.",2014.0,False
top_rated,movie,568300,BTS WORLD TOUR [LOVE YOURSELF] in Seoul,ko,Music,2019-01-26,2.636,8.2,461,,Shot at the Olympic Stadium in Seoul during the BTS World Tour ‘Love Yourself’ to celebrate the seven members of the global boyband and their unprecedented international phenomenon.,2019.0,False
top_rated,movie,68718,Django Unchained,en,"Drama, Western",2012-12-25,28.7168,8.193,28466,,"With the help of a German bounty hunter, a freed slave sets out to rescue his wife from a brutal Mississippi plantation owner.",2012.0,False
top_rated,movie,618344,Justice League Dark: Apokolips War,en,"Animation, Action, Adventure, Fantasy",2020-05-05,6.3963,8.189,1614,,"Earth is decimated after intergalactic tyrant Darkseid has devastated the Justice League in a poorly executed war by the DC Super Heroes. Now the remaining bastions of good – the Justice League, Teen Titans, Suicide Squad and assorted others – must regroup, strategize and take the war to Darkseid in order to save the planet and its surviving inhabitants.",2020.0,False
top_rated,movie,537061,Steven Universe: The Movie,en,"Animation, Family, Adventure, Fantasy, Drama, TV Movie",2019-10-07,5.8165,8.2,875,,"Two years after bringing peace to the galaxy, Steven Universe sees his past come back to haunt him in the form of a deranged Gem who wants to destroy the Earth.",2019.0,False
top_rated,movie,26451,Investigation of a Citizen Above Suspicion,it,"Drama, Thriller",1970-10-16,3.917,8.19,891,,"Rome, Italy. After committing a heinous crime, a senior police officer exposes evidence incriminating him because his moral commitment prevents him from circumventing the law and the social order it protects.",1970.0,False
top_rated,movie,1186532,The Forge,en,"Drama, Family",2024-08-22,7.9093,8.2,353,,"19 year old Isaiah Wright lives for basketball and video games. A year out of high school, he has no job, no plans, and no idea how to be a man. At odds with his single mother Cynthia, Isaiah is given an ultimatum – to step up or move out. Feeling the pull from his friends and the push from his mom, Isaiah is hired by Moore Fitness, unaware of how the owner will personally impact his life. With the prayers of his mother and unexpected guidance from his new mentor, Isaiah is forced to deal with his past, sacrifice his selfishness and discover how God might have a greater purpose for his life.",2024.0,False
top_rated,movie,284,The Apartment,en,"Comedy, Drama, Romance",1960-06-21,9.5665,8.184,2749,,"Bud Baxter is a minor clerk in a huge New York insurance company, until he discovers a quick way to climb the corporate ladder. He lends out his apartment to the executives as a place to take their mistresses. Although he often has to deal with the aftermath of their visits, one night he's left with a major problem to solve.",1960.0,False
top_rated,movie,3780,Red Beard,ja,Drama,1965-03-04,4.8923,8.182,423,,"Aspiring to an easy job as personal physician to a wealthy family, Noboru Yasumoto is disappointed when his first post after medical school takes him to a small country clinic under the gruff doctor Red Beard. Yasumoto rebels in numerous ways, but Red Beard proves a wise and patient teacher. He gradually introduces his student to the unglamorous side of the profession, ultimately assigning him to care for a prostitute rescued from a local brothel.",1965.0,False
top_rated,movie,20941,Innocent Voices,es,"Drama, War",2005-01-28,3.6047,8.181,530,,"A young boy, attempting to have a normal childhood in 1980s El Salvador, is caught up in a dramatic fight for his life when he desperately tries to avoid the war that is raging all around him.",2005.0,False
top_rated,movie,851644,20th Century Girl,ko,"Romance, Drama",2022-10-06,10.4791,8.179,854,,"In 1999, a teen girl keeps close tabs on a boy in school on behalf of her deeply smitten best friend – then she gets swept up in a love story of her own.",2022.0,False
top_rated,movie,620683,My Mom Is a Character 3,pt,Comedy,2019-12-26,1.6103,8.2,496,,Dona Hermínia will have to rediscover and reinvent herself because her children are forming new families. This supermom will have to deal with a new life scenario: Marcelina is pregnant and Juliano is getting married.,2019.0,False
top_rated,movie,313106,Doctor Who: The Day of the Doctor,en,"Science Fiction, Adventure",2013-11-23,3.2398,8.179,783,,"In 2013, something terrible is awakening in London's National Gallery; in 1562, a murderous plot is afoot in Elizabethan England; and somewhere in space an ancient battle reaches its devastating conclusion. All of reality is at stake as the Doctor's own dangerous past comes back to haunt him.",2013.0,False
top_rated,movie,290098,The Handmaiden,ko,"Thriller, Drama, Romance",2016-06-01,21.1453,8.176,4450,,"1930s Korea, in the period of Japanese occupation, a new girl, Sook-hee, is hired as a handmaiden to a Japanese heiress, Hideko, who lives a secluded life on a large countryside estate with her domineering Uncle Kouzuki. But the maid has a secret. She is a pickpocket recruited by a swindler posing as a Japanese Count to help him seduce the Lady to steal her fortune.",2016.0,False
top_rated,movie,1160164,TAYLOR SWIFT | THE ERAS TOUR,en,Music,2023-10-13,4.6002,8.174,532,,"A concert film documenting Taylor Swift's record-breaking Eras Tour (2023-2024). Filmed during the Los Angeles shows, the film captures the tour's ten acts, each representing a different musical era from Swift's career. The film showcases over 40 songs, elaborate stage productions, and Swift's performance.",2023.0,False
top_rated,movie,77,Memento,en,"Mystery, Thriller",2000-10-11,23.8625,8.175,16629,,"Leonard Shelby is tracking down the man who raped and murdered his wife. The difficulty of locating his wife's killer, however, is compounded by the fact that he suffers from a rare, untreatable form of short-term memory loss. Although he can recall details of life before his accident, Leonard cannot remember what happened fifteen minutes ago, where he's going, or why.",2000.0,False
top_rated,movie,348,Alien,en,"Horror, Science Fiction",1979-05-25,30.1088,8.172,16720,,"During its return to the earth, commercial spaceship Nostromo intercepts a distress signal from a distant planet. When a three-member team of the crew discovers a chamber containing thousands of eggs on the planet, a creature inside one of the eggs attacks an explorer. The entire crew is unaware of the impending nightmare set to descend upon them when the alien parasite planted inside its unfortunate host is birthed.",1979.0,False
top_rated,movie,185,A Clockwork Orange,en,"Science Fiction, Crime",1971-10-28,17.7812,8.171,14045,,"In a near-future Britain, young Alexander DeLarge and his pals get their kicks beating and raping anyone they please. When not destroying the lives of others, Alex swoons to the music of Beethoven. The state, eager to crack down on juvenile crime, gives an incarcerated Alex the option to undergo an invasive procedure that'll rob him of all personal agency. In a time when conscience is a commodity, can Alex change his tune?",1971.0,False
top_rated,movie,441130,Wolfwalkers,en,"Animation, Family, Adventure, Fantasy",2020-10-26,12.6596,8.17,1439,,"In a time of superstition and magic, when wolves are seen as demonic and nature an evil to be tamed, a young apprentice hunter comes to Ireland with her father to wipe out the last pack. But when she saves a wild native girl, their friendship leads her to discover the world of the Wolfwalkers and transform her into the very thing her father is tasked to destroy.",2020.0,False
top_rated,movie,81481,Silenced,ko,Drama,2011-09-22,6.9212,8.16,803,,"Based on actual events that took place at Gwangju Inhwa School for the hearing-impaired, where young deaf students were the victims of repeated sexual assaults by faculty members over a period of five years in the early 2000s.",2011.0,False
top_rated,movie,629,The Usual Suspects,en,"Drama, Crime, Thriller",1995-07-19,22.846,8.165,11655,,"Held in an L.A. interrogation room, Verbal Kint attempts to convince the feds that a mythic crime lord, Keyser Soze, not only exists, but was also responsible for drawing him and his four partners into a multi-million dollar heist that ended with an explosion in San Pedro harbor – leaving few survivors. Verbal lures his interrogators with an incredible story of the crime lord's almost supernatural prowess.",1995.0,False
top_rated,movie,5156,Bicycle Thieves,it,Drama,1948-07-21,8.3269,8.164,2729,,"Unemployed Antonio is elated when he finally finds work hanging posters around war-torn Rome. However on his first day, his bicycle—essential to his work—gets stolen. His job is doomed unless he can find the thief. With the help of his son, Antonio combs the city, becoming desperate for justice.",1948.0,False
top_rated,movie,489,Good Will Hunting,en,Drama,1997-12-05,27.5334,8.165,14190,,"Will Hunting is a headstrong, working-class genius who is failing the lessons of life. After one too many run-ins with the law, Will's last chance is a psychology professor, who might be the only man who can reach him.",1997.0,False
top_rated,movie,1422,The Departed,en,"Drama, Thriller, Crime",2006-10-04,30.3851,8.159,16522,,"To take down South Boston's Irish Mafia, the police send in one of their own to infiltrate the underworld, not realizing the syndicate has done likewise. While an undercover cop curries favor with the mob kingpin, a career criminal rises through the police ranks. But both sides soon discover there's a mole among them.",2006.0,False
top_rated,movie,522924,The Art of Racing in the Rain,en,"Drama, Romance",2019-08-08,7.2048,8.156,1712,,"A family dog – with a near-human soul and a philosopher's mind – evaluates his life through the lessons learned by his human owner, a race-car driver.",2019.0,False
top_rated,movie,37165,The Truman Show,en,"Comedy, Drama",1998-06-04,26.7524,8.156,20686,,"In a picture-perfect seaside town, an insurance salesman begins to realize that his entire existence may be staged and observed by a vast unseen audience as part of a long-running real-time reality TV show.",1998.0,False
top_rated,movie,980477,Ne Zha 2,zh,"Animation, Action, Fantasy, Adventure",2025-01-29,24.448,8.2,802,,"After a catastrophic event leaves their bodies destroyed, Ne Zha and Ao Bing are granted a fragile second chance at life. As tensions rise between the dragon clans and celestial forces, the two must undergo a series of perilous trials that will test their bond, challenge their identities, and decide the fate of both mortals and immortals.",2025.0,True
top_rated,movie,111,Scarface,en,"Action, Crime, Drama",1983-12-09,24.2762,8.152,13325,,"After getting a green card in exchange for assassinating a Cuban government official, Tony Montana stakes a claim on the drug trade in Miami. Viciously murdering anyone who stands in his way, Tony eventually becomes the biggest drug lord in the state, controlling nearly all the cocaine that comes through Miami. But increased pressure from the police, wars with Colombian drug cartels and his own drug-fueled paranoia serve to fuel the flames of his eventual downfall.",1983.0,False
top_rated,movie,517814,Capernaum,ar,Drama,2018-09-20,9.5851,8.148,2021,,"After running away from his negligent parents, committing a violent crime and being sentenced to five years in jail, a hardened, streetwise 12-year-old Lebanese boy sues his parents in protest of the life they have given him.",2018.0,False
top_rated,movie,18148,Tokyo Story,ja,Drama,1953-11-03,5.9695,8.148,1254,,"The elderly Shukishi and his wife, Tomi, take the long journey from their small seaside village to visit their adult children in Tokyo. Their elder son, Koichi, a doctor, and their daughter, Shige, a hairdresser, don't have much time to spend with their aged parents, and so it falls to Noriko, the widow of their younger son who was killed in the war, to keep her in-laws company.",1953.0,False
top_rated,movie,490,The Seventh Seal,sv,"Fantasy, Drama",1957-02-16,8.5342,8.141,3432,,"When disillusioned Swedish knight Antonius Block returns home from the Crusades to find his country in the grips of the Black Death, he challenges Death to a chess match for his life. Tormented by the belief that God does not exist, Block sets off on a journey, meeting up with traveling players Jof and his wife, Mia, and becoming determined to evade Death long enough to commit one redemptive act while he still lives.",1957.0,False
top_rated,movie,10098,The Kid,en,"Comedy, Drama",1921-01-21,5.9524,8.138,2432,,A tramp cares for a boy after he's abandoned as a newborn by his mother. Later the mother has a change of heart and aches to be reunited with her son.,1921.0,False
top_rated,movie,289,Casablanca,en,"Drama, Romance",1943-01-15,13.4833,8.138,6175,,"In Casablanca, Morocco in December 1941, a cynical American expatriate meets a former lover, with unforeseen complications.",1943.0,False
top_rated,movie,606856,Togo,en,"Adventure, History, Drama",2019-12-20,5.6632,8.138,2344,,"The untold true story set in the winter of 1925 that takes you across the treacherous terrain of the Alaskan tundra for an exhilarating and uplifting adventure that will test the strength, courage and determination of one man, Leonhard Seppala, and his lead sled dog, Togo.",2019.0,False
top_rated,movie,476292,Maquia: When the Promised Flower Blooms,ja,"Animation, Drama, Fantasy",2018-02-24,6.3497,8.136,726,,"Fleeing the war, the immortal Maquia, graced with eternal youth, finds a baby abandoned in the forest and decides to raise it as her own child, sparking a moving story between a mortal and a being who does not age.",2018.0,False
top_rated,movie,399106,Piper,en,"Family, Animation",2016-06-16,3.302,8.136,1763,,"A mother bird tries to teach her little one how to find food by herself. In the process, she encounters a traumatic experience that she must overcome in order to survive.",2016.0,False
top_rated,movie,426,Vertigo,en,"Mystery, Romance, Thriller",1958-05-28,11.9175,8.135,6459,,"A retired San Francisco detective suffering from acrophobia investigates the strange activities of an old friend's wife, all the while becoming dangerously obsessed with her.",1958.0,False
top_rated,movie,872,Singin' in the Rain,en,"Comedy, Romance",1952-04-10,9.9213,8.133,3583,,"In 1927 Hollywood, a silent film star falls for a chorus girl just as he and his paranoid screen partner struggle to make the difficult transition to talking pictures.",1952.0,False
top_rated,movie,592350,My Hero Academia: Heroes Rising,ja,"Animation, Action, Fantasy, Adventure",2019-12-20,7.5704,8.1,1309,,"Class 1-A visits Nabu Island where they finally get to do some real hero work. The place is so peaceful that it's more like a vacation... until they're attacked by a villain with an unfathomable Quirk! His power is eerily familiar, and it looks like Shigaraki had a hand in the plan. But with All Might retired and citizens' lives on the line, there's no time for questions. Deku and his friends are the next generation of heroes, and they're the island's only hope.",2019.0,False
top_rated,movie,458220,Palmer,en,Drama,2021-01-28,6.3251,8.124,1955,,"After 12 years in prison, former high school football star Eddie Palmer returns home to put his life back together—and forms an unlikely bond with Sam, an outcast boy from a troubled home. But Eddie's past threatens to ruin his new life and family.",2021.0,False
top_rated,movie,414419,Kill Bill: The Whole Bloody Affair,en,"Action, Crime",2011-03-27,15.3055,8.1,1391,,"A former assassin, known simply as The Bride, wakes from a coma four years after her jealous ex-lover Bill attempts to murder her on her wedding day. Fueled by an insatiable desire for revenge, she vows to get even with every person who contributed to the loss of her unborn child, her entire wedding party, and four years of her life.  After devising a hit list, The Bride sets off on her quest, enduring unspeakable injury and unscrupulous enemies.",2011.0,False
top_rated,movie,103,Taxi Driver,en,"Crime, Drama",1976-02-09,23.3261,8.123,13705,,"Suffering from insomnia, disturbed loner Travis Bickle takes a job as a New York City cabbie, haunting the streets nightly, growing increasingly detached from reality as he dreams of cleaning up the filthy city.",1976.0,False
top_rated,movie,10681,WALL·E,en,"Animation, Family, Science Fiction",2008-06-26,31.1533,8.12,20719,,"After hundreds of years doing what he was built for, WALL•E— a robot designed to clean up the earth—discovers a new purpose in life when he meets a sleek search robot named EVE. EVE comes to realize that WALL•E has inadvertently stumbled upon the key to the planet's future, and races back to space to report to the humans. Meanwhile, WALL•E chases EVE across the galaxy and sets into motion one of the most imaginative adventures ever brought to the big screen.",2008.0,False
top_rated,movie,797,Persona,sv,Drama,1966-10-18,6.0935,8.121,2472,,"A young nurse, Alma, is put in charge of Elisabeth Vogler: an actress who is seemingly healthy in all respects, but will not talk. As they spend time together, Alma speaks to Elisabeth constantly, never receiving any answer.",1966.0,False
top_rated,movie,935,Dr. Strangelove or: How I Learned to Stop Worrying and Love the Bomb,en,"Comedy, War",1964-01-29,10.6161,8.12,6275,,"After the insane General Jack D. Ripper initiates a nuclear strike on the Soviet Union, a war room full of politicians, generals and a Russian diplomat all frantically try to stop it.",1964.0,False
top_rated,movie,666,Central Station,pt,Drama,1998-04-03,4.3671,8.119,1069,,"An emotional journey of a former school teacher, who writes letters for illiterate people, and a young boy, whose mother has just died, as they search for the father he never knew.",1998.0,False
top_rated,movie,600,Full Metal Jacket,en,"Drama, War",1987-06-26,15.2852,8.118,11677,,A pragmatic U.S. Marine observes the dehumanizing effects the U.S.-Vietnam War has on his fellow recruits from their brutal boot camp training to the bloody street fighting in Hue.,1987.0,False
top_rated,movie,575813,Better Days,zh,"Drama, Crime, Romance",2019-10-25,7.3578,8.1,573,,"A bullied teenage girl forms an unlikely friendship with a mysterious young man who protects her from her assailants, while she copes with the pressures of her final examinations.",2019.0,False
top_rated,movie,20914,My Friends,it,Comedy,1975-10-24,4.0905,8.116,758,,Four inseparable friends try to face their midlife crisis with daytrips and pranks at the expense of their families and the people around them.,1975.0,False
top_rated,movie,500,Reservoir Dogs,en,"Crime, Thriller",1992-09-02,17.6198,8.111,15733,,"A botched robbery indicates a police informant, and the pressure mounts in the aftermath at a warehouse. Crime begets violence as the survivors -- veteran Mr. White, newcomer Mr. Orange, psychopathic parolee Mr. Blonde, bickering weasel Mr. Pink and Nice Guy Eddie -- unravel.",1992.0,False
top_rated,movie,146233,Prisoners,en,"Drama, Thriller, Crime",2013-09-19,22.2667,8.106,13380,,"After his six-year-old daughter is abducted, a desperate father takes justice into his own hands when he loses faith in the detective leading the investigation, setting both men on a collision course as the search descends into obsession and moral compromise.",2013.0,False
top_rated,movie,810693,Jujutsu Kaisen 0,ja,"Animation, Action, Fantasy",2021-12-24,11.4552,8.103,1822,,"Yuta Okkotsu is a nervous high school student who is suffering from a serious problem—his childhood friend Rika has turned into a curse and won't leave him alone. Since Rika is no ordinary curse, his plight is noticed by Satoru Gojo, a teacher at Jujutsu High, a school where fledgling exorcists learn how to combat curses. Gojo convinces Yuta to enroll, but can he learn enough in time to confront the curse that haunts him?",2021.0,False
top_rated,movie,46738,Incendies,fr,"Drama, War, Mystery",2010-09-17,14.861,8.102,3421,,"A mother's last wishes send twins Jeanne and Simon on a journey to Middle East in search of their tangled roots. Adapted from Wajdi Mouawad's acclaimed play, Incendies tells the powerful and moving tale of two young adults' voyage to the core of deep-rooted hatred, never-ending wars and enduring love.",2010.0,False
top_rated,movie,38288,"“The Shorts” by Aldo, Giovanni and Giacomo",it,Comedy,1996-03-29,1.2372,8.1,360,,"I Corti (""Shorts"") by Aldo, Giovanni & Giacomo was the first stage show of the comedy trio, with the participation of Marina Massironi. It was recorded live at the Teatro Nuovo in Ferrara on 28 and 29 March 1996. Produced by Agidi, with the theatre direction of Arturo Brachetti.",1996.0,False
top_rated,movie,1103621,How to Make Millions Before Grandma Dies,th,Drama,2024-04-04,8.8113,8.099,433,,"M, a university dropout low on money and luck, volunteers to take care of his terminally ill grandmother, in the hope of pocketing an inheritance.",2024.0,False
top_rated,movie,664767,Mortal Kombat Legends: Scorpion's Revenge,en,"Animation, Action, Fantasy",2020-04-12,6.7927,8.099,1516,,"After the vicious slaughter of his family by stone-cold mercenary Sub-Zero, Hanzo Hasashi is exiled to the torturous Netherrealm. There, in exchange for his servitude to the sinister Quan Chi, he’s given a chance to avenge his family – and is resurrected as Scorpion, a lost soul bent on revenge. Back on Earthrealm, Lord Raiden gathers a team of elite warriors – Shaolin monk Liu Kang, Special Forces officer Sonya Blade, and action star Johnny Cage – an unlikely band of heroes with one chance to save humanity. To do this, they must defeat Shang Tsung's horde of Outworld gladiators and reign over the Mortal Kombat tournament.",2020.0,False
top_rated,movie,406997,Wonder,en,"Family, Drama",2017-11-13,14.5258,8.099,8368,,"The story of August Pullman – a boy with facial differences – who enters fifth grade, attending a mainstream elementary school for the first time.",2017.0,False
trending,movie,1384216,The Dog Stars,en,"Science Fiction, Adventure, Thriller",2026-08-26,25.0874,7.3,3,,"After the world's population has been ravaged by a pandemic, a man lives a lonesome existence in a Colorado airplane hangar with his dog and a dour gunman he has befriended. When a mysterious transmission comes through on the radio while he’s flying his old Cessna, it sparks a hunt for the provenance of the sound.",2026.0,True
trending,movie,1204680,Coyote vs. Acme,en,"Comedy, Adventure, Family",2026-08-20,25.4287,7.4,7,,"After Acme products fail him one too many times in his dogged pursuit of the Roadrunner, Wile E. Coyote decides to hire a billboard lawyer to sue the Acme Corporation.",2026.0,True
trending,movie,1240889,Teenage Sex and Death at Camp Miasma,en,"Comedy, Horror, Romance",2026-08-06,26.7716,6.755,47,,"After years of slapdash sequels and waning fandom, the Camp Miasma slasher franchise is handed over to an enthusiastic young director for resurrection. But when she visits the original's star, a now-reclusive actress shrouded in mystery, the two women fall into a blood-soaked world of desire, fear, and delirium.",2026.0,True
trending,movie,1748007,Niu Lai,zh,"Animation, Adventure",2026-08-05,16.5505,4.0,11,,"The naive calf Niu Lai loves exploring the grasslands, but struggles to live up to his family’s expectations as future leader of the herd. With migration fast approaching, Niu Lai finds unlikely allies on his journey to learn the meaning of courage as they prepare for a dangerous trek across the desert.",2026.0,True
trending,movie,1433367,One Night Only,en,"Comedy, Romance",2026-07-28,26.8935,6.9,38,,Two love-starved strangers crash into each other on the one night of the year when single people are allowed to have sex.,2026.0,True
trending,movie,1242332,Normal,en,"Action, Crime, Thriller, Western",2026-04-16,22.3507,7.248,504,,"An unassuming substitute sheriff with a troubled past responds to a bank robbery in a small, sleepy town and unknowingly uncovers something far more explosive.",2026.0,True
trending,movie,1308767,Young Washington,en,"History, War, Drama",2026-07-02,27.5658,7.753,97,,"Before he led a nation, George Washington was a young soldier thrown into a global conflict. With alliances crumbling and war closing in, he must choose who to trust and confront the leader he's becoming.",2026.0,True
trending,movie,1732625,LEGO Disney Princess: Magical Mayhem,en,"Animation, Fantasy, Comedy, Adventure",2026-08-21,32.1588,8.75,4,,"During a heavy rainstorm, the Princess characters and their sidekick friends take in animals in need while enjoying a cozy day in their castle. But when the animals run amok, chaos erupts. Sleuthing reveals a mischievous villain behind it all, and with teamwork, quick thinking, and help from an unexpected friend, the Princess characters must restore order and save their home.",2026.0,True
trending,movie,1170608,Dune: Part Three,en,"Science Fiction, Adventure",2026-12-15,18.6667,0.0,0,,Emperor Paul Atreides faces the fallout from his ascent to power as political plots and a galaxy-wide holy war endanger the future only he can see.,2026.0,True
trending,movie,1302904,Practical Magic 2,en,"Romance, Fantasy, Comedy",2026-09-09,13.2603,0.0,0,,The Owens sisters must confront the dark curse that threatens to unravel their family once and for all.,2026.0,True
trending,movie,1341138,Spa Weekend,en,Comedy,2026-08-20,27.16,7.0,10,,"Four lifelong friends realize that somewhere between careers, relationships, families, and everyday responsibilities, they’ve forgotten how to take care of themselves and each other. Burned out and overdue for a break, the women escape to a luxury spa retreat for an unforgettable weekend dedicated to fun, laughter, and a lot of really bad decisions.",2026.0,True
trending,movie,1688804,Freefall: A Reckoning for Boeing,en,Documentary,2026-08-14,18.0871,6.8,15,,"Following the highly publicized death of Boeing whistleblower John Barnett, the investigation continues into the once-iconic aviation giant, uncovering startling new revelations and insider accounts in the wake of a deepening corporate crisis..",2026.0,True
trending,movie,1281195,Truly Naked,en,"Drama, Romance",2026-04-15,17.6209,7.1,15,,"An introverted teen, who has only ever experienced sex through the lens while working for his father’s pornography business, must step out from behind the camera when a feisty classmate challenges him to embrace a real connection.",2026.0,True
trending,movie,1441228,Irumudi,te,Drama,2026-08-20,11.7948,6.5,6,,An alcoholic with a violent past—living peacefully with his daughter beside a waterfall—decides to take Ayyappa Deeksha (a 41-day spiritual vow and period of intense austerity) at her request.,2026.0,True
trending,movie,1669841,Bleach: Thousand-Year Blood War - The Calamity,ja,"Action, Adventure, Animation",2026-06-25,8.8651,7.5,10,,"The Soul Reapers and Quincies clash in a final battle as Yhwach breaches the Royal Palace. When the Soul King falls, reality begins collapsing. Former enemies unite to storm the transformed palace and face a threat to all existence. A theatrical screening of the first three episodes of the anime featuring an exclusive behind‑the‑scenes conversation with creator Tite Kubo, chief series director Tomohisa Taguchi, and series director Hikaru Murata about the production.",2026.0,True
trending,movie,1589248,"My Best Friend, His Girlfriend and Me",de,Comedy,2026-08-14,31.2507,5.761,23,,"Olli and Matze are best friends living, working and planning to travel the world together — until Matze's romance with Rebecca turns it all upside down.",2026.0,True
trending,movie,1588838,To the Max,es,"Drama, Adventure",2026-02-06,15.4551,5.871,36,,A group of friends bonded by their love for extreme sports discovers BASE jumping in wingsuits — but feeling like flying carries the highest risks.,2026.0,True
trending,movie,1741201,Chompoo: Lost​ &​ Forgotten​,th,Documentary,2026-08-20,9.7495,6.3,3,,"When a young girl vanishes from a remote village, the frantic police hunt become a media frenzy. But who turned a suspected criminal into a celebrity?",2026.0,True
trending,movie,1423191,Resident Evil,en,"Horror, Science Fiction",2026-09-16,14.1265,0.0,0,,"Bryan, a medical courier, unwittingly finds himself fighting for survival as one fateful, horrifying night collapses around him in chaos.",2026.0,True
trending,movie,1321008,Black Box,en,"Horror, Thriller",2026-06-25,30.7862,6.191,68,,"A routine domestic flight turns into the flight from hell through a series of inexplicable phenomena and raw terror. Surreal encounters blur the boundaries between reality and nightmare. Passengers fight against all the odds in an attempt to survive while combating bizarre technological malfunctions, accelerating supernatural events and alien influences.",2026.0,True
trending,movie,1430077,Hokum,en,Horror,2026-04-29,26.8682,6.911,773,,"When novelist Ohm Bauman retreats to a remote inn to scatter his parents' ashes, he is consumed by tales of a witch haunting the honeymoon suite. Disturbing visions and a shocking disappearance forces him to confront dark corners of his past.",2026.0,True
trending,movie,1400940,Clayface,en,"Horror, Thriller, Science Fiction",2026-10-21,8.0163,0.0,0,,"Follow the terrifying descent into hell of a promising Hollywood actor who has become a monster driven by revenge, exploring the loss of identity and humanity, the ravages of toxic love and the dark side of scientific ambition.",2026.0,True
trending,movie,1368314,Passenger,en,"Horror, Thriller",2026-05-20,31.8237,7.299,785,,"After a young couple witnesses a gruesome highway accident, they soon realize they did not leave the crash scene alone, as a demonic presence called the Passenger that won't stop until it claims them both turns their van life adventure into a nightmare.",2026.0,True
trending,movie,1169537,Batwara 1947,hi,"Action, Drama, War",2026-08-13,9.8349,6.0,1,,"The story of an elderly Hindu woman who refuses to leave her ancestral home in Lahore, only to have a Muslim refugee family from Lucknow allotted to her house following the events of the 1947 Partition of India and Pakistan.",2026.0,True
trending,movie,791523,Wildwood,en,"Animation, Adventure, Fantasy",2026-10-22,8.6647,0.0,0,,"Prue and her classmate Curtis are drawn into a magical forest filled with enchanted creatures, loyal allies, and formidable adversaries as they embark on a desperate quest to rescue Prue’s abducted baby brother from a murder of crows led by a mysterious woman named Alexandra.",2026.0,True
trending,movie,1480387,undertone,en,"Horror, Mystery",2026-03-12,19.9919,6.042,592,,The host of a popular paranormal podcast becomes haunted by terrifying recordings mysteriously sent her way.,2026.0,True
trending,movie,1477712,Ice Cream Man,en,Horror,2026-08-03,20.2983,4.9,44,,An idyllic summer town descends into madness when an ice cream man serves kids sweet delights with horrifying results.,2026.0,True
trending,movie,1101412,Fall 2: Deadpoint,en,Thriller,2026-08-07,31.5931,0.0,0,,"On a perilous climb across Thailand's Mount Kwan, two climbers become trapped thousands of feet above the ground, where vertigo-inducing heights, sheer exposure, and impossible odds turn every moment into a fight for survival.",2026.0,True
trending,movie,1444466,Awarapan 2,hi,"Action, Drama, Romance",2026-08-14,20.228,0.0,0,,"Shivam returns to the crime world, where his path forward demands redemption, love, and sacrifice. As relationships deepen and conflicts intensify, every choice tests his resolve and shapes his destiny.",2026.0,True
trending,movie,1318413,Pressure,en,"Thriller, History, War",2026-05-25,18.2823,7.8,313,,"In the tense 72 hours before D-Day, and the fate of the free world hanging in the balance, General Dwight D. Eisenhower and Captain James Stagg face an impossible choice—launch the largest and most dangerous seaborne invasion in history or risk losing the war altogether.",2026.0,True
trending,movie,1375441,Primetime,en,"Crime, Drama, Thriller",2026-09-11,6.1468,0.0,0,,"In 2006, To Catch a Predator host Chris Hansen sets out to make television history.",2026.0,True
trending,movie,1632473,"This, That, and Everything in Between",tl,"Drama, Family",2026-08-13,19.4125,7.2,2,,"A TV writer returns home to her estranged mother, igniting chaos as they navigate painful secrets and the  complexities of their dysfunctional family.",2026.0,True
trending,movie,860508,The Whisper Man,en,"Crime, Drama, Thriller",2026-08-28,7.0604,0.0,0,,"When his young son vanishes, a widower enlists help from his estranged father, a retired detective who put away the serial killer now linked to the case.",2026.0,True
trending,movie,1159559,Scream 7,en,"Horror, Mystery, Crime",2026-02-25,26.3514,6.238,1235,,"When a new Ghostface killer emerges in the quiet town where Sidney Prescott has built a new life, her darkest fears are realized as her daughter becomes the next target. Determined to protect her family, Sidney must face the horrors of her past to put an end to the bloodshed once and for all.",2026.0,True
trending,movie,1422011,It Ends,en,"Horror, Mystery",2026-08-21,12.5271,4.7,16,,"A group of recent grads head out on a late night drive for grub, hoping to enjoy one final hangout before their paths diverge. Instead, they accidentally turn onto a never-ending, two-lane hellscape surrounded by untold horrors and cosmic forces beyond their understanding. Cramped together inside a Jeep Cherokee and with the miles stretching infinitely ahead, they face a choice: embrace their new existence or fight to escape it.",2026.0,True
trending,movie,910850,MOBILE SUIT GUNDAM HATHAWAY The Sorcery of Nymph Circe,ja,"Animation, Science Fiction, War, Drama",2026-01-30,9.0219,7.4,10,,"Haunted by past trauma, Hathaway Noa is drawn to a mysterious girl named Gigi Andalucia, whose strange powers stir memories within him. While swayed by her cryptic words, he continues preparing for Mafty's mission -- the attack on the Adelaide Conference. Meanwhile, Kenneth Sleg of the Earth Federation Forces prepares a defense operation for the Adelaide Conference and a plan to eliminate Mafty and is approached by Handley Yoxon of the Criminal Police Organization with a secret proposal. As Hathaway and Kenneth pursue their respective goals, Gigi also sets off for Hong Kong to fulfill her own role.",2026.0,True
trending,movie,1233413,Sinners,en,"Horror, Action, Thriller",2025-04-16,32.6468,7.507,5055,,"Trying to leave their troubled lives behind, twin brothers return to their hometown to start again, only to discover that an even greater evil is waiting to welcome them back.",2025.0,True
trending,movie,1248832,Digger,en,Comedy,2026-09-30,10.1067,0.0,0,,The most powerful man in the world embarks on a frantic mission to prove he is humanity's savior before the disaster he's unleashed destroys everything.,2026.0,True
trending,movie,1599668,Landship,en,War,2026-06-26,7.1148,4.0,1,,"The Battle of Passchendaele, 1917. For three years the great war has been waging, and the two armies find themselves entrenched along the four-hundred-mile Western Front. At the start of a pivotal allied offensive to break the stalemate, the nine-man crew of a British MKIV Tank set out to destroy a series of heavily defended German bunkers.",2026.0,True
trending,movie,1317288,Marty Supreme,en,"Drama, Thriller",2025-12-19,21.4698,7.365,2104,,"Marty Mauser, a young man with a dream no one respects, goes to hell and back in pursuit of greatness.",2025.0,True
trending,movie,1339175,The Birthday Party,en,Drama,2026-04-17,7.3488,5.313,8,,"The late 1970s, somewhere in the Mediterranean: Marcos Timoleon, a tycoon, is throwing a lavish, extravagant birthday party for Sofia on his exclusive private island. The party is a perfect excuse for various people in his life to approach him with their own agendas.",2026.0,True
trending,movie,1169516,Welcome To The Jungle,hi,"Action, Comedy, Adventure",2026-06-25,16.8746,4.964,28,,"A group of quirky characters gets stuck in a dangerous jungle during a chaotic mission. Filled with confusion, criminals, and hilarious situations, they must work together to survive and find their way out.",2026.0,True
trending,movie,1401459,Fjord,no,"Family, Drama",2026-06-13,7.2112,6.896,24,,"Following the deaths of Mihai's parents, Mihai and Lisbeth Gheorghiu leave their life behind in Romania and move with their children to a remote village in Norway, hoping to rebuild their lives near Lisbeth's family. There, they grow close to their neighbors, the Halbergs, whose warmth gives them hope for a fresh start. But the fragile peace begins to unravel when the Gheorghiu family’s young daughter, Elia, arrives at school covered in bruises.",2026.0,True
trending,movie,1418709,Bagarre,fr,Comedy,2026-04-15,11.7469,5.239,23,,"Naïm is a sweetheart in everyday life but a beast when it comes to fighting. To afford treatment for his aging dog, he's forced to join ""Hello Brawl"", a service of street fighters resolving conflicts with punches.",2026.0,True
trending,movie,1255833,Whalefall,en,Thriller,2026-10-14,6.7835,0.0,0,,"Following the death of his father, Jay Gardiner goes diving off the central Coast of California in search of his remains, but is swallowed by a massive sperm whale. While trapped inside its belly with only one hour of oxygen left, Jay comes to realize that the hard-earned lessons his father imparted may be the key to his escape.",2026.0,True
trending,movie,1102883,Mother Mary,en,"Music, Drama, Thriller",2026-04-16,16.9911,5.701,157,,Long-buried wounds rise to the surface when iconic pop star Mother Mary reunites with her estranged best friend and former costume designer Sam Anselm on the eve of her comeback performance.,2026.0,True
trending,movie,1361969,All Night Wrong,en,"Comedy, Crime, Thriller",2026-08-14,3.9993,6.9,4,,"Gary and Ell (a married man with an inferiority complex, and a grieving young widow) meet on a blind date only to wind up stealing a killer's car along with a dead body and $40,000.",2026.0,True
trending,movie,1515615,Kissing Is the Easy Part,en,"Romance, Comedy",2026-02-13,14.5724,7.234,62,,Sean's gunning for MIT. Flora's ditching the SAT. A secret deal with her tenured parents sparks a romance that challenges everything they believe in.,2026.0,True
trending,movie,1700944,"Love, Ngo",tl,Comedy,2026-06-03,8.2841,9.5,2,,"“Love, Ngo” follows Ngongo, a hardworking young man who volunteers at a cleft lip and palate foundation while helping at his mother’s burger stand. The film explores his struggles with love, family and self-acceptance after falling for a woman whose family disapproves of his condition and social status.",2026.0,True
trending,movie,1266800,The Desert Child,fr,"Adventure, Family",2026-04-08,7.5854,7.7,23,,"14-year-old Sun has written and successfully published a story based on an incredible story told by her late grandfather about a wild child called Hadara, who is saved by a group of ostriches when he becomes separated from his family in a storm, and is then raised in the desert amid a host of wild animals, including his best friend, a desert fox. When Sun is invited to travel to the Sahara by a local community who has heard about her book, she meets Kharouba, a Nomad girl of her own age, and realizes there may be much more to Hadara than just a character in a bedtime story.",2026.0,True
trending,movie,1392469,Cocktail 2,hi,"Romance, Comedy",2026-06-19,12.0422,5.821,28,,A vacation in Sicily forces longtime partners Diya and Kunal to question their love and commitment after they reunite with Diya's old friend Ally.,2026.0,True
trending,movie,1679730,THE RIBBON HERO,ja,"Animation, Fantasy, Drama, Action",2026-08-07,17.6973,6.906,16,,"When the monstrous Nergal devastates her kingdom, Princess Sapphire reawakens as the Ribbon Hero and fights to save her new home from the same dark fate.",2026.0,True
trending,movie,1283515,Verity,en,"Mystery, Thriller",2026-09-30,9.0582,0.0,0,,"Lowen Ashleigh gets hired by Jeremy Crawford to ghostwrite novels for his bestselling author wife Verity, who's unable to finish after an accident. Lowen uncovers Verity's disturbing truths while residing at the Crawfords' home to work.",2026.0,True
trending,movie,1198994,Send Help,en,"Horror, Thriller, Comedy",2026-01-22,27.1352,7.04,2202,,"Two colleagues become stranded on a deserted island, the only survivors of a plane crash. On the island, they must overcome past grievances and work together to survive, but ultimately, it's a battle of wills and wits to make it out alive.",2026.0,True
trending,movie,1193501,Whistle,en,"Horror, Mystery",2026-01-20,18.5183,6.324,664,,"When a misfit group of unwitting high school students stumbles upon a cursed Aztec Death Whistle, they discover that blowing it unleashes a terrifying sound that summons their future deaths to hunt them down.",2026.0,True
trending,movie,1476682,Gail Daughtry and the Celebrity Sex Pass,en,Comedy,2026-07-09,9.8157,6.609,23,,"Small-town Kansas hairdresser Gail Daughtry's fiancé uses his 'celebrity sex pass' on Jennifer Aniston, prompting Gail to travel to LA with her friend Otto to find her own pass, Jon Hamm, to even the score.",2026.0,True
trending,movie,858024,Hamnet,en,"Drama, Romance",2025-11-26,15.6436,7.7,1548,,"The powerful story of love and loss that inspired the creation of Shakespeare's timeless masterpiece, Hamlet.",2025.0,True
trending,movie,1266127,Ready or Not: Here I Come,en,"Horror, Comedy",2026-03-19,31.8115,7.572,1528,,"Moments after surviving an all-out attack from the Le Domas family, Grace discovers she’s reached the next level of the nightmarish game — and this time with her estranged sister Faith at her side. Grace has one chance to survive, keep her sister alive, and claim the High Seat of the Council that controls the world. Four rival families are hunting her for the throne, and whoever wins rules it all.",2026.0,True
trending,movie,1145899,Marsupilami,fr,"Adventure, Comedy",2026-02-04,12.5084,6.367,154,,"David is tasked to deliver a mysterious package from South America, only to find out he is carrying a baby Marsupilami!",2026.0,True
trending,movie,1382832,Hungry,en,"Thriller, Horror",2026-06-03,27.1636,7.184,236,,A group of holidaymakers must fight for their lives against a rampaging hippo on the loose after becoming lost in the Louisiana swamplands.,2026.0,True
trending,movie,541671,Ballerina,en,"Action, Thriller, Crime",2025-06-04,27.3969,7.271,2906,,"Taking place during the events of John Wick: Chapter 3 – Parabellum, Eve Macarro begins her training in the assassin traditions of the Ruska Roma.",2025.0,True
trending,movie,1153576,Street Fighter,en,"Action, Fantasy",2026-10-14,6.8777,0.0,0,,"In 1993, estranged Street Fighters Ryu and Ken Masters are thrown back into combat when the mysterious Chun-Li recruits them for the next World Warrior Tournament: a brutal clash of fists, fate, and fury. But behind this battle royale lies a deadly conspiracy that forces them to face off against each other and the demons of their past. And if they don't, it's GAME OVER!",2026.0,True
trending,movie,1288059,I Want Your Sex,en,Comedy,2026-07-29,14.9741,6.056,18,,"When fresh-faced Elliot lands an exciting job for renowned artist, icon and provocateur Erika Tracy, his fantasies come true as Erika taps him to become her sexual muse. But Elliot soon finds himself out of his depth as Erika takes him on a journey more profound than he ever could have imagined, into a world of sex, obsession, power, betrayal and murder.",2026.0,True
trending,movie,1397485,Girls Like Girls,en,"Romance, Drama",2026-06-18,16.3249,6.939,33,,"After her mother's passing, 17-year-old Coley navigates new feelings of intimacy with Sonya in rural Oregon, where both girls must overcome their mutual uncertainties and self-doubt to embrace their connection.",2026.0,True
trending,movie,87513,Motor City,en,"Action, Thriller, Crime",2026-07-23,12.3244,6.3,17,,"In 1970s Detroit, John Miller falls for a local gangster's girl and lands in prison for a crime he didn't commit. With his life ruined, Miller plots revenge against the man who took his girl away.",2026.0,True
trending,movie,1124142,The Rivals of Amziah King,en,"Crime, Drama, Thriller",2026-08-13,12.7354,7.3,20,,"Deep within the backwoods of rural Oklahoma, charismatic and musically gifted Amziah King herds a bluegrass-playing band of misfits while overseeing the premier honey-making operation in town. When Amziah’s estranged foster daughter unexpectedly returns, Amziah leaps at the possibility to renew connection and create a family business. But the honey game is ruthless, and Amziah’s rivals threaten to destroy everything he has built.",2026.0,True
trending,movie,1119449,"Good Luck, Have Fun, Don't Die",en,"Science Fiction, Action, Comedy",2026-02-13,20.2724,7.067,883,,A 'Man from the Future' arrives at an LA diner where he must recruit the precise combination of disgruntled patrons to join him on a one-night quest to save the world from the terminal threat of a rogue artificial intelligence.,2026.0,True
trending,movie,1128204,Feed,en,Horror,2026-08-06,5.8736,4.2,4,,Five social media influencers spend a weekend at a forest retreat but inadvertently awaken and confront the world's first vampire.,2026.0,True
trending,movie,1381027,Good Boy,en,"Thriller, Drama, Mystery",2026-03-05,20.731,7.274,243,,"Tommy, a volatile 19-year-old, revels in drugs, parties and violence. After getting separated from his friends on a drunken bender, he is abducted by a shadowy figure. He wakes to find himself imprisoned in the basement of a remote Yorkshire house, inhabited by a very strange family. But what unfolds is not what he could possibly expect.",2026.0,True
trending,movie,1465063,Forgotten Island,en,"Adventure, Animation, Comedy, Family, Fantasy",2026-09-16,14.9555,0.0,0,,"While celebrating their last night together, high school graduates and best friends Jo and Raissa stumble upon a mysterious portal that transports them to the fantastical island of Nakali. When they discover that the memories of their entire friendship are the price for returning home, Jo and Raissa will race to find a way to leave the island before they forget each other forever.",2026.0,True
trending,movie,1284046,Onslaught,en,"Action, Horror, Thriller",2026-09-02,6.0998,0.0,0,,"When a rogue squad of genetically engineered super soldiers break loose in the desert, a badass Army sniper must unleash hell to protect her young daughter.",2026.0,True
trending,movie,1058424,Hope,ko,"Science Fiction, Mystery, Action",2026-07-15,19.6946,8.2,23,,"In the remote South Korean village of Hope Harbor, police chief Bum-seok and officer Sung-ae are called to investigate a mysterious creature wreaking havoc on the community. But all is not as it seems, and perceptions can be misleading. What begins as ignorance plants the seed of disaster, escalating through human conflict into a tragedy of cosmic proportions.",2026.0,True
trending,movie,1341137,A Great Awakening,en,"Drama, History",2026-04-03,10.2194,7.3,20,,One of the most defining moments in American history is the story of an unlikely friendship between the Reverend George Whitefield and Benjamin Franklin.,2026.0,True
trending,movie,425274,Now You See Me: Now You Don't,en,"Crime, Thriller",2025-11-12,28.0548,6.46,1767,,"The original Four Horsemen reunite with a new generation of illusionists to take on powerful diamond heiress Veronika Vanderberg, who leads a criminal empire built on money laundering and trafficking. The new and old magicians must overcome their differences to work together on their most ambitious heist yet.",2025.0,True
trending,movie,1408170,Lenin,te,"Action, Drama, Romance",2026-07-10,27.3356,6.4,5,,"In a village trapped by generations of bloodshed, a determined young man dares to challenge the traditions fueling an endless cycle of violence.",2026.0,True
trending,movie,192139,The Brink of War,en,"Drama, History, Thriller, War",2026-08-14,12.6359,8.0,7,,"President Ronald Reagan races against time to salvage a deal with Soviet leader Mikhail Gorbachev that could dismantle nuclear arsenals—or ignite disaster. With pressure mounting on all sides, every word spoken brings the world closer to peace... or destruction.",2026.0,True
trending,movie,1316092,"""Wuthering Heights""",en,"Romance, Drama",2026-02-11,26.1864,6.65,1287,,"Tragedy strikes when Heathcliff falls in love with Catherine Earnshaw, a woman from a wealthy family in 18th-century England.",2026.0,True
trending,movie,1380316,Is God Is,en,"Drama, Thriller",2026-05-14,10.9679,5.8,111,,"Two sisters embark on an epic quest for revenge, confronting a charged family history that pushes them to extraordinary lengths.",2026.0,True
trending,movie,1213243,Toxic: A Fairy Tale for Grown-ups,kn,"Action, Crime, Drama",2026-08-26,13.8111,0.0,0,,"A powerful drug cartel pulls the strings behind a facade of sun-soaked beaches as a gritty, violent underworld power struggle emerges during the crumbling of Portuguese colonial rule.",2026.0,True
trending,movie,1315843,Daddy's in Trouble,pt,Comedy,2026-04-23,8.927,7.265,17,,"Roberta is tired of taking care of the house and the kids all by herself, so she decides to take a vacation, leaving her husband to look after the children. The result is that the house is turned upside down as Fred tries to balance family demands with his work responsibilities. Amid laughter and chaos, the film shows how a family can overcome challenges when they stick together.",2026.0,True
trending,movie,1263532,Beast Race,pt,"Action, Science Fiction, Thriller",2026-03-17,29.7569,6.809,97,,"In future Rio de Janeiro, a young leader of the resistance must enter a deadly parkour-inspired competition in order to save his sister's life.",2026.0,True
trending,movie,1626188,Novak Djokovic: The Wolf in Winter,en,Documentary,2026-08-20,7.4126,10.0,2,,"He's conquered every title in tennis, including an Olympic gold. So why is Novak Djokovic still playing? The Wolf in Winter embeds with the greatest tennis player of all time as he returned to the Australian Open in 2025, capturing the obsession, the preparation, and the fire that won't go out even when there's nothing left to prove.",2026.0,True
trending,movie,1408208,Exit 8,ja,"Horror, Mystery, Thriller",2025-08-03,18.9116,7.012,734,,"A man trapped in an endless sterile subway passageway sets out to find Exit 8. The rules of his quest are simple: do not overlook anything out of the ordinary. If you discover an anomaly, turn back immediately. If you don’t, carry on. Then leave from Exit 8. But even a single oversight will send him back to the beginning. Will he ever reach his goal and escape this infinite corridor?",2025.0,True
trending,movie,1339588,Finding Emily,en,"Romance, Comedy",2026-05-21,7.2282,6.9,35,,"When a lovesick musician is given the wrong number for his dream girl, he teams up with a driven psychology student to find her. Together, they spark a hilarious campus-wide frenzy that tests their own hearts and ambitions along the way.",2026.0,True
trending,movie,1000990,Mrs.,fr,Drama,2026-04-08,2.6821,6.2,9,,"Marianne, the wife of a wealthy industrialist from Lorraine, envied and admired, a model wife and devoted mother, is about to turn 40, and the comfort of the vast family home has slowly closed its merciless trap around her. So, when the shadow of her past resurfaces, a breach opens. Would another life be possible? And at what price?",2026.0,True
trending,movie,1567937,V,cn,"Drama, Crime",2026-08-19,7.1588,6.5,2,,"An ambitious young man, Geng Jie, ventures to Xicheng, achieves success through daring enterprise, but finds himself entangled in a difficult struggle for survival and drawn into a dangerous vortex after meeting a flight attendant and pursuing a stable life.",2026.0,True
trending,movie,1469342,Her Private Hell,en,"Science Fiction, Horror, Thriller",2026-07-23,30.331,5.1,48,,"When a mysterious mist engulfs a futuristic metropolis, unleashing a deadly and elusive entity, a troubled young woman searches for her father. Her quest collides with an American GI on a harrowing odyssey to rescue his daughter from Hell.",2026.0,True
trending,movie,1725038,Aussie at Heart,en,"Romance, TV Movie",2026-08-15,3.1511,7.5,2,,"Samara, a former lawyer now event planner, reunites with Nate, her ex‑coworker and rival, to plan a couple's anniversary in Queensland and begin to confront their past and fall for each other.",2026.0,True
trending,movie,426063,Nosferatu,en,"Horror, Fantasy",2024-12-25,19.2704,6.715,3898,,"A gothic tale of obsession between a haunted young woman and the terrifying vampire infatuated with her, causing untold horror in its wake.",2024.0,False
trending,movie,1432306,Sleepwalker,en,"Thriller, Horror",2026-01-09,6.6754,4.75,10,,"A grieving mother is haunted by the tragic loss of her daughter in a car accident that left her abusive husband in a coma. As she battles a surreal descent into darkness, her sleepwalking episodes intensify. Plagued by haunting visions of her husband inside their home, she grapples with the blurred lines between reality and nightmare.",2026.0,True
trending,movie,1285959,The Passenger,en,Thriller,2026-06-05,9.129,5.3,26,,"Hassan, a Somali-American airport shuttle driver in Minneapolis, is struggling to make ends meet. When Lloyd, a stranded twenty-something at the airport, offers to pay Hassan to take him overland to Chicago, it seems worth the risk. But as the realization grows that his passenger is not what he seems, Hassan finds himself trapped in a terrifying ride that he can’t escape, knowing that saving himself might put countless others in danger.",2026.0,True
trending,movie,933260,The Substance,en,"Horror, Science Fiction",2024-09-07,30.8701,7.131,6357,,"A fading celebrity decides to use a black market drug, a cell-replicating substance that temporarily creates a younger, better version of herself.",2024.0,False
trending,movie,1171145,Crime 101,en,"Crime, Thriller",2026-02-11,31.7199,7.004,1300,,"When an elusive thief whose high-stakes heists unfold along the iconic 101 freeway in Los Angeles eyes the score of a lifetime, with hopes of this being his final job, his path collides with a disillusioned insurance broker who is facing her own crossroads. Determined to crack the case, a relentless detective closes in on the operation, raising the stakes even higher.",2026.0,True
trending,movie,1241436,Warfare,en,"War, Action",2025-04-09,15.3299,7.071,1578,,"A platoon of Navy SEALs embarks on a dangerous mission in Ramadi, Iraq, with the chaos and brotherhood of war retold through their memories of the event.",2025.0,True
trending,movie,1680072,The Narcissist's Playbook,en,Documentary,2026-05-03,3.8894,7.0,1,,"Five-country documentary with four self-aware malignant narcissists exposing their manipulation methods, victim accounts, and expert analysis of narcissistic abuse patterns to help viewers identify and defend against such behavior.",2026.0,True
trending,movie,1087192,How to Train Your Dragon,en,"Fantasy, Family, Action, Adventure",2025-06-06,30.4631,7.9,3058,,"On the rugged isle of Berk, where Vikings and dragons have been bitter enemies for generations, Hiccup stands apart, defying centuries of tradition when he befriends Toothless, a feared Night Fury dragon. Their unlikely bond reveals the true nature of dragons, challenging the very foundations of Viking society.",2025.0,True
trending,movie,1736062,Disney Worldbuilders,en,Documentary,2026-08-16,5.6841,0.0,0,,"We sit down with some of the key figures shaping Disney’s most enduring stories for a series of intimate conversations about their early years, first sparks, and formative Disney memories — and how the worlds they once dreamed up are now taking shape at Disney destinations around the globe.",2026.0,True
trending,movie,1236153,Mercy,en,"Science Fiction, Action, Thriller",2026-01-19,20.1406,7.084,1616,,"In the near future, a detective stands on trial accused of murdering his wife. He has ninety minutes to prove his innocence to the advanced AI Judge he once championed, before it determines his fate.",2026.0,True
trending,movie,1633056,All Wishes Come True!,zh,"Comedy, Animation, Fantasy, Adventure",2026-07-10,6.0118,7.947,19,,"Eight grassroot mortals use their street smarts and hilarious schemes to defy powerful gods, earning their title as the Eight Immortals.",2026.0,True
trending,movie,1647153,MYSTERY ARENA,ja,Mystery,2026-05-22,3.967,6.0,4,,"Six contestants compete in a high-stakes live TV quiz show to solve a complex ""closed-circle"" murder mystery for a 10 billion yen jackpot.",2026.0,True
trending,movie,1409853,Neglected,en,"Action, Thriller, TV Movie",2026-05-08,6.5141,6.4,9,,Detective Shaw is about to retire when he finds out on his last day of work that a serial killer has buried his son alive. He then races against the clock to solve three murders and find his son’s location before he runs out of air.,2026.0,True
trending,movie,1241982,Moana 2,en,"Adventure, Animation, Comedy, Family, Fantasy",2024-11-21,29.3699,6.993,3235,,"After receiving an unexpected call from her wayfinding ancestors, Moana journeys alongside Maui and a new crew to the far seas of Oceania and into dangerous, long-lost waters for an adventure unlike anything she's ever faced.",2024.0,False
trending,movie,1284016,Power Ballad,en,"Comedy, Music, Drama",2026-05-18,9.4737,7.088,91,,"When Rick, a past-his-prime wedding singer, meets fading boy-band star Danny during a gig, the two bond over music and a late-night jam session. But when Danny turns one of Rick’s songs into the hit that reignites his career, Rick sets out to reclaim the recognition he believes he deserves - even if it means risking everything he cares about.",2026.0,True
trending,movie,1242265,Fuze,en,"Action, Crime, Drama, Thriller",2026-03-23,14.3295,7.223,325,,An unexploded WWII bomb is discovered on a busy construction site in the centre of London. Chaos ensues as the military and police begin a mass evacuation against a ticking clock.,2026.0,True
trending,movie,1447853,Oasis: Don't Look Back in Anger,en,"Documentary, Music",2026-09-10,5.2021,0.0,0,,"Experience the meteoric rise of Oasis through rare footage and untold stories as the band reunites for Oasis Live '25, chronicling their journey from Manchester streets to global rock stardom.",2026.0,True
trending,movie,1292695,They Will Kill You,en,"Action, Comedy, Horror, Thriller",2026-03-25,24.4929,6.946,1069,,"A woman answers a help wanted ad to be a housekeeper in a mysterious New York City high-rise, unaware that she is entering a community that has seen a number of disappearances over the years and may be under the grip of a Satanic cult.",2026.0,True
trending,movie,1124566,Sentimental Value,no,"Drama, Comedy",2025-08-20,11.8194,7.5,1048,,"Sisters Nora and Agnes reunite with their estranged father, the charismatic Gustav, a once-renowned director who offers stage actress Nora a role in what he hopes will be his comeback film. When Nora turns it down, she soon discovers he has given her part to an eager young Hollywood star.",2025.0,True
trending,movie,1244523,Beware Boiúna,en,"Action, Horror, Thriller",2026-10-01,6.9852,0.0,0,,"Deep in the Amazon, a medical mission spirals into a fight for survival when Boiúna, a colossal ancient predator, awakens to reclaim her domain. In the jungle where nature holds absolute power, she decides who lives and who dies.",2026.0,True
trending,movie,1384758,Ice Age: Boiling Point,en,"Adventure, Animation, Comedy, Family",2027-02-03,13.8151,0.0,0,,"This dinosaur-and-lava-filled madcap adventure takes Manny, Sid, Diego, Ellie, Buck, acorn-obsessed Scrat – this time joined by Baby Scrat and the enormous Jurassic Scrat – and the rest of the herd to visit never before-seen corners of the treacherous Lost World.",2027.0,True
trending,movie,1506560,Clash of the Thundermans,en,Science Fiction,2026-09-03,2.901,0.0,0,,"When Chloe develops a destructive new superpower, the Hero League orders her to an elite boarding school for superheroes to learn control of her abilities. Faced with the prospect of sending Chloe away for years, the Thundermans split apart, with Phoebe, Barb and Billy taking her into hiding. Max, Hank, and Nora track their rogue family members, until the two factions face off against each other in a full-on battle for the Thundermans’ future.",2026.0,True
trending,movie,1038392,The Conjuring: Last Rites,en,Horror,2025-09-03,26.3478,6.9,2071,,Paranormal investigators Ed and Lorraine Warren take on one last terrifying case involving mysterious entities they must confront.,2025.0,True
trending,movie,1202033,Enola Holmes 3,en,"Adventure, Crime, Mystery",2026-06-30,21.5078,6.795,629,,"Adventure follows detective Enola Holmes to Malta, where her plans to tie the knot unravel when Sherlock's disappearance plunges her into a perilous case.",2026.0,True
popular,tv,108978,Reacher,en,"Action & Adventure, Crime",2022-02-03,662.9716,8.086,3118,US,"Jack Reacher, a veteran military police investigator, has just recently entered civilian life. Reacher is a drifter, carrying no phone and the barest of essentials as he travels the country and explores the nation he once served.",2022.0,False
popular,tv,5920,The Mentalist,en,"Crime, Drama, Mystery",2008-09-23,408.4899,8.4,4602,US,"Patrick Jane, a former celebrity psychic medium, uses his razor sharp skills of observation and expertise at ""reading"" people to solve serious crimes with the California Bureau of Investigation.",2008.0,False
popular,tv,125988,Silo,en,"Sci-Fi & Fantasy, Drama",2023-05-04,301.0535,8.193,2486,US,"In a ruined and toxic future, thousands live in a giant silo deep underground. After its sheriff breaks a cardinal rule and residents die mysteriously, engineer Juliette starts to uncover shocking secrets and the truth about the silo.",2023.0,False
popular,tv,51025,Paradise Hotel,da,Reality,2005-09-14,315.8877,5.6,10,DK,"Danish version of the reality series ""Paradise Hotel"".",2005.0,False
popular,tv,113962,Lioness,en,"Drama, War & Politics",2023-07-23,368.7606,8.1,1395,US,"Cruz Manuelos, a rough-around-the-edges but passionate young Marine, is recruited to join the CIA's Lioness Engagement Team to help bring down a terrorist organization from within. Joe, the station chief of the Lioness program, is tasked with training, managing and leading her female undercover operatives.",2023.0,False
popular,tv,95350,Lanterns,en,"Drama, Mystery, Sci-Fi & Fantasy",2026-08-16,280.1615,8.178,146,US,"Two intergalactic cops, new recruit John Stewart and Lantern legend Hal Jordan, are drawn into a dark, Earth-based mystery as they investigate a murder in the American heartland.",2026.0,True
popular,tv,67707,Paradise Hotel,sv,Reality,2005-01-17,270.82,5.0,4,SE,"A group of hot singles check into a luxury hotel in Mexico. Prepare for love, partying, betrayal and tears. Half a million kronor is at stake and anything can happen in paradise.",2005.0,False
popular,tv,37528,Gran hermano,es,Reality,2001-03-10,247.1459,4.5,4,AR,Argentina's version of the Big Brother franchise.,2001.0,False
popular,tv,2734,Law & Order: Special Victims Unit,en,"Crime, Drama, Mystery",1999-09-20,290.8261,7.96,4316,US,"In the criminal justice system, sexually-based offenses are considered especially heinous. In New York City, the dedicated detectives who investigate these vicious felonies are members of an elite squad known as the Special Victims Unit. These are their stories.",1999.0,False
popular,tv,94722,Tagesschau,de,News,1952-12-26,379.6013,6.768,256,DE,"German daily news program, the oldest still existing program on German television.",1952.0,False
popular,tv,94997,House of the Dragon,en,"Sci-Fi & Fantasy, Drama, Action & Adventure",2022-08-21,236.5301,8.385,7023,US,"The Targaryen dynasty is at the absolute apex of its power, with more than 15 dragons under their yoke. Most empires crumble from such heights. In the case of the Targaryens, their slow fall begins when King Viserys breaks with a century of tradition by naming his daughter Rhaenyra heir to the Iron Throne. But when Viserys later fathers a son, the court is shocked when Rhaenyra retains her status as his heir, and seeds of division sow friction across the realm.",2022.0,False
popular,tv,1416,Grey's Anatomy,en,Drama,2005-03-27,251.7009,8.2,11021,US,Follows the personal and professional lives of a group of doctors at Seattle's Grey Sloan Memorial Hospital.,2005.0,False
popular,tv,79744,The Rookie,en,"Crime, Drama, Comedy",2018-10-16,254.8877,8.543,3481,US,"Starting over isn't easy, especially for small-town guy John Nolan who, after a life-altering incident, is pursuing his dream of being an LAPD officer. As the force's oldest rookie, he's met with skepticism from some higher-ups who see him as just a walking midlife crisis.",2018.0,False
popular,tv,456,The Simpsons,en,"Animation, Comedy",1989-12-17,262.7853,8.021,10952,US,"Set in Springfield, the average American town, the show focuses on the antics and everyday adventures of the Simpson family; Homer, Marge, Bart, Lisa and Maggie, as well as a virtual cast of thousands. Since the beginning, the series has been a pop culture icon, attracting hundreds of celebrities to guest star. The show has also made name for itself in its fearless satirical take on politics, media and American life in general.",1989.0,False
popular,tv,1434,Family Guy,en,"Animation, Comedy",1999-01-31,306.2575,7.411,5078,US,"Sick, twisted, politically incorrect and Freakin' Sweet animated series featuring the adventures of the dysfunctional Griffin family. Bumbling Peter and long-suffering Lois have three kids. Stewie (a brilliant but sadistic baby bent on killing his mother and taking over the world), Meg (the oldest, and is the most unpopular girl in town) and Chris (the middle kid, he's not very bright but has a passion for movies). The final member of the family is Brian - a talking dog and much more than a pet, he keeps Stewie in check whilst sipping Martinis and sorting through his own life issues.",1999.0,False
popular,tv,100757,Outer Banks,en,"Action & Adventure, Mystery",2020-04-15,297.1122,8.243,1241,US,"On a North Carolina island of haves and have-nots, John B and his tight-knit crew of friends find mystery and adventure while hunting for lost treasure.",2020.0,False
popular,tv,4614,NCIS,en,"Crime, Drama, Action & Adventure",2003-09-23,233.4631,7.61,2551,US,"From murder and espionage to terrorism and stolen submarines, a team of special agents investigates any crime that has any connection to Navy and Marine Corps personnel, regardless of rank or position.",2003.0,False
popular,tv,1622,Supernatural,en,"Drama, Mystery, Sci-Fi & Fantasy",2005-09-13,226.1101,8.314,8623,US,"When they were boys, Sam and Dean Winchester lost their mother to a mysterious and demonic supernatural force. Subsequently, their father raised them to be soldiers. He taught them about the paranormal evil that lives in the dark corners and on the back roads of America ... and he taught them how to kill it. Now, the Winchester brothers crisscross the country in their '67 Chevy Impala, battling every kind of supernatural threat they encounter along the way. ",2005.0,False
popular,tv,549,Law & Order,en,"Crime, Drama",1990-09-13,213.7223,7.3,708,US,"In cases ripped from the headlines, police investigate serious and often deadly crimes, weighing the evidence and questioning the suspects until someone is taken into custody. The district attorney's office then builds a case to convict the perpetrator by proving the person guilty beyond a reasonable doubt. Working together, these expert teams navigate all sides of the complex criminal justice system to make New York a safer place.",1990.0,False
popular,tv,22980,Watch What Happens Live with Andy Cohen,en,"Talk, Comedy",2009-07-16,292.3315,5.0,87,US,Bravo network executive Andy Cohen discusses pop culture topics with celebrities and reality show personalities.,2009.0,False
popular,tv,59941,The Tonight Show Starring Jimmy Fallon,en,"Comedy, Talk",2014-02-17,333.7558,5.764,386,US,"After Jay Leno's second retirement from the program, Jimmy Fallon stepped in as his permanent replacement. After 42 years in Los Angeles the program was brought back to New York.",2014.0,False
popular,tv,310518,Hockey Psychology,en,,2021-04-10,183.7723,0.0,0,US,Breaking down the game within the game for the best sport on earth.,2021.0,False
popular,tv,60625,Rick and Morty,en,"Animation, Comedy, Sci-Fi & Fantasy, Action & Adventure",2013-12-02,184.9076,8.7,11311,US,Follows a sociopathic genius scientist who drags his inherently timid grandson on adventures across the universe.,2013.0,False
popular,tv,227292,Capitão Furacão,pt,Kids,1965-04-26,201.1036,0.0,0,BR,"""Capitão Furacão"" premiered on TV Globo's launch day, April 26, 1965, with the motto ""Always alert and obedient!"" The children's program was hosted by Pietro Mario (Capitão Furacão). In the second year, actress Elizangela began co-hosting alongside him, becoming his loyal assistant. Capitão Furacão was always surrounded by children; while spinning his ship's helm, he would read letters sent by viewers, organize games and contests, tell stories about the sea, offer advice to aspiring sailors, and present short films and cartoons.",1965.0,False
popular,tv,53270,Barwy szczęścia,pl,Soap,2007-09-27,215.0783,5.0,5,PL,,2007.0,False
popular,tv,4057,Criminal Minds,en,"Crime, Drama, Mystery",2005-09-22,225.1305,8.298,4151,US,"An elite team of FBI profilers analyze the country's most twisted criminal minds, anticipating their next moves before they strike again. The Behavioral Analysis Unit's most experienced agent is David Rossi, a founding member of the BAU who returns to help the team solve new cases.",2005.0,False
popular,tv,1431,CSI: Crime Scene Investigation,en,"Crime, Drama, Mystery",2000-10-06,229.7475,7.623,1418,US,"A Las Vegas team of forensic investigators are trained to solve criminal cases by scouring the crime scene, collecting irrefutable evidence and finding the missing pieces that solve the mystery.",2000.0,False
popular,tv,1402,The Walking Dead,en,"Action & Adventure, Drama, Sci-Fi & Fantasy",2010-10-31,176.7153,8.082,18113,US,Sheriff's deputy Rick Grimes awakens from a coma to find a post-apocalyptic world dominated by flesh-eating zombies. He sets out to find his family and encounters many other survivors along the way.,2010.0,False
popular,tv,615,Futurama,en,"Animation, Comedy, Sci-Fi & Fantasy",1999-03-28,171.4645,8.364,3866,US,"The adventures of a late-20th-century New York City pizza delivery boy, Philip J. Fry, who, after being unwittingly cryogenically frozen for one thousand years, finds employment at Planet Express, an interplanetary delivery company in the retro-futuristic 31st century.",1999.0,False
popular,tv,1399,Game of Thrones,en,"Sci-Fi & Fantasy, Drama, Action & Adventure",2011-04-17,184.2243,8.47,27584,US,"Seven noble families fight for control of the mythical land of Westeros. Friction between the houses leads to full-scale war. All while a very ancient evil awakens in the farthest north. Amidst the war, a neglected military order of misfits, the Night's Watch, is all that stands between the realms of men and icy horrors beyond.",2011.0,False
popular,tv,8745,Balika Vadhu,hi,Drama,2008-07-20,87.3733,4.7,3,IO,"Balika Vadhu — Kachchi Umar Ke Pakke Rishte, commonly abbreviated as Balika Vadhu is an Indian television drama series that premiered on 21 July 2008 on Colors TV. Originally airing from Monday through Friday, from mid 2013 it also began airing on Saturday. Toral Rasputra became the lead after Pratyusha Banerjee left on 27 February 2013.",2008.0,False
popular,tv,50821,Among Friends,hu,"Drama, Family",1998-10-26,263.4583,3.775,20,HU,Miklós introduces viewers into the world of Money and Charm.,1998.0,False
popular,tv,70998,Souryo to Majiwaru Shikiyoku no Yoru ni...,ja,"Animation, Drama",2017-04-03,164.1075,5.467,15,JP,"At a high school reunion, Mio Fukatani reunites with a classmate she has not seen in years—Takahide Kujou. She had always wanted to know more about the kind-hearted boy in high school, but once she realizes that Kujou has become a monk, she believes that any chance of getting to know him romantically is slim. Deciding to drink away her sorrows, she ends up walking home drunk, and surprisingly, running into Kujou who helps her get home.

However, once inside, Kujou's lust for Mio becomes apparent and the two share an erotic night of passion. As this steamy romance blossoms between these two unlikely lovers, Mio and Kujou will undoubtedly spend many nights together in utter ecstasy.",2017.0,False
popular,tv,97546,Ted Lasso,en,"Drama, Comedy",2020-08-14,186.3862,8.362,2582,US,"Ted Lasso, an American football coach, moves to England when he's hired to manage a soccer team—despite having no experience. With cynical players and a doubtful town, will he get them to see the Ted Lasso Way?",2020.0,False
popular,tv,285151,Raja Rani Chi Ga Jodi,mr,"Drama, Soap",2019-12-18,76.004,7.0,1,IN,"Ranjit, a police officer, falls in love with Sanjeevani, a teenager. Their love faces major hurdle: their age difference. Can they overcome this obstacle?",2019.0,False
popular,tv,124364,FROM,en,"Mystery, Drama, Sci-Fi & Fantasy",2022-02-20,163.5318,8.492,4197,US,"Unravel the mystery of a nightmarish town in middle America that traps all those who enter. As the unwilling residents fight to keep a sense of normalcy and search for a way out, they must also survive the threats of the surrounding forest – including the terrifying creatures that come out when the sun goes down.",2022.0,False
popular,tv,2224,The Daily Show,en,"News, Comedy",1996-07-22,181.416,6.393,653,US,"The World's Fakest News Team tackle the biggest stories in news, politics and pop culture.",1996.0,False
popular,tv,204269,Caressing My Hibernating Bear,ja,Animation,2022-07-04,125.6042,5.9,7,JP,"Nowa, a bear living in the forest, decides to take an abandoned puppy under his wing. He names it Airi and takes care of it with great care. Time passes and Nowa soon has to leave him temporarily alone in order to hibernate. Waking up several months later, he discovers that Airi has grown well into an attractive young man.",2022.0,False
popular,tv,31472,Pelotón,es,Reality,2007-01-02,140.2813,9.0,1,CL,"Pelotón is a Chilean reality show on National Television of Chile in which the participants undergo an intense regime of military training. The winner receives 50 million pesos. The first season aired January 2 — May 5, 2007, and the second season ran from October 2, 2007 to March 11, 2008. The third season were premiere in July 2009 and the contestants were Chilean celebrities. The third and 4th season were shooting back to back, and like last season the majority of participants were celebrities.",2007.0,False
popular,tv,34307,Shameless,en,"Drama, Comedy",2011-01-09,163.0161,8.167,3451,US,"Chicagoan Frank Gallagher is the proud single dad of six smart, industrious, independent kids, who without him would be... perhaps better off. When Frank's not at the bar spending what little money they have, he's passed out on the floor. But the kids have found ways to grow up in spite of him. They may not be like any family you know, but they make no apologies for being exactly who they are.",2011.0,False
popular,tv,63770,The Late Show with Stephen Colbert,en,"Comedy, Talk",2015-09-08,152.6538,6.074,363,US,"Stephen Colbert brings his signature satire and comedy to The Late Show with Stephen Colbert, the #1 show in late night, where he talks with an eclectic mix of guests about what is new and relevant in the worlds of politics, entertainment, business, music, technology, and more. Featuring bandleader Jon Batiste with his band Stay Human, the Emmy Award-nominated show is broadcast from the historic Ed Sullivan Theater.",2015.0,False
popular,tv,1396,Breaking Bad,en,"Drama, Crime",2008-01-20,143.4716,8.9,18459,US,"Walter White, a New Mexico chemistry teacher, is diagnosed with Stage III cancer and given a prognosis of only two years left to live. He becomes filled with a sense of fearlessness and an unrelenting desire to secure his family's financial future at any cost as he enters the dangerous world of drugs and crime.",2008.0,False
popular,tv,91555,All Elite Wrestling: Dynamite,en,"Action & Adventure, Drama",2019-10-02,141.2032,8.0,86,US,A world-class roster of diverse male and female wrestlers give fans a new wrestling experience for the first time in 20 years.,2019.0,False
popular,tv,1405,Dexter,en,"Crime, Drama, Mystery",2006-10-01,135.9468,8.241,5779,US,"Dexter Morgan, a blood spatter pattern analyst for the Miami Metro Police also leads a secret life as a serial killer, hunting down criminals who have slipped through the cracks of justice.",2006.0,False
popular,tv,764,Midsomer Murders,en,"Crime, Drama, Mystery",1997-03-23,153.2376,7.46,365,GB,"The peacefulness of the Midsomer community is shattered by violent crimes, suspects are placed under suspicion, and it is up to a veteran DCI and his young sergeant to calmly and diligently eliminate the innocent and ruthlessly pursue the guilty. ",1997.0,False
popular,tv,1433,American Dad!,en,"Animation, Comedy",2005-02-06,168.7991,7.023,2428,US,"The series focuses on an eccentric motley crew that is the Smith family and their three housemates: Father, husband, and breadwinner Stan Smith; his better half housewife, Francine Smith; their college-aged daughter, Hayley Smith; and their high-school-aged son, Steve Smith. Outside of the Smith family, there are three additional main characters, including Hayley's boyfriend turned husband, Jeff Fischer; the family's man-in-a-goldfish-body pet, Klaus; and most notably the family's zany alien, Roger, who is ""full of masquerades, brazenness, and shocking antics.""",2005.0,False
popular,tv,36109,Paradise Hotel,no,Reality,2009-03-09,131.4626,5.7,10,NO,"Norwegian girls and boys check in at the Paradise Hotel in Mexico, where Triana Iglesias is the hotel manager. The hotel has great views and a fantastic pool. Cameras with a full view of the idyllic site tells the story of what happens when the single boys and girls meet in the hot surroundings of the hotel. The task they have is basically simple: Find a partner or check out.",2009.0,False
popular,tv,2661,Kamen Rider,ja,"Action & Adventure, Sci-Fi & Fantasy, Drama",1971-04-03,186.7178,6.413,104,JP,"Takeshi Hongo is a promising young man with a passion for motorcycle racing. However, his dreams are suddenly ruined when he gets kidnapped by Shocker, the evil secret organization planning to dominate the world. After being remodeled into a cyborg, Takeshi escapes and swears to protect the world from the inhuman monsters.",1971.0,False
popular,tv,65334,Miraculous: Tales of Ladybug & Cat Noir,fr,"Action & Adventure, Animation, Kids",2015-10-19,139.3614,8.062,4651,FR,"Marinette and Adrien, two Parisian teenagers, are entrusted with powerful jewels in order to transform into superheroes Ladybug and Cat Noir. But neither hero knows the other's true identity — or that they're classmates!",2015.0,False
popular,tv,1668,Friends,en,Comedy,1994-09-22,140.8474,8.415,9328,US,"Six young people from New York City, on their own and struggling to survive in the real world, find the companionship, comfort and support they get from each other to be the perfect antidote to the pressures of life.",1994.0,False
popular,tv,61818,Late Night with Seth Meyers,en,"Talk, Comedy",2014-02-25,149.7079,5.083,132,US,"Seth Meyers, who is ""Saturday Night Live's"" longest serving anchor on the show's wildly popular ""Weekend Update,"" takes over as host of NBC's ""Late Night"" — home to A-list celebrity guests, memorable comedy and the best in musical talent. As the Emmy Award-winning head writer for ""SNL,"" Meyers has established a reputation for sharp wit and perfectly timed comedy, and has gained fame for his spot-on jokes and satire. Meyers takes his departure from ""SNL"" to his new post at ""Late Night,"" as Jimmy Fallon moves to ""The Tonight Show"".",2014.0,False
popular,tv,4604,Smallville,en,"Sci-Fi & Fantasy, Action & Adventure, Drama",2001-10-16,130.1164,8.2,4568,US,The origins of the world’s greatest hero–from Krypton refugee Kal-el’s arrival on Earth through his tumultuous teen years to Clark Kent’s final steps toward embracing his destiny as the Man of Steel.,2001.0,False
popular,tv,502,Sesame Street,en,"Kids, Comedy",1969-11-10,122.9962,7.112,289,US,"On a special inner city street, the inhabitants—human and muppet—teach preschoolers basic educational and social concepts using comedy, cartoons, games, and songs.",1969.0,False
popular,tv,69536,Cosmic Disclosure,en,"Documentary, Sci-Fi & Fantasy, Mystery",2015-07-14,134.147,10.0,2,US,"For the first time ever, a 30-year insider has come forward to reveal over 70 years of humanity's hidden history in space. Corey Goode joins David Wilcock in this inaugural presentation of Cosmic Disclosure to offer an overview of the history and extent of humanity's celestial presence.",2015.0,False
popular,tv,94664,Mushoku Tensei: Jobless Reincarnation,ja,"Action & Adventure, Animation, Sci-Fi & Fantasy",2021-01-11,138.3159,8.409,1683,JP,"When a 34-year-old underachiever gets run over by a truck, his story doesn't end there. Reincarnated in a new world as an infant, Rudy will seize every opportunity to live the life he's always wanted. Armed with new friends, some freshly acquired magical abilities, and the courage to do the things he's always dreamed of, he's embarking on an epic adventure—with all of his past experience intact!",2021.0,False
popular,tv,278624,Lucky,en,"Drama, Crime",2026-07-14,124.1889,7.228,206,US,"When a multi-million-dollar heist goes sideways, con artist Lucky is forced to go on the run. Pursued by both the FBI and a ruthless crime boss, Lucky must fight for her life—and a way out.",2026.0,True
popular,tv,310751,哆啦A梦TV版,zh,"Kids, Animation",1979-04-02,141.1501,0.0,0,CN,,1979.0,False
popular,tv,95897,Overflow,ja,Animation,2020-01-06,128.3798,7.456,90,JP,"Kazushi Sudou is a university student who is visited by his two childhood friends, the sisters Ayane and Kotone Shirakawa. When Ayane discovers that Kazushi not only forgot to buy her pudding but is also using her special lotion in the bath, she decides to take revenge and join Kazushi in his bath along with Kotone. Will the perverted Kazushi be able to remain indifferent to them both?",2020.0,False
popular,tv,1911,Bones,en,"Crime, Drama",2005-09-13,148.1059,8.182,3561,US,"Dr. Temperance Brennan and her colleagues at the Jeffersonian's Medico-Legal Lab assist Special Agent Seeley Booth with murder investigations when the remains are so badly decomposed, burned or destroyed that the standard identification methods are useless.",2005.0,False
popular,tv,2261,The Tonight Show Starring Johnny Carson,en,Talk,1962-10-01,170.1673,7.553,95,US,"The Tonight Show Starring Johnny Carson is a talk show hosted by Johnny Carson under The Tonight Show franchise from 1962 to 1992. It originally aired during late-night. For its first ten years, Carson's Tonight Show was based in New York City with occasional trips to Burbank, California; in May 1972, the show moved permanently to Burbank, California. In 2002, The Tonight Show Starring Johnny Carson was ranked #12 on TV Guide's 50 Greatest TV Shows of All Time.",1962.0,False
popular,tv,13945,"Gute Zeiten, schlechte Zeiten",de,"Drama, Soap",1992-05-11,173.0478,5.5,49,DE,"Gute Zeiten, schlechte Zeiten is a long-running German television soap opera, first broadcast on RTL in 1992. The programme concerns the lives of a fictional neighborhood in Germany's capital city Berlin. Over the years the soap opera tends to have an overhaul of young people in their late teens and early twenties; targeting a young viewership.",1992.0,False
popular,tv,206559,Binnelanders,af,Soap,2005-10-13,167.6599,5.5,112,ZA,"A South African Afrikaans soap opera. It is set in and around the fictional private hospital, Binneland Kliniek, in Pretoria, and the storyline follows the trials, trauma and tribulations of the staff and patients of the hospital.",2005.0,False
popular,tv,46952,The Blacklist,en,"Drama, Crime, Mystery",2013-09-23,142.1145,7.633,3689,US,"Raymond ""Red"" Reddington, one of the FBI's most wanted fugitives, surrenders in person at FBI Headquarters in Washington, D.C. He claims that he and the FBI have the same interests: bringing down dangerous criminals and terrorists. In the last two decades, he's made a list of criminals and terrorists that matter the most but the FBI cannot find because it does not know they exist. Reddington calls this ""The Blacklist"". Reddington will co-operate, but insists that he will speak only to Elizabeth Keen, a rookie FBI profiler.",2013.0,False
popular,tv,1966,Horizon,en,Documentary,1964-02-04,82.4783,7.397,34,GB,"Horizon tells amazing science stories, unravels mysteries and reveals worlds you've never seen before.",1964.0,False
popular,tv,65733,Doraemon,ja,"Action & Adventure, Animation, Comedy, Sci-Fi & Fantasy, Kids, Family",2005-04-22,134.7708,8.1,239,JP,"Robotic cat Doraemon is sent back in time from the 22nd century to protect 10-year-old Noby, a lazy and uncoordinated boy who is destined to have a tragic future. Doraemon can create secret gadgets from a pocket on his stomach, but they usually cause more bad than good because of Noby's propensity to misuse them.",2005.0,False
popular,tv,291,Coronation Street,en,Soap,1960-12-09,114.8895,5.373,118,GB,"The residents of Coronation Street are ordinary, working-class people, and the show follows them through regular social and family interactions at home, in the workplace, and in their local pub, the Rovers Return Inn. Britain's longest-running soap.",1960.0,False
popular,tv,11890,"Goede Tijden, Slechte Tijden",nl,Soap,1990-10-01,158.2037,5.3,21,NL,"Goede tijden, slechte tijden, also known as GTST, is the longest-running Dutch soap opera,  revolving around the lives of the families Alberts, Sanders, De Jong, Van Houten and Bouwhuis. It all takes place in the fictional town of Meerdijk.",1990.0,False
popular,tv,2316,The Office,en,Comedy,2005-03-24,154.2405,8.581,5411,US,"The everyday lives of office employees in the Scranton, Pennsylvania branch of the fictional Dunder Mifflin Paper Company.",2005.0,False
popular,tv,66732,Stranger Things,en,"Action & Adventure, Mystery, Sci-Fi & Fantasy",2016-07-15,118.045,8.554,21708,US,"When a young boy vanishes, a small town uncovers a mystery involving secret experiments, terrifying supernatural forces, and one strange little girl.",2016.0,False
popular,tv,76479,The Boys,en,"Sci-Fi & Fantasy, Action & Adventure",2019-07-25,120.5133,8.436,13319,US,A group of vigilantes known informally as “The Boys” set out to take down corrupt superheroes with no more than blue-collar grit and a willingness to fight dirty.,2019.0,False
popular,tv,57243,Doctor Who,en,"Action & Adventure, Drama, Sci-Fi & Fantasy",2005-03-26,111.3182,7.622,3441,GB,"The Doctor is a Time Lord: a 900 year old alien with 2 hearts, part of a gifted civilization who mastered time travel. The Doctor saves planets for a living—more of a hobby actually, and the Doctor's very, very good at it.",2005.0,False
popular,tv,30984,Bleach,ja,"Action & Adventure, Animation, Sci-Fi & Fantasy",2004-10-05,136.5879,8.367,2233,JP,"For as long as he can remember, Ichigo Kurosaki has been able to see ghosts. But when he meets Rukia, a Soul Reaper who battles evil spirits known as Hollows, he finds his life is changed forever. Now, with a newfound wealth of spiritual energy, Ichigo discovers his true calling: to protect the living and the dead from evil.",2004.0,False
popular,tv,14610,Secret Lives,fi,"Soap, Drama",1999-01-25,156.1602,4.2,23,FI,Salatut elämät (Secret Lives) is a Finnish television soap opera that premiered on MTV3 on 25 January 1999. The series' storylines follow the daily lives of several families who live in the same apartment block in Helsinki.,1999.0,False
popular,tv,16807,Jornal Nacional,pt,News,1969-09-01,173.851,6.625,8,BR,"Jornal Nacional is a Brazilian Emmy-winning primetime news program aired by Rede Globo since September 1, 1969. It was the first news program broadcast live by a television network throughout Brazil.",1969.0,False
popular,tv,3452,Frasier,en,"Comedy, Family",1993-09-16,125.8137,7.696,920,US,"After many years spent at the “Cheers” bar, Frasier moves back home to Seattle to work as a radio psychiatrist after his policeman father gets shot in the hip on duty.",1993.0,False
popular,tv,4656,Raw,en,Reality,1993-01-11,116.8332,6.801,369,US,"A regularly scheduled, live, year-round program featuring some of the biggest WWE Superstars.",1993.0,False
popular,tv,19530,Pili,zh,"Action & Adventure, Drama",1988-06-01,119.4141,6.9,7,"TW, CN","Pili is a puppet show from Taiwan. It is made by Pili International Multimedia. The TV series started in 1985, and it still continues today. It is one of the most popular TV shows in Taiwan. Pili puppet show is performed by many kinds of puppets, some of them are cool, some are intelligent, and some are funny. Unlike traditional puppet shows, Pili puppet show uses state-of-the-art animation to help present its fighting art. The delicate design of the appearance and characteristics of each puppet has made Pili puppet show a well-known entertainment in Taiwan.",1988.0,False
popular,tv,27181,Rote Rosen,de,"Soap, Drama",2006-11-06,125.9279,3.0,5,DE,"Rote Rosen is a German telenovela produced by Studio Hamburg Serienwerft Lüneburg and broadcast by Das Erste since November 6, 2006. The show is a complex telenovela, who tells one love story every season about women in their forties.",2006.0,False
popular,tv,233643,Secret Mission - Undercover Agents Never Back Down!,ja,Animation,2023-10-02,106.6591,6.2,26,JP,"Narcotics Enforcement Agent Riko Ikazuchi is undercover with her junior colleague Noma in an apartment that serves as the hideout for a criminal organization. Despite Riko and Noma posing as a newlywed couple, the criminals begin to suspect them after not hearing any marital intimacy during the night. To convince them that they are a loving couple, Noma starts touching Riko's body...",2023.0,False
popular,tv,1421,Modern Family,en,Comedy,2009-09-23,125.1774,7.913,3479,US,"The Pritchett-Dunphy-Tucker clan is a wonderfully large and blended family. They give us an honest and often hilarious look into the sometimes warm, sometimes twisted, embrace of the modern family.",2009.0,False
popular,tv,31132,Regular Show,en,"Animation, Comedy, Action & Adventure, Sci-Fi & Fantasy",2010-09-06,126.6123,8.6,2302,US,The surreal misadventures of two best friends - a blue jay and a raccoon - as they seek to liven up their mundane jobs as groundskeepers at the local park.,2010.0,False
popular,tv,45140,Teen Titans Go!,en,"Animation, Action & Adventure, Comedy, Family, Sci-Fi & Fantasy",2013-04-23,122.8002,6.434,722,US,"Robin, Starfire, Raven, Beast Boy and Cyborg return in all-new, comedic adventures. They may be super heroes who save the world every day ... but somebody still has to do the laundry!",2013.0,False
popular,tv,82873,The Kelly Clarkson Show,en,Talk,2019-09-09,144.5931,6.3,72,US,"Kelly Clarkson presents the biggest newsmakers and names in film, television and music; as well as emerging new talent and everyday people who are beacons of hope in their communities.",2019.0,False
popular,tv,46271,Secret Story,fr,Reality,2007-06-23,93.4533,4.423,13,FR,"The game contestants are cut off from the rest of the world during ten to fifteen weeks in a house called “house of secrets”, where every room is fitted with video cameras, except the restroom. The goal is to keep a secret while trying to discover the other contestants' secret.",2007.0,False
popular,tv,32798,Hawaii Five-0,en,"Crime, Drama, Action & Adventure",2010-09-20,122.747,7.736,1897,US,"Steve McGarrett returns home to Oahu, in order to find his father's killer. The governor offers him the chance to run his own task force (Five-0). Steve's team is joined by Chin Ho Kelly, Danny ""Danno"" Williams, and Kono Kalakaua.",2010.0,False
popular,tv,73586,Yellowstone,en,"Western, Drama",2018-06-20,116.6836,8.267,3296,US,"Follow the violent world of the Dutton family, who controls the largest contiguous ranch in the United States. Led by their patriarch John Dutton, the family defends their property against constant attack by land developers, an Indian reservation, and America’s first National Park.",2018.0,False
popular,tv,44006,Chicago Fire,en,Drama,2012-10-10,128.6124,8.409,2431,US,"An edge-of-your-seat view into the lives of everyday heroes committed to one of America's noblest professions. For the firefighters, rescue squad and paramedics of Chicago Firehouse 51, no occupation is more stressful or dangerous, yet so rewarding and exhilarating. These courageous men and women are among the elite who forge headfirst into danger when everyone else is running the other way and whose actions make the difference between life and death.",2012.0,False
popular,tv,284029,The Cat and the Dragon,ja,"Animation, Sci-Fi & Fantasy",2026-07-04,105.5141,8.667,12,JP,"An orphan since hatched, a lone dragon named “Uncle Wings” is taken in by a family of magic-wielding cats and raised as one of their own. As Uncle Wings grows, he becomes the cats’ protector, determined to keep them safe from humans. But as he watches the cats connect with humans using their magic, Uncle Wings slowly starts to warm up to humans in this heartfelt, bittersweet tale.",2026.0,True
popular,tv,14686,Alles was zählt,de,"Soap, Drama",2006-09-04,187.9549,4.875,8,DE,"Alles was zählt is a German television soap opera first broadcast on RTL on September 4, 2006. The original plot revolved around Diana Sommer's dream to become a world class ice skater. She fell in love with Julian Herzog, who signed her at the prestigious Steinkamp Sport and Wellness Center, run by the unscrupulous Steinkamp dynasty. Diana and Julian eventually became a couple, but in November 2007, Julian suffered a brain hemorrhage and died during their wedding. Diana remained in Essen until January 2009, when she left to join a skating centre in Halle. The story continues to revolve around the Steinkamp Sport and Wellness Centre and its quest to become a sporting powerhouse, as well as the lives of the characters who work at and around the Centre.",2006.0,False
popular,tv,498,Late Show with David Letterman,en,"Talk, Comedy",1993-08-30,132.0179,6.418,171,US,"David Letterman uses mature humor to appeal to his audience in this weeknight series, which gets its music from a house band led by Paul Shaffer. Among the show's most-famous segments are the Top Ten List and Stupid Pet Tricks, the latter of which subsequently led to an additional recurring segment called Stupid Human Tricks.",1993.0,False
popular,tv,117217,El conquistador,es,Reality,2005-01-03,133.7633,5.7,3,ES,,2005.0,False
popular,tv,4601,Law & Order: Criminal Intent,en,Drama,2001-09-30,123.2532,7.579,381,US,The third installment of the “Law & Order” franchise takes viewers deep into the minds of its criminals while following the intense psychological approaches the Major Case Squad uses to solve its crimes.,2001.0,False
popular,tv,790,Agatha Christie's Poirot,en,"Crime, Drama, Mystery",1989-01-08,95.1985,8.182,572,GB,"From England to Egypt, accompanied by his elegant and trustworthy sidekicks, the intelligent yet eccentrically-refined Belgian detective Hercule Poirot pits his wits against a collection of first class deceptions.",1989.0,False
popular,tv,18165,The Vampire Diaries,en,"Drama, Sci-Fi & Fantasy",2009-09-10,99.9945,8.3,9724,US,"The story of two vampire brothers obsessed with the same girl, who bears a striking resemblance to the beautiful but ruthless vampire they knew and loved in 1864.",2009.0,False
popular,tv,57532,PAW Patrol,en,"Animation, Kids",2013-08-12,106.7171,6.988,816,US,"Marshall, Rocky, Rubble, Zuma and Skye are doing their best to protect the people of their town. Led by Ryder, a tech-savvy 10-year-old boy, each of them is equipped with special equipment and together they help anyone who finds themselves in trouble. No task is too big for them and no puppy is too small.",2013.0,False
popular,tv,2691,Two and a Half Men,en,Comedy,2003-09-22,109.5069,7.452,3753,US,A hedonistic jingle writer's free-wheeling life comes to an abrupt halt when his brother and 10-year-old nephew move into his beach-front house.,2003.0,False
popular,tv,37678,The Voice,en,Reality,2011-04-26,96.7001,5.9,224,US,"The strongest vocalists from across the United states compete in a blockbusters vocal competition, the winner becomes “The Voice.” The show's innovative format features four stages of competition: the blind auditions, the battle rounds, the knockouts and, finally, the live performance shows.",2011.0,False
popular,tv,37680,Suits,en,Drama,2011-06-23,110.5472,8.222,5871,US,"While running from a drug deal gone bad, Mike Ross, a brilliant young college-dropout, slips into a job interview with one of New York City's best legal closers, Harvey Specter. Tired of cookie-cutter law school grads, Harvey takes a gamble by hiring Mike on the spot after he recognizes his raw talent and photographic memory.",2011.0,False
popular,tv,1398,The Sopranos,en,"Crime, Drama",1999-01-10,108.5358,8.7,3630,US,"The story of New Jersey-based Italian-American mobster Tony Soprano and the difficulties he faces as he tries to balance the conflicting requirements of his home life and the criminal organization he heads. Those difficulties are often highlighted through his ongoing professional relationship with psychiatrist Jennifer Melfi. The show features Tony's family members and Mafia associates in prominent roles and story arcs, most notably his wife Carmela and his cousin and protégé Christopher Moltisanti.",1999.0,False
popular,tv,44217,Vikings,en,"Action & Adventure, Drama, War & Politics",2013-03-03,106.4135,8.1,7838,CA,"The adventures of Ragnar Lothbrok, the greatest hero of his age. The series tells the sagas of Ragnar's band of Viking brothers and his family, as he rises to become King of the Viking tribes. As well as being a fearless warrior, Ragnar embodies the Norse traditions of devotion to the gods. Legend has it that he was a direct descendant of Odin, the god of war and warriors.",2013.0,False
popular,tv,206484,Jade Dynasty,zh,"Animation, Action & Adventure",2022-08-02,95.7215,8.1,22,CN,"Zhang Xiaofan, who turned into an orphan overnight, becomes a disciple of the Qingyun Sect. After five years of training, he performs well in the Seven Peak Martial Arts Competition. He's sent to the Kongsang Mountain to defeat the evil. During the journey, he and his senior, Lu Xueqi, met with an accident, and got to know and save the lady of the cult, Bi Yao. At the same time, new danger is ahead of him.",2022.0,False
popular,tv,71789,SEAL Team,en,"Action & Adventure, Drama, War & Politics",2017-09-27,111.4659,8.0,1660,US,"Military drama following the professional and personal lives of the most elite unit of Navy SEALs as they train, plan and execute the most dangerous, high stakes missions our country can ask of them.",2017.0,False
popular,tv,49847,House Rules,en,Reality,2013-05-14,110.2939,7.2,4,AU,The Australia-wide competition following six state-based couples who renovate each others homes to receive the highest scores with the winner having their mortgage paid off.,2013.0,False
popular,tv,71790,S.W.A.T.,en,"Crime, Action & Adventure, Drama",2017-11-02,111.435,8.038,1596,US,"A Los Angeles S.W.A.T. sergeant is assigned to lead a highly skilled unit in the community where he grew up. Torn between loyalty to the streets, where the cops are sometimes the enemy, and allegiance to his brothers in blue, he strategically straddles the two worlds.",2017.0,False
popular,tv,60735,The Flash,en,"Drama, Sci-Fi & Fantasy",2014-10-07,109.8976,7.75,11747,US,"After being struck by lightning, CSI investigator Barry Allen awakens from a nine-month coma to discover he has been  granted the gift of super speed.  Teaming up with S.T.A.R. Labs, Barry takes on the persona of The Flash, the Fastest  Man Alive, to protect his city.",2014.0,False
popular,tv,58841,Chicago P.D.,en,"Crime, Drama",2014-01-08,108.0376,8.427,2622,US,"A riveting police drama about the men and women of the Chicago Police Department's District 21 who put it all on the line to serve and protect their community. District 21 is made up of two distinctly different groups: the uniformed cops who patrol the beat and go head-to-head with the city's street crimes and the Intelligence Unit that combats the city's major offenses - organized crime, drug trafficking, high profile murders and beyond.",2014.0,False
popular,tv,40694,Lenßen & Partner,de,"Reality, Crime",2003-03-10,102.8762,6.5,1,DE,Attorney Ingo Lenssen and his team of investigators who specialize in sensitive cases involving clients who prefer private investigations to legal advice.,2003.0,False
popular,tv,75219,9-1-1,en,"Drama, Crime, Action & Adventure",2018-01-03,116.7175,8.224,2837,US,"Explore the high-pressure experiences of police officers, paramedics and firefighters who are thrust into the most frightening, shocking and heart-stopping situations. These emergency responders must try to balance saving those who are at their most vulnerable with solving the problems in their own lives.",2018.0,False
popular,tv,2288,Prison Break,en,"Action & Adventure, Crime, Drama",2005-08-29,107.8953,8.066,6112,US,"Due to a political conspiracy, an innocent man is sent to death row and his only hope is his brother, who makes it his mission to deliberately get himself sent to the same prison in order to break the both of them out, from the inside out.",2005.0,False
popular,tv,65682,Sister-in-Law Is at Home!,hi,"Comedy, Drama, Family, Soap",2015-03-02,154.6571,5.6,8,IN,"""Bhabiji Ghar Par Hain!"" is a popular Hindi sitcom that premiered in 2015 on And TV and is available on ZEE5. Produced by Binaifer Kohli, the show follows two neighboring couples—the Mishras and the Tiwaris. The husbands, Vibhuti Narayan Mishra and Manmohan Tiwari are dissatisfied in their marriages and secretly admire each other's wives. Manmohan, a successful undergarment businessman, is married to Angoori, a simple and naive housewife. Vibhuti, an unemployed former insurance agent, is married to Anita, a confident and modern woman who runs grooming classes. Their constant scheming to impress each other's wives leads to comedic conflicts and chaotic situations, mostly taking place in their homes. The show, inspired by the 1990s sitcom Shrimaan Shrimati, has been well received by both critics and audiences for its humor and engaging storyline.",2015.0,False
popular,tv,288989,ChocoPro Wrestling,en,,2020-03-28,92.8754,0.0,0,JP,ChocoPro Wrestling is a wrestling promotion based in Japan.,2020.0,False
popular,tv,80748,FBI,en,"Crime, Action & Adventure, Drama",2018-09-25,148.9016,7.925,940,US,"The New York office of the FBI brings to bear all their talents, intellect and technical expertise on major cases in order to keep their city and the country safe.",2018.0,False
popular,tv,15260,Adventure Time,en,"Animation, Comedy, Sci-Fi & Fantasy",2010-04-05,105.6419,8.51,3186,US,"Young Finn and his shape-shifting dog buddy, Jake, go on a series of surreal adventures as they journey through the postapocalyptic Land of Ooo.",2010.0,False
popular,tv,65942,Re:ZERO -Starting Life in Another World-,ja,"Animation, Drama, Mystery, Action & Adventure, Sci-Fi & Fantasy",2016-04-04,97.8114,8.079,758,JP,"Natsuki Subaru, an ordinary high school  student, is on his way home from the convenience store when he finds  himself transported to another world. As he's lost and confused in a new  world where he doesn't even know left from right, the only person to  reach out to him was a beautiful girl with silver hair. Determined to  repay her somehow for saving him from his own despair, Subaru agrees to  help the girl find something she's looking for.",2016.0,False
popular,tv,1407,Homeland,en,"Drama, War & Politics, Crime",2011-10-02,109.0856,7.591,2672,US,"CIA officer Carrie Mathison is tops in her field despite being bipolar, which makes her volatile and unpredictable. With the help of her long-time mentor Saul Berenson, Carrie fearlessly risks everything, including her personal well-being and even sanity, at every turn.",2011.0,False
popular,tv,37057,CITV Breakfast,en,Kids,1999-01-04,111.2852,0.0,0,GB,"CITV Breakfast is a British digital television station owned by ITV Breakfast Limited, part of ITV plc. It broadcasts every morning between 06:00 and 09:25. It was originally designed to complement its sister channel GMTV, and offered children's programming every day. On weekdays teleshopping was shown for the first half hour until 6.30am followed by Action Stations! until 9.25am.

Weekends changed to pre-school programming, with Wakey! Wakey! airing 06:00 to 09:00 on Saturdays and Sundays. A teleshopping strand was featured on Saturdays and Sundays airing from 09:00-09:25. A repeat of The Sunday Programme was aired at 07:55-08:55 each Sunday from 1999-2008. The station closed down at 09:25, although viewers didn't notice any changeover between GMTV2 and CITV.

On 17 March 2008, ITV2 and its one-hour timeshift channel have been broadcasting 24 hours a day, meaning GMTV2 programming moved from ITV2 to ITV4, broadcasting its usual hours. The stand continues to be simulcast on CITV.

As of November 2006, a one hour delayed version of GMTV2 had been available on ITV2+1 on Sky and also on Freeview, running from 07:00 to 10:25, however due to the change from ITV2 to ITV4, GMTV2 was available one hour later on ITV4+1 on Sky Channel 180.",1999.0,False
popular,tv,324186,Majhi Manasa,mr,Drama,2022-05-30,98.4525,0.0,0,IN,,2022.0,False
popular,tv,1413,American Horror Story,en,"Drama, Mystery, Sci-Fi & Fantasy",2011-10-05,114.9043,8.076,6140,US,"An anthology horror drama series centering on different characters and locations, including a house with a murderous past, an asylum, a witch coven, a freak show, a hotel, a farmhouse in Roanoke, a cult, the apocalypse and a summer camp.",2011.0,False
popular,tv,693,Desperate Housewives,en,"Mystery, Drama, Comedy",2004-10-03,103.6529,7.9,2118,US,"Looking down on her friends and family isn't a way of life for Mary Alice Young... it's a way of death. One day, in her perfect house, in the loveliest of suburbs, Mary Alice ended it all. Now she's taking us into the lives of her family, friends and neighbors, commenting from her elevated P.O.V.",2004.0,False
popular,tv,4607,Lost,en,"Mystery, Action & Adventure, Drama",2004-09-22,95.383,8.0,5261,US,"Stripped of everything, the survivors of a horrific plane crash must work together to stay alive. But the island holds many secrets.",2004.0,False
popular,tv,1419,Castle,en,"Drama, Crime",2009-03-09,103.3062,7.967,2134,US,"After a serial killer imitates the plots of his novels, successful mystery novelist Richard ""Rick"" Castle receives permission from the Mayor of New York City to tag along with an NYPD homicide investigation team for research purposes.",2009.0,False
popular,tv,32692,Blue Bloods,en,"Crime, Drama",2010-09-24,100.3895,7.785,1019,US,"A drama about a multi-generational family of cops dedicated to New York City law enforcement. Frank Reagan is the New York Police Commissioner and heads both the police force and the Reagan brood. He runs his department as diplomatically as he runs his family, even when dealing with the politics that plagued his unapologetically bold father, Henry, during his stint as Chief.",2010.0,False
popular,tv,45789,Storm of Love,de,"Drama, Soap",2005-09-26,139.9204,6.0,39,DE,"These are the stories of relationships taking place in the fictional five-star hotel Fürstenhof, located in Feldkirchen-Westerham near Rosenheim with the plot revolving around members of the family room area, the hotel owners, and employees.",2005.0,False
popular,tv,95479,JUJUTSU KAISEN,ja,"Animation, Action & Adventure, Sci-Fi & Fantasy",2020-10-03,95.7452,8.6,4619,JP,"Yuji Itadori is a boy with tremendous physical strength, though he lives a completely ordinary high school life. One day, to save a classmate who has been attacked by curses, he eats the finger of Ryomen Sukuna, taking the curse into his own soul. From then on, he shares one body with Ryomen Sukuna. Guided by the most powerful of sorcerers, Satoru Gojo, Itadori is admitted to Tokyo Jujutsu High School, an organization that fights the curses... and thus begins the heroic tale of a boy who became a curse to exorcise a curse, a life from which he could never turn back.",2020.0,False
popular,tv,17887,7de Laan,af,Soap,2000-04-04,117.2872,8.333,3,ZA,"7de Laan is an extraordinary microcosm where good and bad, evil and wholesome characters find themselves forming part of a wholesome community where no matter what – everyone counts and everyone cares…",2000.0,False
popular,tv,688,The West Wing,en,Drama,1999-09-22,100.925,8.3,597,US,The West Wing provides a glimpse into presidential politics in the nation's capital as it tells the stories of the members of a fictional presidential administration. These interesting characters have humor and dedication that touches the heart while the politics that they discuss touch on everyday life.,1999.0,False
popular,tv,91759,Come Home Love: Lo and Behold,cn,"Family, Comedy, Drama",2017-02-20,82.6267,5.4,46,HK,"Hung Sue Gan starting from the bottom, established his own logistics company, which is now running smoothly. His only concern now are his three daughters. His eldest daughter has immigrated overseas. His second daughter Hung Yeuk Shui has reached the marriageable age, but has no hopes for marriage anytime soon. She is constantly bickering with her younger sister Hung Sum Yue, who is an honour student, over trivial matters, causing their father to not know whether to laugh or cry. Hung Sue Yan, Hung Sue Gan's brother, moves in with the family, temporarily ending his life as a nomadic photographer. He joins Hung Yeuk Shui's company and encounters Ko Pak Fei, the director of an online shop. The two appear to be former lovers, making for lots of laughter. Since Hung Sue Yan moved in, a series of strange events have occurred in the family. Upon investigation, the source is traced to Lung Ging Fung, a promising young man who is the son of department store mogul Lung Gam Wai.",2017.0,False
popular,tv,250307,The Pitt,en,Drama,2025-01-09,99.2764,8.733,924,US,The staff of Pittsburgh's Trauma Medical Center work around the clock to save lives in an overcrowded and underfunded emergency department.,2025.0,True
popular,tv,45768,Mais Você,pt,Talk,1999-10-18,87.8664,6.3,3,BR,,1999.0,False
popular,tv,108188,Barbara Karlich – Talk um 4,de,Talk,1999-10-27,146.712,4.5,4,AT,A talk show produced by ORF since 1999 and broadcast on ORF 2.,1999.0,False
popular,tv,71712,The Good Doctor,en,Drama,2017-09-25,104.4243,8.453,12912,US,"Shaun Murphy, a young surgeon with autism and savant syndrome, relocates from a quiet country life to join a prestigious hospital's surgical unit. Unable to personally connect with those around him, Shaun uses his extraordinary medical gifts to save lives and challenge the skepticism of his colleagues.",2017.0,False
popular,tv,46296,Spartacus,en,Drama,2010-01-22,82.5319,8.029,3027,US,"Torn from his homeland and the woman he loves, Spartacus is condemned to the brutal world of the arena where blood and death are primetime entertainment.",2010.0,False
popular,tv,2912,Jeopardy!,en,"Reality, Family",1984-09-10,156.8893,6.9,161,US,"America's favorite quiz show where contestants are presented with general knowledge clues in the form of answers, and must phrase their responses in question form.",1984.0,False
popular,tv,46831,Government Job,sr,Comedy,2012-09-24,105.4378,7.9,11,RS,"The backbone of the ""Državni Posao (Government Job)"" are satirical talks between the three actors, the comments are reminiscent of the ""stand-up"" form. These are short, witty comments and observations on daily life, circumstances, sociopolitical situation, sports, entertainment world, their personal opinions on various topics. The main idea is to present day in a non-existent government company and three employees of thinking about daily events in it, but also about life and society in general. Topics drawn from the daily and weekly press, for various blogs, websites, talk about movies, series, shows - radio and television. The idea is that actors humorously comment on current events, to laugh viewers and encourage them to think about them.",2012.0,False
popular,tv,44953,El Señor de los Cielos,es,"Crime, Drama, Soap",2013-04-15,87.5073,8.005,3609,US,"Set in the 1990s, these are the life and times of Amado Carrillo Fuentes, a man who became the head of the Juárez cartel. Nicknamed “El Señor de los Cielos” (Lord of the Skies) because of the large fleet of airplanes he used to transport drugs, he was also known for washing more than $200 million through Colombia to finance his huge fleet. He is described as the most powerful drug trafficker of his time.",2013.0,False
popular,tv,32726,Bob's Burgers,en,"Animation, Comedy",2011-01-09,105.5601,7.841,1120,US,"Bob's Burgers follows a third-generation restaurateur, Bob, as he runs Bob's Burgers with the help of his wife and their three kids. Bob and his quirky family have big ideas about burgers, but fall short on service and sophistication. Despite the greasy counters, lousy location and a dearth of customers, Bob and his family are determined to make Bob's Burgers ""grand re-re-re-opening"" a success.",2011.0,False
popular,tv,224,Match of the Day,en,"Talk, News",1964-08-22,99.3386,7.6,51,GB,"BBC's football highlights and analysis.

""The longest-running football television programme in the world"" as recognised by Guinness World Records in 2015.",1964.0,False
popular,tv,36361,Ulice,cs,"Drama, Comedy, Family, Soap",2005-09-05,121.5003,4.8,36,CZ,"Ulice is a Czech soap opera produced and broadcast by Nova. In the Czech language Ulice means street.

The show describes the lives of the Farský, Jordán, Boháč, Nikl, and Liška families and many other people that live in Prague. Their daily battle against real problems of living in a modern world like divorce, love, betrayal and illness or disease. Ulice often shows crime.",2005.0,False
popular,tv,32415,Conan,en,"Talk, Comedy, News",2010-11-08,100.8899,7.156,262,US,A late night television talk show hosted by  Conan O'Brien.,2010.0,False
popular,tv,241002,Adam's Sweet Agony,ja,Animation,2024-01-08,84.0032,6.9,39,JP,"This is the story of a boy, who became the lone Adam among four billion Eves. In a world where a pandemic has rendered all men impotent, high school student Itsuki is the exception who escaped it. In order to protect this secret, he transfers to a very special high school, which turns out to be composed of 90% girls! There, he encounters an upbeat and friendly senior, a sexually frustrated female teacher, a tomboyish school 'prince,' and an heiress from a wealthy family. For Itsuki, who has his pick of any woman in the world, the question remains: which one will he choose?",2024.0,False
popular,tv,1620,CSI: Miami,en,"Drama, Mystery, Crime",2002-09-23,97.6556,7.688,1740,US,"The show follows Crime Scene Investigators working for the Miami-Dade Police Department as they use physical evidence, similar to their Las Vegas counterparts, to solve grisly murders. The series mixes deduction, gritty subject matter, and character-driven drama in the same vein as the original series in the CSI franchise, except that the Miami CSIs are cops first, scientists second.",2002.0,False
popular,tv,70672,Men on a Mission,ko,"Reality, Comedy",2015-12-05,181.1298,7.4,42,KR,"Male celebs play make-believe as high schoolers, welcoming star transfer students every week and engaging in battles of witty humor and slapstick.",2015.0,False
popular,tv,4087,The X-Files,en,"Mystery, Sci-Fi & Fantasy, Crime",1993-09-10,102.5924,8.371,3678,US,"The exploits of FBI Special Agents Fox Mulder and Dana Scully who investigate X-Files: marginalized, unsolved cases involving paranormal phenomena. Mulder believes in the existence of aliens and the paranormal while Scully, a skeptic, is assigned to make scientific analyses of Mulder's discoveries that debunk Mulder's work and thus return him to mainstream cases.",1993.0,False
popular,tv,318058,A Girl's Guide to 21st Century Sex,zh,Documentary,2006-10-30,83.4406,0.0,0,CN,,2006.0,False
popular,tv,2190,South Park,en,"Animation, Comedy",1997-08-13,100.1708,8.336,5109,US,"Follow the misadventures of four irreverent grade-schoolers in the quiet, dysfunctional town of South Park, Colorado.",1997.0,False
popular,tv,72879,Tomorrow Is Ours,fr,"Crime, Drama, Soap",2017-07-17,99.7721,6.366,71,FR,"The story revolves around the people of Sète, France. Their lives are punctuated by family rivalries, romance and scenes from daily life, but also by plots involving police investigations, secrets and betrayals.",2017.0,False
popular,tv,14447,L for Love,pl,Soap,2000-11-04,110.9148,4.0,13,PL,"M jak miłość is a Polish soap opera, revolving around the multiple generations of the Mostowiak family. The series premiered on November 4, 2000 on TVP2, primarily as a weekly drama, and after one season shifting into a new timeslot and extending to two episodes per week. For the last few years the show has been the most watched drama on Polish television. Its popularity led to a Russian adaptation, entitled Lyubov kak Lyubov.

The series is also broadcast on the international channel TVP Polonia with English subtitles.",2000.0,False
popular,tv,1973,24,en,"Action & Adventure, Drama, Crime",2001-11-06,98.2114,7.787,1860,US,"Counterterrorism agent Jack Bauer fights the bad guys of the world, a day at a time. With each week's episode unfolding in real-time, ""24"" covers a single day in the life of Bauer each season.",2001.0,False
popular,tv,63174,Lucifer,en,"Crime, Sci-Fi & Fantasy",2016-01-25,90.9231,8.43,15640,US,"Bored and unhappy as the Lord of Hell, Lucifer Morningstar abandoned his throne and retired to Los Angeles, where he has teamed up with LAPD detective Chloe Decker to take down criminals. But the longer he's away from the underworld, the greater the threat that the worst of humanity could escape.",2016.0,False
popular,tv,1412,Arrow,en,"Crime, Drama, Action & Adventure",2012-10-10,96.2773,6.836,6455,US,"Spoiled billionaire playboy Oliver Queen is missing and presumed dead when his yacht is lost at sea. He returns five years later a changed man, determined to clean up the city as a hooded vigilante armed with a bow.",2012.0,False
popular,tv,30983,Detective Conan,ja,"Animation, Crime, Mystery, Comedy",1996-01-08,81.306,8.015,781,JP,"The son of a world famous mystery writer, Jimmy Kudo, has achieved his own notoriety by assisting the local police as a student detective. He has always been able to solve the most difficult of criminal cases using his wits and power of reason.",1996.0,False
popular,tv,318325,Tony Awards,en,,1956-04-01,69.3398,0.0,0,US,"The Antoinette Perry Award for Excellence in Theatre, more commonly known as a Tony Award, recognizes achievement in live Broadway theatre. The awards are presented by the American Theatre Wing and The Broadway League at an annual ceremony in New York City. The awards are given for Broadway productions and performances, and an award is given for regional theatre.",1956.0,False
popular,tv,269,One Tree Hill,en,Drama,2003-09-23,100.1225,7.8,615,US,"In Tree Hill, North Carolina two half brothers share a last name and nothing else. Brooding, blue-collar Lucas is a talented street-side basketball player, but his skills are appreciated only by his friends at the river court. Popular, affluent Nathan basks in the hero-worship of the town, as the star of his high school team. And both boys are the son of former college ball player Dan Scott whose long ago choice to abandon Lucas and his mother Karen, will haunt him long into his life with wife Deb and their son Nathan.",2003.0,False
popular,tv,4177,Perry Mason,en,"Mystery, Drama, Crime",1957-09-21,97.3077,7.71,138,US,The cases of master criminal defense attorney Perry Mason and his staff who handled the most difficult of cases in the aid of the innocent.,1957.0,False
popular,tv,46034,Die Küchenschlacht,de,Reality,2008-01-14,111.8987,8.0,1,DE,,2008.0,False
popular,tv,2122,King of the Hill,en,"Animation, Comedy, Family",1997-01-12,107.262,7.414,689,US,"Set in Texas, this animated series follows the life of propane salesman Hank Hill, who lives with his overly confident substitute Spanish teacher wife Peggy, wannabe comedian son Bobby, and naive niece Luanne. Hank has conservative views about God, family, and country, but his values and ethics are often challenged by the situations he, his family, and his beer-drinking neighbors/buddies find themselves in.",1997.0,False
popular,tv,123087,Altas Horas,pt,Talk,2000-10-14,70.0376,8.0,2,BR,"Serginho Groisman hosts weekly debates on relevant topics, featuring the participation of the audience, artists, and personalities from various fields.",2000.0,False
popular,tv,4419,Real Time with Bill Maher,en,"Comedy, Talk",2003-02-21,91.4456,6.051,245,US,"Each week Bill Maher surrounds himself with a panel of guests which include politicians, actors, comedians, musicians and the like to discuss what's going on in the world.",2003.0,False
popular,tv,291496,Our Sticky Love,ko,"Drama, Comedy",2026-08-07,85.282,8.701,67,KR,An ambitious prosecutor loses her memory and moves in with a boxing coach who claims to be her boyfriend. Can this sticky situation turn into real love?,2026.0,True
popular,tv,215709,Redemption,tr,Drama,2022-11-21,92.568,6.5,11,TR,"Orhun is a successful businessman who was raised in a wealthy but loveless family along with his twin sister Nihan, younger sister Nurşah and their cold, distant mother Afife. Nihan left to do volunteer work as a doctor in Eritrea, but recently she has been impossible to contact, and her family is worried about her. While looking for his sister, he comes across Hira, a poor girl living the life of a prisoner at the hands of traffickers. When they find out that Nihan has been poisoned and killed by a local gang, Orhun breaks down. When it emerges that it was actually Hira who poisoned his sister, Orhun hatches an evil revenge plan. Meanwhile, Afife, their mother, has kept Orhun's father away since his childhood secretly. Orhun decides to marry Hira as revenge. Afife hates people of lower status and she’s obsessed with “pure blood”. Will this marriage imprison Afife , or will the couple find redemption after paying all their dues?",2022.0,False
popular,tv,3022,Rugrats,en,"Family, Animation, Kids, Comedy",1991-08-11,85.8541,7.608,767,US,"Focuses on a group of toddlers, most prominently Tommy, Chuckie, Phil, Lil, and Angelica, and their day-to-day lives, usually involving common life experiences that become adventures in the babies' imaginations. Adults in the series are almost always unaware of what the children are up to; however, this only provides more room for the babies to explore and discover their surroundings.",1991.0,False
popular,tv,12225,Peppa Pig,en,"Animation, Kids",2004-05-31,80.8595,6.6,758,GB,"Peppa Pig is an energetic piggy who lives with Mummy, Daddy, and little brother George. She loves to jump in mud puddles and make loud snorting noises.",2004.0,False
popular,tv,318490,Kavyanjali,kn,"Drama, Soap",2020-08-03,80.6332,0.0,0,IN,,2020.0,False
popular,tv,40663,AIBOU: Tokyo Detective Duo,ja,"Drama, Crime, Mystery",2002-10-09,125.8906,7.545,22,JP,"Detective Ukyo Sugishita confronts crime on the basis of his own convictions. He has a partner that works for him in the Special Task Unit. For the first 7 seasons, Ukyo’s first partner is Kaoru Kameyama. He is a good-natured, hot-tempered, straightforward and somewhat scattered detective. Beginning in Season 8, Takeru Kanbe replaces Kameyama. Contrary to his predecessor, Takeru is a lanky, cool, conceited and confident detective. From Season 11 to Season 13, Ukyo’s partner is a young detective Toru Kai. Toru is a son of Deputy Director-General of The National Police Agency. But he became a detective by his own effort. And starting with Season 14, Ukyo’s current partner is Wataru Kaburagi, an elite bureaucrat who came to the Metropolitan Police Department on temporary assignment. As the first partner without any career of a police officer, he will face challenging cases together with Ukyo.",2002.0,False
popular,tv,71728,Young Sheldon,en,"Comedy, Family, Drama",2017-09-25,94.7728,8.028,3067,US,"The early life of child genius Sheldon Cooper, later seen in The Big Bang Theory.",2017.0,False
popular,tv,82991,Bharaghar,as,"Family, Drama, Comedy",2012-11-26,87.1867,8.0,1,IN,"The Tele-serial BHARAGHAR revolves around a family and their various tenants. Based on the relationships between the house owner’s family and the families of the various tenants, the plot of BHARAGHAR is mainly comic and also encompasses the lives of a few neighbours. The different plots are actually a broader reflection of the urban Assamese society. Crisp dialogues and stand-out performances by the cast of the tele-serial has made it one of the most-watched TV serial in the history of Assamese television. Every episode is conceived with a view to providing viewers wholesome entertainment.",2012.0,False
popular,tv,4629,Stargate SG-1,en,"Sci-Fi & Fantasy, Action & Adventure",1997-07-27,104.0425,8.271,1878,"CA, US","The story of Stargate SG-1 begins about a year after the events of the feature film, when the United States government learns that an ancient alien device called the Stargate can access a network of such devices on a multitude of planets. SG-1 is an elite Air Force special operations team, one of more than two dozen teams from Earth who explore the galaxy and defend against alien threats such as the Goa'uld, Replicators, and the Ori.",1997.0,False
popular,tv,39351,Grimm,en,"Drama, Mystery, Sci-Fi & Fantasy",2011-10-28,89.3396,8.266,3617,US,"After Portland homicide detective Nick Burkhardt discovers he's descended from an elite line of criminal profilers known as ""Grimms,"" he increasingly finds his responsibilities as a detective at odds with his new responsibilities as a Grimm.",2011.0,False
popular,tv,220542,The Apothecary Diaries,ja,"Animation, Drama, Mystery",2023-10-22,87.1178,8.63,625,JP,"Maomao lived a peaceful life with her apothecary father. Until one day, she's sold as a lowly servant to the emperor's palace. But she wasn't meant for a compliant life among royalty. So when imperial heirs fall ill, she decides to step in and find a cure! This catches the eye of Jinshi, a handsome palace official who promotes her. Now, she's making a name for herself solving medical mysteries!",2023.0,False
popular,tv,10871,Hotel Cæsar,no,"Drama, Soap",1998-10-24,86.7043,3.6,13,NO,"Hotel Cæsar is a Norwegian soap opera that has been broadcast Monday to Friday on TV 2 since 1998. It was created by Swedish duo Peter Emanuel Falck and Christian Wikander. The show consists of more than 2,500 episodes, making it the longest running drama in television in Scandinavia.",1998.0,False
popular,tv,4385,The Colbert Report,en,"News, Comedy",2005-10-17,83.6401,6.945,308,US,"The Colbert Report is an American satirical late night television program. It stars political humorist Stephen Colbert, a former correspondent for The Daily Show with Jon Stewart. The Colbert Report is a spin-off from and counterpart to The Daily Show that comments on politics and the media in a similar way. The show focuses on a fictional anchorman character named Stephen Colbert, played by his real-life namesake. The character, described by Colbert as a ""well-intentioned, poorly informed, high-status idiot"", is a caricature of televised political pundits.",2005.0,False
popular,tv,1667,Saturday Night Live,en,"Comedy, News",1975-10-11,109.5633,6.908,519,US,"A late-night live television sketch comedy and variety show created by Lorne Michaels. The show's comedy sketches, which parody contemporary culture and politics, are performed by a large and varying cast of repertory and newer cast members. Each episode is hosted by a celebrity guest, who usually delivers an opening monologue and performs in sketches with the cast, and features performances by a musical guest.",1975.0,False
popular,tv,35007,De Fabeltjeskrant,nl,Kids,1968-09-29,113.1789,8.0,5,NL,"Fabeltjeskrant [ 'faːbəɫcəskrɑnt] is a Dutch children's television series featuring puppetry and stop motion. Created in 1968 by Leen Valkenier and produced by Thijs Chanowski and Loek de Levita, it ended in 1989 and was broadcast on the Dutch channels NOS, RTL 4 and RTL 8 and on Belgian channel VRT. From 1973 to 1975 it was broadcast also in the United Kingdom, on ITV, with the title The Daily Fable.",1968.0,False
popular,tv,16322,X Factor,it,"Reality, Family",2008-03-10,96.2787,7.5,12,IT,"X Factor is the Italian version of the British musical talent show The X Factor. The first four seasons aired on Rai 2, but since 2011 it has been broadcast on Sky Uno, with reruns on TV8, after Rai dropped the show due to high costs. Sky Italia acquired the format, extending its broadcast until 2024. Starting from the eleventh season, RTL 102.5 became the official radio station, replacing Radio Deejay and Radio 105. The show was hosted by Francesco Facchinetti (2008-2010), Alessandro Cattelan (2011-2020), Ludovico Tersigni (2021), and Francesca Michielin (2022-2023). From 2024 onwards, Giorgia will take over as host. Since the seventh season, the show has been produced by Fremantle Italia without the collaboration of Magnolia, which had produced the selection episodes in the early seasons.",2008.0,False
popular,tv,60574,Peaky Blinders,en,"Drama, Crime",2013-09-12,84.1168,8.525,11313,GB,"A gangster family epic set in 1919 Birmingham, England and centered on a gang who sew razor blades in the peaks of their caps, and their fierce boss Tommy Shelby, who means to move up in the world.",2013.0,False
popular,tv,41956,Death in Paradise,en,"Comedy, Crime, Drama, Mystery",2011-10-25,93.2139,7.442,339,GB,A brilliant but idiosyncratic British detective and his resourceful local team solve baffling murder mysteries on the fictional Caribbean island of Saint Marie.,2011.0,False
popular,tv,209867,Frieren: Beyond Journey's End,ja,"Animation, Action & Adventure, Drama, Sci-Fi & Fantasy",2023-09-29,83.7165,8.802,937,JP,"After the party of heroes defeated the Demon King, they restored peace to the land and returned to lives of solitude.  Generations pass, and the elven mage Frieren comes face to face with humanity’s mortality. She takes on a new apprentice and promises to fulfill old friends’ dying wishes. Can an elven mind make peace with the nature of life and death? Frieren embarks on her quest to find out.",2023.0,False
popular,tv,4239,Married... with Children,en,Comedy,1987-04-05,110.3527,7.728,1250,US,"Al Bundy is an unsuccessful middle aged shoe salesman with a miserable life and an equally dysfunctional family. He hates his job, his wife is lazy, his son is dysfunctional (especially with women), and his daughter is dim-witted and promiscuous.",1987.0,False
popular,tv,1636,Top of the Pops,en,Reality,1964-01-01,116.2072,6.6,44,GB,"The biggest stars, the most iconic performances, the most outrageous outfits – it’s Britain’s number one pop show.",1964.0,False
popular,tv,1411,Person of Interest,en,"Action & Adventure, Crime, Sci-Fi & Fantasy",2011-09-22,94.8905,8.1,2129,US,"John Reese, former CIA paramilitary operative, is presumed dead and teams up with reclusive billionaire Finch to prevent violent crimes in New York City by initiating their own type of justice. With the special training that Reese has had in Covert Operations and Finch's genius software inventing mind, the two are a perfect match for the job that they have to complete. With the help of surveillance equipment, they work ""outside the law"" and get the right criminal behind bars. ",2011.0,False
popular,tv,82588,Köln 50667,de,"Drama, Soap",2013-01-07,70.5894,0.0,0,DE,"The show is set in the city of Cologne and follows the lives of a group of young people in their twenties and thirties. The characters work, live, and love in the city, and the show focuses on their relationships, dramas, and personal struggles.",2013.0,False
popular,tv,873,Columbo,en,"Crime, Drama, Mystery",1971-09-15,94.2673,8.064,845,US,"Columbo is a friendly, verbose, disheveled-looking police detective who is consistently underestimated by his suspects. Despite his unprepossessing appearance and apparent absentmindedness, he shrewdly solves all of his cases and secures all evidence needed for indictment. His formidable eye for detail and meticulously dedicated approach often become clear to the killer only late in the storyline.",1971.0,False
popular,tv,320571,Know How...,en,Documentary,2012-07-05,75.0507,0.0,0,US,Get the know how to make technology work for you. TWiT shows you tech projects that you can do yourself and explains everything from tech basics to advanced techniques.,2012.0,False
popular,tv,278796,Kanaa,ta,Drama,2022-11-21,98.7552,0.0,0,IN,"Anbarasi, an innocent village girl, dreams of making a name for herself in the field of sports but faces numerous obstacles. Will she manage to tackle the hurdles and fulfil her dream?",2022.0,False
popular,tv,3034,Scene of the Crime,de,"Drama, Crime",1970-11-29,102.063,6.2,125,"AT, DE, CH","Tatort is a long-running German/Austrian/Swiss crime television series set in various parts of these countries. The show is broadcast on the channels of ARD in Germany, ORF in Austria and SF1 in Switzerland.",1970.0,False
popular,tv,315038,Resort,ta,Comedy,2026-03-13,77.142,0.0,0,IN,A debt-ridden room service boy rises to challenge a ruthless kitchen at a luxurious beachside haven.,2026.0,True
popular,tv,226637,High Potential,en,"Drama, Crime, Mystery",2024-09-17,82.2231,8.227,642,US,"Morgan is a single mom with an exceptional mind, whose unconventional knack for solving crimes leads to an unusual and unstoppable partnership with a by-the-book seasoned detective.",2024.0,False
popular,tv,287439,Kena Bou,bn,Drama,2022-09-11,85.2473,0.0,0,IN,Virendra Pratap Singh marries a much younger Purobi not of love but because of the situation. What will be the fate of this marriage and of Purobi's many dreams?,2022.0,False
popular,tv,33238,Running Man,ko,"Comedy, Reality",2010-07-11,75.3545,8.222,216,KR,"These days, as variety shows are gradually disappearing, this is one of Korea’s representative variety shows that has been responsible for Sunday evenings for over 10 years. This program features numerous stars and members going around various places, playing games, and completing missions. In particular, among the many fun elements of variety shows, this one focuses solely on laughter.

Open your eyes! Big fun is coming in!

Open your mouth! Big laughter is coming in!

Open your heart! Useful lessons are coming in!",2010.0,False
popular,tv,39269,Scandal,en,Drama,2012-04-05,74.7648,7.2,615,US,"Everyone has secrets and Olivia Pope has dedicated her life to protecting and defending the public images of the elite by keeping those secrets under wraps. Pope and her team are at the top of their game when it comes to getting the job done for their clients, but it becomes apparent that these ""gladiators in suits,"" who specialize in fixing the lives of other people, have trouble fixing those closest at hand -- their own.",2012.0,False
popular,tv,1435,The Good Wife,en,Drama,2009-09-22,97.8709,7.618,700,US,Alicia Florrick boldly assumes full responsibility for her family and re-enters the workforce after her husband's very public sex and political corruption scandal lands him in jail.,2009.0,False
popular,tv,60802,The Last Ship,en,"Action & Adventure, Drama, Sci-Fi & Fantasy",2014-06-22,77.7252,6.879,1071,US,"Their mission is simple: Find a cure. Stop the virus. Save the world. When a global pandemic wipes out eighty percent of the planet's population, the crew of a lone naval destroyer must find a way to pull humanity from the brink of extinction.",2014.0,False
popular,tv,276612,Ninaithen Vandhai,ta,Drama,2024-01-22,104.3511,0.0,0,IN,"Ezhil is devastated after his wife Indhumathi’s death. A simple village girl, Sudarvizhi, steps in to be his children's caretaker. But can Sudarvizhi fill the void in Ezhil and his children’s hearts?",2024.0,False
popular,tv,8590,Plus belle la vie,fr,"Drama, Comedy, Crime",2004-08-30,103.5142,4.4,38,FR,"The daily lives of the inhabitants of ""le Mistral"", an imaginary neighbourhood in the Mediterranean port city of Marseille, where wealthy families cross paths with the less than rich.",2004.0,False
popular,tv,1400,Seinfeld,en,Comedy,1989-07-05,82.96,8.255,2425,US,A stand-up comedian and his three offbeat friends weather the pitfalls and payoffs of life in New York City in the '90s. It's a show about nothing.,1989.0,False
popular,tv,288027,Sohag Chand,bn,Drama,2022-11-28,73.5385,0.0,0,IN,"Love conquers all: a curvy girl, a fit guy, pure fun.",2022.0,False
popular,tv,79917,Bares für Rares,de,"Talk, Reality, Documentary",2013-08-04,96.2455,7.6,9,DE,"In the show, selected applicants each present a curiosity, rarity or antique they have brought with them. Once they have received their expertise, they will have the opportunity on site to offer their exhibit to a changing five-person podium for sale and, ideally, to sell it to the highest bidder for „Bares“ (""cash"").",2013.0,False
popular,tv,291856,Forging Justice,zh,Drama,2026-08-10,70.8414,8.0,3,CN,"In the early years of China's reform and opening-up, five law school graduates—Chen Yizhong, Yu Gaoyuan, Lu Zeming, Xia Yingjie, and Zhang Lihui—embarked on diverse careers within the judicial system.",2026.0,True
top_rated,tv,276161,Teach You a Lesson,ko,"Action & Adventure, Drama, Comedy",2026-06-05,67.1306,9.4,821,KR,An inspector from the Educational Rights Protection Bureau (ERPB) who is authorized by the government to use physical intervention and unconventional methods to discipline delinquent students and reform the educational system.,2026.0,True
top_rated,tv,299167,Dutton Ranch,en,"Western, Drama",2026-05-15,70.0895,9.163,550,US,"Rip Wheeler and Beth Dutton gamble everything on a new life in South Texas, but the promise of building a future far from the ghosts of Yellowstone quickly collides with brutal new realities and a rival ranch that will stop at nothing to protect its empire.",2026.0,True
top_rated,tv,273240,Off Campus,en,Drama,2026-05-13,73.0045,8.917,805,US,"Hannah Wells tutors hockey captain Garrett Graham to win over her crush. Their deal becomes real connection as they face their pasts. Friends Logan, Dean, Tucker, and Allie navigate college life and love.",2026.0,True
top_rated,tv,259837,The WONDERfools,ko,"Action & Adventure, Comedy, Sci-Fi & Fantasy, Drama",2026-05-15,24.4141,8.874,250,KR,"A goofy group of townies stumbles into superpowers and fights rising evil as doomsday panic grows in this wild, turn-of-the-century action comedy.",2026.0,True
top_rated,tv,245026,Wizards Beyond Waverly Place,en,"Comedy, Sci-Fi & Fantasy, Family",2024-10-29,22.6795,8.9,201,US,"Justin Russo has chosen to lead a normal, mortal life with his family, Giada, Roman and Milo. But when Justin's sister Alex brings Billie to his home seeking help, Justin realizes he must dust off his magical skills to mentor the wizard-in-training while also juggling his everyday responsibilities — and safeguarding the future of the Wizard World.",2024.0,False
top_rated,tv,85077,The Chosen,en,"Action & Adventure, Family, Drama",2019-04-21,72.6914,8.796,958,US,The life of Christ through the eyes of those who encountered him.,2019.0,False
top_rated,tv,246,Avatar: The Last Airbender,en,"Animation, Action & Adventure, Sci-Fi & Fantasy",2005-02-21,33.9621,8.78,5057,US,"In a war-torn world of elemental magic, a young boy reawakens to undertake a dangerous mystic quest to fulfill his destiny as the Avatar, and bring peace to the world.",2005.0,False
top_rated,tv,219246,When Life Gives You Tangerines,ko,Drama,2025-03-07,30.8409,8.8,572,KR,"In Jeju, a spirited girl and a steadfast boy's island story blossoms into a lifelong tale of setbacks and triumphs — proving love endures across time.",2025.0,True
top_rated,tv,64010,Reply 1988,ko,Comedy,2015-11-06,15.794,8.76,223,KR,Take a nostalgic trip back to the late 1980s through the lives of five families and their five teenage kids living in a small neighbourhood in Seoul.,2015.0,False
top_rated,tv,94605,Arcane,en,"Animation, Action & Adventure, Sci-Fi & Fantasy",2021-11-06,35.31,8.751,6117,US,"Amid the stark discord of twin cities Piltover and Zaun, two sisters fight on rival sides of a war between magic technologies and clashing convictions.",2021.0,False
top_rated,tv,37854,One Piece,ja,"Action & Adventure, Comedy, Animation",1999-10-20,52.7429,8.751,5497,JP,"Years ago, the fearsome Pirate King, Gol D. Roger was executed leaving a huge pile of treasure and the famous ""One Piece"" behind. Whoever claims the ""One Piece"" will be named the new King of the Pirates.

Monkey D. Luffy, a boy who consumed a ""Devil Fruit,"" decides to follow in the footsteps of his idol, the pirate Shanks, and find the One Piece. It helps, of course, that his body has the properties of rubber and that he's surrounded by a bevy of skilled fighters and thieves to help him along the way.

Luffy will do anything to get the One Piece and become King of the Pirates!",1999.0,False
top_rated,tv,259666,No One Will Miss Us,es,"Drama, Comedy",2024-08-09,28.3466,8.747,360,MX,"It's the '90s, and five losers run an illegal business at their high school. They sell homework and assignments to their classmates. The advantage is that no one ever suspects the nerds. Their business brings them money and popularity. But hormones and an unexpected death threaten to ruin everything. If the business collapses, their futures and their friendships are at risk.",2024.0,False
top_rated,tv,301507,Heated Rivalry,en,Drama,2025-11-28,51.5657,8.744,586,CA,"Two of the biggest stars in Major League Hockey are bound by ambition, rivalry, and a magnetic pull neither of them fully understands. What begins as a secret fling between two fresh faced rookies evolves into a years-long journey of love, denial, and self-discovery. Over the next eight years, as they chase glory on the ice, they struggle to navigate their feelings for each other. Torn between the sport they live for and the love they can’t ignore, they must decide if there’s room in their fiercely competitive world for something as fragile – and powerful – as real love.",2025.0,True
top_rated,tv,87108,Chernobyl,en,Drama,2019-05-06,35.525,8.722,8204,US,The true story of one of the worst man-made catastrophes in history: the catastrophic nuclear accident at Chernobyl. A tale of the brave men and women who sacrificed to save Europe from unimaginable disaster.,2019.0,False
top_rated,tv,31911,Fullmetal Alchemist: Brotherhood,ja,"Animation, Action & Adventure, Sci-Fi & Fantasy, Drama",2009-04-05,61.8865,8.717,2548,JP,"Disregard for alchemy’s laws ripped half of Edward Elric’s limbs from his body and left his brother Alphonse’s soul clinging to a suit of armor. To restore what was lost, the brothers seek the Philosopher’s Stone. Enemies and allies – the corrupt military, the Homunculi, and foreign alchemists – will alter the Elric brothers course, but their purpose will remain unchanged and their bond unbreakable.",2009.0,False
top_rated,tv,60059,Better Call Saul,en,"Crime, Drama",2015-02-08,72.4038,8.711,6791,US,"Six years before Saul Goodman meets Walter White. We meet him when the man who will become Saul Goodman is known as Jimmy McGill, a small-time lawyer searching for his destiny, and, more immediately, hustling to make ends meet. Working alongside, and, often, against Jimmy, is “fixer” Mike Ehrmantraut. The series tracks Jimmy’s transformation into Saul Goodman, the man who puts “criminal” in “criminal lawyer"".",2015.0,False
top_rated,tv,200709,Weak Hero,ko,"Action & Adventure, Drama",2022-11-18,48.9919,8.7,508,KR,"With the aid of unexpected friends, a gifted but introverted student confronts bullies and violent foes — unaware of how dangerous his world will become.",2022.0,False
top_rated,tv,138502,X-Men '97,en,"Animation, Action & Adventure, Sci-Fi & Fantasy",2024-03-20,66.9292,8.693,856,US,"The X-Men, a band of mutants who use their uncanny gifts to protect a world that hates and fears them, are challenged like never before, forced to face a dangerous and unexpected new future.",2024.0,False
top_rated,tv,1429,Attack on Titan,ja,"Animation, Sci-Fi & Fantasy, Action & Adventure",2013-04-07,36.9171,8.684,7637,JP,"100 years ago, the last remnants of humanity were forced to retreat behind the towering walls of a fortified city to escape the massive, man-eating Titans that roamed the land outside their fortress. Only the members of the Scouting Legion dared to stray beyond the safety of the walls – but even those brave warriors seldom returned alive. Those within the city clung to the illusion of a peaceful existence until the day that dream was shattered, and their slim chance at survival was reduced to one horrifying choice: kill – or be devoured!",2013.0,False
top_rated,tv,127532,Solo Leveling,ja,"Animation, Action & Adventure, Sci-Fi & Fantasy",2024-01-07,54.3699,8.673,1941,JP,"They say whatever doesn’t kill you makes you stronger, but that’s not the case for the world’s weakest hunter Sung Jinwoo. After being brutally slaughtered by monsters in a high-ranking dungeon, Jinwoo came back with the System, a program only he could see, that’s leveling him up in every way. Now, he’s inspired to discover the secrets behind his powers and the dungeon that spawned them.",2024.0,False
top_rated,tv,92685,The Owl House,en,"Animation, Action & Adventure, Comedy, Sci-Fi & Fantasy, Family",2020-01-10,25.4617,8.7,1827,US,"Luz, a self-assured teenage human girl, accidentally stumbles upon a portal to a magical new world where she befriends a rebellious witch, Eda, and an adorably tiny warrior, King.",2020.0,False
top_rated,tv,42573,Slam Dunk,ja,"Animation, Comedy",1993-10-16,20.6975,8.7,980,JP,"Sakuragi Hanamichi is a junior high punk used to getting into fights and being rejected by girls but upon entering high school he meets the girl of his dreams, Haruko Akagi. He will do anything in order to win her heart including joining the school basketball team that is aiming to conquer the nation lead by Haruko's brother. The problem is that Sakuragi has never played basketball before and a freshman sensation is stealing the spotlight and Haruko's affection from him.",1993.0,False
top_rated,tv,42705,Fighting Spirit,ja,"Animation, Comedy, Drama, Action & Adventure",2000-10-03,25.6835,8.666,1224,JP,"Makunouchi Ippo is an ordinary high school student in Japan. Since he spends most of his time away from school helping his mother run the family business, he doesn't get to enjoy his younger years like most teenagers. Always a target for bullying at school (the family fishing business grants him a distinct odor), Ippo's life is one of hardship. One of these after-school bullying sessions turns Ippo's life around for the better, as he is saved by a boxer named Takamura. He decides to follow in Takamura's footsteps and train to become a boxer, giving his life direction and purpose. Ippo's path to perfecting his pugilistic prowess is just beginning...",2000.0,False
top_rated,tv,46298,Hunter x Hunter,ja,"Animation, Action & Adventure, Sci-Fi & Fantasy",2011-10-02,83.2889,8.663,2181,JP,"Gon, a young boy who lives on Whale Island, dreams of becoming a Hunter like his father, who left when Gon was still young.",2011.0,False
top_rated,tv,261145,The Amazing Digital Circus,en,"Animation, Comedy, Drama, Sci-Fi & Fantasy",2023-10-13,22.7252,8.663,399,AU,A woman finds herself trapped in a virtual circus where she and five other humans are subject to the whims of a wacky AI ringmaster. In this digital purgatory they must face frightening NPCs and cope with their own personal traumas.,2023.0,False
top_rated,tv,131378,Adventure Time: Fionna and Cake,en,"Animation, Action & Adventure, Comedy, Sci-Fi & Fantasy",2023-08-31,44.3692,8.7,346,US,"Fionna and Cake – with the help of the former Ice King, Simon Petrikov - embark on a multiverse-hopping adventure and journey of self-discovery. All the while a powerful new antagonist determined to track them down and erase them from existence, lurks in the shadows.",2023.0,False
top_rated,tv,89456,Primal,en,"Action & Adventure, Animation",2019-10-08,13.2739,8.7,1607,US,A caveman forms a bond with a dinosaur as they struggle to survive in a hostile world.,2019.0,False
top_rated,tv,271607,The Fragrant Flower Blooms with Dignity,ja,"Animation, Drama",2025-07-06,24.0238,8.657,249,JP,"When the intimidating Rintaro meets the open-minded Kaoruko, the unlikely duo grows closer. The issue? Their neighboring high schools hate each other.",2025.0,True
top_rated,tv,70785,Anne with an E,en,"Drama, Family",2017-03-19,33.5257,8.651,4979,CA,"A coming-of-age story about an outsider who, against all odds and numerous challenges, fights for love and acceptance and for her place in the world. The series centers on a young orphaned girl in the late 1890s, who, after an abusive childhood spent in orphanages and the homes of strangers, is mistakenly sent to live with an elderly woman and her aging brother. Over time, 13-year-old Anne will transform their lives and eventually the small town in which they live with her unique spirit, fierce intellect and brilliant imagination.",2017.0,False
top_rated,tv,74313,Blue Planet II,en,"Documentary, Family",2017-10-29,6.9688,8.642,359,GB,There is nowhere more powerful and unforgiving yet more beautiful and compelling than the ocean. Join us and explore the greatest yet least known parts of our planet.,2017.0,False
top_rated,tv,1430,Cosmos: A Personal Voyage,en,Documentary,1980-09-28,7.3873,8.648,452,US,"Carl Sagan covers a wide range of scientific subjects, including the origin of life and a perspective of our place in the universe.",1980.0,False
top_rated,tv,85937,Demon Slayer: Kimetsu no Yaiba,ja,"Animation, Action & Adventure, Sci-Fi & Fantasy",2019-04-06,20.4967,8.639,7422,JP,"After a demon attack leaves his family slain and his sister cursed, Tanjiro embarks upon a perilous journey to find a cure and avenge those he's lost.",2019.0,False
top_rated,tv,68595,Planet Earth II,en,"Documentary, Family",2016-11-06,9.447,8.638,960,GB,David Attenborough presents a documentary series exploring how animals meet the challenges of surviving in the most iconic habitats on earth.,2016.0,False
top_rated,tv,1044,Planet Earth,en,Documentary,2006-03-05,18.013,8.6,1278,GB,"David Attenborough celebrates the amazing variety of the natural world in this epic documentary series, filmed over four years across 64 different countries.",2006.0,False
top_rated,tv,1438,The Wire,en,"Crime, Drama",2002-06-02,70.7699,8.635,2790,US,"Told from the points of view of both the Baltimore homicide and narcotics detectives and their targets, the series captures a universe in which the national war on drugs has become a permanent, self-sustaining bureaucracy, and distinctions between good and evil are routinely obliterated.",2002.0,False
top_rated,tv,95557,INVINCIBLE,en,"Animation, Drama, Sci-Fi & Fantasy, Action & Adventure",2021-03-25,65.2659,8.635,6019,US,"Mark Grayson is a normal teenager except for the fact that his father is the most powerful superhero on the planet. Shortly after his seventeenth birthday, Mark begins to develop powers of his own and enters into his father's tutelage.",2021.0,False
top_rated,tv,72637,Once,es,"Comedy, Family, Soap",2017-06-19,20.303,8.631,1533,AR,"The series revolves around Gabo, a soccer-loving teenager who, upon receiving a scholarship from the prestigious Sports Academic Institute (IAD) of Buenos Aires, will see his dream of playing at Los Halcones Dorados, the renowned amateur team of the school, and also his longing to become a professional footballer.",2017.0,False
top_rated,tv,62741,Kamisama Kiss,ja,"Animation, Comedy, Sci-Fi & Fantasy",2012-10-02,14.643,8.631,1023,JP,"Nanami was just a normal high school girl down on her luck until a stranger’s lips marked her as the new Land God and turned her world upside down. Now, she’s figuring out the duties of a deity with the help of Tomoe, a reformed fox demon who reluctantly becomes her familiar in a contract sealed with a kiss. The new responsibilities—and boys—are a lot to handle, like the crow demon masquerading as a gorgeous pop idol and the adorable snake spirit who’s chosen the newly minted god to be his bride. As the headstrong Tomoe tries to whip her into shape, Nanami finds that love just might have cute, pointed fox ears. With romance in the air, will the human deity be able to prove herself worthy of her new title?",2012.0,False
top_rated,tv,3498,Wizards of Waverly Place,en,"Comedy, Sci-Fi & Fantasy, Kids",2007-10-12,26.1872,8.6,1202,US,"Alex, Justin and Max Russo are not your ordinary kids - they're wizards in training! While their parents run the Waverly Sub Station, the siblings struggle to balance their ordinary lives while learning to master their extraordinary powers.",2007.0,False
top_rated,tv,3854,The Spectacular Spider-Man,en,"Action & Adventure, Animation, Kids, Family",2008-03-08,27.3762,8.627,923,US,"Having spent the summer engaging common criminals with his new-found powers, not so typical 16-year-old Peter Parker must conceal his secret identity and battle super-villains in the real world as he enters his junior year of high school.",2008.0,False
top_rated,tv,77696,Run BTS!,ko,Reality,2015-08-01,15.0606,8.622,378,KR,"Run BTS! is a variety web series starring BTS, broadcasting intermittent for free viewing on Weverse and YouTube, was formerly offered weekly for free viewing on V LIVE.",2015.0,False
top_rated,tv,230923,Lovely Runner,ko,"Drama, Sci-Fi & Fantasy, Comedy, Mystery",2024-04-08,13.443,8.6,294,KR,"Right after Ryu Sun-jae, a top star, ends his life, Im Sol, his top fan, somehow ends up at a time when they were in high school and tries to protect him. A fantasy romance unfolds where people who missed each other in time finally meet.",2024.0,False
top_rated,tv,57706,Ranma ½,ja,"Comedy, Action & Adventure, Animation, Sci-Fi & Fantasy",1989-04-15,54.2007,8.621,1540,JP,"Ranma Saotome, a teenage martial artist, and his father Genma travel to the 'cursed training ground' of Jusenkyo in China. There, despite the warnings of the Chinese guard, they fall into the cursed springs. From now on, whenever Ranma is doused in cold water, he turns into a girl and a cute, well-built redhead at that. Hot water changes him back into a man again, but only until the next time. To make matters worse, his father engages him to Akane Tendo, a girl who hates boys.",1989.0,False
top_rated,tv,13916,Death Note,ja,"Animation, Mystery, Sci-Fi & Fantasy",2006-10-04,41.3439,8.621,5099,JP,"Light Yagami is an ace student with great prospects—and he’s bored out of his mind. But all that changes when he finds the Death Note, a notebook dropped by a rogue Shinigami death god. Any human whose name is written in the notebook dies, and Light has vowed to use the power of the Death Note to rid the world of evil. But will Light succeed in his noble goal, or will the Death Note turn him into the very thing he fights against?",2006.0,False
top_rated,tv,280945,"Bon Appétit, Your Majesty",ko,"Drama, Sci-Fi & Fantasy",2025-08-23,11.8442,8.62,254,KR,"After time traveling to the Joseon era, a talented chef meets a tyrant king. Her modern dishes captivate his palate, but royal challenges await her.",2025.0,True
top_rated,tv,40075,Gravity Falls,en,"Action & Adventure, Animation, Comedy, Family, Mystery, Sci-Fi & Fantasy",2012-06-15,53.3595,8.6,3568,US,"Twin brother and sister Dipper and Mabel Pines are in for an unexpected adventure when they spend the summer helping their great uncle Stan run a tourist trap in the mysterious town of Gravity Falls, Oregon.",2012.0,False
top_rated,tv,80040,Desafío Champions Sendokai,es,"Animation, Comedy, Action & Adventure, Family",2013-04-09,5.3594,8.618,241,ES,,2013.0,False
top_rated,tv,43,31 Minutes,es,"Comedy, Kids, Family",2003-03-15,8.9699,8.618,382,CL,"The program focuses on the adventures of the team of a low-prestige newscast, where something unexpected always happens. Their notes, while some are quite ridiculous, others are educational and leave a message both explicitly and implicitly. The news program is hosted by Tulio Triviño.",2003.0,False
top_rated,tv,67915,Guardian: The Lonely and Great God,ko,"Drama, Sci-Fi & Fantasy, Comedy",2016-12-02,26.7216,8.6,3120,KR,"In his quest for a bride to break his immortal curse, a 939-year-old guardian of souls meets a grim reaper and a sprightly student with a tragic past.",2016.0,False
top_rated,tv,60863,Haikyu!!,ja,"Animation, Comedy, Drama",2014-04-06,39.0537,8.616,1539,JP,"Inspired by a small-statured pro volleyball player, Hinata creates a volleyball team in his last year of middle school. Unfortunately the team is matched up against the ""King of the Court"" Tobio Kageyama’s team in their first tournament and inevitably lose. After the crushing defeat, Hinata vows to surpass Kageyama After entering high school, Hinata joins the volleyball team only to find that Tobio has also joined.",2014.0,False
top_rated,tv,35790,Cardcaptor Sakura,ja,"Animation, Sci-Fi & Fantasy, Action & Adventure",1998-04-07,29.7556,8.611,803,JP,"Sakura Kinomoto, an elementary school student who discovers that she possesses magical powers after accidentally freeing a set of magical cards from the book they had been sealed in for years. She is then tasked with retrieving those cards in order to avoid an unknown catastrophe from befalling the world.",1998.0,False
top_rated,tv,100,I Am Not an Animal,en,"Animation, Comedy, Sci-Fi & Fantasy",2004-05-10,2.8796,8.611,786,GB,"I Am Not An Animal is an animated comedy series about the only six talking animals in the world, whose cosseted existence in a vivisection unit is turned upside down when they are liberated by animal rights activists.",2004.0,False
top_rated,tv,289219,Star Wars: Maul - Shadow Lord,en,"Action & Adventure, Animation, Sci-Fi & Fantasy",2026-04-06,22.5932,8.6,222,US,"After the Clone Wars, Maul plots to rebuild his criminal syndicate on a planet untouched by the Empire.",2026.0,True
top_rated,tv,65930,My Hero Academia,ja,"Action & Adventure, Animation, Sci-Fi & Fantasy",2016-04-03,22.7189,8.6,5360,JP,"Izuku has dreamt of being a hero all his life—a lofty goal for anyone, but especially challenging for a kid with no superpowers. That’s right, in a world where eighty percent of the population has some kind of super-powered ""quirk,"" Izuku was unlucky enough to be born completely normal. But that’s not enough to stop him from enrolling in one of the world’s most prestigious hero academies.",2016.0,False
top_rated,tv,234763,The Boy's Word: Blood on the Asphalt,ru,"Drama, Crime",2023-11-09,8.6787,8.604,221,RU,"In the late 1980s, when “perestroika” was taking place in the USSR and the era of the Soviet Union was about to collapse, life became unstable and very different. The 1980s brought not only freedom, but also waves of crime on the city streets. While some young people began to ‘grow up’ on the streets, others found it difficult to find their place in this unpredictable reality. Andrey, lives with his mother and five-year-old sister. He studies at a music school and often encounters street teenagers who harass him. To protect himself, Andrey makes friends with one of these teenagers, Marat, who introduces him to gang life. Youth groups fight for every piece of territory; they defend their right to live the life, even breaking laws and promises. The only thing that matters to them is the vows they make to their gang members-brothers, with whom they confront the violence and fears of the adult world.",2023.0,False
top_rated,tv,85349,Amphibia,en,"Animation, Action & Adventure, Comedy, Sci-Fi & Fantasy, Family",2019-06-17,25.1883,8.603,355,US,"The adventures of 13-year-old, self-centered Anne Boonchuy who is magically transported to the fictitious world of Amphibia, a rural marshland full of frog-people. With the help of an excitable young frog named Sprig, Anne will become a hero and discover the first true friendship of her life.",2019.0,False
top_rated,tv,62914,Merlí,ca,"Comedy, Drama",2015-09-14,9.7024,8.601,1182,ES,"He’s surly, unorthodox, unapologetically blunt, and he’s about to change your life. Meet the new philosophy teacher, Merlí, who will help his students view the world in a whole new light, both in and out of the classroom.",2015.0,False
top_rated,tv,79141,Scissor Seven,zh,"Animation, Comedy, Action & Adventure, Sci-Fi & Fantasy",2018-04-25,31.0263,8.6,784,CN,"Seeking to recover his memory, a scissor-wielding, hairdressing, bungling quasi-assassin stumbles into a struggle for power among feuding factions.",2018.0,False
top_rated,tv,4613,Band of Brothers,en,"Drama, War & Politics",2001-09-09,33.6521,8.6,4325,US,"Drawn from interviews with survivors of Easy Company, as well as their journals and letters, Band of Brothers chronicles the experiences of these men from paratrooper training in Georgia through the end of the war. As an elite rifle company parachuting into Normandy early on D-Day morning, participants in the Battle of the Bulge, and witness to the horrors of war, the men of Easy knew extraordinary bravery and extraordinary fear - and became the stuff of legend. Based on Stephen E. Ambrose's acclaimed book of the same name.",2001.0,False
top_rated,tv,37419,Zoids: Chaotic Century,ja,"Action & Adventure, Animation, Comedy, Sci-Fi & Fantasy",1999-09-04,12.1229,8.591,372,JP,"Set on the distant planet Zi, the story unfolds in a world where biomechanical creatures called Zoids serve as powerful weapons in the long-standing conflict between the Helic Republic and the Guylos Empire. A fragile ceasefire holds, but rising tensions and the return of ancient Zoidian technology threaten to plunge both nations back into war. The story follows Van Flyheight, a young boy who discovers Fiona, a mysterious girl with no memory, and Zeke, an Organoid capable of enhancing a Zoid’s combat abilities. Traveling with the resourceful Moonbay and the reserved mercenary Irvine, the group searches for clues to Fiona’s past. Their journey leads them across the Republic and eventually into the heart of a renewed conflict that will shape the future of Zi.",1999.0,False
top_rated,tv,119464,Navillera,ko,Drama,2021-03-22,5.6484,8.6,205,KR,A 70-year-old with a dream and a 23-year-old with a gift lift each other out of harsh realities and rise to the challenge of becoming ballerinos.,2021.0,False
top_rated,tv,82728,Bluey,en,"Animation, Comedy, Family, Kids",2018-10-01,48.4949,8.6,733,AU,"Bluey is an inexhaustible six year-old Blue Heeler dog, who loves to play and turns everyday family life into extraordinary adventures, developing her imagination as well as her mental, physical and emotional resilience.",2018.0,False
top_rated,tv,46896,The Originals,en,"Sci-Fi & Fantasy, Drama, Mystery",2013-10-03,45.9176,8.586,3627,US,"The Vampire Diaries spin-off that follows the Mikaelsons, a family of millennia-old, power-hungry vampires who want to reclaim the city they built, New Orleans, and dominate all those who have wronged them.",2013.0,False
top_rated,tv,2098,Batman: The Animated Series,en,"Action & Adventure, Animation, Drama, Mystery",1992-09-05,47.0508,8.585,1874,US,"Vowing to avenge the murder of his parents, Bruce Wayne devotes his life to wiping out crime in Gotham City as the masked vigilante ""Batman"".",1992.0,False
top_rated,tv,95269,Toilet-Bound Hanako-kun,ja,"Animation, Mystery, Sci-Fi & Fantasy",2020-01-10,21.7953,8.6,786,JP,"To be united with her crush, a hopeless romantic summons the ghost in the girls' bathroom at her school. But she's shocked when the ghost is a boy!",2020.0,False
top_rated,tv,135157,Alchemy of Souls,ko,"Drama, Sci-Fi & Fantasy, Action & Adventure, Mystery",2022-06-18,21.2231,8.58,814,KR,"A powerful sorceress in a blind woman's body encounters a man from a prestigious family, who wants her help to change his destiny.",2022.0,False
top_rated,tv,61663,Your Lie in April,ja,"Animation, Comedy, Drama",2014-10-10,28.3695,8.579,1173,JP,"Kousei Arima was a genius pianist until his mother's sudden death took away his ability to play. Each day was dull for Kousei. But, then he meets a violinist named Kaori Miyazono who has an eccentric playing style. Can the heartfelt sounds of the girl's violin lead the boy to play the piano again?",2014.0,False
top_rated,tv,36189,Boris,it,Comedy,2007-04-16,14.5957,8.578,249,IT,"Boris is an Italian television series created by Luca Manzi and Carlo Mazzotta, initially produced from 2007 to 2010, with a revival season premiered in 2022.

The show brings to the stage the behind the scenes of a television set where a troupe is shooting Gli occhi del cuore 2 (The eyes of the heart 2), a satirical portrait of the many fictions airing on the Italian TV networks.",2007.0,False
top_rated,tv,21650,I'm in the Band,en,Comedy,2009-11-27,6.684,8.583,277,US,"Tripp Campbell is the new lead guitarist for Iron Weasel, a band that once ruled the world of 80s pop metal. Can he push the washed-up rockers out of his parents' guest room and back in the limelight?",2009.0,False
top_rated,tv,35610,InuYasha,ja,"Animation, Action & Adventure, Sci-Fi & Fantasy",2000-10-16,30.6918,8.6,2098,JP,"Kagome Higurashi is a modern day young girl who lives with her family by the old Higure shrine. Unbeknownst to Kagome, she is the reincarnation of priestess Kikyo and posseses the ""Jewel of Four Souls"" (the Shikon jewel). One ill-fated day, Kagome locates an ancient well near her home and is abruptly transported through the well and into a feudal Japan, inhabited by demons. There, she encounters Inuyasha, son of a powerful demon father and a human mother, who is pinned to a tree by an enchanted arrow.",2000.0,False
top_rated,tv,31356,Big Time Rush,en,"Comedy, Kids",2009-11-28,13.4677,8.572,1686,US,"Four teenage friends move from Minneapolis to Los Angeles to form a potential chart-topping boy band after Kendall is inadvertently discovered by an eccentric record executive, Gustavo Rocque. As they seize this opportunity of a lifetime, these friends embark on an exciting comedy and music-filled journey to prove to themselves and their record label that they are serious about their new career choice.",2009.0,False
top_rated,tv,61617,Over the Garden Wall,en,"Mystery, Sci-Fi & Fantasy, Animation, Family, Comedy",2014-11-03,13.2833,8.6,1801,US,"Two brothers, Wirt and Greg, find themselves lost in the Unknown; a strange forest adrift in time. With the help of a wise old Woodsman and a foul-tempered bluebird named Beatrice, Wirt and Greg must travel across this strange land, in hope of finding their way home. Join them as they encounter surprises and obstacles on their journey through the wood.",2014.0,False
top_rated,tv,1408,House,en,Drama,2004-11-16,161.4748,8.565,7822,US,"Dr. Gregory House, a drug-addicted, unconventional, misanthropic medical genius, leads a team of diagnosticians at the fictional Princeton–Plainsboro Teaching Hospital in New Jersey.",2004.0,False
top_rated,tv,124834,Heartstopper,en,Drama,2022-04-22,15.6068,8.6,1763,GB,Teens Charlie and Nick discover their unlikely friendship might be something more as they navigate school and young love.,2022.0,False
top_rated,tv,2192,Robotech,en,"Animation, Drama, Sci-Fi & Fantasy",1985-03-04,8.8773,8.564,383,US,"Robotech is an 85-episode adaptation of three different anime television series made between 1982-1984 in Japan; the adaptation was aired in 1985. Within the combined and edited story, Robotechnology refers to the scientific advances discovered in an alien starship that crashed on a South Pacific island. With this technology, Earth developed giant robotic machines or mecha to fight three successive extraterrestrial invasions.",1985.0,False
top_rated,tv,9302,Digimon Tamers,ja,"Animation, Action & Adventure, Sci-Fi & Fantasy",2001-04-01,11.6186,8.562,380,JP,"Takato, Ruki, and Lee are children who have, by fate, received real Digimon, unlike the imaginary ones in the card game they play. Each of the children, or Digimon Tamers, have their different views on how Digimon should be treated. But when other Digimon begin to appear around Japan, they must put aside their differences to fend off the digital intruders.",2001.0,False
top_rated,tv,890,Neon Genesis Evangelion,ja,"Sci-Fi & Fantasy, Animation, Drama",1995-10-04,31.9195,8.562,2150,JP,"At the turn of the century, the Angels returned to Earth, seeking to wipe out humanity in an apocalyptic fury. Devastated, mankind's last remnants moved underground to wait for the day when the Angels would come back to finish the job. Fifteen years later, that day has come... but this time, humanity is ready to fight back with terrifying bio-mechanical weapons known as the Evangelions. Watch as Shinji, Rei, Asuka and the rest of the mysterious shadow agency Nerv battle to save earth from total annihilation.",1995.0,False
top_rated,tv,97186,"Love, Victor",en,"Comedy, Drama",2020-06-17,18.3741,8.561,1660,US,"Victor is a new student at Creekwood High School on his own journey of self-discovery, facing challenges at home, adjusting to a new city, and struggling with his sexual orientation. When it all seems too much, he reaches out to Simon to help him navigate the ups and downs of high school.",2020.0,False
top_rated,tv,80564,Banana Fish,ja,"Animation, Drama, Action & Adventure, Mystery, Crime",2018-07-06,16.8087,8.6,930,JP,A teenaged gang leader in New York City faces his abuser and rival gangs alongside a photojournalist from Japan as they investigate a deadly new drug.,2018.0,False
top_rated,tv,76662,My Mister,ko,Drama,2018-03-21,8.6538,8.6,201,KR,"In a world that is less than kind, a young woman and a middle-aged man develop a sense of kinship as they find warmth and comfort in one another.",2018.0,False
top_rated,tv,45790,JoJo's Bizarre Adventure,ja,"Animation, Action & Adventure, Sci-Fi & Fantasy",2012-10-06,67.6198,8.6,1642,JP,"Follow the intergenerational feud between the Joestar Family and various forces of evil, the most prominent of which is Dio Brando and his followers.",2012.0,False
top_rated,tv,207250,The Dangers in My Heart,ja,"Animation, Comedy",2023-04-02,27.9629,8.56,260,JP,"Kyotaro Ichikawa, a boy barely clinging to the bottom rung of his school's social ladder, secretly believes he’s the tortured lead in some psychological thriller. He spends his days dreaming up ways to disrupt his classmates' peaceful lives and pining after Anna Yamada, the class idol. But Kyotaro's not nearly the troubled teen he pretends to be…and it turns out Anna's a bit odd herself!",2023.0,False
top_rated,tv,94954,Hazbin Hotel,en,"Animation, Comedy, Drama, Sci-Fi & Fantasy",2024-01-18,32.4135,8.556,1637,US,"In attempt to find a non-violent alternative for reducing Hell's overpopulation, the daughter of Lucifer opens a rehabilitation hotel that offers a group of misfit demons a chance at redemption.",2024.0,False
top_rated,tv,98214,Villainous,es,Animation,2017-05-15,5.5578,8.554,305,MX,"Follow the misadventures of the Black Hat Org. with evil handyman Black Hat and his less evil aides Dr. Flugslys, Demencia, 5.0.5, Cam Bot, and Penumbra.",2017.0,False
top_rated,tv,256721,Gachiakuta,ja,"Animation, Action & Adventure, Drama, Sci-Fi & Fantasy",2025-07-06,31.3655,8.551,322,JP,"Accused of murder and thrown into the Pit, a young orphan joins a group of monster fighters with special powers to uncover the truth and seek vengeance.",2025.0,True
top_rated,tv,12313,Shadow Hunter,en,"Sci-Fi & Fantasy, Drama",2005-12-08,1.6075,8.5,922,CA,"A documentary series about the paranormal, hosted by Darryll Walsh, a ghost hunter, best-selling author and doctor of parapsychology.",2005.0,False
top_rated,tv,65844,KONOSUBA - God's blessing on this wonderful world!,ja,"Action & Adventure, Animation, Comedy, Sci-Fi & Fantasy",2016-01-14,33.2824,8.545,1469,JP,"After a traffic accident, Kazuma Sato’s  disappointingly brief life was supposed to be over, but he wakes up to  see a beautiful girl before him. She claims to be a goddess, Aqua, and  asks if he would like to go to another world and bring only one thing  with him. Kazuma decides to bring the goddess herself, and they are  transported to a fantasy world filled with adventure, ruled by a demon  king. Now Kazuma only wants to live in peace, but Aqua wants to solve  many of this world’s problems, and the demon king will only turn a blind  eye for so long…",2016.0,False
top_rated,tv,86031,Dr. STONE,ja,"Animation, Action & Adventure, Comedy, Sci-Fi & Fantasy",2019-07-05,10.7565,8.543,1765,JP,"One fateful day, all of humanity was petrified by a blinding flash of light. After several millennia, high schooler Taiju awakens and finds himself lost in a world of statues. However, he’s not alone! His science-loving friend Senku’s been up and running for a few months and he's got a grand plan in mind—to kickstart civilization with the power of science!",2019.0,False
top_rated,tv,83121,Kaguya-sama: Love Is War,ja,"Comedy, Animation",2019-01-12,35.7723,8.5,875,JP,"Considered a genius due to having the highest grades in the country, Miyuki Shirogane leads the prestigious Shuchiin Academy's student council as its president, working alongside the beautiful and wealthy vice president Kaguya Shinomiya. The two are often regarded as the perfect couple by students despite them not being in any sort of romantic relationship.",2019.0,False
top_rated,tv,73488,Les Contes de la rue Broca,fr,"Animation, Comedy, Kids",1996-12-23,7.604,8.543,289,FR,,1996.0,False
top_rated,tv,240411,Dan Da Dan,ja,"Animation, Action & Adventure, Comedy, Sci-Fi & Fantasy",2024-10-04,37.3442,8.54,927,JP,"In a bet to prove whether ghosts or aliens exist, two high schoolers face terrifying paranormal threats, gain superpowers and maybe even fall in love?!",2024.0,False
top_rated,tv,32118,Generator Rex,en,"Animation, Action & Adventure, Kids, Sci-Fi & Fantasy",2010-04-23,16.7028,8.5,423,US,"Generator Rex, an average teenager with the ability to turn his body into amazing machines, helps the secret organization Providence save the world from the nanite threat and dangerous EVO monsters.",2010.0,False
top_rated,tv,37606,The Amazing World of Gumball,en,"Animation, Family, Sci-Fi & Fantasy, Comedy",2011-05-03,44.4428,8.536,1777,US,"The life of Gumball Watterson, a 12-year old cat who attends middle school in Elmore. Accompanied by his pet, adoptive brother, and best friend Darwin Watterson, he frequently finds himself involved in various shenanigans around the city, during which he interacts with various family members: Anais, Richard, and Nicole Watterson, and other various citizens.",2011.0,False
top_rated,tv,83880,Our Planet,en,"Documentary, Family",2019-04-05,6.9583,8.535,473,GB,Experience our planet's natural beauty and examine how climate change impacts all living creatures in this ambitious documentary of spectacular scope.,2019.0,False
top_rated,tv,61222,BoJack Horseman,en,"Animation, Comedy, Drama",2014-08-22,55.8165,8.532,2945,US,"Meet the most beloved sitcom horse of the '90s , 20 years later. He's a curmudgeon with a heart of...not quite gold...but something like gold. Copper?",2014.0,False
top_rated,tv,31910,Naruto Shippūden,ja,"Animation, Action & Adventure, Sci-Fi & Fantasy",2007-02-15,56.1049,8.532,8741,JP,"After 2 and a half years Naruto finally returns to his village of Konoha, and sets about putting his ambitions to work. It will not be easy though as he has amassed a few more dangerous enemies, in the likes of the shinobi organization; Akatsuki.",2007.0,False
top_rated,tv,94796,Crash Landing on You,ko,"Drama, Comedy",2019-12-14,18.6606,8.5,961,KR,"A paragliding mishap drops a South Korean heiress in North Korea -- and into the life of an army officer, who decides he will help her hide.",2019.0,False
top_rated,tv,88040,given,ja,"Animation, Drama",2019-07-12,6.5792,8.531,803,JP,"Ritsuka’s lost his spark for music—until he hears Mafuyu sing. One voice pulls him back in, and suddenly, everything starts to change between them.",2019.0,False
top_rated,tv,210733,Hidden Love,zh,Drama,2023-06-20,14.8143,8.5,253,CN,"Since high school, Sang Zhi has had a crush on Duan Jiaxu. When fate brings them together again, they find a chance to embark on a sweet relationship.",2023.0,False
top_rated,tv,83100,Dororo,ja,"Animation, Action & Adventure",2019-01-07,17.7525,8.526,1345,JP,"During the Warring States period, the young thief Dororo encounters Hyakkimaru, a strange, sightless boy who wields fearsome prosthetics in place of his missing limbs. Parts of Hyakkimaru’s body were traded to a group of 12 demons by his father in exchange for power, but thanks to a kindly medicine man, Hyakkimaru survived his horrifying ordeal. Now he roams the land in search of his missing body, and together he and Dororo will fight to survive in an unforgiving, demon-plagued world.",2019.0,False
top_rated,tv,9160,Candy Candy,ja,"Animation, Drama, Kids",1976-10-01,14.7158,8.526,724,JP,"This story is about a girl, Candy, who is a orphan. She is a nice and optimistic girl and she has a warm heart. When she was a child, she lived in an orphanage called Pony's Home. She had a good friend called Ann. And she met the ""handsome boy on the hill"" who is a important person in her life, on the hill behind the orphanage.

She was adopted by the Loka's family. What's awaiting her are the bad-hearted Leo and his sister, Eliza. One day, in the rose garden, she met a boy, who is identical to the ""handsome boy on the hill"" who she had met in her childhood. The boy is called Antony. Thereafter, a fantastic story that she has never expected begins.",1976.0,False
top_rated,tv,28136,Rurouni Kenshin,ja,"Action & Adventure, Animation, Comedy",1996-01-10,23.8829,8.521,823,JP,"The Meiji Era was one of great renewal for Japan, where swords and killing were outlawed. However, many survivors from the time of Revolution still live, lurking in the shadows and waiting for a chance to use their killing blades again. Only Kenshin Himura, formerly one of the most brutal of killers, hopes to keep his swordsman's honor and still live in the new era.",1996.0,False
top_rated,tv,126485,Moving,ko,"Mystery, Drama, Action & Adventure",2023-08-09,16.2833,8.52,305,KR,"Children who live in hiding with superpowers, along with their parents who live with painful secrets of the past, face enormous dangers together.",2023.0,False
top_rated,tv,117376,Vincenzo,ko,"Action & Adventure, Comedy, Drama, Crime",2021-02-20,19.2653,8.518,1095,KR,"During a visit to his motherland, a Korean-Italian Mafia lawyer gives an unrivaled conglomerate a taste of its own medicine  with a side of justice.",2021.0,False
top_rated,tv,114410,Chainsaw Man,ja,"Animation, Action & Adventure, Sci-Fi & Fantasy, Comedy",2022-10-12,33.0337,8.519,2294,JP,"Denji has a simple dream—to live a happy and peaceful life, spending time with a girl he likes. This is a far cry from reality, however, as Denji is forced by the yakuza into killing devils in order to pay off his crushing debts. Using his pet devil Pochita as a weapon, he is ready to do anything for a bit of cash.",2022.0,False
top_rated,tv,82739,Rascal Does Not Dream of Bunny Girl Senpai,ja,"Animation, Comedy, Drama",2018-10-04,33.4392,8.518,1332,JP,"Puberty Syndrome—a rumored, mysterious syndrome that only affects those in their puberty. For example, a bunny girl suddenly appeared in front of Sakuta Azusagawa. The bunny girl's real identity is Mai Sakurajima, a teenage celebrity who is currently an inactive high school senior. For some reason, her charming figure does not reflect in the eyes of others. In the course of revealing the mystery behind this phenomenon, Sakuta begins to explore his feelings towards Mai. Set in a city where the skies and seas shine, Sakuta unfolds the meaning behind his bizarre encounters on women with the said syndrome.",2018.0,False
top_rated,tv,126506,Smiling Friends,en,"Animation, Comedy, Sci-Fi & Fantasy",2020-04-01,23.7119,8.5,464,US,"Smiling Friends Inc. is a small company whose main purpose is to bring happiness and make people smile. The series follows the day-to-day lives and misadventures of its representatives, the lazy, cynical Charlie, and the cheerful, optimistic Pim, as they try to cheer up and comfort the troubled people who call their company's hotline. They receive seemingly simple requests but the jobs turn out to be more complicated than they seem, making it difficult to bring happiness to the world.",2020.0,False
top_rated,tv,90447,Hotel Del Luna,ko,"Sci-Fi & Fantasy, Drama, Comedy",2019-07-12,10.499,8.5,638,KR,"When he's invited to manage a hotel for dead souls, an elite hotelier gets to know the establishment's ancient owner and her strange world.",2019.0,False
top_rated,tv,30981,Monster,ja,"Animation, Drama, Mystery, Crime",2004-04-07,55.0824,8.513,823,JP,"Kenzou Tenma, a Japanese brain surgeon in Germany, finds his life in utter turmoil after getting involved with a psychopath that was once a former patient.",2004.0,False
top_rated,tv,67389,Golden Time,ja,"Animation, Drama",2013-10-03,33.846,8.513,590,JP,"Banri Tada is a freshman at a Tokyo law school. After an accident, he suffers severe memory loss. Despite the incident, he befriends fellow freshman, Mitsuo Yanagisawa, which leads him to the beautiful, yet obsessive, Kouko Kaga.",2013.0,False
top_rated,tv,3793,Invader ZIM,en,"Animation, Comedy, Sci-Fi & Fantasy, Family",2001-03-30,12.8532,8.5,469,US,"Zim dreams of greatness. Unfortunately, though, he's hopelessly inept as a space invader. Desperate to be rid of the annoying Zim, his planet's leaders send him on a mission to infiltrate Earth, providing him with leftover, cobbled-together equipment. To their consternation, Zim succeeds in setting up a base on Earth and infiltrating human culture, posing as a human child as he plots the planet's downfall. Only Zim's archnemesis, Dib, recognizes that Zim is an alien, and of course, nobody believes Dib's claims.",2001.0,False
top_rated,tv,76121,DARLING in the FRANXX,ja,"Animation, Drama, Sci-Fi & Fantasy, Comedy",2018-01-13,17.9899,8.5,1931,JP,"The distant future: Humanity established the mobile fort city, Plantation, upon the ruined wasteland. Within the city were pilot quarters, Mistilteinn, otherwise known as the “Birdcage.” That is where the children live... Their only mission in life was the fight. Their enemies are the mysterious giant organisms known as Kyoryu. The children operate robots known as FRANXX in order to face these still unseen enemies. Among them was a boy who was once called a child prodigy: Code number 016, Hiro. One day, a mysterious girl called Zero Two appears in front of Hiro. “I’ve found you, my Darling.”",2018.0,False
top_rated,tv,68129,Yuri!!! on Ice,ja,"Animation, Comedy, Drama",2016-10-06,14.4088,8.511,666,JP,"While on the verge of retirement, skater Yuri Katsuki meets Yuri Plisetsky and Victor Nikiforov, two skaters who rekindle his competitive fire.",2016.0,False
top_rated,tv,120089,SPY x FAMILY,ja,"Animation, Action & Adventure, Comedy",2022-04-09,69.1734,8.508,2331,JP,"A spy, an assassin and a telepath come together to pose as a family, each for their own reasons, while hiding their true identities from each other.",2022.0,False
top_rated,tv,88803,Vinland Saga,ja,"Animation, War & Politics, Action & Adventure, Drama",2019-07-08,15.6702,8.5,1005,JP,"For a thousand years, the Vikings have made quite a name and reputation for themselves as the strongest families with a thirst for violence. Thorfinn, the son of one of the Vikings' greatest warriors, spends his boyhood in a battlefield enhancing his skills in his adventure to redeem his most-desired revenge after his father was murdered.",2019.0,False
top_rated,tv,83639,Girl from Nowhere,th,"Drama, Mystery, Crime",2018-10-27,13.619,8.5,958,TH,"A mysterious, clever girl named Nanno transfers to different schools, exposing the lies and misdeeds of the students and faculty at every turn.",2018.0,False
top_rated,tv,66433,Scarlet Heart: Ryeo,ko,"Drama, Sci-Fi & Fantasy, War & Politics",2016-08-29,10.0323,8.508,596,KR,A story of a 25-year-old Go Hajin who is transported back in time to the Goryeo Dynasty. She then wakes up in the body of Lady Hae Soo and finds herself amongst the ruling princes of the Wang Family.,2016.0,False
top_rated,tv,127529,Bloodhounds,ko,"Drama, Action & Adventure, Crime",2023-06-09,40.1085,8.507,783,KR,"Faced with ruthless foes with a violent thirst, two young boxers band together — risking life and limb to bring justice and protect their loved ones.",2023.0,False
top_rated,tv,110070,Horimiya,ja,"Animation, Comedy, Drama",2021-01-10,20.5355,8.507,1162,JP,"A secret life is the one thing they have in common. At school, Hori is a prim and perfect social butterfly, but the truth is she's a brash homebody. Meanwhile, under a gloomy facade, Miyamura hides a gentle heart, along with piercings and tattoos. In a chance meeting, they both reveal a side they've never shown. Could this blossom into something new?",2021.0,False
top_rated,tv,75214,Violet Evergarden,ja,"Animation, Drama, Sci-Fi & Fantasy, War & Politics",2018-01-11,20.1828,8.5,993,JP,"The war is over, and Violet Evergarden needs a job. Scarred and emotionless, she takes a job as a letter writer to understand herself and her past.",2018.0,False
top_rated,tv,19885,Sherlock,en,"Crime, Drama, Mystery",2010-07-25,38.2035,8.507,6631,GB,A modern update finds the famous sleuth and his doctor partner solving crime in 21st century London.,2010.0,False
top_rated,tv,6357,The Twilight Zone,en,"Sci-Fi & Fantasy, Mystery, Drama",1959-10-02,38.3861,8.508,1060,US,"An anthology series containing drama, psychological thriller, fantasy, science fiction, suspense, and/or horror, often concluding with a macabre or unexpected twist.",1959.0,False
top_rated,tv,77721,Real Girl,ja,"Animation, Comedy, Drama",2018-04-04,8.3522,8.506,464,JP,"Tsutsui Hikari (a.k.a ""Tsuttsun"") is a high school student who is content with his virtual life of anime and video games. One day, he gets stuck cleaning the pool with Iroha, a real live girl who is stylish, sassy and known to be easy with boys ... and she aggressively approaches him! Tsuttsun, who has few friends and lives in his own world, finds himself smitten by the confident and wild Iroha ... and his whole world is turned upside down!! It's the awkward and pure love story of a boy who experiences relationship for the first time.",2018.0,False
top_rated,tv,58474,Cosmos,en,Documentary,2014-03-09,23.2099,8.506,1717,US,Famed astrophysicist Neil deGrasse Tyson provides clarity for the vision of the cosmos as he voyages across the universe with never-before-told stories that delve into the scientific concepts of the laws of gravity and the origins of space and time.,2014.0,False
top_rated,tv,35935,Berserk,ja,"Action & Adventure, Sci-Fi & Fantasy, Animation",1997-10-08,19.4456,8.505,842,JP,"Guts, a wandering mercenary, joins the Band of the Hawk after being defeated in a duel by Griffith, the group's leader and founder. Together, they dominate every battle, but something menacing lurks in the shadows.",1997.0,False
top_rated,tv,11466,Kaamelott,fr,"Comedy, Drama, Sci-Fi & Fantasy",2005-01-03,28.9576,8.5,210,FR,"Kaamelott is a French comedy medieval fantasy television series created, directed, written, scored, and edited by Alexandre Astier, who also starred as the main character. The series, which originally ran for six seasons (referred to as 'books'), ran from January 3, 2005, to October 31, 2009, on M6.

In this offbeat account of King Arthur's quest for the Grail, virtually every journey, battle or adventure is stopped dead in its tracks by the knights of the round table's most worldly traits: cowardice, greed, idiocy or misplaced chivalry. As a consequence, instead of epic adventures we are treated with the characters' pragmatic and anachronistic take on each and every event in the Grail legend, true to the purest sitcom tradition.",2005.0,False
top_rated,tv,259909,Dexter: Resurrection,en,"Crime, Drama, Mystery",2025-07-13,22.2994,8.511,620,US,"Dexter Morgan awakens from a coma to find Harrison gone without a trace. Realizing the weight of what he put his son through, Dexter sets out for New York City, determined to find him and make things right. But closure won't come easy. When Miami Metro's Angel Batista arrives with questions, Dexter realizes his past is catching up to him fast. As father and son navigate their own darkness in the city that never sleeps, they soon find themselves deeper than they ever imagined - and that the only way out is together.",2025.0,True
top_rated,tv,108261,Mr. Queen,ko,"Drama, Comedy, Sci-Fi & Fantasy",2020-12-12,10.2266,8.504,505,KR,"A modern chef suddenly becomes trapped inside the body of a queen from the Joseon era, which causes chaos for everyone involved.",2020.0,False
top_rated,tv,45950,High School DxD,ja,"Animation, Action & Adventure, Comedy, Sci-Fi & Fantasy",2012-01-06,44.7502,8.503,2063,JP,"Issei Hyodo is your average perverted high school student whose one wish in life is to have his own harem, but he's got to be one of the unluckiest guys around. He goes on his first date with a girl only to get brutally attacked and killed when it turns out the girl is really a vicious fallen angel. To top it all off, he's later reincarnated as a devil by his gorgeous senpai who tells him that she is also a devil and now his master! One thing's for sure, his peaceful days are over. In a battle between devils and angels, who will win?",2012.0,False
top_rated,tv,125910,Young Royals,sv,Drama,2021-07-01,10.6147,8.5,1223,SE,"Prince Wilhelm adjusts to life at his prestigious new boarding school, Hillerska, but following his heart proves more challenging than anticipated.",2021.0,False
top_rated,tv,96462,It's Okay to Not Be Okay,ko,"Drama, Comedy",2020-06-20,12.0664,8.502,1511,KR,"Desperate to escape from his emotional baggage and the heavy responsibility he’s had all his life, a psychiatric ward worker begins to heal with help from the unexpected – a woman who writes fairy tales but doesn’t believe in them.",2020.0,False
top_rated,tv,89901,Dickinson,en,"Comedy, Drama",2019-11-01,16.7305,8.501,992,US,"Emily Dickinson. Poet. Daughter. Total rebel. In this coming-of-age story, Emily’s determined to become the world's greatest poet.",2019.0,False
top_rated,tv,229480,No Gain No Love,ko,"Drama, Comedy",2024-08-26,8.9865,8.5,292,KR,"Son Hae-yeong seeks out a fake wedding with her neighbourhood convenience store employee, Kim Ji-uk, to avoid missing out on a promotion.",2024.0,False
top_rated,tv,68349,Weightlifting Fairy Kim Bok-joo,ko,"Comedy, Drama",2016-11-16,9.2667,8.5,961,KR,"A competitive swimmer crosses paths with his childhood friend, a rising weight lifting star, and realizes that she has a secret crush on his cousin.",2016.0,False
top_rated,tv,73223,Black Clover,ja,"Animation, Action & Adventure, Sci-Fi & Fantasy",2017-10-03,22.0475,8.497,2167,JP,"Asta and Yuno are two orphans who want the same thing: to become the Wizard King. Locked in a friendly rivalry, they work hard towards their goal. While Yuno excels at magic, Asta has a problem uncommon in this world: he has no powers! But, on the day they receive their grimoires, they surprise everyone. To reach their goal, they’ll each find their own path to greatness—with or without magic.",2017.0,False
top_rated,tv,67075,Mob Psycho 100,ja,"Animation, Action & Adventure, Comedy, Sci-Fi & Fantasy",2016-07-12,36.968,8.497,1352,JP,"Shigeo Kageyama, a.k.a. ""Mob,"" is a boy who has trouble expressing himself, but who happens to be a powerful esper. Mob is determined to live a normal life and keeps his ESP suppressed, but when his emotions surge to a level of 100%, something terrible happens to him! As he's surrounded by false espers, evil spirits, and mysterious organizations, what will Mob think? What choices will he make?",2016.0,False
top_rated,tv,225180,BLUE EYE SAMURAI,en,"Action & Adventure, Animation, Drama",2023-11-03,14.768,8.5,824,US,"Driven by a dream of revenge against those who made her an outcast in Edo-period Japan, a young warrior cuts a bloody path toward her destiny.",2023.0,False
top_rated,tv,56568,NANA,ja,"Animation, Drama",2006-04-05,23.334,8.5,267,JP,"Nana Osaki and Nana Komatsu meet while traveling to Tokyo in pursuit of their respective dreams, and decide to be roommates. Although drastically different people, the two become very close and together they find out if their biggest dreams have room for their best friend.",2006.0,False
top_rated,tv,108291,Snowdrop,ko,"Drama, War & Politics",2021-12-18,14.6641,8.5,319,KR,"An enduring love story in 1987 Seoul; Young-ro, a female university student, treats the bleeding Soo-ho, a student attending a prestigious university, who one day jumps into a women's university dormitory despite the dangerous situation.",2021.0,False
top_rated,tv,42444,Saint Seiya,ja,"Animation, Drama, Action & Adventure, Sci-Fi & Fantasy",1986-10-11,34.2015,8.492,1456,JP,"Ages ago, the goddess Athena was served by fighters called Saints who channeled the power of the Cosmos within them. Now a youth named Seiya has trained to become a Saint himself by earning the mystical Cloth of Pegasus. He is joined by other Saints with Cloths of their own to fight for Athena.",1986.0,False
top_rated,tv,40143,Shaman King,ja,"Animation, Action & Adventure, Sci-Fi & Fantasy",2001-07-04,13.9616,8.5,448,JP,"Asakura Yoh is a shaman, a person who communicates with ghosts. He enters the Shaman Fight, for whoever wins the tournament gets to commune with the Great Spirit, God... that and his fiance Anna wants to be the wife of the Shaman King. Helping him are his friends Manta, Horo Horo, Ryu, and his samurai ghost partner, Amidamaru.",2001.0,False
top_rated,tv,30991,Cowboy Bebop,ja,"Animation, Action & Adventure, Sci-Fi & Fantasy, Western",1998-04-03,28.7022,8.489,2003,JP,"In 2071, roughly fifty years after an accident with a hyperspace gateway made the Earth almost uninhabitable, humanity has colonized most of the rocky planets and moons of the Solar System. Amid a rising crime rate, the Inter Solar System Police (ISSP) set up a legalized contract system, in which registered bounty hunters, also referred to as ""Cowboys"", chase criminals and bring them in alive in return for a reward.",1998.0,False
top_rated,tv,197067,Extraordinary Attorney Woo,ko,Drama,2022-06-29,20.9771,8.488,978,KR,"With a genius-level IQ, Woo Young-woo learns to embrace her extraordinary self while forming a tight-knit community of friends and allies.",2022.0,False
top_rated,tv,106600,BTS In the SOOP,ko,Reality,2020-08-19,6.9941,8.488,407,KR,"'In the SOOP BTS ver.' is a reality show, portraying BTS members' everyday life, relaxation, and everything in between, away from the city life. A time of freedom and healing in a place for BTS, and BTS only.",2020.0,False
top_rated,tv,221851,Marry My Husband,ko,"Drama, Sci-Fi & Fantasy, Comedy",2024-01-01,13.2653,8.486,708,KR,"Kang Ji-won, a terminally ill cancer patient, is killed by her husband and best friend after she witnesses them having an affair. She wakes up 10 years before the incident and decides to seek revenge with the help of Yu Ji-hyuk, a director at the company where she works. Now, she must reclaim her fate and eliminate the trash from her life.",2024.0,False
top_rated,tv,1600,Ned's Declassified School Survival Guide,en,"Comedy, Kids",2004-09-12,20.1461,8.485,1004,US,"The whacky adventures of Ned Bigby and his best pals Moze and Cookie at James K. Polk Middle School, as ""every-kid"" Ned shatters the fourth wall to share tips and tricks on navigating middle school or junior high hurdles. Ned's not super cool, and he has no superpowers. He is, however, witty, well-groomed, upbeat and self-aware. Moreover, with more than a little help from his two best friends, he's equipped to conquer middle school minefields. From crushing bullies to crushes, from off- the-wall, mean and cool teachers to pop quizzes, elections and detentions, Ned knows that nothing, including the seventh grade, is as bad as it seems, and friendship matters most.",2004.0,False
top_rated,tv,117648,Clarkson's Farm,en,"Reality, Comedy",2021-06-11,18.2876,8.481,453,GB,"Follow Jeremy Clarkson as he embarks on his latest adventure, farming. The man who on several occasions claims to be allergic to manual labour takes on the most manually labour intensive job there is. What could possibly go wrong?",2021.0,False
top_rated,tv,100049,TONIKAWA: Over the Moon for You,ja,"Animation, Comedy",2020-10-03,17.4025,8.481,1566,JP,"Nasa Yuzaki falls in love at first sight after an encounter with the mysterious Tsukasa. When Nasa earnestly confesses his feelings, she replies, ""I'll date you, but only if we're married."" Nasa and Tsukasa's cute and precious newlywed life of love is about to begin!",2020.0,False
top_rated,tv,92468,La Familia del Barrio,es,Comedy,2013-05-05,5.5999,8.5,509,MX,,2013.0,False
top_rated,tv,79818,Meteor Garden,zh,"Drama, Family",2018-07-09,8.4509,8.478,618,CN,"An ordinary girl is admitted to the most prestigious school in the country where she encounters F4, an exclusive group comprised of the four wealthiest and handsomest boys in the school - Dao Mingsi, Hua Zelei, Xi Men and Mei Zuo.",2018.0,False
top_rated,tv,333,Jewel in the Palace,ko,Drama,2003-09-15,13.5913,8.477,281,KR,Orphaned Jang-geum becomes the first female physician in the Joseon Dynasty and her determination is tested when people around her start showing their true faces.,2003.0,False
top_rated,tv,105248,Cyberpunk: Edgerunners,ja,"Animation, Action & Adventure, Sci-Fi & Fantasy, Crime",2022-09-13,37.2032,8.474,1942,"JP, PL, US","In a dystopia riddled with corruption and cybernetic implants, a talented but reckless street kid strives to become a mercenary outlaw — an edgerunner.",2022.0,False
top_rated,tv,204154,Scavengers Reign,en,"Sci-Fi & Fantasy, Drama, Animation, Action & Adventure",2023-10-19,10.2535,8.472,446,US,When a deep space freighter is damaged by a solar flare its surviving crew are stranded on a beautiful and unforgiving planet. They begin to learn the true nature of this planet as they try to survive long enough to escape or be rescued.,2023.0,False
top_rated,tv,154825,Business Proposal,ko,"Comedy, Drama",2022-02-28,14.0799,8.5,789,KR,"In disguise as her friend, Ha-ri shows up to a blind date to scare him away. But plans go awry when he turns out to be her CEO — and makes a proposal.",2022.0,False
top_rated,tv,154521,The Kardashians,en,Reality,2022-04-14,17.5093,8.472,2135,US,"The family you know and love is here with a brand new series, giving an all-access pass into their lives. Kris, Kourtney, Kim, Khloé, Kendall, and Kylie bring the cameras back to reveal the truth behind the headlines. From the intense pressures of running billion-dollar businesses to the hilarious joys of playtime and school drop-offs, this series brings viewers into the fold with a rivetingly honest story of love & life in the spotlight.",2022.0,False
top_rated,tv,215072,A Shop for Killers,ko,"Drama, Action & Adventure, Mystery",2024-01-17,61.9364,8.469,225,KR,A niece who lost her parents and grew up in the hands of an uncle who runs a shopping mall faces a new truth after her uncle's sudden death.,2024.0,False
top_rated,tv,96160,My Holo Love,ko,"Drama, Sci-Fi & Fantasy",2020-02-07,6.3183,8.471,889,KR,Unexpected love finds a lonely woman when she forms a connection with a humanlike hologram who looks exactly like his prickly creator.,2020.0,False
top_rated,tv,79732,She-Ra and the Princesses of Power,en,"Animation, Action & Adventure, Sci-Fi & Fantasy, Family",2018-11-13,16.0765,8.471,837,US,"Soldier Adora finds a magic sword -- and her identity as legendary hero She-Ra. She joins the Rebellion, but her best friend stays with the evil Horde.",2018.0,False
top_rated,tv,136283,The Glory,ko,Drama,2022-12-30,20.227,8.47,945,KR,"Years after surviving horrific abuse in high school, a woman puts an elaborate revenge scheme in motion to make the perpetrators pay for their crimes.",2022.0,False
top_rated,tv,30669,Yu Yu Hakusho,ja,"Animation, Action & Adventure, Sci-Fi & Fantasy",1992-10-10,33.8879,8.5,507,JP,"After dying to save a boy, delinquent tough guy Yusuke Urameshi is granted another chance at life by redeeming himself as a ""Spirit Detective.""",1992.0,False
top_rated,tv,83095,The Rising of the Shield Hero,ja,"Animation, Action & Adventure, Sci-Fi & Fantasy, Drama",2019-01-09,16.6359,8.467,1586,JP,"Iwatani Naofumi, a run-of-the-mill otaku, finds a book in the library that summons him to another world. He is tasked with joining the sword, spear, and bow as one of the Four Cardinal Heroes and fighting the Waves of Catastrophe as the Shield Hero. Excited by the prospect of a grand adventure, Naofumi sets off with his party. However, merely a few days later, he is betrayed and loses all his money, dignity, and respect. Unable to trust anyone anymore, he employs a slave named Raphtalia and takes on the Waves and the world. But will he really find a way to overturn this desperate situation?",2019.0,False
top_rated,tv,4194,Star Wars: The Clone Wars,en,"Action & Adventure, Sci-Fi & Fantasy, Animation",2008-10-03,62.2351,8.5,2408,US,"Yoda, Obi-Wan Kenobi, Anakin Skywalker, Mace Windu and other Jedi Knights lead the Grand Army of the Republic against the droid army of the Separatists.",2008.0,False
top_rated,tv,2004,Malcolm in the Middle,en,Comedy,2000-01-09,73.711,8.466,4937,US,"A gifted young teen tries to survive life with his dimwitted, dysfunctional family.",2000.0,False
top_rated,tv,42509,Steins;Gate,ja,"Animation, Sci-Fi & Fantasy, Mystery, Comedy",2011-04-06,32.1276,8.5,990,JP,"A group of friends have customized their microwave so that it can send text messages to the past. As they perform different experiments, an organization named SERN who has been doing their own research on time travel tracks them down and now the characters have to find a way to avoid being captured by them.",2011.0,False
top_rated,tv,129888,Twenty Five Twenty One,ko,Drama,2022-02-12,9.9837,8.5,352,KR,"In a time when dreams seem out of reach, a teen fencer pursues big ambitions and meets a hardworking young man who seeks to rebuild his life.",2022.0,False
top_rated,tv,65249,ERASED,ja,"Animation, Drama, Mystery",2016-01-08,13.117,8.5,1283,JP,"Satoru Fujinuma is a struggling manga artist who has the ability to turn back time and prevent deaths. When his mother is killed he turns back time to solve the mystery, but ends up back in elementary school, just before the disappearance of his classmate Kayo.",2016.0,False
top_rated,tv,65648,Maid Sama!,ja,"Animation, Comedy",2010-04-02,11.2349,8.5,628,JP,"Misaki Ayuzawa is the first female student council president at a once all-boys school turned co-ed. She rules the school with strict discipline demeanor. But she has a secret, she works at a maid cafe due to her families circumstances. One day the popular A-student and notorious heart breaker Takumi Usui finds out her secret and makes a deal with her to keep it hush from the school in exchange for spending some time with him.",2010.0,False
top_rated,tv,218539,My Demon,ko,"Drama, Comedy",2023-11-24,15.1654,8.46,682,KR,"A pitiless demon becomes powerless after getting entangled with an icy heiress, who may hold the key to his lost abilities — and his heart.",2023.0,False
top_rated,tv,75006,The Umbrella Academy,en,"Action & Adventure, Sci-Fi & Fantasy, Drama",2019-02-15,41.3264,8.459,10100,US,"Reunited by their father's death, estranged siblings with extraordinary powers uncover shocking family secrets — and a looming threat to humanity.",2019.0,False
top_rated,tv,228878,Common Side Effects,en,"Animation, Drama, Comedy, Sci-Fi & Fantasy",2025-02-02,22.4695,8.454,337,US,Former high school lab partners Marshall and Frances begin to unravel a conspiracy involving big pharma and the federal government to suppress knowledge of a rare mushroom that may hold the key to curing all the world’s diseases.,2025.0,True
top_rated,tv,64196,Overlord,ja,"Animation, Sci-Fi & Fantasy, Action & Adventure",2015-07-07,33.2769,8.458,1121,JP,"In the year 2138, virtual reality gaming is booming. Yggdrasil, a popular online game is quietly shut down one day. However, one player named Momonga decides to not log out. Momonga is then transformed into the image of a skeleton as ""the most powerful wizard."" The world continues to change, with non-player characters (NPCs) beginning to feel emotion. Having no parents, friends, or place in society, this ordinary young man Momonga then strives to take over the new world the game has become.",2015.0,False
top_rated,tv,68267,Trollhunters: Tales of Arcadia,en,"Family, Animation, Action & Adventure, Comedy, Sci-Fi & Fantasy",2016-12-23,40.569,8.454,1169,US,"After uncovering a mysterious amulet, an average teen assumes an unlikely destiny and sets out to save two worlds.",2016.0,False
top_rated,tv,207468,Kaiju No. 8,ja,"Animation, Action & Adventure, Sci-Fi & Fantasy",2024-04-13,40.9452,8.451,798,JP,"In a world plagued by creatures known as Kaiju, Kafka Hibino aspired to enlist in The Defense Force. He makes a promise to enlist with his childhood friend, Mina Ashiro. Soon, life takes them in separate ways. While employed cleaning up after Kaiju battles, Kafka meets Reno Ichikawa. Reno's determination to join The Defense Force reawakens Kafka's promise to join Mina and protect humanity.",2024.0,False
top_rated,tv,66330,W: Two Worlds Apart,ko,"Drama, Comedy",2016-07-20,8.7603,8.447,977,KR,"After being pulled into the webtoon world created by her father, a surgical resident gets entangled in a murder mystery involving the story's hero.",2016.0,False
top_rated,tv,62565,My Love Story!!,ja,"Animation, Comedy",2015-04-09,12.1024,8.446,381,JP,"Takeo Goda is a giant guy with a giant heart. Too bad the girls don't want him! (They always go for his good-looking best friend, Makoto Sunakawa.) Used to being on the sidelines, Takeo simply stands tall and accepts his fate. But one day when he saves a girl named Rinko Yamato from a harasser on the train, his (love!) life suddenly takes an incredible turn! Takeo can hardly believe it when he crosses paths with Rinko again, and he finds himself falling in love with her... But with handsome Suna around, does Takeo even stand a chance?",2015.0,False
top_rated,tv,35894,Zatch Bell!,ja,"Animation, Comedy, Kids",2003-04-06,18.7638,8.446,271,JP,"Takamine Kiyomaro, a depressed don't-care-about-the-world guy, was suddenly given a little demon named Zatch Bell to take care of. Little does he know that Zatch is embroiled in an intense fight to see who is the ruler of the demon world.",2003.0,False
top_rated,tv,34524,Teen Wolf,en,"Sci-Fi & Fantasy, Drama, Comedy",2011-06-05,62.3135,8.444,4780,US,"Scott McCall, a high school student living in the town of Beacon Hills has his life drastically changed when he's bitten by a werewolf, becoming one himself. He must henceforth learn to balance his problematic new identity with his day-to-day teenage life. The following characters are instrumental to his struggle: Stiles, his best friend; Allison, his love interest who comes from a family of werewolf hunters; and Derek, a mysterious werewolf with a dark past. Throughout the series, he strives to keep his loved ones safe while maintaining normal relationships with them.",2011.0,False
top_rated,tv,37585,Kenichi: The Mightiest Disciple,ja,"Action & Adventure, Animation, Comedy",2006-10-07,23.4421,8.447,487,JP,"Yeah, Kenichi’s a total wimp. He’s always getting picked on and doesn’t have a lot of friends to stick up for him. The guy needs motivation if he hopes to graduate in one piece. Well, Miu’s the perfect motivation. She’s hot, she accepts him, and she just so happens to live at a dojo with six martial arts masters. You could say fate has led Kenichi to their door, or you could say he was just following the hottie. Either way, he’s about to get whipped into serious shape. If he can survive some hard-core training, he might survive another day at school. He might even score with Miu. Yeah, you could call Kenichi a wimp. But let’s go with underdog instead.",2006.0,False
top_rated,tv,61752,Hellsing Ultimate,ja,"Animation, Drama, Sci-Fi & Fantasy",2006-02-10,10.6064,8.441,737,JP,"For over a century, the mysterious Hellsing Organization has been secretly protecting the British Empire from the undead. When Sir Integra Hellsing succeeded as the head of the organization, she also inherited the ultimate weapon against these supernatural enemies: Alucard, a rogue vampire possessing mysterious and frightening powers. Now, Hellsing must deal with a more dangerous threat than vampires.",2006.0,False
top_rated,tv,93019,ORESUKI Are you the only one who loves me?,ja,"Animation, Comedy, Drama",2019-10-03,8.7146,8.436,291,JP,"Kisaragi Amatsuyu is invited out alone by the cool beauty upperclassman Cosmos and his childhood friend Himawari. Expecting to hear their confessions, he triumphantly goes to meet each of them in turn. But Cosmos and Himawari both instead confess to Amatsuyu that they like his friend. Amatsuyu fights this lonely battle, but there is another girl who is looking at him. She is a gloomy girl with glasses and braids. Amatsuyu finds that he hates her, because she's always turning her sharp tongue only on him and finding enjoyment in his troubles. But it turns out that she's the only one who actually does like him.",2019.0,False
top_rated,tv,107124,Animaniacs,en,"Animation, Comedy",2020-11-20,26.5728,8.434,599,US,"Yakko, Wakko and Dot return for all-new big laughs and the occasional epic takedown of authority figures in serious need of an ego check. Joining the Warners are Starbox & Cindy on their latest play date while Pinky and the Brain's ideas for world domination lead them to all new adventures.",2020.0,False
top_rated,tv,62273,Food Wars! Shokugeki no Soma,ja,"Animation, Comedy, Drama",2015-04-04,12.1637,8.434,842,JP,"Young chef Soma enters the prestigious Totsuki Culinary Academy, where he must emerge victorious in over-the-top cooking battles or face expulsion.",2015.0,False
top_rated,tv,82684,That Time I Got Reincarnated as a Slime,ja,"Action & Adventure, Animation, Sci-Fi & Fantasy, Comedy",2018-10-02,51.7394,8.433,969,JP,"Corporate worker Mikami Satoru is stabbed by a random killer, and is reborn to an alternate world. But he turns out to be reborn a slime! Thrown into this new world with the name Rimuru, he begins his quest to create a world that’s welcoming to all races.",2018.0,False
trending,tv,303351,Blood Sacrifice,sv,"Drama, Crime, Mystery",2026-08-20,72.0838,5.933,15,SE,"Following the brutal murder of two police officers, a tenacious detective reluctantly joins forces with his estranged ex-cop father to catch the killer.",2026.0,True
trending,tv,287238,Furious,en,"Drama, Crime",2026-07-27,60.0693,7.1,56,US,"FBI agent Alice Black is on the hunt for a mysterious and calculating female serial killer. Both walk their own paths toward justice, and as their lives start to intertwine, the line between right and wrong begins to blur.",2026.0,True
trending,tv,272938,Pull Strings,zh,"Comedy, Action & Adventure, Sci-Fi & Fantasy",2026-08-19,27.0432,8.5,2,CN,"Li Changshou, a terminally ill patient in his previous life, is reborn into the Primordial World as a low-level Qi cultivator who cherishes life and avoids all karmic entanglements. Determined to dodge the great calamity foretold by the Heavenly Dao, he adopts the ""Way of Steady"" — his ultimate goal being to secure a humble post in the Heavenly Court and survive quietly. He operates with extreme caution: when still, he's as steady as an old dog; when he moves, he shakes the heavens. He firmly believes the era of bloodshed is over — better to trick than to kill, better to stay single than to fall in love. Yet enemies and beauties keep surging toward him like tides. Before he knows it, he becomes a mastermind pulling strings behind the scenes, entangled in power plays among multiple factions, orchestrating the ""Dragon Clan's ascent to Heaven"" — and even the great calamity itself accelerates toward him…",2026.0,True
trending,tv,298610,Spooky in Love,ko,"Comedy, Sci-Fi & Fantasy, Drama",2026-07-18,62.6434,8.837,52,KR,"When a ghost-seeing heir and an ace prosecutor learn that a single touch makes them a strangely effective duo, they team up to crack unsolved murders.",2026.0,True
trending,tv,287620,Stuart Fails to Save the Universe,en,"Comedy, Sci-Fi & Fantasy",2026-07-23,66.8205,9.029,121,US,"After accidentally creating a new multiverse, comic book store owner Stuart Bloom must locate a quantum-interference device to restore reality.",2026.0,True
trending,tv,286709,The Westies,en,"Drama, Crime",2026-07-12,34.9804,7.333,27,US,"As the Javits Center construction project ignites a battle for profit in early 1980s Hell's Kitchen, a generational rift threatens the uneasy peace between violent Irish gang the Westies and the Mafia, and draws FBI heat.",2026.0,True
trending,tv,103516,Star Trek: Strange New Worlds,en,"Sci-Fi & Fantasy, Drama",2022-05-05,62.3159,7.899,824,US,"Follow Captain Christopher Pike, Science Officer Spock and Number One in the years before Captain Kirk boarded the U.S.S. Enterprise, as they explore new worlds around the galaxy.",2022.0,False
trending,tv,296756,President Curtis,en,"Animation, Comedy",2026-07-26,41.9679,5.8,31,US,Follow the Commander-in-Chief and his eccentric staff as they tackle the kind of crises that Rick Sanchez could never be bothered with - from interdimensional diplomacy to paranormal investigations and unexplained phenomena.,2026.0,True
trending,tv,194583,The Walking Dead: Dead City,en,"Action & Adventure, Drama, Sci-Fi & Fantasy",2023-06-18,62.7788,7.896,780,US,"Maggie and Negan travel to post-apocalyptic Manhattan - long ago cut off from the mainland. The crumbling city is filled with the dead and denizens who have made it a world full of anarchy, danger, beauty, and terror.",2023.0,False
trending,tv,312523,S&X,ja,Drama,2026-08-20,28.6647,7.333,3,JP,"At his clinic, sex therapist Ichito Shimotori treats diverse and intimate sexual issues with sincerity. Yet, he secretly hides a struggle of his own.",2026.0,True
trending,tv,283297,Sterling Point,en,"Mystery, Drama",2026-08-05,68.2423,8.1,95,US,"After discovering she's inherited a remote island in Canada from the estranged grandfather she was never allowed to meet, 17-year-old Annie Jacobson decides to investigate, pulling her into a world of buried secrets, unexpected sisterhood, and the complicated family history she was never meant to find.",2026.0,True
trending,tv,298168,The Shards,en,"Drama, Mystery",2026-08-05,50.4935,7.8,40,US,"17-year-old Bret Easton Ellis is in his final year at the elite Buckley prep school. Upending his world is the arrival of a mysterious new student, Robert Mallory, whose unsettling presence coincides with the activities of a serial killer known as The Trawler.",2026.0,True
trending,tv,243360,Ludwig,en,"Mystery, Crime, Drama, Comedy",2024-09-25,37.4522,7.786,133,GB,"John Taylor lives in quiet solitude, designing puzzles for a living, under the nom-de-plume of 'Ludwig'. When his identical twin, James, disappears off the face of the earth, John takes over his brother's identity in a quest to discover his whereabouts.",2024.0,False
trending,tv,280133,Cang Feng,zh,"Crime, Mystery",2026-08-17,12.9919,8.0,2,CN,"Tan Yan, a deputy chief in the Luteng Public Security Bureau, is assigned to lead the special police team but faces challenges working with experienced leader Liao Bufan. As their teamwork improves, Tan Yan plays a key role in a joint operation with the anti-drug team to complete their mission.",2026.0,True
trending,tv,271016,Mystic Nine,zh,"Drama, Action & Adventure",2026-07-30,32.4934,6.8,6,CN,"Mystic Nine follows Zhang Qishan as he joins forces with Wu Laogou, alongside Huo Xiangu and the other members of the Mystic Nine, when turmoil returns to Changsha. The mysterious disappearance of Unit 401 uncovers a century-old secret. Faced with life-and-death choices, bound by brotherhood, responsibility to their sects, and devotion to their country, they risk everything to protect their home and overcome the crisis.",2026.0,True
trending,tv,2710,It's Always Sunny in Philadelphia,en,Comedy,2005-08-04,89.3139,8.263,1391,US,"Four egocentric friends run a neighborhood Irish pub in Philadelphia and try to find their way through the adult world of work and relationships. Unfortunately, their warped views and precarious judgments often lead them to trouble, creating a myriad of uncomfortable situations that usually only get worse before they get better.",2005.0,False
trending,tv,106449,A Record of a Mortal's Journey to Immortality,zh,"Animation, Action & Adventure, Drama",2020-07-25,61.8727,8.4,83,CN,"A poor and ordinary boy from a village joins a minor sect in Jiang Hu and becomes an Unofficial Disciple by chance. How will Han Li, a commoner by birth, establish a foothold for himself in his sect? With his mediocre aptitude, he must successfully traverse the treacherous path of cultivation and avoid the notice of those who may do him harm. This is a story of an ordinary mortal who, against all odds, clashes with devilish demons and ancient celestials in order to find his own path towards immortality.",2020.0,False
trending,tv,294095,A Bona Fide Killer,ko,"Drama, Action & Adventure, Mystery, Crime",2026-07-31,30.3829,6.5,5,KR,"A seemingly ordinary working mother secretly lives as a legendary sniper who delivers justice where the law fails. After returning from a three-year hiatus, she must balance protecting her family with eliminating dangerous criminals, all while a determined journalist and a relentless detective close in on her hidden identity.",2026.0,True
trending,tv,276470,OK! Let's Get Divorced,ko,"Drama, Comedy, Family",2026-08-19,6.4801,7.0,1,KR,"After seven years of marriage, a couple decides to call it quits—but their “perfect breakup” quickly turns into a messy battle of pride, jealousy, and unresolved feelings. As unexpected twists pull them back together, they must confront the love they thought was long gone. Can they truly walk away from each other?",2026.0,True
trending,tv,387,SpongeBob SquarePants,en,"Animation, Comedy, Family",1999-05-01,20.9344,7.7,3255,US,"Deep down in the Pacific Ocean in the subterranean city of Bikini Bottom lives a square yellow sponge named SpongeBob SquarePants. SpongeBob lives in a pineapple with his pet snail, Gary, loves his job as a fry cook at the Krusty Krab, and has a knack for getting into all kinds of trouble without really trying. When he's not getting on the nerves of his cranky next door neighbor Squidward, SpongeBob can usually be found smack in the middle of all sorts of strange situations with his best buddy, the simple yet lovable starfish, Patrick, or his thrill-seeking surfer-girl squirrel pal, Sandy Cheeks.",1999.0,False
trending,tv,228421,Average Joe,en,"Comedy, Drama, Crime",2023-06-26,17.1271,7.0,19,US,A clue that can save Joe’s family forces Joe and his friends to Africa. From the moment they land chaos erupts and loyalties crumble.,2023.0,False
trending,tv,220102,Spider-Noir,en,"Drama, Mystery, Crime",2026-05-25,39.0408,8.361,795,US,"Ben Reilly, an aging and down on his luck private investigator in 1930s New York, is forced to grapple with his past life as the city's one and only superhero.",2026.0,True
trending,tv,331650,Umthetho,zu,"Crime, Drama",2026-08-14,18.0808,5.0,5,ZA,"To keep their youngest brother alive, a state prosecutor becomes a double agent in her imprisoned older brother's gang.",2026.0,True
trending,tv,213703,Agent from Above,zh,"Drama, Action & Adventure, Sci-Fi & Fantasy",2026-04-02,8.4711,7.422,32,TW,"Bound by a deity's pact, Han Chieh fights demons on Earth. When he uncovers an old enemy's plan for a second invasion, he must fight to save humanity.",2026.0,True
trending,tv,202555,Daredevil: Born Again,en,"Drama, Action & Adventure, Crime",2025-03-04,46.2239,8.162,1072,US,"Matt Murdock, a blind lawyer with heightened abilities, is fighting for justice through his bustling law firm, while former mob boss Wilson Fisk pursues his own political endeavors in New York. When their past identities begin to emerge, both men find themselves on an inevitable collision course.",2025.0,True
trending,tv,300727,The Apartment Job,ko,"Drama, Comedy, Crime",2026-07-11,29.7976,8.7,27,KR,"Desperate for cash, a former gang boss teams up with an aspiring lawyer to steal an apartment complex's reserve fund — only to uncover deep corruption.",2026.0,True
trending,tv,201834,ted,en,Comedy,2024-01-11,33.9316,7.932,727,US,"It's 1993 and Ted the bear's moment of fame has passed, leaving him living with his best friend, 16-year-old John Bennett, who lives in a working-class Boston home with his parents and cousin. Ted may not be the best influence on John, but when it comes right down to it, he's willing to go out on a limb to help his friend and his family.",2024.0,False
trending,tv,287496,The Road to Splendor,zh,Drama,2026-08-09,70.0707,7.0,3,CN,"After being falsely accused of a scandal that ruins her reputation, noblewoman Fu Tingyun escapes with the help of salt smuggler Zhao Ling. Together, they expose government corruption and navigate the treacherous world of court politics. As they seek justice and uncover the truth behind her past, their bond deepens, leading them to a new beginning.",2026.0,True
trending,tv,278043,You and I Are Polar Opposites,ja,"Animation, Comedy",2026-01-11,37.5227,8.659,88,JP,"Suzuki's a high school girl in love, but the guy she's fallen for is nothing like her! While she's cheerful, outgoing, and always trying to fit in, her classmate Yusuke Tani is stoic, quiet, and doesn't seem to care what people think of him. Will Suzuki be able to overcome her anxieties and ask him out, or will she discover that opposites really don't attract?",2026.0,True
trending,tv,220074,Flex X Cop,ko,"Drama, Crime, Mystery, Action & Adventure",2024-01-26,26.8288,7.804,46,KR,A chaebol cop joins forces with a gritty detective to take down criminals with a touch of wealth and a whole lot of wit.,2024.0,False
trending,tv,95480,Slow Horses,en,"Crime, Drama, Mystery",2022-04-01,70.6635,8.0,937,GB,"Follow a dysfunctional team of MI5 agents—and their obnoxious boss, the notorious Jackson Lamb—as they navigate the espionage world's smoke and mirrors to defend England from sinister forces.",2022.0,False
trending,tv,309798,My Brilliant Career,en,"Drama, Family",2026-08-13,39.6804,4.6,19,AU,"Restless, razor-sharp and refusing to conform, 17-year-old Sybylla Melvyn is dead set on writing her own story in an era that expects her to find a man and settle down.",2026.0,True
trending,tv,69346,Saga of Tanya the Evil,ja,"Animation, Drama, Sci-Fi & Fantasy, War & Politics",2017-01-06,30.3827,8.223,455,JP,"On the front lines of the war, Tanya Degurechaff, blond hair, blue eyes, and porcelain white skin, commands her squad with lisping voice. Actually, she is one of Japan's most elite salary men, reborn as a little girl into a world of magical warfare after angering a mysterious being who calls himself God.",2017.0,False
trending,tv,270476,Widow's Bay,en,"Drama, Comedy, Mystery",2026-04-28,36.7178,8.067,405,US,"The mayor of a New England town resolves to turn it into the next tourist hot spot, despite local warnings that it's cursed.",2026.0,True
trending,tv,312949,Chainsmoker Cat,ja,"Animation, Comedy, Sci-Fi & Fantasy",2026-07-03,50.653,8.573,55,JP,"Catgirl Yani struggles to pay her rent and keep a job while feeding her smoking habit. As her loved ones' concerns grow, she must rethink her future.",2026.0,True
trending,tv,223564,"The 100 Girlfriends Who Really, Really, Really, Really, REALLY Love You",ja,"Animation, Comedy",2023-10-08,51.7061,8.284,216,JP,"Rentaro Aijo was rejected 100 times in middle school. He visits a shrine and prays for better luck in high school. The God of Love appears and promises that he'll soon meet 100 people he's destined to date. But there's a catch—once destiny introduces someone to him, the two must happily love each other. If they don't, they'll die. What will befall Rentaro and his 100 girlfriends in high school?",2023.0,False
trending,tv,291350,Anna Pigeon,en,"Drama, Mystery, Crime",2026-08-07,36.3474,7.0,11,CA,"Anna Pigeon flees city life for the solitude of America's stunning national parks following a devastating loss; while Anna tries to outrun her demons, her focus turns to solving crimes that have taken place within national park grounds.",2026.0,True
trending,tv,296206,Agent Kim Reactivated,ko,"Action & Adventure, Crime, Drama",2026-06-26,43.4905,8.373,146,KR,"When an unassuming dad's daughter goes missing, he dusts off his old black-ops skills to track her down — only to attract the wrong kind of attention.",2026.0,True
trending,tv,123542,LINK CLICK,zh,"Animation, Sci-Fi & Fantasy, Mystery, Drama",2021-04-30,31.0221,8.2,120,CN,"Using superpowers to enter their clientele’s photos one by one, Cheng Xiaoshi and Lu Guang take their work seriously at “Time Photo Studio,” a small photography shop set in the backdrop of a modern metropolis. Each job can be full of danger, but nothing is more important than fulfilling every order, no matter the scale…or peril involved!",2021.0,False
trending,tv,84773,The Lord of the Rings: The Rings of Power,en,"Action & Adventure, Drama, Sci-Fi & Fantasy",2022-09-01,74.5923,7.226,3863,US,"Beginning in a time of relative peace, we follow an ensemble cast of characters as they confront the re-emergence of evil to Middle-earth. From the darkest depths of the Misty Mountains, to the majestic forests of Lindon, to the breathtaking island kingdom of Númenor, to the furthest reaches of the map, these kingdoms and characters will carve out legacies that live on long after they are gone.",2022.0,False
trending,tv,258348,Clevatess,ja,"Animation, Action & Adventure, Sci-Fi & Fantasy",2025-07-02,25.3969,7.969,98,JP,"One of the Lords of Dark Beasts, Clevatess’s reign shatters when he revives a hero he personally slayed and adopts an orphaned humanoid baby—the last hope to save a dying world. Now bound together, what fate awaits this unlikely trio?",2025.0,True
trending,tv,213375,VisionQuest,en,Sci-Fi & Fantasy,2026-10-14,16.179,0.0,0,US,"With a bounty on his head, Vision must confront his nature and resist Ultron's influence to survive.",2026.0,True
trending,tv,322428,Moria,es,Drama,2026-08-14,37.2566,9.5,24,AR,"Moria Casán transforms her life story into a symbolic spectacle of fame, controversy and ceaseless reinvention.",2026.0,True
trending,tv,223911,Renegade Immortal,zh,"Animation, Drama, Action & Adventure",2023-09-25,101.0251,8.2,40,CN,"It tells the story of Wang Lin, an ordinary young man in the countryside, who is moved by his heart and cultivates against immortality. His pursuit is not only for longevity, but also for getting rid of the ants behind it. He firmly believed in human beings and entered the path of cultivation with mediocre qualifications. After experiencing ups and downs, with his wise mind, he gradually reached the pinnacle and became famous in the cultivation world with his own strength.",2023.0,False
trending,tv,85552,Euphoria,en,Drama,2019-06-16,77.4979,8.277,11036,US,"A group of high school students navigate love and friendships in a world of drugs, sex, trauma, and social media.",2019.0,False
trending,tv,120911,The Terminal List,en,"Action & Adventure, Drama",2022-06-30,37.9116,7.948,1181,US,"Navy SEAL Commander James Reece turns to vengeance as he investigates the mysterious forces behind the murder of his entire platoon. Free from the military's command structure, Reece applies the lessons he's learned from nearly two decades of warfare to hunt down the people responsible.",2022.0,False
trending,tv,47663,The Ark,en,"Sci-Fi & Fantasy, Mystery",2023-02-01,34.7124,6.388,169,US,"100 years in the future, planetary colonization missions have begun as a necessity to help secure the survival of the human race. The first of these missions on a spacecraft known as Ark One encounters a catastrophic event causing massive destruction and loss of life. With more than a year left to go before reaching their target planet, a lack of life-sustaining supplies and loss of leadership, the remaining crew must become the best versions of themselves to stay on course and survive.",2023.0,False
trending,tv,250008,"Oh Boy, Was I Wrong About Her",ja,"Animation, Comedy",2026-07-06,37.4154,8.0,2,JP,"Seven years after making a childhood promise to always be friends, Hayato is reunited with his formerly tomboyish pal Haruki at a city high school–only now, Haruki has transformed into the girl every guy dreams about! While Haruki’s looks may have changed, with Hayato, she’s still the same pal he remembers. Despite years apart, their promise and feelings remain and deepen into something stronger.",2026.0,True
trending,tv,153217,Sparks of Tomorrow,ja,"Animation, Drama, Sci-Fi & Fantasy",2026-07-05,27.5972,8.4,8,JP,"In an alternate past, an unlikely duo team up to look for a missing catalog that could bring electricity to the smoke-filled streets of Kyoto.",2026.0,True
trending,tv,136315,The Bear,en,"Drama, Comedy",2022-06-23,47.8028,8.1,1889,US,"Carmy, a young fine-dining chef, comes home to Chicago to run his family sandwich shop. As he fights to transform the shop and himself, he works alongside a rough-around-the-edges crew that ultimately reveal themselves as his chosen family.",2022.0,False
trending,tv,203744,Sugar,en,"Drama, Mystery",2024-04-04,38.1801,7.148,366,US,"John Sugar is a dashing private eye navigating the dark corners of sunny LA. Though he sees only the good in humanity, Sugar is haunted by a secret too dangerous to expose.",2024.0,False
trending,tv,329987,9/11: Reunited,en,Documentary,2026-08-21,5.732,8.0,1,US,The story of September 11 through the eyes of survivors who experienced life-or-death moments with strangers that day and now want to meet again.,2026.0,True
trending,tv,323411,The Vampire Lestat,en,"Drama, Sci-Fi & Fantasy",2026-06-07,20.2343,6.4,55,US,"The Vampire Lestat goes on tour while being haunted by ""muses"" from his past. As the band's popularity grows, so does Lestat's influence over vampires & humans alike, leaving others to contend with Lestat's power in the face of the Great Conversion.",2026.0,True
trending,tv,236235,The Gentlemen,en,"Comedy, Drama, Crime",2024-03-07,38.4061,7.816,836,GB,"When aristocratic Eddie inherits the family estate, he discovers that it's home to an enormous weed empire — and its proprietors aren't going anywhere.",2024.0,False
trending,tv,91768,Ascendance of a Bookworm,ja,"Animation, Drama, Sci-Fi & Fantasy",2019-10-03,60.8777,8.1,141,JP,"When a sickly young girl suddenly becomes obsessed with inventing new things, her family and friends are all puzzled. ""What has gotten into Myne?"" they wondered, never dreaming that the answer is not a ""What"" but a ""Who"": Urano Motosu, a book-loving apprentice librarian who died in an earthquake in Tokyo who somehow found herself in Myne's body! And since Myne's world is still in a medieval stage, where books can only be owned by the elite, the new Myne intends to do everything she can to bring her beloved books to the masses in the time she has left.",2019.0,False
trending,tv,260463,Daemons of the Shadow Realm,ja,"Animation, Action & Adventure, Sci-Fi & Fantasy",2026-04-04,43.7586,8.659,63,JP,"Yuru, a young hunter, lives in a small village deep in the mountains, hunting wild game and leading a humble life with Asa, his younger twin sister. Their peaceful lives are torn apart when a dragon’s roar echoes across the sky. What secrets lurk within their village? What fate awaits them?",2026.0,True
trending,tv,300480,Ricky Gervais Alley Cats,en,"Animation, Comedy",2026-08-07,20.229,7.675,40,GB,Outrageous misadventures run wild as feral cats cause chaos on the streets in this no-holds-barred animated comedy from Ricky Gervais.,2026.0,True
trending,tv,331946,A Beautiful Obsession,en,Documentary,2026-08-19,10.9011,8.7,3,GB,"An intimate, raw portrait of Manchester City FC across two era-defining seasons. With unprecedented access, the film follows their worst run in decades and fightback to glory.",2026.0,True
trending,tv,241882,Ride or Die,en,Action & Adventure,2026-07-15,31.6288,6.6,96,US,"Best friends Debbie and Judith are forced on the run when Debbie discovers Judith isn't a forensic accountant, she's an international assassin! With a mysterious figure chasing them, and Debbie's husband involved in something deeply corrupt, it's a race against time and a road trip across Europe to untangle the truth and stay alive.",2026.0,True
trending,tv,302658,Founder: Orhan,tr,"Drama, Action & Adventure, War & Politics",2025-10-29,12.1442,8.0,7,TR,"Kuruluş: Orhan is a Turkish historical drama that follows the life of Orhan Bey, the son of Osman I and the second ruler of the Ottoman Empire. Set in the 14th century, the series portrays Orhan’s transformation from a young warrior into a visionary leader who expands his father's legacy by conquering key Byzantine cities like Bursa and establishing the foundations of a powerful empire. With political intrigue, epic battles, and complex relationships, the show explores Orhan’s rise amidst internal strife and external threats, continuing the legacy of Kuruluş: Osman with a new generation of characters and high-stakes storytelling.",2025.0,True
trending,tv,285250,The Trembling of Cicada,zh,Mystery,2026-08-20,5.8698,8.0,2,CN,"Three legal professionals with troubled pasts become entangled in complex criminal cases, where psychological warfare, hidden agendas, and long-buried secrets blur the line between hunter and prey.",2026.0,True
trending,tv,125928,My Adventures with Superman,en,"Animation, Action & Adventure, Sci-Fi & Fantasy",2023-07-07,38.3652,8.129,268,US,"Twenty-somethings Clark Kent, the bright and driven Lois Lane, and their best friend Jimmy Olsen begin to discover who they are and everything they can accomplish together as an investigative reporting team at the Daily Planet.",2023.0,False
trending,tv,277439,Cape Fear,en,"Crime, Drama",2026-06-04,61.1288,7.185,157,US,"When convicted murderer Max Cady is released from prison, he begins infiltrating the family of the married attorneys who helped put him behind bars.",2026.0,True
trending,tv,301412,Dream to You,ko,"Drama, Comedy",2026-07-13,50.0971,9.3,10,KR,"Two high school classmates bond over a shared love of filmmaking, turning a deep friendship into first love before an unexpected separation tears them apart. Years later, they reunite with their lives completely transformed—she’s lost her passion, while he’s become a celebrated director. Determined to reignite her dreams, he must first confront the hurt he left behind.",2026.0,True
trending,tv,207333,One Hundred Years of Solitude,es,"Drama, Sci-Fi & Fantasy",2024-12-11,39.638,7.981,241,CO,"In the mythical town Macondo, seven generations of the Buendía family navigate love, oblivion and the inescapability of their past — and their fate.",2024.0,False
trending,tv,247522,Tires,en,Comedy,2024-05-23,36.4743,6.7,99,US,"At his father's auto shop, a hapless manager strives to improve customer service and drive profits while keeping his troublemaking cousin in line.",2024.0,False
trending,tv,323557,Lion,en,Documentary,2026-08-19,12.1211,9.0,2,US,"The extraordinary true story of lion cub Kio, on his journey to become a king.",2026.0,True
trending,tv,218038,Vivant,ja,Drama,2023-07-16,20.7548,7.315,27,JP,"Yusuke Nogi of Ryosho's Energy Development Division said that 10 times the official down payment was mistakenly sent to GFL, a local infrastructure company involved in a solar energy plant to be built in the Balkan Republic in Central Asia. Suspected of involvement, he heads to the Balkan Republic to collect the difference of $90 million. With the cooperation of his CIA friend Sam, Nogi obtained information that the terrorist al-Zaer had laundered the full amount of the contract money into diamonds and brought it out.",2023.0,False
trending,tv,114461,Ahsoka,en,"Sci-Fi & Fantasy, Action & Adventure",2023-08-22,27.9196,7.405,1284,US,Former Jedi Knight Ahsoka Tano investigates an emerging threat to a vulnerable galaxy.,2023.0,False
trending,tv,296286,Smoking Behind the Supermarket with You,ja,"Animation, Comedy",2026-07-09,34.1043,8.9,39,JP,"Sasaki is an overworked salaryman drifting through the corporate grind, sustained by cigarettes and the cheerful service and smile of Yamada, the clerk at his favorite supermarket. But one night after a grueling shift, he arrives late to find Yamada nowhere to be seen. With nowhere left to smoke, his spirits sink—until a pierced young woman calls out to him: “You can smoke here.”",2026.0,True
trending,tv,219971,The Agency,en,"Drama, Mystery",2024-12-01,41.1348,7.201,276,US,"Covert CIA agent Martian is ordered to abandon his undercover life and return to London Station. When the love he left behind unexpectedly reappears, their romance reignites, pitting his career, his real identity and his mission against his heart while hurling them both into a deadly game of international intrigue and espionage.",2024.0,False
trending,tv,111834,Stillwater,en,"Kids, Animation",2020-12-04,22.5729,7.6,21,US,"Siblings Karl, Addy and Michael have a very special next-door neighbor: a wise panda named Stillwater. His friendship and stories give them new perspectives on the world, themselves, and each other.",2020.0,False
trending,tv,125909,Batman: Caped Crusader,en,"Animation, Crime, Action & Adventure, Mystery",2024-08-01,25.0742,7.3,275,US,"Welcome to Gotham City, where the corrupt outnumber the good, criminals run rampant and law-abiding citizens live in a constant state of fear. Forged in the fire of tragedy, wealthy socialite Bruce Wayne becomes something both more and less than human—the Batman. His one-man crusade for justice attracts unexpected allies within the GCPD and City Hall, but his heroic actions spawn deadly, unforeseen ramifications.",2024.0,False
trending,tv,289324,Star Wars: Visions Presents - The Ninth Jedi,ja,"Animation, Sci-Fi & Fantasy, Action & Adventure",2026-08-05,29.3765,7.5,23,"JP, US",Kara and her ragtag Jedi crew seek out to find worthy Jedi to fight against an increasingly powerful warlord.,2026.0,True
trending,tv,285993,BLACK TORCH,ja,"Animation, Mystery, Action & Adventure, Sci-Fi & Fantasy",2026-07-04,44.8394,8.6,29,JP,"Jiro Azuma is no average high schooler. A descendant of ninjas and trained in the ancient warrior art of the shinobi, Jiro is also able to talk with animals. After a mysterious encounter with an injured cat named Rago, Jiro discovers the feline is actually the legendary Black Star of Doom! Joined by the Bureau of Espionage, they fight off swarms of mononoke lying in wait to exploit Rago’s powers.",2026.0,True
trending,tv,106379,Fallout,en,"Action & Adventure, Sci-Fi & Fantasy, Drama",2024-04-10,43.7226,8.114,3045,US,"The story of haves and have-nots in a world in which there's almost nothing left to have. 200 years after the apocalypse, the gentle denizens of luxury fallout shelters are forced to return to the irradiated hellscape their ancestors left behind — and are shocked to discover an incredibly complex, gleefully weird, and highly violent universe waiting for them.",2024.0,False
trending,tv,299158,LOVEx3,th,Drama,2026-08-16,26.2385,9.0,1,TH,"Six students navigate secret crushes, old promises, and unexpected heartbreaks when forced to enroll in a mandatory school curriculum about love.",2026.0,True
trending,tv,295410,Emergency 53,pt,"Drama, Action & Adventure",2026-08-20,7.9023,10.0,1,BR,"Doctors, nurses and drivers of a special mobile service unit navigate personal and professional dramas while burdened by the responsibility to prevent others from dying.",2026.0,True
trending,tv,301418,The Affair Was Just The Beginning,ko,"Crime, Comedy, Drama",2026-07-31,19.1932,8.8,5,KR,"A successful entrepreneur with a seemingly perfect life sees everything fall apart after discovering her husband covering up a murder allegedly committed by their daughter. As the family scrambles to hide the truth, an anonymous blackmailer claims to have recorded everything, pulling them into a dangerous web of lies, secrets, and betrayal.",2026.0,True
trending,tv,107371,A Will Eternal,zh,"Animation, Sci-Fi & Fantasy, Drama",2020-08-12,28.6597,8.9,16,CN,"One will to create oceans. One will to summon the mulberry fields. One will to slaughter countless devils. One will to eradicate innumerable immortals. Only my will... is eternal. A Will Eternal tells the tale of Bai Xiaochun, an endearing but exasperating young man who is driven primarily by his fear of death and desire to live forever, but who deeply values friendship and family.",2020.0,False
trending,tv,111110,ONE PIECE,en,"Action & Adventure, Sci-Fi & Fantasy",2023-08-31,31.7203,8.109,1900,US,"With his straw hat and ragtag crew, young pirate Monkey D. Luffy goes on an epic voyage for treasure.",2023.0,False
trending,tv,321564,Star Wars: The Mandalorian and Grogu | A Special Look,en,Documentary,2026-05-04,2.9032,8.2,10,US,"Get ready for ""Star Wars: The Mandalorian and Grogu | A Special Look,"" only in theaters.",2026.0,True
trending,tv,243206,Pritam and Pedro,hi,"Crime, Drama, Mystery, Comedy",2026-07-03,22.984,8.4,14,IN,"The dynamic between the two contrasting personalities, a seasoned cop who prefers old-school methods and a tech-savvy cop who relies on modern technology for investigations, as they navigate their partnership in solving crimes.",2026.0,True
trending,tv,279323,The East Palace,ko,"Mystery, Action & Adventure, Sci-Fi & Fantasy, Drama",2026-07-17,19.3708,8.235,83,KR,A man who walks the spirit world and a court lady who hears the dead enter the East Palace by the king's orders — can they unravel its dark secrets?,2026.0,True
trending,tv,229192,The Demon Hunter,zh,"Animation, Action & Adventure",2023-06-22,46.2329,9.2,18,CN,"Meng Chuan witnessed his mother killed before his eyes, so he trained very hard hoping to one day avenge her death. But his peaceful days were broken as his wedding engagement being called off, an invasion by foreign forces, the sanctuary fallen into enemy hands… In order to protect the people of Ning City, he picked up his sword and vowed to be the strongest. This is a heavy responsibility and a long journey…",2023.0,False
trending,tv,196322,Dark Matter,en,"Sci-Fi & Fantasy, Drama",2024-05-07,33.1039,7.766,725,US,"Jason Dessen is abducted into an alternate version of his life. To get back to his true family, he embarks on a harrowing journey to save them from the most terrifying foe imaginable: himself.",2024.0,False
trending,tv,288971,Jaadugar: A Witch in Mongolia,ja,"Animation, Drama, War & Politics",2026-07-04,22.437,8.0,10,JP,"After losing her mother and her homeland, Sitara’s despair transforms into determination with the power of knowledge. New possibilities unfold when a family of scholars takes her in, deepening her education. Meanwhile, Genghis Khan’s Mongol Empire conquers nation after nation, nearing Sitara’s new home. After the Fourth Prince of the empire takes her captive, a flame of revenge is ignited.",2026.0,True
trending,tv,296140,"My Bias, My Boss",ko,"Comedy, Drama",2026-08-03,24.1778,7.4,5,KR,"A dedicated fangirl lands a job at a fashion company, only to discover it was co-founded by her ultimate idol. Determined to remain professional, she hides her identity, but is quickly thrown off course by the company's workaholic CEO. As secret unrequited feelings and hidden personal struggles entangle the trio, she finds herself torn between her lifelong obsession and an unexpected new connection.",2026.0,True
trending,tv,284753,Operation Safed Sagar: The Untold Story of the Kargil War,hi,Drama,2026-08-07,31.916,6.2,8,IN,"As the Kargil War erupts between India and Pakistan, the Golden Arrows squadron of the Air Force takes flight on a dangerous mission behind enemy lines.",2026.0,True
trending,tv,286345,Though I Am an Inept Villainess,ja,"Animation, Drama, Sci-Fi & Fantasy",2026-07-12,32.3645,8.5,7,JP,"Just as His Highness’s favored butterfly Reirin is beloved by the prince, jealous “court sewer rat” Keigetsu uses magic to swap their bodies—and their destinies. With a looming execution, Reirin embraces her new, healthy body, while Keigetsu learns Reirin’s life isn’t what it seems as she’s pulled into an inner-court conspiracy.",2026.0,True
trending,tv,317331,Suspicious Neighbor,zh,"Drama, Mystery",2026-08-20,3.24,8.0,1,CN,"A suspenseful urban tale where seemingly ordinary neighbors hide dark secrets, leading to a web of distrust and hidden truths.",2026.0,True
trending,tv,326901,Take a Hike!,ko,Reality,2026-08-18,6.9643,0.0,0,KR,Four celebrity hiking newbies end up forming a club to tackle Korea's snow‑capped peaks. Can they figure out why on earth people go to the mountains?,2026.0,True
trending,tv,270603,The Exiled Heavy Knight Knows How to Game the System,ja,"Animation, Action & Adventure, Sci-Fi & Fantasy",2026-07-03,35.9716,8.588,17,JP,"Born into a prestigious family of master swordsmen, Elymas Edvaughn's future shatters when he awakens the so-called ""defective"" Heavy Knight class. Disowned and cast out, he regains memories of another life—and realizes this world mirrors a VR game he once mastered. Armed with knowledge no one else possesses, he sets out to rewrite his fate and prove the strength of the ""weakest"" class.",2026.0,True
trending,tv,305379,Badly in Love,ja,Reality,2025-12-09,29.1352,7.7,6,JP,"In Japan's first dating show for rebellious yankiis, 11 singles butt heads, forge bonds and live together for 14 days as they go all out to find the one.",2025.0,True
trending,tv,56570,Outlander,en,"Drama, Sci-Fi & Fantasy",2014-08-09,76.6326,8.202,2963,US,"The story of Claire Randall, a married combat nurse from 1945 who is mysteriously swept back in time to 1743, where she is immediately thrown into an unknown world where her life is threatened. When she is forced to marry Jamie, a chivalrous and romantic young Scottish warrior, a passionate affair is ignited that tears Claire's heart between two vastly different men in two irreconcilable lives.",2014.0,False
trending,tv,295434,Kamen Rider ZEZTZ,ja,"Action & Adventure, Sci-Fi & Fantasy, Comedy, Drama",2025-09-07,36.2583,8.1,16,JP,"Baku Yorozu is an an ordinary young man living an uneventful life. But with the power of lucid dreaming, he turns into an unstoppable secret agent. In the dream world, there appears the Nightmare, a monstrous figure bent on bringing bad dreams into the real world. While the line between dream and reality breaks, Baku acquires a mysterious belt, transforming himself into Kamen Rider ZEZTZ! Make your dream come true. Good luck!",2025.0,True
trending,tv,236534,Tales of Herding Gods,zh,"Animation, Sci-Fi & Fantasy, Action & Adventure",2024-10-27,45.4093,7.781,16,CN,,2024.0,False
trending,tv,247718,MobLand,en,"Crime, Drama",2025-03-30,55.9551,8.351,796,"GB, US",Two mob families clash in a war that threatens to topple empires and lives.,2025.0,True
trending,tv,280049,HELL MODE: The Hardcore Gamer Dominates in Another World with Garbage Balancing,ja,"Animation, Action & Adventure, Sci-Fi & Fantasy",2026-01-10,27.6757,7.313,32,JP,"Kenichi Yamada, a single, 35-year-old businessman, has spent the majority of his adult life playing every MMORPG to hit the market. Tired of the constant cycle of repetitive, newbie-centric gameplay, he is immediately drawn in by the promise of a new game that, on top of being never-ending, offers up a ""Hell Mode""—a difficulty level that makes it nigh impossible to level up but also promises uncapped growth potential. Upon selecting the newly released Summoner class, Kenichi finds himself reborn as Allen, an infant in a serf family, with nothing but his wits and old memories to guide him.",2026.0,True
trending,tv,131040,Call Me By Fire,zh,Reality,2021-08-12,33.9699,8.0,6,CN,"The male version of Sisters Who Make Waves. The show focuses on breaking the limit plus challenging oneself, and opening up the long-lost dream of being in a boy band for the brothers. Regarding the competition system, after three months of live-in training & subject assessment, the winning team will finally be born and make their debut in a group.",2021.0,False
trending,tv,8840,Fightland,en,"Crime, Drama",2026-07-31,16.4808,4.7,19,US,"A disgraced, formerly incarcerated boxing champion returns to London to seek vengeance against the crime syndicate he thinks betrayed him.",2026.0,True
trending,tv,297826,Tomb Raider King,ko,"Animation, Action & Adventure, Sci-Fi & Fantasy",2026-07-08,37.7576,8.333,18,KR,"Chaos ensues overnight when mysterious tombs suddenly surface, filled with divine relics granting overwhelming power, triggering a global power struggle to claim them for dominion. Among the havoc, a raider, Jooheon Suh, is betrayed and left for dead until a second chance brings him back years before the relics. Fueled by fury and future knowledge, he sets out to raid each tomb before they arise.",2026.0,True
trending,tv,93405,Squid Game,ko,"Action & Adventure, Mystery, Drama",2021-09-17,48.4555,7.855,17682,KR,"Hundreds of cash-strapped players accept a strange invitation to compete in children's games. Inside, a tempting prize awaits — with deadly high stakes.",2021.0,False
trending,tv,282136,Ever Night,zh,"Animation, Action & Adventure, Drama",2026-04-23,6.3203,8.0,5,CN,,2026.0,True
trending,tv,290856,Marshals,en,"Drama, Crime, Action & Adventure",2026-03-01,47.072,7.937,351,US,"With the Yellowstone Ranch behind him, Kayce Dutton joins an elite unit of U.S. Marshals, combining his skills as a cowboy and Navy SEAL to bring range justice to Montana, where he and his teammates must balance family, duty and the high psychological cost that comes with serving as the last line of defense in the region's war on violence.",2026.0,True
trending,tv,91801,Welcome to Demon School! Iruma-kun,ja,"Animation, Comedy, Sci-Fi & Fantasy",2019-10-05,38.6925,8.257,303,JP,"Fourteen-year-old Iruma Suzuki has just been abandoned and sold to a demon by his irresponsible parents! Surprisingly, the next thing he knows he's living with the demon who has adopted him as his new grandson and has been transferred into a school in the Netherworld where his new demon grandfather works as the principal. Thus begins the cowardly Iruma-kun's extraordinary school life among the otherworldly as he faces his true self, takes on challenges, and rises to become someone great.",2019.0,False
trending,tv,226749,The Librarians: The Next Chapter,en,"Action & Adventure, Sci-Fi & Fantasy",2025-05-25,20.2462,6.6,55,US,"A Librarian from the past time travels to the present and finds himself stuck here. When he returns to his castle, which is now a museum, he inadvertently releases magic across the continent. He is given a new team to help him clean up the mess he made, forming a new team of Librarians.",2025.0,True
trending,tv,253941,The Paper,en,Comedy,2025-09-04,23.8713,7.09,89,US,"The documentary crew that immortalized Dunder Mifflin's Scranton branch is in search of a new subject when they discover a historic Toledo newspaper, The Truth Teller, and the eager publisher trying to revive it.",2025.0,True
trending,tv,213562,Crystal Lake,en,"Mystery, Drama",2026-10-15,2.7482,0.0,0,US,"Single mother Pam Voorhees has been unable to shake her grief after her young, sickly son Jason tragically drowned in the town lake almost a year before. When two strangers arrive at Pam’s door digging into her past, a disturbing chain of events are set into motion, leaving the townspeople of Crystal Lake wondering: just who is Pam Voorhees?",2026.0,True
trending,tv,253391,Sheriff Country,en,"Drama, Crime",2025-10-17,19.8653,7.351,47,US,Mickey Fox investigates criminal activity and patrols the streets of small-town Edgewater while contending with her ex-con father and a mysterious incident involving her wayward daughter.,2025.0,True
trending,tv,323579,GATE24: The Border,ja,"Crime, Drama",2026-07-23,11.8116,5.0,1,JP,A newly formed airport task force overcomes institutional barriers and uses an eccentric officer's extraordinary observational skills to protect Japan's borders from international crimes.,2026.0,True
trending,tv,295778,Scrubs,en,Comedy,2026-02-25,40.1396,7.795,100,US,"J.D. & Turk scrub in together for the first time in a long time–medicine has changed, interns have changed, but their bromance has stood the test of time. Characters new and old navigate the waters of Sacred Heart with laughter, heart and some surprises along the way.",2026.0,True
trending,tv,289116,Genius Girlfriend,zh,Drama,2026-08-02,35.0032,8.4,4,CN,"A genius girl and her childhood sweetheart navigate life's challenges from campus to marriage in this heartwarming coming-of-age story filled with wit, warmth and youthful passion.",2026.0,True
trending,tv,224377,Harry Potter,en,"Action & Adventure, Family, Sci-Fi & Fantasy",2026-12-25,8.8986,0.0,0,"GB, US","There is nothing special about Harry Potter - at least that's what his Aunt Petunia always says. On his 11th birthday, a letter of admittance to Hogwarts School of Witchcraft and Wizardry opens up a hidden world for Harry: one of fun, friendship and magic. But with this new adventure comes great risk as Harry is forced to face a dangerous enemy from his past.",2026.0,True
trending,tv,224372,A Knight of the Seven Kingdoms,en,"Drama, Sci-Fi & Fantasy, Action & Adventure",2026-01-18,53.057,8.421,1122,US,"A century before the events of Game of Thrones, two unlikely heroes wandered Westeros: a young, naive but courageous knight, Ser Duncan the Tall, and his diminutive squire, Egg. Set in an age when the Targaryen line still holds the Iron Throne and the last dragon has not yet passed from living memory, great destinies, powerful foes, and dangerous exploits await these improbable and incomparable friends.",2026.0,True
trending,tv,2808,Totally Spies!,fr,"Animation, Kids, Comedy, Action & Adventure",2002-04-03,35.1376,7.337,297,FR,"Totally Spies! depicts three girlfriends 'with an attitude' who have to cope with their daily lives at high school as well as the unpredictable pressures of international espionage. They confront the most intimidating - and demented - of villains, each with their own special agenda for demonic, global rude behavior.",2002.0,False
trending,tv,299939,Monster: The Lizzie Borden Story,en,"Drama, Crime",2026-09-17,10.9894,0.0,0,US,"Trapped in a cruel Victorian-era household, Lizzie Borden kills her parents in a gory ax murder that shocks the nation.",2026.0,True
trending,tv,110492,Peacemaker,en,"Action & Adventure, Sci-Fi & Fantasy, Comedy",2022-01-13,33.4473,8.184,3510,US,"The continuing story of Peacemaker, a vainglorious superhero/supervillain who believes in peace at any cost — no matter how many people he has to kill. After a miraculous recovery from his duel with Bloodsport, Peacemaker soon discovers that his freedom comes at a price.",2022.0,False
trending,tv,312849,Rich Girl Caretaker: I'm Secretly the Caregiver of the Most Popular Girl in This Rich Kid School,ja,"Animation, Comedy",2026-07-05,26.4487,9.0,6,JP,"Hinako Konohana is the perfect young lady—graceful, elegant, and flawless… or so everyone thinks. Behind closed doors, she's a total disaster who can't handle basic chores! When ordinary student Itsuki Tomonari becomes her caretaker, he's thrown into 24/7 damage control, maintaining her ""perfect"" image. It's awkward, nonstop chaos—but it starts softening into something that feels like love…",2026.0,True
trending,tv,228429,Soul Land 2: The Peerless Tang Clan,zh,"Animation, Sci-Fi & Fantasy, Action & Adventure, Drama",2023-06-24,45.2047,7.967,15,CN,"The Tang Sect in a turbulent world. There is nothing but martial spirit here. Ten thousand years after the founding of the Tang Sect, it is in relative decline. An extremely talented man was born. Can the new Shrek Seven Monsters revive the Tang Sect and bring it back to glory? A soul beast of over one million years old; Electrolux who can pick stars; The new soul utensil system that led to the decline of the Tang Sect... A lot of secrets are to be revealed. Can the secret weapons of the Tang Sect be sharp again? Can the Tang Sect regain its former glory?",2023.0,False
trending,tv,296202,Wow The World,zh,Reality,2025-07-27,24.1644,8.833,6,CN,"A squad of celebrity travel junkies forms the Global Vibe Tribe, tracing Earth's pulse to uncover its freshest hidden gems. Through wildly original journeys, they chase universal joy across the planet, one vibing destination at a time.",2025.0,True
trending,tv,278178,I Will Find You,en,"Drama, Mystery, Crime",2026-06-18,42.4555,8.2,443,US,"Wrongfully imprisoned for murdering his own son, a father sets out on a desperate rescue mission after learning the boy may still be alive.",2026.0,True
trending,tv,225171,Pluribus,en,"Drama, Sci-Fi & Fantasy",2025-11-06,41.1567,7.9,1061,US,The most miserable person on Earth must save the world from happiness.,2025.0,True
trending,tv,226698,Conan O'Brien Must Go,en,"Documentary, Comedy",2024-04-18,16.9477,7.7,37,US,"Conan O'Brien visits new friends he met through his podcast, ""Conan O'Brien Needs a Fan,"" where he dives deep with listeners from across the country and the world.",2024.0,False
trending,tv,126660,Professor T,en,"Crime, Mystery, Drama",2021-07-18,23.061,7.315,62,GB,"Professor Jasper Tempest, a genius Cambridge University criminologist with OCD and an overbearing mother, advises the police. British version of the Belgian crime drama of the same name.",2021.0,False
trending,tv,199001,My Life with the Walter Boys,en,Drama,2023-12-07,53.8202,7.812,417,US,"When a tragedy disrupts her life, a teen moves in with her guardian's big family in a small town and learns new lessons about love, hope and friendship.",2023.0,False
trending,tv,331312,Kiss or Kill,zh,"Drama, Action & Adventure",2026-08-19,4.5897,0.0,0,CN,"Reunited undercover in a dangerous syndicate, a mercenary and his former ally struggle to resist a forbidden passion while fighting for survival.",2026.0,True
trending,tv,103540,Percy Jackson and the Olympians,en,"Action & Adventure, Sci-Fi & Fantasy, Drama, Family",2023-12-19,46.0885,7.3,821,US,"Percy Jackson is on a dangerous quest. Outrunning monsters and outwitting gods, he must journey across America to return Zeus's master bolt and stop an all-out war. With the help of his friends Annabeth and Grover, Percy's journey will lead him closer to the answers he seeks: how to fit into a world where he feels out of place, and who he's destined to be.",2023.0,False
trending,tv,91239,Bridgerton,en,Drama,2020-12-25,58.8741,8.1,3376,US,"Wealth, lust, and betrayal set in the backdrop of Regency era England, seen through the eyes of the powerful Bridgerton family.",2020.0,False
trending,tv,280564,False Memory,zh,"Animation, Action & Adventure",2026-08-02,26.9836,7.0,1,CN,"In his desperate quest to return to the past, Guan Chao scours the world for ""Pyrolite"" — the energy source capable of powering the Time Gun. But his search takes an unexpected turn when he accidentally falls into the Memory Bureau.

To find his way back to reality, Guan Chao must join forces with memory administrators Fangtang, Bai Zhong, and others, clearing BUG beings layer by layer through the strata of memory. Yet as battle after battle draws to a close, what awaits him is far more than corrupted data… The deepest truth buried within memory itself is beginning to stir.",2026.0,True
trending,tv,303287,GuAn,zh,"Animation, Action & Adventure, Drama",2026-07-28,9.1494,10.0,1,CN,,2026.0,True
trending,tv,295999,MAO,ja,"Animation, Action & Adventure, Sci-Fi & Fantasy, Mystery",2026-04-04,16.037,9.0,19,JP,"Eight years ago, Nanoka Kiba was saved from the wreckage of a fatal accident at Gogyō Town Shopping Center. Drawn to the abandoned passage of storefronts on her walk home from school in present day, she becomes inexplicably transported to Japan's Taishō period where she meets the mysterious Mao, a fellow traveler whose arrival at a ghost-inhabited village is simultaneous with hers. Together, they investigate the bizarre events that begin to occur around them, and Nanoka soon pieces together her broken memories of the accident and how she and Mao may have something more sinister in common.",2026.0,True
trending,tv,63726,Alone,en,Reality,2015-06-18,26.1873,7.2,110,US,"Hardcore survivalists are put by themselves in the Vancouver Island wilderness, without camera crews, teams, or producers – on a single mission to stay alive for as long as possible.",2015.0,False
trending,tv,326788,Cyberpunk: Edgerunners 2,ja,"Animation, Action & Adventure, Sci-Fi & Fantasy, Crime",2026-10-20,6.66,0.0,0,"JP, PL","Weak, a washed-up cyberpunk legend, is now forced to live without chrome as he searches for a sense of purpose in a world that’s passed him by. Meanwhile, the deadly nomad D sets out on a path to revenge that brings him close to corpo secrets never meant to be found.",2026.0,True
trending,tv,79481,Fights Break Sphere,zh,"Animation, Action & Adventure, Drama",2017-01-07,50.078,7.9,61,CN,"In a land where no magic is present. A land where the strong make the rules and weak have to obey. A land filled with alluring treasures and beauty, yet also filled with unforeseen danger. Three years ago, Xiao Yan, who had shown talents none had seen in decades, suddenly lost everything. His powers, his reputation, and his promise to his mother. What sorcery has caused him to lose all of his powers? And why has his fiancee suddenly shown up?",2017.0,False
trending,tv,96677,Lupin,fr,"Crime, Drama, Mystery",2021-01-08,34.0267,7.682,2639,FR,"Inspired by the adventures of Arsène Lupin, gentleman thief Assane Diop sets out to avenge his father for an injustice inflicted by a wealthy family.",2021.0,False
trending,tv,203614,Colin from Accounts,en,Comedy,2022-12-01,16.1635,7.5,99,AU,"Ashley and Gordon are two single(ish), complex humans who are brought together by a car accident and an injured dog. Flawed, funny people choosing each other and being brave enough to show their true self, scars and all, as they navigate life together.",2022.0,False
trending,tv,156988,The Undeclared War,en,"War & Politics, Drama, Sci-Fi & Fantasy",2022-06-30,9.5205,6.1,94,GB,"In the post-pandemic world of 2024 during an upcoming British general election involving the UK’s first Black Conservative prime minister, a leading team of analysts at the heart of the UK’s NSA-style spy agency GCHQ attempt to ward off a cyber-attack on the country’s electoral system.",2022.0,False
trending,tv,218642,My Senior Brother is Too Steady,zh,"Animation, Comedy, Sci-Fi & Fantasy, Action & Adventure",2023-01-19,45.6469,8.8,8,CN,"After being reborn in the ancient times before the Great God-Conferment War, Li Changshou becomes a minor cultivator. His only dream is to live a long life as a cultivator. In order to survive in the cruel Primordial Times, Li Changshou tries hard not to accumulate any karma—killing inevitably leads to feuds. Thus, he always plans thoroughly before doing anything and never allows himself to walk into dangerous situations. He hides his trump cards well, trains himself in escape techniques, refines poisonous pills, and masters his mystical abilities. Li Changshou originally plans to remain hidden and safe in the mountain. There, he is supposed to cultivate until he ascends to immortality. However, everything changed one year when his master seems to think that their lives are too peaceful. He takes in a junior sister…",2023.0,False
trending,tv,255358,THE GHOST IN THE SHELL,ja,"Animation, Action & Adventure, Sci-Fi & Fantasy",2026-07-07,27.3657,8.419,37,JP,"2029, a near-future Japan. The full cyborg Motoko Kusanagi envisions a task force that preemptively strikes emerging threats. She and her team are scouted by Daisuke Aramaki as Public Security Section 9, AKA the ""Shell Squad."" An international conspiracy hints at a hacker known as The ""Puppet Master."" What fate awaits Kusanagi? What is the hacker's endgame?",2026.0,True
trending,tv,309974,Love Unseen Beneath the Clear Night Sky,ja,"Animation, Drama",2026-07-06,34.0187,7.667,9,JP,"Kakeru Sorano, a quiet university freshman who avoids others, meets Koharu Fuyutsuki, a blind girl who faces the world with quiet brightness. When she says, “I want to see fireworks someday,” something in Kakeru shifts. As they grow closer through small moments and shared loneliness, he searches for a way to make her wish come true.",2026.0,True
