电影名称,电影链接,导演,编剧,主演,类型,制片国家/地区,语言,上映日期,片长,又名,IMDb,豆瓣评分,评价人数,五星比例,四星比例,三星比例,二星比例,一星比例,剧情简介
肖申克的救赎 The Shawshank Redemption,https://movie.douban.com/subject/1292052/,弗兰克·德拉邦特,弗兰克·德拉邦特 / 斯蒂芬·金,蒂姆·罗宾斯 / 摩根·弗里曼 / 鲍勃·冈顿 / 威廉姆·赛德勒 / 克兰西·布朗 / 吉尔·贝罗斯 / 马克·罗斯顿 / 詹姆斯·惠特摩 / 杰弗里·德曼 / 拉里·布兰登伯格 / 尼尔·吉恩托利 / 布赖恩·利比 / 大卫·普罗瓦尔 / 约瑟夫·劳格诺 / 祖德·塞克利拉 / 保罗·麦克兰尼 / 芮妮·布莱恩 / 阿方索·弗里曼 / V·J·福斯特 / 弗兰克·梅德拉诺 / 马克·迈尔斯 / 尼尔·萨默斯 / 耐德·巴拉米 / 布赖恩·戴拉特 / 唐·麦克马纳斯,剧情 / 犯罪,美国,英语,1994-09-10(多伦多电影节) / 1994-10-14(美国),142分钟,月黑高飞(港) / 刺激1995(台) / 地狱诺言 / 铁窗岁月 / 消香克的救赎,tt0111161,9.7,3092299,85.80%,12.80%,1.30%,0.10%,0.10%,一场谋杀案使银行家安迪（蒂姆?罗宾斯 Tim Robbins 饰）蒙冤入狱，谋杀妻子及其情人的指控将囚禁他终生。在肖申克监狱的首次现身就让监狱“大哥”瑞德（摩根?弗里曼 Morgan Freeman 饰）对他另眼相看。瑞德帮助他搞到一把石锤和一幅女明星海报，两人渐成患难 之交。很快，安迪在监狱里大显其才，担当监狱图书管理员，并利用自己的金融知识帮助监狱官避税，引起了典狱长的注意，被招致麾下帮助典狱长洗黑钱。偶然一次，他得知一名新入狱的小偷能够作证帮他洗脱谋杀罪。燃起一丝希望的安迪找到了典狱长，希望他能帮自己翻案。阴险伪善的狱长假装答应安迪，背后却派人杀死小偷，让他唯一能合法出狱的希望泯灭。沮丧的安迪并没有绝望，在一个电闪雷鸣的风雨夜，一场暗藏几十年的越狱计划让他自我救赎，重获自由！老朋友瑞德在他的鼓舞和帮助下，也勇敢地奔向自由。 本片获得1995年奥斯卡10项提名，以及金球奖、土星奖等多项提名。
霸王别姬,https://movie.douban.com/subject/1291546/,陈凯歌,芦苇 / 李碧华,张国荣 / 张丰毅 / 巩俐 / 葛优 / 英达 / 蒋雯丽 / 吴大维 / 吕齐 / 雷汉 / 尹治 / 马明威 / 费振翔 / 智一桐 / 李春 / 赵海龙 / 李丹 / 童弟 / 沈慧芬 / 黄斐 / 徐杰,剧情 / 爱情 / 同性,中国大陆 / 中国香港,汉语普通话,1993-07-26(中国大陆) / 1993-01-01(中国香港),171分钟,再见，我的妾 / Farewell My Concubine / Adieu Ma Concubine,tt0106332,9.6,2282278,82.50%,15.20%,1.90%,0.20%,0.20%,段小楼（张丰毅）与程蝶衣（张国荣）是一对打小一起长大的师兄弟，两人一个演生，一个饰旦，一向配合天衣无缝，尤其一出《霸王别姬》，更是誉满京城，为此，两人约定合演一辈子《霸王别姬》。但两人对戏剧与人生关系的理解有本质不同，段小楼深知戏非人生，程蝶衣则是人戏不分。 段小楼在认为该成家立业之时迎娶了名妓菊仙（巩俐），致使程蝶衣认定菊仙是可耻的第三者，使段小楼做了叛徒，自此，三人围绕一出《霸王别姬》生出的爱恨情仇战开始随着时代风云的变迁不断升级，终酿成悲剧。
阿甘正传 Forrest Gump,https://movie.douban.com/subject/1292720/,罗伯特·泽米吉斯,埃里克·罗思 / 温斯顿·格鲁姆,汤姆·汉克斯 / 罗宾·怀特 / 加里·辛尼斯 / 麦凯尔泰·威廉逊 / 莎莉·菲尔德 / 海利·乔·奥斯蒙 / 迈克尔·康纳·亨弗里斯 / 哈罗德·G·赫瑟姆 / 山姆·安德森 / 伊俄涅·M·特雷奇 / 彼得·道博森 / 希芳·法隆 / 伊丽莎白·汉克斯 / 汉娜·豪尔 / 克里斯托弗·琼斯 / 罗布·兰德里 / 杰森·麦克奎尔 / 桑尼·施罗耶 / 艾德·戴维斯 / 丹尼尔C.斯瑞派克 / 大卫·布里斯宾 / 德博拉·麦克蒂尔 / 艾尔·哈林顿 / 阿非莫·奥米拉 / 约翰·沃德斯塔德 / 迈克尔·伯吉斯 / 埃里克·安德伍德 / 拜伦·明斯 / 斯蒂芬·布吉格沃特 / 约翰·威廉·高尔特 / 希拉里·沙普兰 / 伊莎贝尔·罗斯 / 理查德·达历山德罗 / 迪克·史迪威 / 迈克尔-杰斯 / 杰弗里·布莱克 / 瓦妮莎·罗斯 / 迪克·卡维特 / 马拉·苏查雷特扎 / 乔·阿拉斯奇 / W·本森·泰瑞,剧情 / 爱情,美国,英语,1994-06-23(洛杉矶首映) / 1994-07-06(美国),142分钟,福雷斯特·冈普,tt0109830,9.5,2301582,77.00%,19.90%,2.80%,0.20%,0.10%,阿甘（汤姆·汉克斯 饰）于二战结束后不久出生在美国南方阿拉巴马州一个闭塞的小镇，他先天弱智，智商只有75，然而他的妈妈是一个性格坚强的女性，她常常鼓励阿甘“傻人有傻福”，要他自强不息。 阿甘像普通孩子一样上学，并且认识了一生的朋友和至爱珍妮（罗宾·莱特·潘 饰），在珍妮 和妈妈的爱护下，阿甘凭着上帝赐予的“飞毛腿”开始了一生不停的奔跑。 阿甘成为橄榄球巨星、越战英雄、乒乓球外交使者、亿万富翁，但是，他始终忘不了珍妮，几次匆匆的相聚和离别，更是加深了阿甘的思念。 有一天，阿甘收到珍妮的信，他们终于又要见面……
泰坦尼克号 Titanic,https://movie.douban.com/subject/1292722/,詹姆斯·卡梅隆,詹姆斯·卡梅隆,莱昂纳多·迪卡普里奥 / 凯特·温斯莱特 / 比利·赞恩 / 凯西·贝茨 / 弗兰西丝·费舍 / 格劳瑞亚·斯图尔特 / 比尔·帕克斯顿 / 伯纳德·希尔 / 大卫·沃纳 / 维克多·加博 / 乔纳森·海德 / 苏茜·爱米斯 / 刘易斯·阿伯内西 / 尼古拉斯·卡斯柯恩 / 阿那托利·萨加洛维奇 / 丹尼·努齐 / 杰森·贝瑞 / 伊万·斯图尔特 / 艾恩·格拉法德 / 乔纳森·菲利普斯 / 马克·林赛·查普曼 / 理查德·格拉翰 / 保罗·布赖特威尔 / 艾瑞克·布里登 / 夏洛特·查顿 / 博纳德·福克斯 / 迈克尔·英塞恩 / 法妮·布雷特 / 马丁·贾维斯 / 罗莎琳·艾尔斯 / 罗切尔·罗斯 / 乔纳森·伊万斯-琼斯 / 西蒙·克雷恩 / 爱德华德·弗莱彻 / 斯科特·安德森 / 马丁·伊斯特 / 克雷格·凯利 / 格雷戈里·库克 / 利亚姆·图伊 / 詹姆斯·兰开斯特 / 艾尔莎·瑞雯 / 卢·帕尔特 / 泰瑞·佛瑞斯塔 / 凯文·德·拉·诺伊,剧情 / 爱情 / 灾难,美国 / 墨西哥,英语 / 意大利语 / 德语 / 俄语,1998-04-03(中国大陆) / 2023-04-03(中国大陆重映) / 1997-11-01(东京电影节) / 1997-12-19(美国),194分钟,铁达尼号(港/台),tt0120338,9.5,2342562,76.80%,20.00%,2.90%,0.20%,0.10%,1912年4月10日，号称 “世界工业史上的奇迹”的豪华客轮泰坦尼克号开始了自己的处女航，从英国的南安普顿出发驶往美国纽约。富家少女罗丝（凯特?温丝莱特）与母亲及未婚夫卡尔坐上了头等舱；另一边，放荡不羁的少年画家杰克（莱昂纳多·迪卡普里奥）也在码头的一场赌博中赢得了下等舱的船票。 罗丝厌倦了上流社会虚伪的生活，不愿嫁给卡尔，打算投海自尽，被杰克救起。很快，美丽活泼的罗丝与英俊开朗的杰克相爱，杰克带罗丝参加下等舱的舞会、为她画像，二人的感情逐渐升温。 1912年4月14日，星期天晚上，一个风平浪静的夜晚。泰坦尼克号撞上了冰山，“永不沉没的”泰坦尼克号面临沉船的命运，罗丝和杰克刚萌芽的爱情也将经历生死的考验。
千与千寻 千と千尋の神隠し,https://movie.douban.com/subject/1291561/,宫崎骏,宫崎骏,柊瑠美 / 入野自由 / 夏木真理 / 菅原文太 / 中村彰男 / 玉井夕海 / 神木隆之介 / 内藤刚志 / 泽口靖子 / 我修院达也 / 大泉洋 / 小林郁夫 / 上条恒彦 / 小野武彦,剧情 / 动画 / 奇幻,日本,日语,2019-06-21(中国大陆) / 2001-07-20(日本),125分钟,神隐少女(台) / 千与千寻的神隐 / Spirited Away / A Voyage of Chihiro / Sen to Chihiro no kamikakushi,tt0245429,9.4,2390892,73.60%,22.80%,3.30%,0.20%,0.10%,千寻和爸爸妈妈一同驱车前往新家，在郊外的小路上不慎进入了神秘的隧道——他们去到了另外一个诡异世界—一个中世纪的小镇。远处飘来食物的香味，爸爸妈妈大快朵颐，孰料之后变成了猪！这时小镇上渐渐来了许多样子古怪、半透明的人。 千寻仓皇逃出，一个叫小白的人救了他，喂了她阻止身体消 失的药，并且告诉她怎样去找锅炉爷爷以及汤婆婆，而且必须获得一份工作才能不被魔法变成别的东西。 千寻在小白的帮助下幸运地获得了一份在浴池打杂的工作。渐渐她不再被那些怪模怪样的人吓倒，并从小玲那儿知道了小白是凶恶的汤婆婆的弟子。 一次，千寻发现小白被一群白色飞舞的纸人打伤，为了救受伤的小白，她用河神送给她的药丸驱出了小白身体内的封印以及守封印的小妖精，但小白还是没有醒过来。 为了救小白，千寻又踏上了她的冒险之旅。
美丽人生 La vita è bella,https://movie.douban.com/subject/1292063/,罗伯托·贝尼尼,温琴佐·切拉米 / 罗伯托·贝尼尼,罗伯托·贝尼尼 / 尼可莱塔·布拉斯基 / 乔治·坎塔里尼 / 朱斯蒂诺·杜拉诺 / 赛尔乔·比尼·布斯特里克 / 玛丽萨·帕雷德斯 / 霍斯特·布赫霍尔茨 / 利迪娅·阿方西 / 朱利亚娜·洛约迪切 / 亚美利哥·丰塔尼 / 彼得·德·席尔瓦 / 弗朗西斯·古佐 / 拉法埃拉·莱博罗尼 / 克劳迪奥·阿方西 / 吉尔·巴罗尼 / 马西莫·比安奇 / 恩尼奥·孔萨尔维 / 吉安卡尔洛·科森蒂诺 / 阿伦·克雷格 / 汉尼斯·赫尔曼 / 弗兰科·梅斯科利尼 / 安东尼奥·普雷斯特 / 吉娜·诺维勒 / 理查德·塞梅尔 / 安德烈提多娜 / 迪尔克·范登贝格 / 奥梅罗·安东努蒂,剧情 / 喜剧 / 爱情 / 战争,意大利,意大利语 / 德语 / 英语,2020-01-03(中国大陆) / 1997-12-20(意大利),116分钟(国际版),一个快乐的传说(港) / Life Is Beautiful,tt0118799,9.5,1406367,80.30%,17.00%,2.30%,0.20%,0.20%,犹太青年圭多（罗伯托·贝尼尼）邂逅美丽的女教师多拉（尼可莱塔·布拉斯基），他彬彬有礼的向多拉鞠躬：“早安！公主！”。历经诸多令人啼笑皆非的周折后，天遂人愿，两人幸福美满的生活在一起。 然而好景不长，法西斯政权下，圭多和儿子被强行送往犹太人集中营。多拉虽没有犹太血统，毅然同行，与丈夫儿子分开关押在一个集中营里。聪明乐天的圭多哄骗儿子这只是一场游戏，奖品就是一辆大坦克，儿子快乐、天真的生活在纳粹的阴霾之中。尽管集中营的生活艰苦寂寞，圭多仍然带给他人很多快乐，他还趁机在纳粹的广播里问候妻子：“早安！公主！” 法西斯政权即将倾覆，纳粹的集中营很快就要接受最后的清理，圭多编给儿子的游戏该怎么结束？他们一家能否平安的度过这黑暗的年代呢？
这个杀手不太冷 Léon,https://movie.douban.com/subject/1295644/,吕克·贝松,吕克·贝松,让·雷诺 / 娜塔莉·波特曼 / 加里·奥德曼 / 丹尼·爱罗 / 彼得·阿佩尔 / 迈克尔·巴达鲁科 / 艾伦·格里尼 / 伊丽莎白·瑞根 / 卡尔·马图斯维奇 / 弗兰克·赛格 / 麦温 / 乔治·马丁 / 罗伯特·拉萨多 / 亚当·布斯奇 / 马里奥·托迪斯科 / 萨米·纳塞利,剧情 / 动作 / 犯罪,法国 / 美国,英语 / 意大利语 / 法语,2024-11-01(中国大陆) / 1994-09-14(法国),133分钟(中国大陆),终极追杀令(台) / 杀手莱昂 / 杀手里昂 / Leon / Leon: The Professional,tt0110413,9.4,2439636,73.00%,22.90%,3.60%,0.30%,0.20%,里昂（让·雷诺饰）是名孤独的职业杀手，受人雇佣。一天，邻居家小姑娘马蒂尔达（纳塔丽·波特曼饰)敲开他的房门，要求在他那里暂避杀身之祸。原来邻居家的主人是警方缉毒组的眼线，只因贪污了一小包毒品而遭恶警（加里·奥德曼饰）杀害全家的惩罚。马蒂尔达得到里昂的留救，幸免于难，并留在里昂那里。里昂教小女孩使枪，她教里昂法文，两人关系日趋亲密，相处融洽。 女孩想着去报仇，反倒被抓，里昂及时赶到，将女孩救回。混杂着哀怨情仇的正邪之战渐次升级，更大的冲突在所难免……
星际穿越 Interstellar,https://movie.douban.com/subject/1889243/,克里斯托弗·诺兰,乔纳森·诺兰 / 克里斯托弗·诺兰,马修·麦康纳 / 安妮·海瑟薇 / 杰西卡·查斯坦 / 麦肯吉·弗依 / 卡西·阿弗莱克 / 迈克尔·凯恩 / 马特·达蒙 / 提莫西·查拉梅 / 艾伦·伯斯汀 / 约翰·利思戈 / 韦斯·本特利 / 大卫·吉亚西 / 比尔·欧文 / 托弗·戈瑞斯 / 科莱特·沃夫 / 弗朗西斯·X.麦卡蒂 / 安德鲁·博尔巴 / 乔什·斯图沃特 / 莱雅·卡里恩斯 / 利亚姆·迪金森 / 杰夫·赫普内尔 / 伊莱耶斯·加贝尔 / 布鲁克·史密斯 / 大卫·奥伊罗 / 威廉姆·德瓦内 / 拉什·费加 / 格里芬·弗雷泽 / 弗洛拉·诺兰,剧情 / 科幻 / 冒险,美国 / 英国 / 加拿大,英语,2014-11-12(中国大陆) / 2020-08-02(中国大陆重映) / 2014-11-07(美国),169分钟,星际启示录(港) / 星际效应(台) / 星际空间 / 星际之间 / 星际远航 / 星际 / Flora's Letter,tt0816692,9.4,2014733,75.60%,20.20%,3.60%,0.40%,0.20%,近未来的地球黄沙遍野，小麦、秋葵等基础农作物相继因枯萎病灭绝，人类不再像从前那样仰望星空，放纵想象力和灵感的迸发，而是每日在沙尘暴的肆虐下倒数着所剩不多的光景。在家务农的前NASA宇航员库珀（马修·麦康纳 Matthew McConaughey 饰）接连在女儿墨菲（麦肯吉·弗依 Mackenzie Foy 饰）的书房发现奇怪的重力场现象，随即得知在某个未知区域内前NASA成员仍秘密进行一个拯救人类的计划。多年以前土星附近出现神秘虫洞，NASA借机将数名宇航员派遣到遥远的星系寻找适合居住的星球。在布兰德教授（迈克尔·凯恩 Michael Caine 饰）的劝说下，库珀忍痛告别了女儿，和其他三名专家教授女儿艾米莉亚·布兰德（安妮·海瑟薇 Anne Hathaway 饰）、罗米利（大卫·吉雅西 David Gyasi 饰）、多伊尔（韦斯·本特利 Wes Bentley 饰）搭乘宇宙飞船前往目前已知的最有希望的三颗星球考察。 他们穿越遥远的星系银河，感受了一小时七年光阴的沧海桑田，窥见了未知星球和黑洞的壮伟与神秘。在浩瀚宇宙的绝望而孤独角落，总有一份超越了时空的笃定情怀将他们紧紧相连……
盗梦空间 Inception,https://movie.douban.com/subject/3541415/,克里斯托弗·诺兰,克里斯托弗·诺兰,莱昂纳多·迪卡普里奥 / 约瑟夫·高登-莱维特 / 艾利奥特·佩吉 / 汤姆·哈迪 / 渡边谦 / 迪利普·劳 / 基里安·墨菲 / 汤姆·贝伦杰 / 玛丽昂·歌迪亚 / 皮特·波斯尔思韦特 / 迈克尔·凯恩 / 卢卡斯·哈斯 / 李太力 / 克莱尔·吉尔蕾 / 马格努斯·诺兰 / 泰勒·吉蕾 / 乔纳森·吉尔 / 水源士郎 / 冈本玉二 / 厄尔·卡梅伦 / 瑞恩·海沃德 / 米兰达·诺兰 / 拉什·费加 / 蒂姆·科勒赫 / 妲露拉·莱莉,剧情 / 科幻 / 悬疑 / 冒险,美国 / 英国,英语 / 日语 / 法语,2010-09-01(中国大陆) / 2020-08-28(中国大陆重映) / 2010-07-16(美国),148分钟,潜行凶间(港) / 全面启动(台) / 奠基 / 心灵犯案 / 记忆迷阵 / 记忆魔方,tt1375666,9.4,2201007,72.70%,23.40%,3.50%,0.20%,0.10%,道姆·柯布（莱昂纳多·迪卡普里奥 Leonardo DiCaprio 饰）与同事阿瑟（约瑟夫·戈登-莱维特 Joseph Gordon-Levitt 饰）和纳什（卢卡斯·哈斯 Lukas Haas 饰）在一次针对日本能源大亨齐藤（渡边谦 饰）的盗梦行动中失败，反被齐藤利用。齐藤威逼利诱因遭通缉而流亡海外的柯布帮他拆分他竞争对手的公司，采取极端措施在其唯一继承人罗伯特·费希尔（希里安·墨菲 Cillian Murphy 饰）的深层潜意识中种下放弃家族公司、自立门户的想法。为了重返美国，柯布偷偷求助于岳父迈尔斯（迈克尔·凯恩 Michael Caine 饰），吸收了年轻的梦境设计师艾里阿德妮（艾伦·佩吉 Ellen Page 饰）、梦境演员艾姆斯（汤姆·哈迪 Tom Hardy 饰）和药剂师约瑟夫（迪利普·劳 Dileep Rao 饰）加入行动。在一层层递进的梦境中，柯布不仅要对付费希尔潜意识的本能反抗，还必须直面已逝妻子梅尔（玛丽昂·歌迪亚 Marion Cotillard 饰）的处处破坏，实际情况远比预想危险得多……
楚门的世界 The Truman Show,https://movie.douban.com/subject/1292064/,彼得·威尔,安德鲁·尼科尔,金·凯瑞 / 劳拉·琳妮 / 艾德·哈里斯 / 诺亚·艾默里奇 / 娜塔莎·麦克艾霍恩,剧情 / 科幻,美国,英语,1998-06-05(美国),103分钟,真人Show(港) / 真人戏 / 真人世界 / 楚门秀 / 真人秀,tt0120382,9.4,1872818,72.40%,24.10%,3.30%,0.20%,0.10%,楚门（金?凯瑞 Jim Carrey 饰）是一个平凡得不能再平凡的人，除了一些有些稀奇的经历之外——初恋女友突然失踪、溺水身亡的父亲忽然似乎又出现在眼前，他和绝大多数30多岁的美国男人绝无异样。这令他倍感失落。他也曾试过离开自己生活了多年的地方，但总因种种理由而不能成行。 直到有一天，他忽然发觉自己似乎一直在被人跟踪，无论他走到哪里，干什么事情。这种感觉愈来愈强烈。楚门决定不惜一切代价逃离这个他生活了30多年的地方，去寻找他的初恋女友。 但他却发现自己怎样也逃不出去。真相其实很残忍。
辛德勒的名单 Schindler's List,https://movie.douban.com/subject/1295124/,史蒂文·斯皮尔伯格,托马斯·肯尼利 / 斯蒂文·泽里安,连姆·尼森 / 本·金斯利 / 拉尔夫·费因斯 / 卡罗琳·古多尔 / 乔纳森·萨加尔 / 艾伯丝·戴维兹 / 马尔戈萨·格贝尔 / 马克·伊瓦涅 / 碧翠斯·马科拉 / 安德烈·瑟韦林 / 弗里德里希·冯·图恩 / 克齐斯茨托夫·拉夫特 / 诺伯特·魏塞尔 / 维斯瓦夫·科马萨,剧情 / 历史 / 战争,美国,英语 / 希伯来语 / 德语 / 波兰语,1993-11-30(华盛顿首映) / 1994-02-04(美国),195分钟,舒特拉的名单(港) / 辛德勒名单,tt0108052,9.5,1188855,80.20%,17.30%,2.10%,0.10%,0.20%,1939年，波兰在纳粹德国的统治下，党卫军对犹太人进行了隔离统治。德国商人奥斯卡·辛德勒（连姆·尼森 Liam Neeson 饰）来到德军统治下的克拉科夫，开设了一间搪瓷厂，生产军需用品。凭着出众的社交能力和大量的金钱，辛德勒和德军建立了良好的关系，他的工厂雇用犹太人工作，大发战争财。 1943年，克拉科夫的犹太人遭到了惨绝人寰的大屠杀，辛德勒目睹这一切，受到了极大的震撼，他贿赂军官，让自己的工厂成为集中营的附属劳役营，在那些疯狂屠杀的日子里，他的工厂也成为了犹太人的避难所。 1944年，德国战败前夕，屠杀犹太人的行动越发疯狂，辛德勒向德军军官开出了1200人的名单，倾家荡产买下了这些犹太人的生命。在那些暗无天日的岁月里，拯救一个人，就是拯救全世界。
忠犬八公的故事 Hachi: A Dog's Tale,https://movie.douban.com/subject/3011091/,拉斯·霍尔斯道姆,斯蒂芬·P·林赛 / 新藤兼人,理查·基尔 / 莎拉·罗默尔 / 琼·艾伦 / 罗比·萨布莱特 / 艾瑞克·阿瓦利 / 田川洋行 / 杰森·亚历山大 / 罗伯特·卡普荣,剧情,美国 / 英国,英语 / 日语,2009-06-13(西雅图电影节) / 2010-03-12(英国),93分钟,秋田犬八千(港) / 忠犬小八(台) / 忠犬传奇,tt1028532,9.4,1471658,74.90%,21.10%,3.60%,0.30%,0.10%,八公（Forest 饰）是一条谜一样的犬，因为没有人知道它从哪里来。教授帕克（理查·基尔 Richard Gere 饰）在小镇的火车站拣到一只走失的小狗，冥冥中似乎注定小狗和帕克教授有着某种缘分，帕克一抱起这只小狗就再也放不下来，最终，帕克对小狗八公的疼爱感化了起初极力反对养狗的妻子卡特（琼·艾伦 Joan Allen 饰）。八公在帕克的呵护下慢慢长大，帕克上班时八公会一直把他送到车站，下班时八公也会早早便爬在车站等候，八公的忠诚让小镇的人家对它更加疼爱。有一天，八公在帕克要上班时表现异常，居然玩起了以往从来不会的捡球游戏，八公的表现让帕克非常满意，可是就是在那天，帕克因病去世。帕克的妻子、女儿安迪（萨拉·罗默尔 Sarah Roemer 饰）及女婿迈克尔（罗比·萨布莱特 Robbie Sublett 饰）怀着无比沉痛的心情埋葬了帕克，可是不明就里的八公却依然每天傍晚五点准时守候在小站的门前，等待着主人归来…… 本片根据上个世纪30年代发生在日本的真实故事改编，1987年在日本拍成电影后创造了40亿日元的票房。
海上钢琴师 La leggenda del pianista sull'oceano,https://movie.douban.com/subject/1292001/,朱塞佩·托纳多雷,亚历山德罗·巴里科 / 朱塞佩·托纳多雷,蒂姆·罗斯 / 普路特·泰勒·文斯 / 比尔·努恩 / 克兰伦斯·威廉姆斯三世 / 梅兰尼·蒂埃里 / 皮特·沃恩 / 尼尔·奥布赖恩 / 阿尔贝托·巴斯克斯 / 加布里埃莱·拉维亚 / 科里·巴克 / 西德尼·科尔 / Luigi De Luca / 尼古拉·迪·平托 / 费米·依鲁福祖 / 伊斯顿·盖奇 / 凯文·麦克纳利 / 布莱恩·普林格 / 沙拉·鲁宾 / 希思科特·威廉姆斯 / 阿妮妲·扎格利亚 / 安吉洛·迪洛雷塔,剧情 / 音乐,意大利,英语 / 法语 / 意大利语,2019-11-15(中国大陆) / 2024-11-15(中国大陆重映) / 1998-10-28(意大利),165分钟,声光伴我飞(港) / 一九零零的传奇 / 1900海上钢琴师 / 传奇1900 / The Legend of 1900 / The Legend Of The Pianist On The Ocean,tt0120731,9.3,1785817,71.00%,24.00%,4.40%,0.40%,0.20%,本片讲述了一个钢琴天才传奇的一生。 1900年，Virginian号豪华邮轮上，一个孤儿被遗弃在头等舱，由船上的水手抚养长大，取名1900（蒂姆?罗斯 饰）。1900慢慢长大，显示出了无师自通的非凡钢琴天赋，在船上的乐队表演钢琴，每个听过他演奏的人，都被深深打动。爵士乐鼻祖杰尼听说了1900的高超技艺，专门上船和他比赛，最后自叹弗如，黯然离去。 可惜，这一切的事情都发生在海上，1900从来不愿踏上陆地，直到有一天，他爱上了一个女孩，情愫在琴键上流淌。他会不会为了爱情，踏上陆地开始新的生活，用他的琴声惊艳世界？他将怎样谱写自己非凡的人生。
三傻大闹宝莱坞 3 Idiots,https://movie.douban.com/subject/3793023/,拉吉库马尔·希拉尼,维德胡·维诺德·乔普拉 / 拉吉库马尔·希拉尼 / 阿希贾特·乔希,阿米尔·汗 / 卡琳娜·卡普尔 / 马达范 / 沙尔曼·乔希 / 奥米·瓦依达 / 博曼·伊拉尼 / 莫娜·辛格 / 拉杰夫·拉宾德拉纳特安,剧情 / 喜剧 / 爱情 / 歌舞,印度,印地语 / 乌尔都语 / 英语,2011-12-08(中国大陆) / 2009-12-25(印度),171分钟(印度),三个傻瓜(台) / 作死不离3兄弟(港) / 三个白痴 / 三个傻蛋 / 三个呆瓜 / 三生万悟 / 寻找兰彻 / Three Idiots,tt1187043,9.2,1970438,68.90%,25.40%,5.00%,0.50%,0.20%,本片根据印度畅销书作家奇坦·巴哈特（Chetan Bhagat）的处女作小说《五点人》（Five Point Someone）改编而成。法兰（马德哈万 R Madhavan 饰）、拉杜（沙曼·乔希 Sharman Joshi 饰）与兰乔（阿米尔·汗 Aamir Khan 饰）是皇家工程学院的学生，三人共居一室，结为好友。在以严格著称的学院里，兰乔是个非常与众不同的学生，他不死记硬背，甚至还公然顶撞校长“病毒”（波曼·伊拉尼 Boman Irani 饰），质疑他的教学方法。他不仅鼓动法兰与拉杜去勇敢追寻理想，还劝说校长的二女儿碧雅（卡琳娜·卡普 Kareena Kapoor 饰）离开满眼铜臭的未婚夫。兰乔的特立独行引起了模范学生“消音器”（奥米·维嘉 Omi Vaidya 饰）的不满，他约定十年后再与兰乔一决高下，看哪种生活方式更能取得成功。 本片获孟买电影博览奖最佳影片、最佳导演、最佳配角（波曼·伊拉尼）、最佳剧本等六项大奖，并获国际印度电影协会最佳影片、最佳导演、最佳剧情、最佳摄影等十六项大奖。
放牛班的春天 Les choristes,https://movie.douban.com/subject/1291549/,克里斯托夫·巴哈蒂,乔治·沙普罗 / 勒·惠勒 / 诺埃-诺尔 / 克里斯托夫·巴哈蒂 / 菲利普·洛佩斯-屈瓦尔,让-巴蒂斯特·莫尼耶 / 热拉尔·朱尼奥 / 弗朗索瓦·贝莱昂 / 凯德·麦拉德 / 让-保罗·博奈雷 / 雅克·贝汉 / 玛丽·布奈尔 / 马克桑斯·贝汉 / 格雷戈里·加迪诺尔 / 托马斯·布伦门塔尔 / 西里尔·伯尔尼科特 / 西蒙·法戈特 / 泰奥杜尔·卡雷-卡赛尼 / 菲利普·杜·詹纳兰德 / 埃里克·德斯玛莱茨 / 狄迪尔·弗拉蒙 / Carole Weiss,剧情 / 音乐,法国 / 瑞士 / 德国,法语,2004-10-16(中国大陆) / 2022-12-02(中国大陆重映) / 2004-03-17(法国),97分钟,歌声伴我心(港) / 唱诗班男孩 / The Chorus,tt0372824,9.3,1397704,71.00%,25.20%,3.50%,0.20%,0.10%,1949年的法国乡村，音乐家克莱门特（热拉尔·朱尼奥 饰）到了一间外号叫“塘低”的男子寄宿学校当助理教师。学校里的学生大部分都是难缠的问题儿童，体罚在这里司空见惯，学校的校长（弗朗索瓦·贝莱昂 饰）只顾自己的前途，残暴高压。 性格沉静的克莱门特尝试用自己的方法改善这种状况，他重新创作音乐作品，组织合唱团，决定用音乐的方法来打开学生们封闭的心灵。 然而，事情并不顺利，克莱门特发现学生皮埃尔·莫安琦（让-巴蒂斯特·莫尼耶 饰）拥有非同一般的音乐天赋，但是单亲家庭长大的他，性格异常敏感孤僻，怎样释放皮埃尔的音乐才能，让克莱门特头痛不已；同时，他与皮埃尔母亲的感情也渐渐微妙起来。
机器人总动员 WALL·E,https://movie.douban.com/subject/2131459/,安德鲁·斯坦顿,安德鲁·斯坦顿 / 吉姆·里尔顿 / 彼特·道格特,本·贝尔特 / 艾丽莎·奈特 / 杰夫·格尔林 / 佛莱德·威拉特 / 西格妮·韦弗 / MacInTalk / 约翰·拉森贝格 / 凯茜·纳基麦 / 泰迪·牛顿 / 鲍伯·伯根 / 洛丽·理查德森 / 吉姆·瓦德 / 彼特·道格特 / 安德鲁·斯坦顿 / 杰夫·皮金 / 约翰·齐甘 / 米凯·麦高万 / 雪莉·琳恩 / 克莱特·惠特克 / 唐纳德·富利洛夫 / 罗里·艾伦 / 杰斯·哈梅尔 / 拉瑞恩·纽曼 / 扬·拉布森 / 保罗·伊丁,科幻 / 动画 / 冒险,美国,英语,2008-06-27(美国),98分钟,太空奇兵·威E(港) / 瓦力(台) / 星际总动员 / 地球废品分装员 / 机器人瓦力 / walle,tt0910970,9.3,1402889,71.90%,23.90%,3.90%,0.20%,0.10%,公元2805年，人类文明高度发展，却因污染和生活垃圾大量增加使得地球不再适于人类居住。地球人被迫乘坐飞船离开故乡，进行一次漫长无边的宇宙之旅。临行前他们委托Buynlarge的公司对地球垃圾进行清理，该公司开发了名为WALL·E（Waste Allocation Load Lifters – Earth 地球废品分装员）的机器人担当此重任。 这些机器人按照程序日复一日、年复一年辛勤工作，但随着时间的流逝和恶劣环境的侵蚀，WALL·E们接连损坏、停止运动。最后只有一个仍在进行这项似乎永无止境的工作。经历了漫长的岁月，它开始拥有了自己的意识。它喜欢将收集来的宝贝小心翼翼藏起，喜欢收工后看看几百年前的歌舞片，此外还有一只蟑螂朋友作伴。直到有一天，一艘来自宇宙的飞船打破了它一成不变的生活…… 本片荣获2009年第81届奥斯卡最佳动画长片奖。
疯狂动物城 Zootopia,https://movie.douban.com/subject/25662329/,拜伦·霍华德,拜伦·霍华德 / 瑞奇·摩尔 / 杰拉德·布什 / 吉姆·里尔顿 / 乔西·特立尼达 / 菲尔·约翰斯顿 / 珍妮弗·李,金妮弗·古德温 / 杰森·贝特曼 / 伊德瑞斯·艾尔巴 / 珍妮·斯蕾特 / 内特·托伦斯 / 邦妮·亨特 / 唐·雷克 / 汤米·钟 / J·K·西蒙斯 / 奥克塔维亚·斯宾瑟 / 艾伦·图代克 / 夏奇拉 / 雷蒙德·S·佩尔西 / 德拉·萨巴 / 莫里斯·拉马奇 / 菲尔·约翰斯顿 / 约翰·迪·马吉欧 / 凯蒂·洛斯 / 吉塔·雷迪 / 杰西·科尔蒂 / 汤米·利斯特 / 乔希·达拉斯 / 瑞奇·摩尔 / 凯斯·索西 / 彼得·曼斯布里奇 / 拜伦·霍华德 / 杰拉德·布什 / 马克·史密斯 / 乔西·特立尼达 / 约翰·拉维尔 / 克里斯汀·贝尔 / 吉尔·科德斯 / 梅利莎·古德温,喜剧 / 动画 / 冒险,美国,英语 / 挪威语,2016-03-04(中国大陆/美国) / 2020-07-24(中国大陆重映),109分钟(中国大陆),优兽大都会(港) / 动物方城市(台) / 动物乌托邦 / 动物大都会 / Zootropolis,tt2948356,9.2,2100482,66.90%,28.50%,4.40%,0.20%,0.10%,故事发生在一个所有哺乳类动物和谐共存的美好世界中，兔子朱迪（金妮弗·古德温 Ginnifer Goodwin 配音）从小就梦想着能够成为一名惩恶扬善的刑警，凭借着智慧和努力，朱迪成功的从警校中毕业进入了疯狂动物城警察局，殊不知这里是大型肉食类动物的领地，作为第一只，也是唯一的小型食草类动物，朱迪会遇到怎样的故事呢？ 近日里，城中接连发生动物失踪案件，就在全部警员都致力于调查案件真相之时，朱迪却被局长（伊德瑞斯·艾尔巴 Idris Elba 配音）发配成为了一名无足轻重的交警。某日，正在执勤的兔子遇见了名为尼克（杰森·贝特曼 Jason Bateman 配音）的狐狸，两人不打不相识，之后又误打误撞的接受了寻找失踪的水獭先生的任务，如果不能在两天之内找到水獭先生，朱迪就必须自愿离开警局。朱迪找到了尼克，两人联手揭露了一个隐藏在疯狂动物城之中的惊天秘密。
无间道 無間道,https://movie.douban.com/subject/1307914/,刘伟强,麦兆辉 / 庄文强,刘德华 / 梁朝伟 / 黄秋生 / 曾志伟 / 陈慧琳 / 郑秀文 / 陈冠希 / 余文乐 / 萧亚轩 / 林家栋 / 吴廷烨 / 林迪安 / 尹志强 / 许金峰 / 何华超 / 利沙华 / 区轩玮 / 李天翔 / 黄燕强 / 姚文基 / 余世腾 / 苏伟南 / 黎志伟 / 梁皓楷 / 张旭燊 / 袁伟豪 / 杜汶泽,剧情 / 惊悚 / 犯罪,中国香港,粤语,2003-09-05(中国大陆) / 2002-12-12(中国香港),101分钟,Infernal Affairs / Mou gaan dou,tt0338564,9.3,1470261,69.50%,26.50%,3.80%,0.20%,0.10%,1991年，香港黑帮三合会会员刘健明（刘德华）听从老大韩琛（曾志伟）的吩咐，加入警察部队成为黑帮卧底，韩琛许诺刘健明会帮其在七年后晋升为见习督察。1992年，警察训练学校优秀学员陈永仁（梁朝伟）被上级要求深入到三合会做卧底，终极目标是成为韩琛身边的红人。2002年，两人都不负重望，也都身背重压，刘健明渐想成为一个真正的好人，陈永仁则盼着尽快回归警察身份。 重案组从陈永仁手中获悉一批毒品交易情报，锁紧目标人物韩琛，没料情报被刘健明泄出，双方行动均告失败。但此事将双方均有卧底的事实暴露，引发双方高层清除内鬼的决心。命运迥异又相似的刘健明和陈永仁开始在无间道的旅程中接受严峻考验。
控方证人 Witness for the Prosecution,https://movie.douban.com/subject/1296141/,比利·怀尔德,比利·怀尔德 / 哈里·库尼兹 / 劳伦斯·B·马库斯,泰隆·鲍华 / 玛琳·黛德丽 / 查尔斯·劳顿 / 埃尔莎·兰彻斯特 / 约翰·威廉姆斯 / 亨利·丹尼尔 / 伊安·沃尔夫 / 托林·撒切尔 / 诺玛·威登 / 尤娜·奥康纳 / Francis Compton / Philip Tonge / 茹塔·李 / 帕特里克·艾亨 / Don Ames / 沃尔特·培根 / 埃迪·贝克 / Benjie Bancroft / John Barton / Brandon Beach,剧情 / 悬疑 / 惊悚 / 犯罪,美国,英语 / 德语,2024(中国大陆) / 1957-12-17(美国),116分钟,雄才伟略 / 情妇,tt0051201,9.6,642083,82.30%,15.90%,1.60%,0.10%,0.10%,伦敦著名刑案辩护律师韦菲爵士（查尔斯·劳顿 Charles Laughton 饰）接受了心脏病治疗，但是身体依旧虚弱，第一天回家休养，护士一直严厉监督他服药，并杜绝烟酒。管家为了便于上楼，还专门为他修了电梯。但是，种种关心照顾，对于这位桀骜不驯、牙尖嘴利的大律师根本不起作用，反倒是一纸诉状令他倍感兴奋。律师梅休和当事人沃尔（泰隆·鲍华 Tyrone Power饰）登门拜访，请他出山打官司。原来，沃尔结识了富婆，两人相见甚欢，虽然仆人对他发明的打蛋器充满鄙夷，但是富婆却对他充满爱意，甚至为他修改了遗嘱，把8万英镑留给了他。然而，富婆却惨遭毒手。于是，沃尔成为警方的头号嫌疑犯。他的唯一证人是妻子克里斯汀（玛琳·黛德丽 Marlene Dietrich饰），然而后者登门时的冷漠与淡定，令韦菲爵士怀疑这其中另有隐情。在扑朔迷离的案件背后，隐藏着一个个环环相扣、不可告人的秘密…… 本片改编自阿加莎·克里斯蒂同名小说。
大话西游之大圣娶亲 西遊記大結局之仙履奇緣,https://movie.douban.com/subject/1292213/,刘镇伟,刘镇伟 / 吴承恩,周星驰 / 吴孟达 / 朱茵 / 蔡少芬 / 蓝洁瑛 / 莫文蔚 / 罗家英 / 刘镇伟 / 陆树铭 / 李健仁,喜剧 / 爱情 / 奇幻 / 古装,中国香港 / 中国大陆,粤语 / 汉语普通话,2014-10-24(中国大陆) / 2017-04-13(中国大陆重映) / 1995-02-04(中国香港),95分钟,西游记完结篇仙履奇缘 / 齐天大圣西游记 / 大话东游之二 / 大话西游之大圣娶妻 / A Chinese Odyssey Part Two - Cinderella,tt0114996,9.2,1623900,66.90%,26.30%,5.90%,0.50%,0.30%,至尊宝（周星驰 饰）被月光宝盒带回到五百年前，遇见紫霞仙子（朱茵 饰），被对方打上烙印成为对方的人，并发觉自己已变成孙悟空。 紫霞与青霞（朱茵 饰）本是如来佛祖座前日月神灯的灯芯（白天是紫霞，晚上是青霞），二人虽然同一肉身却仇恨颇深，因此紫霞立下誓言，谁能拔出她手中的紫青宝剑，谁就是她的意中人。紫青宝剑被至尊宝于不经意间拔出，紫霞决定以身相许，却遭一心记挂白晶晶（莫文蔚 饰）的至尊宝拒绝。后牛魔王救下迷失在沙漠中的紫霞，并逼紫霞与他成婚，关键时刻，至尊宝现身。
熔炉 ???,https://movie.douban.com/subject/5912992/,黄东赫,黄东赫 / 孔枝泳,孔刘 / 郑裕美 / 金贤秀 / 郑仁絮 / 白承焕 / 张光 / 金民尚 / 林贤成 / 金周灵 / 严孝燮 / 全国焕 / 崔镇浩 / 金志映 / 严智星 / 许在浩 / 张素妍,剧情,韩国,韩语,2011-09-22(韩国),125分钟,无声呐喊(港) / 漩涡 / Silenced / The Crucible,tt2070649,9.3,988464,71.50%,24.90%,3.30%,0.20%,0.10%,来自首尔的哑语美术老师仁浩（孔宥 饰）来到雾津，应聘慈爱聋哑人学校。天降大雾，他意外撞车，维修时邂逅了人权组织成员柔珍（郑有美 饰）。仁浩妻子早亡，8岁女儿天生哮喘由祖母照看，所以他不辞辛苦谋职养家。然而，双胞胎的校长与教导主任竟逼仁浩索贿5千万韩元。同时，仁浩逐渐发现学校笼罩着一种紧张压抑的气氛，令人窒息。有三个孩子引人关注：聪颖的金妍斗（金贤秀 饰）、贪吃的陈宥利（郑仁絮 饰）和弟弟自杀身亡的全民秀（白承焕 饰），民秀总是满脸淤青。下课后，仁浩还听到女厕所中有呼喊与哭泣，在门卫的阻拦下他未深究。之后。他意外目睹了校长行贿警察，教导员毒打民秀，宿导溺罚妍斗的行径。一个惊天的隐秘被慢慢揭开，真相令韩国震惊…… 本片取材于2005年光州一所聋哑障碍人学校的真实事件，改编自韩国作家孔枝泳的同名小说。
教父 The Godfather,https://movie.douban.com/subject/1291841/,弗朗西斯·福特·科波拉,马里奥·普佐 / 弗朗西斯·福特·科波拉,马龙·白兰度 / 阿尔·帕西诺 / 詹姆斯·肯恩 / 理查德·卡斯特尔诺 / 罗伯特·杜瓦尔 / 斯特林·海登 / 约翰·马利 / 理查德·康特 / 艾尔·勒提埃里 / 黛安·基顿 / 阿贝·维高达 / 塔莉娅·夏尔 / 吉亚尼·罗素 / 约翰·凯泽尔 / 鲁迪·邦德 / 兰尼·蒙大拿,剧情 / 犯罪,美国,英语 / 意大利语 / 拉丁语,1972-03-15(纽约首映) / 1972-03-24(美国),175 分钟,Mario Puzo's The Godfather,tt0068646,9.3,1039810,72.10%,22.70%,4.50%,0.40%,0.20%,40年代的美国，“教父”维托·柯里昂（马龙·白兰度 饰）是黑手党柯里昂家族的首领，带领家族从事非法的勾当，但同时他也是许多弱小平民的保护神，深得人们爱戴。 因为拒绝了毒枭索洛索的毒品交易要求，柯里昂家族和纽约其他几个黑手党家族的矛盾激化。圣诞前夕，索洛索劫持了“教父”的参谋汤姆，并派人暗杀“教父”；因为内奸的出卖，“教父”的大儿子逊尼被仇家杀害；小儿子麦克（阿尔·帕西诺 饰）也被卷了进来，失去爱妻。黑手党家族之间的矛盾越来越白热化。 年老的“教父”面对丧子之痛怎样统领全局？黑手党之间的仇杀如何落幕？谁是家族的内奸？谁又能够成为新一代的“教父”？ 血雨腥风和温情脉脉，在这部里程碑式的黑帮史诗巨片里真实上演。
触不可及 Intouchables,https://movie.douban.com/subject/6786002/,奥利维埃·纳卡什,奥利维埃·纳卡什 / 埃里克·托莱达诺,弗朗索瓦·克鲁塞 / 奥玛·希 / 安娜·勒尼 / 奥德雷·弗勒罗 / 约瑟芬娜·德·摩 / 克洛蒂尔德·莫莱特 / 阿尔芭·贝露琪 / Cyril Mendy / 萨丽马特·卡马特 / Absa Diatou Toure / Grégoire Oestermann / Dominique Daguier / Fran?ois Caron / Christian Ameri / 托马·索利韦尔,剧情 / 喜剧,法国,法语,2011-11-02(法国),112分钟,闪亮人生(港) / 逆转人生(台) / 无法触碰 / 最佳拍档 / 不可触碰 / 不可触摸 / Untouchable / The Intouchables,tt1675434,9.3,1211478,68.80%,26.80%,4.10%,0.30%,0.10%,因为一次跳伞事故，白人富翁菲利普Philippe（弗朗索瓦·克鲁塞 Fran?ois Cluzet 饰）瘫痪在床，欲招聘一名全职陪护。由于薪酬高，应聘者云集，个个舌灿莲花，却无法打动他的心。直到黑人德希斯Driss（奥玛·赛 Omar Sy 饰）的出现才让他作出决定。德希斯刚从监狱出来，背负家庭重担，一心只想寻张辞退信以申领救济金，而且他明显对女助理的兴趣要远大于这份工作。但是菲利普还是一眼相中了这个小伙子。于是，德希斯开始了一个月的试用期。虽然舒适的豪宅环境让他倍感虚荣，但是他仍面临很多挑战：不仅要为菲利普作身体复健，还得给他洗浴、灌肠、拆信、穿丝袜等。起初，两人的思维方式与价值观大相径庭，但是，随着了解的不断深入，他们成为了朋友…… 本片取材于真实事件，获2011年东京电影节最佳影片金麒麟奖，弗朗索瓦·克鲁塞与奥玛·赛分享影帝桂冠。
寻梦环游记 Coco,https://movie.douban.com/subject/20495023/,李·昂克里奇,阿德里安·莫利纳 / 马修·奥尔德里奇 / 李·昂克里奇 / 詹森·卡茨,安东尼·冈萨雷斯 / 盖尔·加西亚·贝纳尔 / 本杰明·布拉特 / 阿兰娜·乌巴赫 / 芮妮·维克托 / 杰米·卡米尔 / 阿方索·阿雷奥 / 赫伯特·西古恩萨 / 加布里埃尔·伊格莱西亚斯 / 隆巴多·博伊尔 / 安娜·奥菲丽亚·莫吉亚 / 娜塔丽·科尔多瓦 / 赛琳娜·露娜 / 爱德华·詹姆斯·奥莫斯 / 索菲亚·伊斯皮诺萨 / 卡拉·梅迪纳 / 黛娅娜·欧特里 / 路易斯·瓦尔德斯 / 布兰卡·阿拉切利 / 萨尔瓦多·雷耶斯 / 切奇·马林 / 奥克塔维·索利斯 / 约翰·拉森贝格,喜剧 / 动画 / 音乐 / 奇幻,美国,英语 / 西班牙语,2017-11-24(中国大陆) / 2020-07-20(中国大陆重映) / 2017-11-22(美国),105分钟,玩转极乐园(港) / 可可夜总会(台) / 亡灵总动员(豆友译名) / 冥冥之中(豆友译名) / 墨西哥亡灵节 / 可可,tt2380307,9.1,1827137,62.50%,30.20%,6.70%,0.40%,0.20%,热爱音乐的米格尔（安东尼·冈萨雷兹 Anthony Gonzalez 配音）不幸地出生在一个视音乐为洪水猛兽的大家庭之中，一家人只盼着米格尔快快长大，好继承家里传承了数代的制鞋产业。一年一度的亡灵节即将来临，每逢这一天，去世的亲人们的魂魄便可凭借着摆在祭坛上的照片返回现世和生者团圆。 在一场意外中，米格尔竟然穿越到了亡灵国度之中，在太阳升起之前，他必须得到一位亲人的祝福，否则就将会永远地留在这个世界里。米格尔决定去寻找已故的歌神德拉库斯（本杰明·布拉特 Benjamin Bratt 配音），因为他很有可能就是自己的祖父。途中，米格尔邂逅了落魄乐手埃克托（盖尔·加西亚·贝纳尔 Gael García Bernal 配音），也渐渐发现了德拉库斯隐藏已久的秘密。
当幸福来敲门 The Pursuit of Happyness,https://movie.douban.com/subject/1849031/,加布里埃莱·穆奇诺,斯蒂夫·康拉德,威尔·史密斯 / 贾登·史密斯 / 坦迪·牛顿 / 布莱恩·豪威 / 詹姆斯·凯伦 / 丹·卡斯泰兰尼塔 / 柯特·富勒 / 塔卡尤·费舍尔 / 凯文·韦斯特 / 乔治·张 / 戴维·迈克尔·西尔弗曼 / 多米尼克·博夫 / 杰弗·卡伦 / 乔伊芙·拉文 / 斯科特·克拉斯,剧情 / 家庭 / 传记,美国,英语 / 粤语,2008-01-17(中国大陆) / 2020-07-20(中国大陆重映) / 2006-12-15(美国),117分钟,寻找快乐的故事(港) / 追求快乐 / 幸福追击 / The Pursuit of Happiness,tt0454921,9.2,1609033,64.70%,28.90%,5.80%,0.40%,0.20%,克里斯?加纳（威尔·史密斯 Will Smith 饰）用尽全部积蓄买下了高科技治疗仪，到处向医院推销，可是价格高昂，接受的人不多。就算他多努力都无法提供一个良好的生活环境给妻儿，妻子（桑迪·牛顿 Thandie Newton 饰）最终选择离开家。从此他带着儿子克里斯托夫（贾登·史密斯 Jaden Smith 饰）相依为命。克里斯好不容易争取回来一个股票投资公司实习的机会，就算没有报酬，成功机会只有百分之五，他仍努力奋斗，儿子是他的力量。他看尽白眼，与儿子躲在地铁站里的公共厕所里，住在教堂的收容所里…… 他坚信，幸福明天就会来临。
末代皇帝 The Last Emperor,https://movie.douban.com/subject/1293172/,贝纳尔多·贝托鲁奇,贝纳尔多·贝托鲁奇 / 马克·派普罗,尊龙 / 陈冲 / 邬君梅 / 彼得·奥图尔 / 英若诚 / 吴涛 / 黄自强 / 丹尼斯·邓 / 坂本龙一 / 马吉·汉 / 里克·扬 / 田川洋行 / 苟杰德 / 理查德·吴 / 皱缇格 / 陈凯歌 / 卢燕 / 蒋锡礽 / 陈述 / 鲍皓昕 / 黄文捷 / 邵茹贞 / 亨利·基 / 张良斌 / 梁冬 / 康斯坦丁·格雷戈里 / 黄汉琪 / 王涛 / 宋怀桂 / 蔡鸿翔 / 程淑艳 / 张天民,剧情 / 传记 / 历史,英国 / 意大利 / 中国大陆 / 法国,英语 / 汉语普通话 / 日语,1987-10-04(东京国际电影节) / 1987-10-23(意大利),163分钟,末代皇帝溥仪(港) / L'ultimo imperatore / Le dernier empereur,tt0093389,9.3,962053,70.60%,25.10%,3.90%,0.30%,0.10%,溥仪（尊龙 饰）的一生在电影中娓娓道来。他从三岁起登基，年幼的眼光中只有大臣身上的一只蝈蝈，江山在他心中只是一个不明所以的名词。长大了，他以为可以变革，却被太监一把火烧了朝廷账本。他以为自己是大清江山的主人，却做了日本人的傀儡。 解放后，他坐上了从苏联回来的火车，身边是押送监视他的解放军。他猜测自己难逃一死，便躲在狭小的卫生间里，割脉自杀。然而他没有死在火车上，命运的嘲笑还在等着他。文革的风风雨雨，在他身上留下了斑斑伤痕。
龙猫 となりのトトロ,https://movie.douban.com/subject/1291560/,宫崎骏,宫崎骏,日高范子 / 坂本千夏 / 糸井重里 / 岛本须美 / 北林谷荣 / 高木均 / 雨笠利幸 / 丸山裕子 / 广濑正志 / 鹫尾真知子 / 铃木玲子 / 千叶繁 / 龙田直树 / 鳕子 / 西村朋纮 / 石田光子 / 神代知衣 / 中村大树 / 水谷优子 / 平松晶子 / 大谷育江,动画 / 奇幻 / 冒险,日本,日语,2018-12-14(中国大陆) / 1988-04-16(日本),86分钟,邻居托托罗 / 邻家的豆豆龙 / 隔壁的特特罗 / Tonari no Totoro / My Neighbor Totoro,tt0096283,9.2,1343974,64.40%,29.50%,5.80%,0.20%,0.10%,小月的母亲生病住院了，父亲带着她与四岁的妹妹小梅到乡间的居住。她们对那里的环境都感到十分新奇，也发现了很多有趣的事情。她们遇到了很多小精灵，她们来到属于她们的环境中，看到了她们世界中很多的奇怪事物，更与一只大大胖胖的龙猫成为了朋友。龙猫与小精灵们利用他们的神奇力量，为小月与妹妹带来了很多神奇的景观，令她们大开眼界。 妹妹小梅常常挂念生病中的母亲，嚷着要姐姐带着她去看母亲，但小月拒绝了。小梅竟然自己前往，不料途中迷路了，小月只好寻找她的龙猫及小精灵朋友们帮助。
哈利·波特与魔法石 Harry Potter and the Sorcerer's Stone,https://movie.douban.com/subject/1295038/,克里斯·哥伦布,史蒂夫·克洛夫斯 / J·K·罗琳,丹尼尔·雷德克里夫 / 艾玛·沃森 / 鲁伯特·格林特 / 艾伦·瑞克曼 / 玛吉·史密斯 / 汤姆·费尔顿 / 伊恩·哈特 / 理查德·哈里斯 / 约翰·赫特 / 罗彼·考特拉尼 / 朱丽·沃特斯 / 邦妮·怀特 / 约翰·克里斯 / 肖恩·比格斯代夫,奇幻 / 冒险,美国 / 英国,英语,2002-01-26(中国大陆) / 2020-08-14(中国大陆重映) / 2024-10-11(中国大陆重映) / 2001-11-04(英国首映) / 2001-11-16(美国),152分钟,哈利波特1：神秘的魔法石(港/台) / 哈1 / Harry Potter and the Philosopher's Stone,tt0241527,9.2,1318083,65.90%,28.10%,5.50%,0.30%,0.10%,哈利波特是一个孤儿，从小寄养在姨妈家，受尽欺凌。但就在哈利11岁生日的时候，他意外收到了霍格沃茨学院的入学通知书。哈利从该学院派来接他的巨人海格口中得知，这是一间魔法学院，并得知了自己的身世，原来哈利的父母都是伟大的魔法师，在对付伏地魔的战斗中双双献身，唯有哈利幸免于难。 哈利进入霍格沃茨后，表现出了超乎想象的飞行天赋，得到麦格教授的推荐进入了格兰芬多的魁地奇球队。另一方面，哈利发现霍格沃茨学院内有一股黑暗势力似乎在暗暗滋长，揭开谜团的关键就在有凶恶的三头犬守护的房间内。 哈利、罗恩和赫敏三个好朋友决定探个究竟。
怦然心动 Flipped,https://movie.douban.com/subject/3319755/,罗伯·莱纳,罗伯·莱纳 / 安德鲁·沙因曼 / 文德琳·范·德拉安南,玛德琳·卡罗尔 / 卡兰·麦克奥利菲 / 瑞贝卡·德·莫妮 / 安东尼·爱德华兹 / 约翰·马奥尼 / 佩内洛普·安·米勒 / 艾丹·奎因 / 凯文·韦斯曼 / 摩根·莉莉 / 瑞安·克茨纳 / 吉莉安·普法夫 / 迈克尔·博萨 / 博·勒纳 / 杰奎琳·埃沃拉 / 泰勒·格鲁秀斯 / 艾莉·布莱恩特 / 阿什莉·泰勒 / 伊瑟尔·布罗萨德 / 科迪·霍恩 / 迈克尔·博尔顿 / 肖恩·哈珀 / 斯戴芬妮·斯考特 / 帕特丽夏·伦茨 / 马修·戈尔德 / 阿罗拉·凯瑟琳·史密斯 / 凯莉·唐纳利 / 索菲亚·撒高 / 米歇尔·梅斯默 / 斯科特·乔尔·吉兹基 / 罗德·迈尔斯 / 卡拉 帕西托 / 凯特琳·帕西托,剧情 / 喜剧 / 爱情,美国,英语,2010-07-26(好莱坞首映) / 2010-09-10(美国),90分钟,萌动青春 / 青春萌动 / 冒失 / 梧桐树之恋,tt0817177,9.1,1948195,62.10%,30.40%,6.80%,0.50%,0.20%,布莱斯（卡兰?麦克奥利菲 Callan McAuliffe 饰）全家搬到小镇，邻家女孩朱丽（玛德琳?卡罗尔 Madeline Carroll 饰）前来帮忙。她对他一见钟情，心愿是获得他的吻。两人是同班同学，她一直想方设法接近他，但是他避之不及。她喜欢爬在高高的梧桐树上看风景。但因为施工，树被要被砍掉，她誓死捍卫，希望他并肩作战，但是他退缩了。她的事迹上了报纸，外公对她颇有好感，令他十分困惑。她凭借鸡下蛋的项目获得了科技展第一名，成了全场焦点，令他黯然失色。她把自家鸡蛋送给他，他听家人怀疑她家鸡蛋不卫生，便偷偷把鸡蛋丢掉。她得知真相，很伤心，两人关系跌入冰点。她跟家人诉说，引发争吵。原来父亲一直攒钱照顾傻弟弟，所以生活拮据。她理解了父母，自己动手，还得到了他外公的鼎力相助。他向她道歉，但是并未解决问题。他开始关注她。鸡蛋风波未平，家庭晚宴与午餐男孩评选又把两人扯在了一起……
活着,https://movie.douban.com/subject/1292365/,张艺谋,芦苇 / 余华,葛优 / 巩俐 / 姜武 / 牛犇 / 郭涛 / 张璐 / 倪大红 / 肖聪 / 董飞 / 刘天池 / 董立范 / 黄宗洛 / 刘燕瑾 / 李连义 / 杨同顺,剧情 / 家庭 / 历史,中国大陆 / 中国香港,汉语普通话,1994-06-30(中国香港) / 1994-05-17(戛纳电影节),132分钟,人生 / Lifetimes / To Live,tt0110081,9.3,913626,70.30%,25.40%,3.90%,0.30%,0.10%,根据余华同名小说改编。 富少福贵（葛优）嗜赌成性，妻子家珍（巩俐）屡劝无果后带着女儿凤霞离开了他，当夜，福贵输光所有家产气死父亲，被迫靠变卖母亲首饰租间破屋过活。一年后，家珍手拉凤霞怀抱刚出世的儿子有庆回到家中，福贵痛改前非，开始靠演皮影戏过起安份守己的日子。 但好景不常，内战时期，福贵被国民党抓去当劳工，一番辗转终回到家乡与一家人团圆后，凤霞因病变成哑巴，而在后来的大跃进运动和文化大革命中，他虽获某些小福，逆境却也一直与他如影相随。
蝙蝠侠：黑暗骑士 The Dark Knight,https://movie.douban.com/subject/1851857/,克里斯托弗·诺兰,乔纳森·诺兰 / 克里斯托弗·诺兰 / 大卫·S·高耶,克里斯蒂安·贝尔 / 希斯·莱杰 / 艾伦·艾克哈特 / 迈克尔·凯恩 / 玛吉·吉伦哈尔 / 加里·奥德曼 / 摩根·弗里曼 / 莫尼克·加布里埃拉·库尔内 / 罗恩·迪恩 / 基里安·墨菲 / 黄经汉 / 内斯特·卡博内尔 / 埃里克·罗伯茨 / 里特奇·科斯特 / 安东尼·迈克尔·豪尔 / 基斯·斯扎拉巴基克 / 柯林·麦克法兰 / 约书亚·哈尔托 / 美琳达·麦格劳 / 内森·甘宝 / 迈克尔·维约 / 迈克尔·斯托扬诺夫 / 威廉·斯米利 / 丹尼·高德林 / 迈克尔·加·怀特 / 马修·奥尼尔 / 威廉·菲克纳 / 欧鲁米基·欧拉乌米 / 格雷格·比姆 / 爱利克·赫尔曼 / 毕崔斯·罗森 / 文森佐·尼克力 / 陈冠希,剧情 / 动作 / 科幻 / 惊悚 / 犯罪,美国 / 英国,英语 / 汉语普通话,2008-07-14(纽约首映) / 2008-07-18(美国),152分钟,蝙蝠侠前传2：黑暗骑士 / 黑暗骑士(台) / 蝙蝠侠-黑夜之神(港) / 蝙蝠侠6：暗夜骑士 / Batman: The Dark Knight / TDK,tt0468569,9.2,1133173,68.20%,25.60%,5.60%,0.40%,0.20%,从亲眼目睹父母被人杀死的阴影中走出来的“蝙蝠侠”，经历了成长之后，已经不再是那个桀骜不的孤单英雄了。在警官吉姆·戈登和检查官哈维·登特的通力帮助下，“蝙蝠侠”无后顾之忧地继续满世界的奔波，与日益增长起来的犯罪威胁做着永无休止的争斗，而他所在的高谭市，也是进展最为明显的地方，犯罪率以一种惊人的速度持续下降着，毕竟对方是能够上天入地的“蝙蝠侠”，不借两个胆子谁还敢造次呢？不过像高谭这种科技与污秽并存的城市，平静是不可能维持太久的，果不其然，新一轮的混乱很快就席卷了整个城市，人们再一被被恐慌所笼罩着，而声称愿意为这一切负责的，自然就是所有混乱的源头以及支配者--“小丑”了。 先不管“小丑”掀起一个又一个犯罪的狂潮的最终目的为何，他的企图都是邪恶的，所作所为更是早就危害到了高谭市民的正常生活……其中自然包括了“蝙蝠侠”身边几个非常重要的人，而他需要做的，就是将这股新的危机全部亲自用手捏得粉碎。然而在面对着这个有史以来最具针对性、最恶毒的对手时，“蝙蝠侠”却不得不从他的地下军械库里搬出每一件能够用得上的高科技武器，还得时刻纠结着为他曾经信仰的一切寻找答案。
指环王3：王者无敌 The Lord of the Rings: The Return of the King,https://movie.douban.com/subject/1291552/,彼得·杰克逊,弗兰·威尔士 / 菲利帕·鲍恩斯 / 彼得·杰克逊 / J.R.R.托尔金,伊利亚·伍德 / 西恩·奥斯汀 / 维果·莫腾森 / 奥兰多·布鲁姆 / 伊恩·麦克莱恩 / 肖恩·宾 / 多米尼克·莫纳汉 / 丽芙·泰勒 / 约翰·贝西 / 凯特·布兰切特 / 比利·博伊德 / 萨德文·布罗菲 / 阿利斯泰尔·布朗宁 / 马尔顿·索克斯 / 伯纳德·希尔 / 伊安·霍姆 / 布鲁斯·霍普金斯 / 伊恩·休斯 / 劳伦斯·马克奥雷 / 诺埃尔·阿普利比 / 布雷特·麦肯齐 / Alexandra Astin / Sarah McLeod / Maisy McLeod-Riera / 约翰·诺贝尔 / Paul Norell / 米兰达·奥图 / 布鲁斯·菲利普斯 / 沙恩·朗吉 / 约翰·瑞斯-戴维斯 / 托德·里彭 / 安迪·瑟金斯 / Harry Sinclair / 乔尔·托贝克 / 卡尔·厄本 / 史蒂芬·乌瑞 / 雨果·维文 / 大卫·文翰 / 阿兰·霍华德 / 萨拉·贝克 / Robert Pollock / 佩特·史密斯 / 杰德·布罗菲 / 菲利普·格里夫 / 布拉德·道里夫 / 克里斯托弗·李 / 布鲁斯·斯宾斯 / 吉诺·阿赛维多 / Jarl Benzon / J?rn Benzon / Robert Catto / Michael Elsworth / 彼得·杰克逊 / Sandro Kopp / 安德鲁·莱斯尼 / 约瑟夫·米卡-亨特 / 亨利·莫腾森 / 克雷格·帕克 / 克里斯蒂安·瑞沃斯 / 迈克尔·斯曼内科 / 霍华德·肖 / 约翰·斯蒂芬森 / 理查德·泰勒,剧情 / 动作 / 奇幻 / 冒险,美国 / 新西兰,英语 / 昆雅语 / 古英语 / 辛达林语,2004-03-12(中国大陆) / 2021-05-14(中国大陆重映) / 2003-12-17(美国),201分钟,魔戒三部曲：王者再临(台/港) / 指环王III：王者无敌 / 魔戒3：王者归来 / 指环王3：国王归来 / 指环王3：皇上回宫(豆友译名),tt0167260,9.3,859721,71.00%,23.50%,5.00%,0.40%,0.20%,魔幻战争逐渐进入高潮阶段。霍比特人佛罗多（伊利亚·伍德 Elijah Wood 饰）携带着魔戒，与伙伴山姆（西恩·奥斯汀 Sean Astin 饰）以及狡猾阴暗的咕噜等前往末日山，一路上艰难险阻不断，魔君索伦为阻止魔戒被销毁用尽全力阻挠。另一方面，白袍巫师甘道夫（伊恩·麦克莱恩 Ian McKellen 饰）率中土勇士们镇守刚铎首都——白城米那斯提里斯。魔兽大军压境，黑暗与光明的决战即将来临…… 本片是“指环王三部曲”的终结篇，根据英国作家J.R.R.托尔金（J.R.R. Tolkien）同名魔幻巨著《指环王》（The Lord of the Rings）改编，并荣获2004年第76届奥斯卡最佳影片、最佳导演、最佳改编剧本、最佳剪辑、最佳艺术指导、最佳服装设计、最佳化妆、最佳视觉效果、最佳音效、最佳配乐和最佳歌曲等11项大奖。
我不是药神,https://movie.douban.com/subject/26752088/,文牧野,韩家女 / 钟伟 / 文牧野,徐峥 / 王传君 / 周一围 / 谭卓 / 章宇 / 杨新鸣 / 王佳佳 / 王砚辉 / 贾弘逍 / 龚蓓苾 / 宁浩 / 李乃文 / 岳小军 / 苇青 / 富冠铭 / 巴拉特·巴蒂 / 喜利图 / 张海艳 / 朱耕佑,剧情 / 喜剧,中国大陆,汉语普通话 / 英语 / 上海话 / 印地语,2018-07-05(中国大陆) / 2018-06-30(大规模点映),117分钟,中国药神 / 印度药神 / 印度药商 / 生命之路 / Dying to Survive / Drug Dealer,tt7362036,9,2236357,58.70%,33.70%,6.80%,0.50%,0.20%,普通中年男子程勇（徐峥 饰）经营着一家保健品店，失意又失婚。不速之客吕受益（王传君 饰）的到来，让他开辟了一条去印度买药做“代购”的新事业，虽然困难重重，但他在这条“买药之路”上发现了商机，一发不可收拾地做起了治疗慢粒白血病的印度仿制药独家代理商。赚钱的同时，他也认识了几个病患及家属，为救女儿被迫做舞女的思慧（谭卓 饰）、说一口流利“神父腔”英语的刘牧师（杨新鸣 饰），以及脾气暴烈的“黄毛”（章宇 饰），几个人合伙做起了生意，利润倍增的同时也危机四伏。程勇昔日的小舅子曹警官（周一围 饰）奉命调查仿制药的源头，假药贩子张长林（王砚辉 饰）和瑞士正牌医药代表（李乃文 饰）也对其虎视眈眈，生意逐渐变成了一场关于救赎的拉锯战。 本片改编自慢粒白血病患者陆勇代购抗癌药的真实事迹。
乱世佳人 Gone with the Wind,https://movie.douban.com/subject/1300267/,维克多·弗莱明,玛格丽特·米切尔 / 西德尼·霍华德 / 奥利弗·H·P·加勒特 / 本·赫克特 / 乔·斯沃林 / 约翰·范·德鲁登,费雯·丽 / 克拉克·盖博 / 奥利维娅·德哈维兰 / 托马斯·米切尔 / 芭芭拉·欧内尔 / 伊夫林·凯耶斯 / 安·卢瑟福德 / 乔治·里弗斯 / 弗莱德·克莱恩 / 海蒂·麦克丹尼尔斯 / 奥斯卡·波尔克 / 巴特弗莱·麦昆 / 维克托·乔里 / 埃弗雷特·布朗 / 霍华德·C·希克曼 / 艾丽西亚·瑞特 / 莱斯利·霍华德 / 兰德·布鲁克斯 / 卡洛尔·奈 / 劳拉·霍普·克鲁斯 / 埃迪·安德森 / 哈里·达文波特 / 利昂娜·罗伯特 / 简·达威尔 / 欧娜·满森 / 保罗·赫斯特 / 伊莎贝尔·朱尔 / 卡米·金·肯伦 / 艾瑞克·林登 / J·M·克里根 / 沃德·邦德 / 莉莲·肯布尔-库珀,剧情 / 爱情 / 历史 / 战争,美国,英语,1939-12-15(美国),233分钟,飘,tt0031381,9.3,741567,70.60%,24.70%,4.20%,0.30%,0.20%,美国南北战争前夕，南方农场塔拉庄园的千金斯嘉丽（费雯·丽 Vivien Leigh 饰）爱上了另一个农场主的儿子艾希礼（莱斯利·霍华德 Leslie Howard 饰），遭到了拒绝，为了报复，她嫁给了自己不爱的男人，艾希礼妻子梅兰妮（奥利维娅·德哈维兰 Olivia de Havilland 饰）的弟弟查尔斯。 战争期间，斯嘉丽成为寡妇，失去母亲，挑起生活的重担， 不再是当初的千金小姐；战争结束后，她又两度为人妻，嫁给了爱她多年的投机商人瑞德（克拉克·盖博 Clark Gable 饰）。 然而，纵使经历了生活的艰苦，斯嘉丽对艾希礼的感情仍然没有改变。艾希礼妻子梅兰妮的去世，给了斯嘉丽一个机会，一边是深爱自己的丈夫瑞德，一边是心心念念多年的艾希礼？斯嘉丽会给自己怎样一个不一样的明天？
飞屋环游记 Up,https://movie.douban.com/subject/2129039/,彼特·道格特,彼特·道格特 / 鲍勃·彼德森 / 汤姆·麦卡锡,爱德华·阿斯纳 / 克里斯托弗·普卢默 / 乔丹·长井 / 鲍勃·彼德森 / 德尔罗伊·林多 / 杰罗姆·兰福特 / 约翰·拉森贝格 / 大卫·卡耶 / 艾丽·道克特 / 杰里米·利里 / 米凯·麦高万 / 丹尼·曼恩 / 唐纳德·富利洛夫 / 杰斯·哈梅尔 / 乔什·库雷 / 彼特·道格特,剧情 / 喜剧 / 动画 / 冒险,美国,英语,2009-08-04(中国大陆) / 2009-05-13(戛纳电影节) / 2009-05-29(美国),96分钟,冲天救兵(港) / 天外奇迹(台) / 飞屋历险记,tt1049413,9.1,1415313,61.20%,32.20%,6.20%,0.30%,0.10%,小男孩卡尔（Carl Fredricksen）怀揣着对于冒险的热爱偶遇假小子艾丽（Ellie），而艾丽把整个屋子当成一艘大飞船游戏居然使他对这个女孩子有些着迷，相同的爱好最终使两个人成为了一生的爱侣。 他们有一个梦想，那就是有朝一日要去南美洲的“仙境瀑布”探险，但直到艾丽去世，这个梦想也未能实现。终于有一天，曾经专卖气球的老人卡尔居然用五颜六色的气球拽着他的房子飞上了天空，他决定要去实现他们未曾实现的梦想。令卡尔始料不及的是，门廊居然搭上了一个自称是“荒野开拓者”的小男孩小罗（Russell），小罗的喋喋不休让卡尔对这个小胖墩格外讨厌。 一老一少在飞行中经过了千难万险终于看到了传说中的“仙境瀑布”，在相处过程中卡尔发现小罗其实是个惹人怜爱的孩子。在步行穿越一座森林时，他们遇到了不会飞的大鸟凯文（Kevin）和一只会说话的狗狗逗逗（Dug），让老人惊讶的是他们还遇到了他少年的崇拜偶像——探险家查尔斯·蒙兹（Charles Muntz），而且他发现蒙兹居然是一个为达目的不择手段的坏人。这时，老人离自己的梦想之地只有一步之遥…… 本片荣获第82届奥斯卡最佳动画长片、最佳配乐2项大奖。
素媛 ??,https://movie.douban.com/subject/21937452/,李濬益,金智慧 / 曹重勋 / 金成旭,薛景求 / 严志媛 / 李来 / 金海淑 / 金相镐 / 罗美兰 / 杨真诚 / 权泰元,剧情,韩国,韩语,2013-10-02(韩国),122分钟,许愿 / 希望：为爱重生(台) / So-won / Hope,tt3153634,9.3,735595,69.60%,26.40%,3.70%,0.20%,0.10%,她（李来 饰）是一个美丽平凡的小女孩，和爸爸妈妈生活在位于街角的家中。家里经营着以她的名字素媛命名的杂货店，母亲（严智媛 饰）作为老板娘日夜忙碌不得闲暇，父亲则在工厂干着繁重的工作。在那个飘雨的早上，素媛打着雨伞独自上学。在离学校近在咫尺的地方，她遭遇一个相貌猥琐、酒气冲天的大叔，由此开启了她的悲剧之旅。柔嫩的小花遭到暴风雨无情摧残，受伤的岂止枝枝叶叶，更是那迎着阳光无忧成长的心。无良媒体铺天盖地大肆渲染，作为受害者的素媛一家仿佛成了周身污秽的耻辱之人，被四周诧异好奇的目光所包围。 妈妈悲痛欲绝，几近崩溃。爸爸全力保护女儿，但受伤的小天使却拒绝爸爸的靠近。问凶之路伴随着天使的治愈旅程，美丽的女孩可会再露灿烂笑容？
哈尔的移动城堡 ハウルの動く城,https://movie.douban.com/subject/1308807/,宫崎骏,宫崎骏,倍赏千惠子 / 木村拓哉 / 美轮明宏 / 我修院达也 / 神木隆之介 / 伊崎充则 / 大泉洋 / 大塚明夫 / 原田大二郎 / 加藤治子 / 都筑香弥子,爱情 / 动画 / 奇幻 / 冒险,日本,日语,2024-04-30(中国大陆) / 2004-09-05(威尼斯电影节) / 2004-11-20(日本),119分钟,哈尔移动城堡(港) / 霍尔的移动城堡(台) / 呼啸山城 / 豪尔的机动城堡 / Howl's Moving Castle / Hauru no ugoku shiro,tt0347149,9.1,1191369,63.80%,29.10%,6.50%,0.50%,0.20%,继母因无力负担生活，将苏菲和她的两个妹妹都送到了制帽店去当学徒。两个妹妹很快先后就离开了制帽店去追寻各自的梦想，只有苏菲坚持了下来。一天，小镇旁边来了一座移动堡垒，传说堡垒的主人哈尔专吸取年青姑娘的灵魂，所以小镇的姑娘都不敢靠近。 一个恶毒的巫婆为了报复苏菲与哈尔见面，用巫术把她变成了一个80岁的老太婆，而且苏菲还不能对别人说出自己身中的巫术。无奈，苏菲决定独自一人逃离小镇。天黑了，虚弱的苏菲没走多远，来到了移动城堡。心想自己已经是老太婆了，苏菲壮着胆子走进了城堡。不想，遇到了和她遭遇相同的火焰魔。两人约定彼此帮助对方打破各自的咒语……
让子弹飞,https://movie.douban.com/subject/3742360/,姜文,朱苏进 / 述平 / 姜文 / 郭俊立 / 危笑 / 李不空 / 马识途,姜文 / 葛优 / 周润发 / 刘嘉玲 / 陈坤 / 张默 / 姜武 / 周韵 / 廖凡 / 姚橹 / 邵兵 / 苗圃 / 冯小刚 / 胡军 / 马珂 / 白冰 / 杜奕衡 / 李静 / 胡明 / 危笑 / 杨奇雨 / 赵铭,剧情 / 喜剧 / 动作 / 西部,中国大陆 / 中国香港,汉语普通话 / 四川话 / 山西话,2010-12-16(中国大陆),132分钟,让子弹飞一会儿 / 火烧云 / Let The Bullets Fly,tt1533117,9,1816118,60.70%,30.70%,7.70%,0.70%,0.30%,民国年间，花钱捐得县长的马邦德（葛优 饰）携妻（刘嘉玲 饰）及随从走马上任。途经南国某地，遭劫匪张麻子（姜文 饰）一伙伏击，随从尽死，只夫妻二人侥幸活命。马为保命，谎称自己是县长的汤 师爷。为汤师爷许下的财富所动，张麻子摇身一变化身县长，带着手下赶赴鹅城上任。有道是天高皇帝远，鹅城地处偏僻，一方霸主黄四郎（周润发 饰）只手遮天，全然不将这个新来的县长放在眼里。张麻子痛打了黄的武教头（姜武 饰），黄则设计害死张的义子小六（张默 饰）。原本只想赚钱的马邦德，怎么也想不到竟会被卷入这场土匪和恶霸的角力之中。鹅城上空愁云密布，血雨腥风在所难免…… 本片根据马识途的小说《夜谭十记》中的《盗官记》一章改编。
十二怒汉 12 Angry Men,https://movie.douban.com/subject/1293182/,西德尼·吕美特,雷金纳德·罗斯,亨利·方达 / 马丁·鲍尔萨姆 / 约翰·菲德勒 / 李·科布 / E.G.马绍尔 / 杰克·克卢格曼 / 爱德华·宾斯 / 杰克·沃登 / 约瑟夫·史威尼 / 埃德·贝格利 / 乔治·沃斯科维奇 / 罗伯特·韦伯,剧情,美国,英语,1957-04-10(美国),96分钟,12怒汉,tt0050083,9.4,538377,76.00%,20.70%,3.00%,0.20%,0.10%,一个在贫民窟长大的18岁少年因为涉嫌杀害自己的父亲被告上法庭，证人言之凿凿，各方面的证据都对他极为不利。十二个不同职业的人组成了这个案件的陪审团，他们要在休息室达成一致的意见，裁定少年是否有罪，如果罪名成立，少年将会被判处死刑。 十二个陪审团成员各有不同，除了8号陪审员（H enry Fonda 饰）之外，其他人对这个犯罪事实如此清晰的案子不屑一顾，还没有开始讨论就认定了少年有罪。8号陪审员提出了自己的“合理疑点”，耐心地说服其他的陪审员，在这个过程中，他们每个人不同的人生观也在冲突和较量……
海蒂和爷爷 Heidi,https://movie.douban.com/subject/25958717/,阿兰·葛斯彭纳,约翰娜·斯比丽 / 佩特拉·比翁迪娜·沃尔普,阿努克·斯特芬 / 布鲁诺·冈茨 / 昆林·艾格匹 / 安娜·申茨 / 伊莎贝尔·奥特曼 / 莉莲·奈福 / 彼得·杰克林 / 克里斯托夫·高格勒 / 丽贝卡·因德穆 / 莫妮卡·古布瑟 / 阿瑟·比勒 / 玛丽埃塔·耶米 / 彼得·洛迈尔 / 卡塔琳娜·舒特勒 / 耶拉·哈泽 / 迈克尔·克兰茨 / 劳拉·帕克 / 马库斯·赫林 / 马克西姆·梅米特 / 汉娜洛蕾·赫格,剧情 / 家庭 / 冒险,德国 / 瑞士,南非语 / 德语 / 瑞士德语,2019-05-16(中国大陆) / 2015-12-10(德国),111分钟,飘零燕(港) / 海蒂 / 阿尔卑斯山少女海蒂,tt3700392,9.3,702619,69.80%,25.40%,4.40%,0.30%,0.10%,孤儿海蒂（阿努克·斯特芬 饰）被姨母迪蒂（安娜·希恩斯 饰）送上了阿尔卑斯山，与远离小镇独居于高山的祖父（布鲁诺·甘茨 饰）一同生活。活泼的海蒂在这里如鱼得水，不仅收获了羊倌彼得（奎林·阿格里皮 饰）的友情和孤僻祖父的亲情，还与山下彼得的家人打成一片。一天，海蒂同彼得在山上放羊，姨母突然出现，连哄带骗将海蒂卖到法兰克福的泽塞曼家。从此，目不识丁的海蒂成为了小姐克拉拉（伊莎贝尔·奥特曼 饰）的伴读。克拉拉幼年丧母，大病一场再不能站立，只能被困在豪宅中与轮椅相伴。父亲（马克西姆·梅米特 饰）常年在外很少回家，寂寞的克拉拉把海蒂当成了救命稻草。海蒂能适应泽塞曼家的新生活吗？远在天边的祖父和彼得还能再见吗？克拉拉的腿还有好起来的希望吗？
何以为家 ????????,https://movie.douban.com/subject/30170448/,娜丁·拉巴基,娜丁·拉巴基 / 吉哈德·霍加里 / 米歇尔·凯塞尔瓦尼 / 乔治斯·哈巴兹 / 哈立德·穆扎纳,赞恩·阿尔·拉菲亚 / 约丹诺斯·希费罗 / 博鲁瓦蒂夫·特雷杰·班科尔 / 卡萨尔·艾尔·哈达德 / 法迪·尤瑟夫 / 海塔·塞德拉·伊扎姆 / 阿拉·乔什涅 / 娜丁·拉巴基 / 埃利亚斯·库利 / 努尔·艾尔·侯赛尼,剧情,黎巴嫩 / 美国 / 法国 / 塞浦路斯 / 卡塔尔 / 英国,阿拉伯语 / 阿姆哈拉语,2019-04-29(中国大陆) / 2018-05-17(戛纳电影节) / 2018-09-20(黎巴嫩),126分钟,迦百农 / 星仔打官司(港) / 我想有个家(台) / Cafarnaúm / Capernaum / Capharnaüm,tt8267604,9.1,1111923,60.20%,33.80%,5.50%,0.40%,0.20%,法庭上，十二岁的男孩赞恩向法官状告他的亲生父母，原因是，他们给了他生命。是什么样的经历让一个孩子做出如此不可思议的举动？故事中，赞恩的父母在无力抚养和教育的状况下依然不停生育，作为家中的长子赞恩，弱小的肩膀承担了无数生活的重压。当妹妹被强行卖给商贩为妻时，赞恩愤怒离家，之后遇到一对没有合法身份的母子，相互扶持勉强生活。然而生活并没有眷顾赞恩，重重磨难迫使他做出了令人震惊的举动……
猫鼠游戏 Catch Me If You Can,https://movie.douban.com/subject/1305487/,史蒂文·斯皮尔伯格,杰夫·内桑森,莱昂纳多·迪卡普里奥 / 汤姆·汉克斯 / 克里斯托弗·沃肯 / 马丁·辛 / 艾米·亚当斯 / 詹妮弗·加纳 / 伊丽莎白·班克斯 / 纳塔莉·贝伊 / 詹姆斯·布洛林 / 艾伦·旁派 / 南希·利内翰 / 布莱恩·豪威 / 弗兰克·约翰·休斯 / 克里斯·埃里斯,剧情 / 传记 / 犯罪,美国 / 加拿大,英语 / 法语,2003-04-11(中国大陆) / 2002-12-16(洛杉矶首映) / 2002-12-25(美国),141 分钟,逍遥法外 / 捉智双雄(港) / 神鬼交锋(台) / 我知道你是谁 / 有种来抓我,tt0264464,9.1,1123730,61.40%,33.30%,5.00%,0.20%,0.10%,弗兰克（莱昂纳多·迪卡普里奥 Leonardo DiCaprio饰）是FBI有史以来年龄最小的通缉犯。他的犯罪手段神通广大，伪装身份的能力超乎常人，全美各地几乎都留下他的犯罪足迹。乔装医生、律师、飞行员，统统都是他曾经的身份。当然，弗兰克凭着这个“本领”，骗取了高达几百万的金额。 活得逍遥快乐的弗兰克这次又成功伪造了一份学历证明，去医院做起了大夫。弗兰克不但在这里认识了护士布雷达（艾米·亚当斯 Amy Adams饰），二人擦出爱火花，还通过布雷达的父亲得到了一份检察官助理的优差。然而，这只是暴风雨前夕——一双眼睛已经盯住了弗兰克，誓要把他绳之于法不可。这就是FBI探员卡尔（汤姆·汉克斯 Tom Hanks饰）。 在研究追捕弗兰克的过程中，卡尔领教到这个犯罪天才的过人智商。他屡次被弗兰克这个黄毛小子捉弄，心里又恨又不得不佩服。每当弗兰克有惊无险地从他的精心布局中逃脱时，这个猫鼠游戏显得有趣起来……
天空之城 天空の城ラピュタ,https://movie.douban.com/subject/1291583/,宫崎骏,宫崎骏,田中真弓 / 横泽启子 / 初井言荣 / 寺田农 / 常田富士男 / 永井一郎 / 糸博 / 鹫尾真知子 / 神山卓三 / 安原义人 / 槐柳二 / 鳕子,动画 / 奇幻 / 冒险,日本,日语,1992-05-01(中国大陆) / 2023-06-01(中国大陆重映) / 1986-08-02(日本),125分钟,天空之城拉普他 / 空中城堡拉普他 / Tenk? no shiro Rapyuta / Laputa: Castle in the Sky,tt0092067,9.2,950969,64.90%,29.40%,5.30%,0.30%,0.10%,古老帝国拉普达是一座漂浮在空中的巨大的机器岛，传说那里已经无人居住，蕴藏着巨大的财富。因此，无论军方还是海盗，都在找寻着这座传说中的飞行岛。 矿工巴鲁这天偶遇拉普达继承人希达，两人一见如故。因为希达身上有找寻拉普达帝国的重要物件飞行石，军方和海盗两帮人马都在追杀希达。巴鲁带着希达一起逃亡，最终都没有逃出军方的手中，希达被军队掳走了。 为救朋友，只能选择与海盗合作。巴鲁与海盗成功救出了希达，同时，他们也发现了军方的邪恶计划。为了阻止军方邪恶计划的实施，他们和海盗一起踏上了寻找拉普达之旅。
摔跤吧！爸爸 Dangal,https://movie.douban.com/subject/26387939/,涅提·蒂瓦里,比于什·古普塔 / 施热亚·简 / 尼基尔·麦罗特拉 / 涅提·蒂瓦里,阿米尔·汗 / 法缇玛·萨那·纱卡 / 桑亚·玛荷塔 / 阿帕尔夏克提·库拉那 / 沙克希·坦沃 / 塞伊拉·沃西 / 苏哈妮·巴特纳格尔 / 里特维克·萨霍里 / 吉里什·库卡尼,剧情 / 家庭 / 传记 / 运动,印度,印地语 / 英语,2017-05-05(中国大陆) / 2016-12-23(印度),161分钟(印度),我和我的冠军女儿(台) / 打死不离3父女(港) / 摔跤吧！老爸 / 摔跤家族 / ???? / Wrestling Competition,tt5074352,9,1660297,59.40%,33.10%,6.90%,0.50%,0.20%,马哈维亚（阿米尔·汗 Aamir Khan 饰）曾经是一名前途无量的摔跤运动员，在放弃了职业生涯后，他最大的遗憾就是没有能够替国家赢得金牌。马哈维亚将这份希望寄托在了尚未出生的儿子身上，哪知道妻子接连给他生了两个女儿，取名吉塔（法缇玛·萨那·纱卡 Fatima Sana Shaikh 饰）和巴比塔（桑亚·玛荷塔 Sanya Malhotra 饰）。让马哈维亚没有想到的是，两个姑娘展现出了杰出的摔跤天赋，让他幡然醒悟，就算是女孩，也能够昂首挺胸的站在比赛场上，为了国家和她们自己赢得荣誉。 就这样，在马哈维亚的指导下，吉塔和巴比塔开始了艰苦的训练，两人进步神速，很快就因为在比赛中连连获胜而成为了当地的名人。为了获得更多的机会，吉塔进入了国家体育学院学习，在那里，她将面对更大的诱惑和更多的选择。
鬼子来了,https://movie.douban.com/subject/1291858/,姜文,姜文 / 史建全 / 述平 / 尤凤伟,姜文 / 香川照之 / 袁丁 / 姜宏波 / 丛志军 / 李丛喜 / 泽田谦也 / 李海滨 / 蔡卫东 / 陈述 / 陈莲梅 / 史建全 / 陈强 / 宫路佳具 / 吴大维 / 梶冈润一 / 石山雄大 / 述平 / 姜武,剧情 / 喜剧,中国大陆,汉语普通话 / 日语 / 唐山话,2000-05-12(戛纳电影节) / 2002-04-27(日本),139分钟,Devils on the Doorstep,tt0245929,9.3,672959,71.10%,24.10%,4.30%,0.30%,0.20%,第二次世界大战期间，中国河北挂甲台村的农民马大三（姜文饰）在日本人的统治下过着平静的生活。一个晚上，游击队绑架了日军陆军士兵花屋小三郎（香川照之饰）和翻译董汉臣，把他们捆绑塞入麻袋放在马大三家里，并吩咐马好好看管，几天后的大年三十来带人。马大三和村民战战兢兢地看守两人，花屋小三郎和董汉臣数次发出求救信号，皆被村民化解。半年过去了，村民们担心事情暴露，却又不敢把花屋等放了。 马大三最终被董汉臣说动，把花屋和董送到了日军宪兵队驻地，以换取粮食。日军宪兵军官酒冢猪吉是花屋的同乡。他表面上对马等人客气，但背后指责花屋让皇军蒙耻并殴打了他。宪兵队整队去马的村子里和村民联欢送粮，酒到酣时却乍露杀机。
少年派的奇幻漂流 Life of Pi,https://movie.douban.com/subject/1929463/,李安,扬·马特尔 / 大卫·麦基,苏拉·沙玛 / 伊尔凡·可汗 / 拉菲·斯波 / 阿迪勒·侯赛因 / 塔布 / 阿尤什·坦东 / 加塔姆·贝鲁尔 / 阿彦·汗 / 穆德·阿巴斯·卡勒里 / 维比什·希瓦库玛 / 热拉尔·德帕迪约 / 詹姆斯·斋藤 / 俊·奈托 / 安德里亚·迪·斯戴法诺 / 沙拉万提·塞纳特 / 王柏杰 / 柯一正 / 黄健玮,剧情 / 奇幻 / 冒险,美国 / 中国台湾 / 英国 / 加拿大,英语 / 泰米尔语 / 法语 / 日语 / 印地语 / 汉语普通话,2012-11-22(中国大陆) / 2012-09-28(纽约电影节) / 2012-11-21(美国),127分钟,少年Pi的奇幻漂流 / 漂流少年Pi,tt0454876,9.1,1424194,61.60%,31.30%,6.40%,0.40%,0.20%,故事开始于蒙特娄，也结束于蒙特娄。一名在找寻灵感的作家（拉菲·斯波 Rafe Spall 饰）无意间得知派·帕帖尔（伊尔凡·可汗 Irrfan Khan 饰）的传奇故事。派的父亲（阿迪勒·侯赛因 Adil Hussain 饰）开了一家动物园。因这样特殊的生活环境，少年派（苏拉·沙玛 Suraj Sharma 饰 ）对信仰与人的本性自有一套看法。在派17岁那一年，他的父母决定举家移民加拿大以追求更好的生活，而他也必须离开他的初恋情人。在前往加拿大的船上，他们遇见一位残忍成性的法国厨师（杰拉尔·德帕迪约 Gérard Depardieu 饰）。当天深夜在茫茫大海中，原本令派感到刺激无比的暴风雨一瞬间就成了吞噬货船的大灾难。派却奇迹般地活了下来，搭着救生船在太平洋上漂流，而且有一名最令人意想不到的同伴——理查德·帕克，一只孟加拉老虎。神奇的冒险旅程就这样意外开始了……
钢琴家 The Pianist,https://movie.douban.com/subject/1296736/,罗曼·波兰斯基,罗纳德·哈伍德,阿德里安·布罗迪 / 托马斯·克莱舒曼 / 艾米莉娅·福克斯 / 米哈乌·热布罗夫斯基 / 埃德·斯托帕德 / 穆琳·利普曼 / 弗兰克·芬莱 / 茱莉亚·蕾娜 / 杰西卡·凯特·梅耶尔 / 理查德·赖丁斯,剧情 / 音乐 / 传记 / 战争,英国 / 法国 / 波兰 / 德国 / 美国,英语 / 德语 / 俄语,2002-05-24(戛纳电影节) / 2002-09-25(法国),149分钟,钢琴战曲(港) / 战地琴人(台) / 战地琴声 / 钢琴师,tt0253474,9.3,699694,68.30%,27.40%,4.00%,0.20%,0.20%,史标曼（艾德里安?布洛迪 Adrien Brody 饰）是波兰一家电台的钢琴师。二战即将爆发之时，他们全家被迫被赶进华沙的犹太区。在战争的颠沛流离中，家人和亲戚最终被纳粹杀害，而史标曼本人也受尽种种羞辱和折磨，他侥幸得到一位朋友的帮助，暂时有了藏身之处。战争愈加猛烈，朋友不得不抛下他回老家寻得安全的住所养育儿女。此时史标曼恶病缠身，却还要在搜捕中逃亡。在废墟的阁楼上他遇见了一名德国军官，在军官的要求下他弹奏了钢琴曲。美妙的琴声令德国军官萌发了恻隐之心，他暗暗帮助史标曼直到苏军对波兰的解放到来…… 影片根据波兰钢琴家瓦拉迪斯罗?斯皮曼(Wladyslaw Szpilman)的自传体小说《死亡城市》改编。
指环王2：双塔奇兵 The Lord of the Rings: The Two Towers,https://movie.douban.com/subject/1291572/,彼得·杰克逊,弗兰·威尔士 / 菲利帕·鲍恩斯 / 斯蒂芬·辛克莱 / 彼得·杰克逊 / J.R.R.托尔金,伊利亚·伍德 / 西恩·奥斯汀 / 多米尼克·莫纳汉 / 奥兰多·布鲁姆 / 维果·莫腾森 / 伊恩·麦克莱恩 / 凯特·布兰切特 / 比利·博伊德 / 杰德·布罗菲 / 丽芙·泰勒 / 安迪·瑟金斯 / 米兰达·奥图 / 雨果·维文 / 布拉德·道里夫 / 卡卢姆·吉廷斯 / 伯纳德·希尔 / 布鲁斯·霍普金斯 / 克里斯托弗·李 / 纳撒尼尔·利斯 / 罗宾·马尔科姆 / 约翰·贝西 / 萨拉·贝克 / 克雷格·帕克 / 布鲁斯·菲利普斯 / Robert Pollock / 约翰·瑞斯-戴维斯 / 奥利维亚·田內 / 卡尔·厄本 / 史蒂芬·乌瑞 / 大卫·文翰 / 菲利普·格里夫 / 肖恩·宾 / 约翰·诺贝尔 / Jarl Benzon / J?rn Benzon / Ben Britton / 阿利斯泰尔·布朗宁 / Sean Button / Robert Catto / 罗德尼·库克 / 卡尔洛斯·德林克沃特 / 西奥沙福瓦 / 本·弗兰舍姆 / Jonathan Harding / Lucas Hayward / 丹·汉纳 / 保罗·霍姆斯 / 杰森·霍德 / 彼得·杰克逊 / Sam Kelly / Sandro Kopp,剧情 / 动作 / 奇幻 / 冒险,美国 / 新西兰,英语 / 辛达林语 / 古代英语,2003-04-25(中国大陆) / 2021-04-23(中国大陆重映) / 2002-12-05(纽约首映) / 2002-12-18(美国),180分钟,魔戒二部曲：双城奇谋 / 指环王II：双塔 / 魔戒2：双塔奇谋,tt0167261,9.2,808176,66.80%,27.10%,5.60%,0.40%,0.10%,第二部在延续第一部风格的同时，故事呈现出多线发展的格局，情节有了更高的观赏性。 第一部结尾，博罗米尔被强兽人杀死之后，两个霍比特人皮平和梅利也被强兽人绑架，阿拉贡、精灵莱戈拉斯（奥兰多·布鲁姆 饰）、侏儒金利一路追踪强兽人，营救皮平和梅利，遇到了“复活”的白袍巫师甘道夫 （伊恩·麦克莱恩 饰）。此时，投降索伦的白袍巫师萨鲁曼控制了人类洛汉王国的国王，并派出大量的强兽人军队，准备消灭人类。阿拉贡、莱戈拉斯和金利在甘道夫的带领下，帮助洛汉王国对抗邪恶力量的入侵。 幸运的皮平和梅利被会说话的树精救了出来，并且遇到“复活”的甘道夫，在甘道夫的授意下，树精保护了两人的安全，并且带他们参加树精大会，大会上，树精们讨论对待中土大战的态度：是继续当中立者，逆来顺受，还是奋起反抗？ 身负重任的佛罗多（伊利亚·伍德 饰）和山姆继续向末日山脉前进，一路上被咕噜跟踪，弗罗多依靠至尊魔戒的力量，成为了咕噜的主人，在咕噜的带领下，他们到了末日山脉的入口，黑门。就在他们准备进入之时，博罗米尔的弟弟法莫尔出现，将他们带回了刚铎。弗罗多又遇上了新的危机：法莫尔想利用至尊魔戒的力量对抗萨鲁曼的攻击……
大话西游之月光宝盒 西遊記第壹佰零壹回之月光寶盒,https://movie.douban.com/subject/1299398/,刘镇伟,刘镇伟 / 吴承恩,周星驰 / 吴孟达 / 罗家英 / 蓝洁瑛 / 莫文蔚 / 江约诚 / 陆树铭 / 刘镇伟 / 朱茵 / 李健仁 / 李宝龙,喜剧 / 爱情 / 奇幻 / 古装,中国香港 / 中国大陆,粤语 / 汉语普通话,2014-10-24(中国大陆) / 1995-01-21(中国香港),88分钟,西游记101回月光宝盒 / 齐天大圣东游记 / 大话东游之一 / A Chinese Odyssey Part One - Pandora's Box,tt0112778,9,1293498,60.50%,31.40%,7.30%,0.60%,0.20%,孙悟空（周星驰）护送唐三藏（罗家英）去西天取经路上，与牛魔王合谋欲杀害唐三藏，并偷走了月光宝盒，此举使观音萌生将其铲除心思，经唐三藏请求，孙悟空被判五百年后重新投胎做人赎其罪孽。 五百年后孙悟空化身强盗头头至尊宝。当遇见预谋吃唐僧肉的妖怪姐妹蜘蛛精春三十娘（蓝洁瑛）和白骨精白晶晶（莫文蔚）时，因为五百年前孙悟空曾与白晶晶有过一段恋情，至尊宝与她一见钟情，但因菩提老祖将二人妖怪身份相告，至尊宝仍带领众强盗开始与二妖展开周旋，过程中，白晶晶为救至尊宝打伤春三十娘，自己也中毒受伤，为了救白晶晶，至尊宝去找春三十娘，遭白晶晶误会，绝望自杀，至尊宝开始用月光宝盒以期使时光倒流。
死亡诗社 Dead Poets Society,https://movie.douban.com/subject/1291548/,彼得·威尔,汤姆·舒尔曼,罗宾·威廉姆斯 / 罗伯特·肖恩·莱纳德 / 伊桑·霍克 / 乔西·查尔斯 / 盖尔·汉森 / 迪伦·库斯曼 / 阿勒隆·鲁杰罗 / 詹姆斯·沃特斯顿 / 诺曼·劳埃德 / 柯特伍德·史密斯 / 卡拉·贝尔韦尔 / 利昂·波纳尔 / 乔治·马丁 / 乔·奥菲耶里 / 马特·凯里 / 凯文·库尼 / 拉腊·弗林·鲍尔 / 亚历桑德拉·鲍尔斯 / 梅洛拉·沃尔特斯 / 帕梅拉·伯勒尔 / 约翰·库宁汉姆 / 迪布拉·穆尼 / 库尔特·莱特纳 / 凯瑟·斯内德 / 霍纳斯·斯蒂克洛瑞斯 / 杰米·肯尼迪,剧情,美国,英语 / 拉丁语,1989-06-02(多伦多首映) / 1989-06-09(美国),128 分钟,暴雨骄阳(港) / 春风化雨(台) / 壮志骄阳,tt0097165,9.2,807759,66.30%,27.40%,5.70%,0.50%,0.20%,威尔顿预备学院以其沉稳凝重的教学风格和较高的升学率闻名，作为其毕业班的学生，理想就是升入名校。新学期文学老师约翰·基汀（罗宾·威廉姆斯 饰）的到来如同一阵春风，一反传统名校的严肃刻板。 基汀带学生们在校史楼内聆听死亡的声音，反思生的意义 ；让男生们在绿茵场上宣读自己的理想；鼓励学生站在课桌上，用新的视角俯瞰世界。老师自由发散式的哲学思维让学生内心产生强烈的共鸣，他们渐渐学会自己思考与求索，勇敢的追问人生的路途，甚至违反门禁，成立死亡诗社，在山洞里击节而歌！ 基汀教授、基汀老师、基汀队长，他的教育宛若春风化雨，润物无声的留在每个人心里…
闻香识女人 Scent of a Woman,https://movie.douban.com/subject/1298624/,马丁·布莱斯特,博·古德曼 / 乔瓦尼·阿尔皮诺,阿尔·帕西诺 / 克里斯·奥唐纳 / 詹姆斯·瑞布霍恩 / 加布里埃尔·安瓦尔 / 菲利普·塞默·霍夫曼 / 理查德·文彻 / 布莱德利·惠特福德 / 罗谢尔·奥利弗 / Margaret Eginton / Tom Riis Farrell / Nicholas Sadler / 托德·路易斯 / 马特·史密斯 / 吉恩·坎菲尔德 / 弗兰西丝·康罗伊,剧情,美国,英语,1992-12-23(美国),157 分钟,女人香 / 女人的芳香,tt0105323,9.1,961586,63.20%,30.10%,6.10%,0.50%,0.10%,查理（克里斯?奥唐纳 Chris O'Donnell 饰）是一个普通的中学生，他因为见证着一件恶作剧但又不想出卖朋友，于是面临着一道艰难的选择题——要么坦白，要么被学校勒退。而史法兰（阿尔?帕西诺 Al Pacino 饰）是一个退伍军官，因为意外失明，人生从顶点的辉煌滑落谷底。 自从两人的人生有了交集，命运的转折慢慢清晰。史法兰打算结束失去了意义的生活，于是在查理的陪伴下，尽情享受着人生最后一趟出行。他吃最美味的佳肴，买光鲜的汽车，在狭窄的街道上飚车，住在豪华的套房里，跟随陌生女子的袅袅香水味，跳一段优雅性感的探戈……极乐的疯狂后，他拿枪对准了自己的头颅。然而，查理声嘶力竭的劝阻改变了一切，曙光亦渐渐在这个老人心中重新升起，二人情深如父子。 史法兰在学校礼堂激昂演说，挽救了查理的前途，讽刺了学校的伪善。二人在互相鼓舞中得到重生。
绿皮书 Green Book,https://movie.douban.com/subject/27060077/,彼得·法雷里,尼克·瓦莱隆加 / 布莱恩·库瑞 / 彼得·法雷里,维果·莫腾森 / 马赫沙拉·阿里 / 琳达·卡德里尼 / 塞巴斯蒂安·马尼斯科 / 迪米特·D·马里诺夫 / 迈克·哈顿 / P·J·伯恩 / 乔·柯蒂斯 / 玛姬·尼克松 / 冯·刘易斯 / 乔恩·索特兰 / 唐·斯达克 / 安东尼·曼加诺 / 保罗·斯隆 / 珍娜·劳伦索 / 肯尼斯·以色列 / 伊克博·塞巴 / 尼克·瓦莱隆加 / 大卫·安 / 迈克·切罗内 / 杰拉尔丁·辛格 / 马丁·巴特斯·布拉德福德 / 格拉伦·布莱恩特·班克斯 / 汤姆·维图 / 夏恩·帕特洛 / 丹尼斯·W·霍尔 / 吉姆·克洛克 / 戴恩·罗兹 / 布赖恩·斯特帕尼克 / 乔恩·迈克尔·戴维斯 / 布莱恩·库瑞 / 托尼亚·马尔多纳多,剧情 / 喜剧 / 音乐 / 传记,美国 / 中国大陆,英语 / 意大利语 / 俄语 / 德语,2019-03-01(中国大陆) / 2018-09-11(多伦多电影节) / 2018-11-16(美国),130分钟,绿簿旅友(港) / 幸福绿皮书(台) / 绿书,tt6966692,8.9,1776896,55.00%,37.30%,7.10%,0.40%,0.10%,托尼（维果·莫腾森 Viggo Mortensen 饰）是一个吊儿郎当游手好闲的混混，在一家夜总会做侍者。这间夜总会因故要停业几个月，可托尼所要支付的房租和生活费不会因此取消，所以他的当务之急是去寻找另一份工作来填补这几个月的空缺。在这个节骨眼上，一位名叫唐雪莉（马赫沙拉·阿里 Mahershala Ali 饰）的黑人钢琴家提出雇佣托尼。 唐雪莉即将开始为期八个星期的南下巡回演出，可是，那个时候南方对黑人的歧视非常的严重，于是托尼便成为了唐雪莉的司机兼保镖。一路上，两人迥异的性格使得他们之间产生了很多的矛盾，与此同时，唐雪莉在南方所遭受的种种不公平的对待也让托尼对种族歧视感到深恶痛绝。
大闹天宫,https://movie.douban.com/subject/1418019/,万籁鸣,李克弱 / 万籁鸣,邱岳峰 / 富润生 / 毕克 / 尚华 / 于鼎 / 李梓 / 刘广宁,剧情 / 动画 / 奇幻 / 古装,中国大陆,汉语普通话,1961(中国大陆) / 1964(中国大陆) / 1978(中国大陆),113分钟,大闹天宫 上下集 / The Monkey King / Havoc in Heaven / Uproar in Heaven,tt0059855,9.4,475690,74.80%,20.80%,4.00%,0.30%,0.20%,话说在东土傲来国有一座花果山，山上有一尊石猴吸收日精月华化身为一只神猴（邱岳峰 音），统领着山中的猴子猴孙。为求得一件称心的宝贝，神猴孙大圣潜入龙宫，强硬求来大禹治水时的定海神针如意金箍棒。东海龙王（毕克 音）心有不甘，于是上天将此事诉诸玉帝（富润生 音）。玉皇大帝命令太白金星（尚华 音）下界招安，许以爵位。不知有诈的孙大圣欣然前往，却发现只是负责养马的弼马温。得知受骗的猴王反下天庭，与天兵天将在花果山展开大战…… 本片根据古典名著《西游记》中的故事改编，前后历时4年创作，并荣获1962年捷克斯洛伐克卡罗维发利国际电影节短片特别奖、1978年英国伦敦国际电影节年度杰出电影奖、1982年厄瓜多尔第四届国际儿童电影节三等奖、第二届中国电影“百花奖”最佳美术片奖。
罗马假日 Roman Holiday,https://movie.douban.com/subject/1293839/,威廉·惠勒,达尔顿·特朗勃 / 伊安·麦克莱伦·亨特 / 约翰·戴顿,奥黛丽·赫本 / 格利高里·派克 / 埃迪·艾伯特 / 哈特利·鲍尔 / 哈考特·威廉姆斯 / 玛格丽特·罗林斯 / 托里奥·卡米纳提 / 保罗·卡利尼 / 克劳迪奥·埃尔梅利 / 保拉·布鲁布尼 / 里佐·弗雷多里佐,剧情 / 喜剧 / 爱情,美国,英语 / 意大利语 / 德语,1953-08-20(威尼斯电影节) / 1953-09-02(美国),118分钟,金枝玉叶(港) / 罗马假期(台) / 罗马的假日,tt0046250,9.1,1001420,60.80%,32.50%,6.40%,0.30%,0.10%,欧洲某国的安妮公主（奥黛丽·赫本 Audrey Hepburn 饰）到访罗马，国务烦身，但她又厌倦繁文缛节。一天晚上，身心俱疲的她偷偷来到民间欣赏夜景，巧遇报社记者乔（格里高利·派克 Gregory Peck 饰）。二人把手同游，相当快乐。公主更是到乔的家中作客并在那过夜。 不料乔无意中发现了公主的真实身份，他决定炮制一个独家新闻，于是乔和朋友、摄影师欧文（埃迪·艾伯特 Eddie Albert 饰）一起带公主同游罗马，并且偷拍了公主的很多生活照。然而，在接下来与公主的相处中，乔不知不觉恋上了公主。为了保护公主的形象，乔只能忍痛抛弃功成名就的良机，将照片送予了公主。 安妮公主在经历了罗马一日假期后，反而体验了自己对国家的责任，毅然返回了大使馆，为了本身的责任而果断抛弃了爱情。
黑客帝国 The Matrix,https://movie.douban.com/subject/1291843/,莉莉·沃卓斯基,莉莉·沃卓斯基 / 拉娜·沃卓斯基,基努·里维斯 / 劳伦斯·菲什伯恩 / 凯瑞-安·莫斯 / 雨果·维文 / 格洛丽亚·福斯特 / 乔·潘托里亚诺 / 马库斯·钟 / 朱利安·阿拉汗加 / 马特·多兰 / 贝琳达·麦克洛里 / 安东尼·雷·帕克 / 罗伯特·泰勒 / 阿达·尼科德莫 / 罗温·维特 / 塔玛拉·布朗 / 纳塔莉·特珍 / 比尔·扬 / 克里斯·斯科特 / 纳许·埃哲顿,动作 / 科幻,美国,英语,2000-01-14(中国大陆) / 1999-03-31(美国),136分钟,22世纪杀人网络(港) / 廿二世纪杀人网络(港) / 骇客任务(台) / 骇客帝国,tt0133093,9.1,894775,63.30%,29.80%,6.30%,0.50%,0.10%,不久的将来，网络黑客尼奥（基奴李维斯 饰）对这个看似正常的现实世界产生了怀疑。他结识了黑客崔妮蒂（凯莉·安·摩丝 饰），并见到了黑客组织的首领墨菲斯（劳伦斯·菲什伯恩 饰）。墨菲斯告诉他，现实世界其实是由一个名叫“母体”的计算机人工智能系统控制，人们就像他们饲养的动物，没有自由和思想，而尼奥就是能够拯救人类的救世主。 可是，救赎之路从来都不会一帆风顺，到底哪里才是真实的世界？如何才能打败那些超人一样的特勤？尼奥是不是人类的希望？这是黑客的帝国，程序和代码欢迎大家的到来。.
指环王1：护戒使者 The Lord of the Rings: The Fellowship of the Ring,https://movie.douban.com/subject/1291571/,彼得·杰克逊,弗兰·威尔士 / 菲利帕·鲍恩斯 / 彼得·杰克逊 / J.R.R.托尔金,伊利亚·伍德 / 西恩·奥斯汀 / 伊恩·麦克莱恩 / 维果·莫腾森 / 奥兰多·布鲁姆 / 多米尼克·莫纳汉 / 比利·博伊德 / 克里斯托弗·李 / 马尔顿·索克斯 / 梅根·爱德华兹 / 伊安·霍姆 / 凯特·布兰切特 / 阿兰·霍华德 / 马克·弗格森 / 肖恩·宾 / 萨拉·贝克 / 劳伦斯·马克奥雷 / 安迪·瑟金斯 / 彼得·麦肯齐 / 伊恩·穆内 / 克雷格·帕克 / 卡梅隆·罗德 / 约翰·瑞斯-戴维斯 / 丽芙·泰勒 / 大卫·韦瑟莱 / 雨果·维文 / 菲利普·格里夫 / 威廉·约翰逊 / 伊丽莎白·穆迪 / 布莱恩·瑟金特 / 杰德·布罗菲 / 诺曼·凯茨 / 兰德尔·威廉·库克 / 萨比恩·克洛森 / 西奥沙福瓦 / 本·弗兰舍姆 / 彼得·杰克逊 / 艾伦·李,剧情 / 动作 / 奇幻 / 冒险,新西兰 / 美国,英语 / 辛达林语,2002-04-04(中国大陆) / 2021-04-16(中国大陆重映) / 2001-12-19(美国),179分钟,指环王1：魔戒再现 / 指环王I：护戒使者 / 魔戒首部曲：魔戒现身 / 魔戒1：护戒联盟,tt0120737,9.1,906821,63.70%,28.70%,6.80%,0.60%,0.20%,比尔博·巴金斯是100多岁的霍比特人，住在故乡夏尔，生性喜欢冒险，在年轻时的一次探险经历中，他从怪物咕噜手中得到了至尊魔戒，这枚戒指是黑暗魔君索伦打造的至尊魔戒，拥有奴役世界的邪恶力量，能够统领其他几枚力量之戒，在3000年前的人类联盟和半兽人大军的战役中，联盟取得了胜利 ，并得到了至尊魔戒，数千年的辗转后，魔戒落到咕噜手中，被比尔博碰巧得到。 因为和魔戒的朝夕相处，比尔博的心性也受到了影响，在他111岁的生日宴会上，他决定把一切都留给侄子佛罗多（伊利亚?伍德 饰)，继续冒险。 比尔博的好朋友灰袍巫师甘道夫（伊恩·麦克莱恩 饰）知道至尊魔戒的秘密，同时，黑暗魔君索伦已经知道他的魔戒落在哈比族的手中。索伦正在重新建造要塞巴拉多，集结无数的半兽人，准备以大军 夺取魔戒，并且征服全世界。 甘道夫说服佛罗多将魔戒护送到精灵王国瑞文希尔，佛罗多在好朋友山姆、皮平和梅利的陪同下，在跃马旅店得到了刚铎王子阿拉贡的帮助，历经艰难，终于到达了精灵王国。 然而，精灵族并不愿意保管这个邪恶的至尊魔戒，中土各国代表开会讨论，达成意见，准备将至尊魔戒送到末日山脉的烈焰中彻底销毁，佛罗多挺身而出接受了这个任务，这次，陪伴他的除了三个好朋友，还有甘道夫、阿拉贡、精灵莱戈拉斯（奥兰多?布鲁姆 饰）、人类博罗米尔、侏儒金利。 一路上，魔戒远征军除了要逃避索伦爪牙黑骑士和半兽人的追杀之外，更要抵抗至尊魔戒本身的邪恶诱惑，前途困难重重。
教父2 The Godfather: Part II,https://movie.douban.com/subject/1299131/,弗朗西斯·福特·科波拉,弗朗西斯·福特·科波拉 / 马里奥·普佐,阿尔·帕西诺 / 罗伯特·杜瓦尔 / 黛安·基顿 / 罗伯特·德尼罗 / 约翰·凯泽尔 / 塔莉娅·夏尔 / 李·斯特拉斯伯格 / 迈克尔·V·格佐 / G?D?斯普拉德林 / 理查德·布赖特 / 加斯通·莫辛 / 汤姆·罗斯奎 / 布鲁诺·柯比 / 弗兰克·西维罗 / 弗朗西丝卡·德·萨维奥 / 摩甘娜金 / 玛丽亚娜·希尔 / 莱奥波多·特里耶斯泰 / 多米尼克·查尼斯 / Amerigo Tot / 特洛伊·多纳休 / 约翰·阿普雷亚 / 乔·斯皮内尔 / 阿贝·维高达 / 吉亚尼·罗素 / Maria Carta / 菲伊·斯潘 / 哈利·戴恩·斯坦通 / 卡明·卡里迪 / 丹尼·爱罗 / 威廉·鲍尔斯 / 约瑟夫·德拉·索尔特 / 卡门·阿尔根齐亚诺 / 乔·罗·格里普 / Ezio Flagello / 凯瑟琳·贝勒 / Saveria Mazzola / Tito Alba / 彼得·多纳特 / 汤姆·达尔格伦 / Phil Feldman / 罗杰·科曼 / 伊凡·科尔 / 艾丽卡·约恩 / Teresa Tirelli / 詹姆斯·肯恩 / Italia Coppola / 罗曼·科波拉 / 索菲亚·科波拉 / 朱莉·格雷格 / George Holmes / Buck Houghton / Shep Houghton / 小杉正一 / 加里·库尔茨 / Laura Lyons / 理查德·麦瑟森 / 约翰·梅根纳 / Harrison Ressler / Al Roberts / Hank Robinson / Filomena Spagnuolo,剧情 / 犯罪,美国,英语 / 意大利语 / 西班牙语 / 拉丁语 / 西西里语,1974-12-12(纽约首映) / 1974-12-20(美国),202分钟,教父续集(港) / 教父II,tt0071562,9.3,597773,68.90%,26.10%,4.50%,0.30%,0.20%,迈克尔（阿尔·帕西诺 饰）是美利坚黑手党科利昂家族的头目。 迈克尔的父亲维托·安多里尼（罗伯特·德尼罗 饰）出生于意大利科利昂镇。1901年，维托的父亲安东尼奥、兄长保罗、母亲（玛丽亚·卡塔 饰）都死于黑手党西乔家族之手。9岁的维托只得漂洋过海逃亡美利坚谋生。入境时，海关官员（理查德·沃森 饰）将其名姓登记为维托·科利昂。 1958年，迈克尔为儿子安东尼（詹姆斯·古纳瑞斯 饰）举办了初领圣体的聚会，不想当晚便遭遇暗杀。迈克尔侥幸躲过一劫，两名杀手却被人灭口。 维托在异国他乡如何生存？他身负的血海深仇能否得报？想要迈克尔性命的是谁？将杀手灭口的又是谁？
天堂电影院 Nuovo Cinema Paradiso,https://movie.douban.com/subject/1291828/,朱塞佩·托纳多雷,朱塞佩·托纳多雷 / 瓦娜·波利,菲利普·努瓦雷 / 萨瓦特利·卡西欧 / 雅克·贝汉 / 马克·莱昂纳蒂 / 莱奥波多·特里耶斯泰 / 安东内拉·阿蒂利 / 恩佐·卡拉瓦勒 / 艾萨·丹尼埃利 / 里奥·故罗塔 / 普佩拉·玛奇奥 / 阿格妮丝·那诺 / 塔诺·希玛罗萨 / 尼古拉·迪·平托 / 罗伯塔·蕾娜 / 尼诺·戴罗佐 / 玛丽娜·朱迪切 / 比阿特丽斯·帕姆 / 布丽吉特·佛西 / 朱塞佩·托纳多雷,剧情 / 爱情,意大利 / 法国,意大利语,2021-06-11(中国大陆) / 1988-11-17(意大利),155分钟,星光伴我心(港) / 新天堂乐园(台) / Cinema Paradiso,tt0095765,9.2,712494,66.10%,27.90%,5.40%,0.40%,0.10%,意大利南部小镇，古灵精怪的小男孩托托（萨瓦特利·卡西欧 饰）喜欢看电影，更喜欢看放映师阿尔弗雷多（菲利浦·诺瓦雷 饰）放电影，他和阿尔弗雷多成为了忘年之交，在胶片中找到了童年生活的乐趣。 好心的阿尔弗雷多为了让更多的观众看到电影，搞了一次露天电影，结果胶片着火了，托托把阿尔弗雷多从火海中救了出来，但阿尔弗雷多双目失明。托托成了小镇唯一会放电影的人，他接替阿尔弗雷多成了小镇的电影放映师。 托托（马克·莱昂纳蒂 饰）渐渐长大，他爱上了银行家的女儿艾莲娜（阿格妮丝·那诺 饰）。初恋的纯洁情愫美如天堂，但是一对小情侣的海誓山盟被艾莲娜父亲的阻挠给隔断了，托托去服兵役，而艾莲娜去念大学。伤心的托托在阿尔弗雷多的鼓励下，离开小镇，追寻自己生命中的梦想…… 30年后，阿尔弗雷多去世，此时的托托已经是功成名就的导演，他回到了家乡，看到残破的天堂电影院，追忆往昔，唏嘘不已。
狮子王 The Lion King,https://movie.douban.com/subject/1301753/,罗杰·阿勒斯,艾琳·梅琪 / 乔纳森·罗伯特 / 琳达·伍尔芙顿,乔纳森·泰勒·托马斯 / 马修·布罗德里克 / 杰瑞米·艾恩斯 / 詹姆斯·厄尔·琼斯 / 莫伊拉·凯利 / 内森·连恩 / 尼基塔·卡兰姆 / 埃林·萨贝拉 / 乌比·戈德堡 / 罗温·艾金森,动画 / 歌舞 / 冒险,美国,英语 / 斯瓦希里语 / 科萨语 / 祖鲁语,1995-07-15(中国大陆) / 1994-06-15(美国) / 2011-09-16(美国),89 分钟,狮子王3D,tt0110357,9.1,907044,61.50%,31.90%,6.20%,0.30%,0.10%,辛巴是狮子王国的小王子，他的父亲穆法沙是一个威严的国王。然而叔叔刀疤却对穆法沙的王位觊觎已久。 要想坐上王位宝座，刀疤必须除去小王子。于是，刀疤利用种种借口让辛巴外出，然后伺机大开杀戒，无奈被穆法沙即时来救。在反复的算计下，穆法沙惨死在刀疤手下，刀疤别有用心的劝辛巴离开，一方面派人将他赶尽杀绝。 辛巴逃亡中遇到了机智的丁满和善良的彭彭，他们抚养辛巴长成雄壮的大狮子，鼓励他回去森林复国。在接下来一场复国救民的斗争中，辛巴真正长成一个坚强的男子汉，领会了责任的真谛。
辩护人 ???,https://movie.douban.com/subject/21937445/,杨宇硕,杨宇硕 / 尹贤浩,宋康昊 / 金英爱 / 吴达洙 / 郭度沅 / 任时完 / 宋永彰 / 郑元中 / 赵敏基 / 李杭娜 / 李星民 / 车光洙 / 韩基重 / 沈熙燮 / 赵莞基 / 李姃垠,剧情,韩国,韩语,2013-12-18(韩国),127分钟,逆权大状(港) / 正义辩护人(台) / The Attorney,tt3404140,9.2,628913,66.50%,28.70%,4.50%,0.30%,0.10%,1978年，只有高中学历的宋佑硕（宋康昊 饰）通过多年的艰苦努力，终于通过司法考试，并在成为法官后很快转行成为一名律师。他敏锐地从最新政策中嗅到商机，以不动产代书业务起家。虽然被同行讥讽为随时随地派发名片的夜店小弟，但佑硕不以为忤，一步一步朝着心中的目标迈进。他依靠赚来的钱让妻儿过上富足的生活，也还了七年前在饭店大婶那里欠下的良心债。进入20世纪80年代，韩国民主化斗争愈演愈烈。佑硕全然不管窗外事，关起门来继续赚钱。然而社会的巨变已经不容他置身事外，饭店大婶的儿子朴镇宇因从属的釜山读书联合会被控为左翼社团而遭到逮捕，更受到残酷的虐待和不公的指控。 虽然爱钱却更重感情的佑硕，就这样走上了为民主辩护的道路……
饮食男女 飲食男女,https://movie.douban.com/subject/1291818/,李安,李安 / 王蕙玲 / 詹姆斯·夏慕斯,郎雄 / 杨贵媚 / 吴倩莲 / 王渝文 / 张艾嘉 / 归亚蕾 / 赵文瑄 / 陈昭荣 / 陈捷文 / 卢金城 / 唐语谦 / 洪其德 / 王瑞 / 杜满生 / 王玨 / 陈妤 / 左正芬 / 许敬民 / 聂卓晶 / 丁仲,剧情 / 家庭,中国台湾 / 美国,汉语普通话 / 闽南语 / 湖南话,1994-07-02(中国台湾) / 1994-05-13(戛纳电影节) / 1994-08-03(美国),124分钟,Eat Drink Man Woman,tt0111797,9.2,672301,64.30%,30.60%,4.70%,0.30%,0.10%,台湾中国菜硕果仅存的大师老朱（郎雄）退休后，渐尝老年生活的诸多尴尬：每周日费心做出的一桌丰盛菜肴，并无将三个女儿（杨贵媚、吴倩莲、王渝文）齐齐拉到饭桌的吸引力，已经长大成人的她们，心里藏了许多比陪父亲吃饭更重要的事；多年老友的突然离世，令他在友情这块也有了缺口；而对厨师来讲最重要的味觉的丧失，则将其彻底推到人生的低谷。 三个女儿虽各忙各事，却也操心着老朱的晚年生活，计划着为其找个老伴，但她们没料到老朱早已悄无声息地谈起了“黄昏恋”。吃惊过后，老朱最看重的继承了他做菜天赋的二女儿家倩因为自身的生活经历，对父亲、她与父亲的关系有了新的认识，而对老朱来讲更大的惊喜，还在后面。
搏击俱乐部 Fight Club,https://movie.douban.com/subject/1292000/,大卫·芬奇,恰克·帕拉尼克 / 吉姆·乌尔斯,爱德华·诺顿 / 布拉德·皮特 / 海伦娜·伯翰·卡特 / 扎克·格雷尼尔 / 米特·洛夫 / 杰瑞德·莱托 / 艾恩·贝利 / 里奇蒙德·阿奎特 / 乔治·马奎尔,剧情 / 动作 / 悬疑 / 惊悚,美国,英语,1999-09-10(威尼斯电影节) / 1999-10-15(美国),139 分钟,搏击会(港) / 斗阵俱乐部(台) / 格斗俱乐部,tt0137523,9,911079,61.80%,29.90%,7.20%,0.80%,0.40%,杰克（爱德华?诺顿 饰）是一个大汽车公司的职员，患有严重的失眠症，对周围的一切充满危机和憎恨。 一个偶然的机会，杰克遇上了卖肥皂的商人泰勒（布拉德?皮特），一个浑身充满叛逆、残酷和暴烈的痞子英雄，并因为自己公寓失火而住进了泰勒破旧不堪的家中。两人因缘际会地成为了好朋友，并创立了“搏击俱乐部”：一个让人们不戴护具而徒手搏击，宗旨在于发泄情绪的地下组织。 俱乐部吸引了越来越多的人，逐渐发展成为一个全国性的地下组织，而泰勒也以自己个人的魅力，吸引着那些盲目的信徒。俱乐部的成员们到处滋事打架、大肆破坏，泰勒本人的行为也越来越疯狂。 杰克对于“搏击俱乐部”的现况及泰勒的行为越来越无法忍受，和泰勒发生争执，泰勒离开了他。然而，杰克发现，他走到何处都无法摆脱泰勒的影子，他开始思考：我到底是谁？
本杰明·巴顿奇事 The Curious Case of Benjamin Button,https://movie.douban.com/subject/1485260/,大卫·芬奇,埃里克·罗思 / 罗宾·史威考德 / F. 斯科特·菲茨杰拉德,凯特·布兰切特 / 布拉德·皮特 / 朱莉娅·奥蒙德 / 芳妮·A·钱勃丝 / 伊莱亚斯·科泰斯 / 杰森·弗莱明 / 大卫·詹森 / 蒂尔达·斯文顿 / 艾丽·范宁 / 乔安娜·塞勒 / 乔什·斯图沃特 / 丹尼·文森 / 塔拉吉·P·汉森 / 马赫沙拉·阿里 / 菲奥娜·黑尔 / 唐娜·杜普兰提尔 / 兰斯·E·尼克尔斯 / 特德·曼森 / 克莱·卡伦 / 菲利斯·萨莫维尔 / 杰瑞德·哈里斯 / 麦迪逊·贝蒂 / 汤姆·埃沃雷特 / 克里斯托弗·马克斯韦尔 / 伊利亚·沃里克,剧情 / 爱情 / 奇幻,美国,英语 / 俄语 / 法语,2008-12-25(美国),166分钟,奇幻逆缘(港) / 班杰明的奇幻旅程(台) / 返老还童,tt0421715,9,1049966,58.40%,33.60%,7.40%,0.50%,0.10%,飓风正在侵袭美国新奥尔良，一位病危的老妇睁开了她的睡眼。老妇名叫戴茜（凯特·布兰切特饰），她叫女儿凯若琳（朱莉娅?奥蒙德饰）为她阅读一本日记。这本日记的作者叫本杰明?巴顿（布拉德?皮特饰）。本杰明出生在第一次世界大战停战之时，但生来便像个老人的他被父亲当作怪物，被遗弃在了养老院。本杰明在养老院与老人们一起生活。但谁都没有想到，本杰明逆向发育——越活越年轻！也许“越活越年轻”是某些人的梦想，但真正这样成长的本杰明却有了别人无法理解的烦恼与快乐。穿越半世纪的世界变革，本杰明身处其中，感受别人感受不到的感受。 为何母亲会让自己念这本日记？本杰明?巴顿此人与母亲有什么关系？凯若琳陷入了深深的疑惑与好奇之中。
美丽心灵 A Beautiful Mind,https://movie.douban.com/subject/1306029/,朗·霍华德,阿齐瓦·高斯曼 / 西尔维娅·纳萨尔,罗素·克劳 / 艾德·哈里斯 / 詹妮弗·康纳利 / 克里斯托弗·普卢默 / 保罗·贝坦尼 / 亚当·戈德堡 / 乔什·卢卡斯 / 安东尼·拉普 / 贾森·加里-斯坦福德 / 贾德·赫希 / 奥斯汀·潘德尔顿 / 薇薇·卡登尼 / 吉莉·西蒙 / 维克多·斯坦巴赫 / 坦娅·克拉克 / 罗伊·辛尼斯 / 谢丽尔·霍华德 / 兰斯·霍华德 / 简·詹金斯 / 乔什·帕斯 / 瓦伦蒂娜·卡迪纳利 / 蒂格尔·F·伯格里 / 迈克尔·埃斯佩尔 / 艾米·瓦尔兹 / 小艾德.朱普 / 卡拉·奥奇格罗索 / 斯特里奥·萨万特 / 迈克尔·阿伯特 / 雷吉·奥斯汀 / 凯德·比特纳 / 理查·布莱恩特 / 丹·陈 / 乔纳·福尔肯 / 法布里奇奥·范特 / 斯科特·费恩斯特罗姆 / 迈克尔·菲奥里 / 塞斯·盖贝尔 / 埃文·哈特 / 杰森·霍顿 / 布莱丝·达拉斯·霍华德 / 朗·霍华德 / 多里·曼佐尔 / 罗伯特·迈尔斯 / 里德·彭尼 / 米尔斯·彼埃尔 / 肖恩·里德,剧情 / 传记,美国,英语,2001-12-13(加州首映) / 2002-01-04(美国),135分钟,有你终生美丽(港) / 美丽境界(台) / 完美大脑,tt0268978,9.1,817491,60.10%,33.40%,6.00%,0.40%,0.10%,本片是关于20世纪伟大数学家小约翰?福布斯-纳什的人物传记片。 小约翰?福布斯-纳什（拉塞尔?克劳）在念研究生时，便发表了著名的博弈理论，该理论虽只有短短26页，却在经济、军事等领域产生了深远的影响。但就在小约翰?福布斯-纳什蜚声国际时，他的出众直觉因为精神分裂症受到困扰，然而这并没阻止他向学术上的最高层进军的步伐，在深爱他的妻子艾丽西亚（珍妮弗?康纳利）的鼓励和帮助下，他走得虽然艰缓，却始终没有停步，而最终，凭借十几年的不懈努力和顽强意志，他如愿以偿。
穿条纹睡衣的男孩 The Boy in the Striped Pajamas,https://movie.douban.com/subject/3008247/,马克·赫尔曼,约翰·伯恩 / 马克·赫尔曼,阿萨·巴特菲尔德 / 维拉·法米加 / 卡拉·霍根 / 祖萨·霍尔 / 安贝尔·比蒂 / 拉斯洛·阿隆 / 大卫·休里斯 / 理查德·约翰逊 / 谢拉·汉考克 / 伊凡·弗雷贝利 / 贝拉·费斯彼姆 / 阿提拉·埃杰德 / 鲁伯特·弗兰德 / 大卫·海曼 / 吉姆·诺顿 / 杰克·塞隆 / 米哈利·绍鲍多什 / 泽索特·萨法尔·科夫卡 / 奥索利亚·茱莉娅·帕普,剧情 / 战争,英国 / 美国,英语 / 西班牙语,2008-08-28(卡内基电影节) / 2008-09-12(英国) / 2008-11-07(美国),94分钟,穿条纹衣服的男孩 / 穿条纹衣的男孩,tt0914798,9.2,609022,63.70%,31.30%,4.50%,0.30%,0.20%,八岁男孩布鲁诺（Asa Butterfield 饰）一家随着纳粹军官父亲的一纸调令，由柏林搬迁到了乡下。失去了朋友们的布鲁诺很快对新家附近的“农庄”产生了兴趣，那里有一群身穿“条纹睡衣”的人终日忙碌，并且其中一个为布鲁诺一家服务，他形容肮脏，态度慎微。周遭环境和布鲁诺的举止让母亲暗暗担忧，但纳粹父亲制止家中任何怀疑既定政策的行为。 布鲁诺偷偷结识了铁丝网另一边的同龄男孩施穆尔，并时常带给他食物吃。在紧张的家庭氛围和姐姐向成人世界的变化中，施穆尔是布鲁诺惟一的朋友。某日布鲁诺决定，去铁丝网的另一边，以便见到施穆尔的父亲…… 本片根据约翰·伯恩的同名小说改编，获2008年芝加哥国际电影节观众票选奖。
窃听风暴 Das Leben der Anderen,https://movie.douban.com/subject/1900841/,弗洛里安·亨克尔·冯·多纳斯马尔克,弗洛里安·亨克尔·冯·多纳斯马尔克,乌尔里希·穆埃 / 马蒂娜·格德克 / 塞巴斯蒂安·科赫 / 乌尔里希·图库尔 / 托马斯·蒂梅 / 汉斯-尤韦·鲍尔 / 沃克马·克莱纳特 / 马提亚斯·布伦纳 / 查理·哈纳 / 赫伯特·克瑙普 / 巴斯蒂安·特罗斯特 / 玛丽·格鲁伯 / 维尔纳·德恩 / 马丁·布拉姆马赫 / 托马斯·阿诺德 / 辛纳克·勋纳曼 / 路德韦格·布洛克伯格 / 迈克尔·格伯 / 吉塔·施维赫夫 / 希尔德加德·斯罗德 / 伊嘉·比肯费尔德 / 凯·伊沃·保利兹 / 克劳斯·芒斯特,剧情 / 悬疑,德国,德语,2006-03-23(德国),137分钟,窃听者(港) / 他人的生活 / 别人的生活 / 别样人生 / The Lives of Others,tt0405094,9.2,603544,64.60%,29.40%,5.40%,0.40%,0.20%,1984年的东德，整个社会笼罩在国家安全局的高压统治之下，特工魏斯曼（乌尔里希·穆埃 Ulrich Mühe 饰）奉命监听剧作家德莱曼（塞巴斯蒂安·科赫 Sebastian Koch 饰）及其女友演员克里斯蒂娜（马蒂娜·格德克 Martina Gedeck 饰）的生活，监听过程中，魏斯曼渐渐对这家人的生活产生了兴趣，开始暗中帮助他们。一篇刊登在西德《明镜》报上的文章引起了特工头目的注意，他们认为这篇文章是德莱曼写的，并逮捕了克里斯蒂娜，希望能够从她口中得出她丈夫的秘密？而审问克里斯蒂娜的正是魏斯曼……
情书 Love Letter,https://movie.douban.com/subject/1292220/,岩井俊二,岩井俊二,中山美穗 / 丰川悦司 / 酒井美纪 / 柏原崇 / 范文雀 / 篠原胜之 / 铃木庆一 / 田口智朗 / 加贺麻理子 / 光石研 / 铃木兰兰 / 盐见三省 / 中村久美 / 梅田凡乃 / 长田江身子 / 小栗香织 / 神户浩 / 酒井敏也 / 山口诗史 / 山崎一 / 德井优 / 武藤寿美,剧情 / 爱情,日本,日语,1999-03(中国大陆) / 2021-05-20(中国大陆重映) / 1995-03-25(日本),117分钟,When I Close My Eyes / Letters of Love,tt0113703,8.9,1210444,56.70%,32.80%,9.20%,0.90%,0.30%,日本神户某个飘雪的冬日，渡边博子（中山美穗）在前未婚夫藤井树的两周年祭日上又一次悲痛到不能自已。正因为无法抑制住对已逝恋人的思念，渡边博子在其中学同学录里发现“藤井树” 在小樽市读书时的地址时，依循着寄发了一封本以为是发往天国的情书。 不想不久渡边博子竟然收到署名为“藤井树（酒井美纪）”的回信，经过进一步了解，她知晓此藤井树是一个同她年纪相仿的女孩，且还是男友藤井树（柏原崇）少年时代的同班同学。为了多了解一些昔日恋人在中学时代的情况，渡边博子开始与女性藤井树书信往来。而藤井树在不断的回忆中，渐渐发现少年时代与她同名同姓的那个藤井树曾对自己藏了一腔柔情。
"两杆大烟枪 Lock, Stock and Two Smoking Barrels",https://movie.douban.com/subject/1293350/,盖·里奇,盖·里奇,杰森·弗莱明 / 德克斯特·弗莱彻 / 尼克·莫兰 / 杰森·斯坦森 / 斯蒂文·麦金托什 / 尼古拉斯·罗尔 / 维尼·琼斯 / 蓝尼·麦克林 / P.H.莫里亚蒂 / 弗兰克·哈珀 / 史蒂夫·斯威尼 / 休吉·里弗 / 罗尼·福克斯 / 斯蒂芬·马库斯 / 瓦斯·布莱克伍德 / 斯汀 / 杰克·亚伯拉罕 / 罗伯·布莱顿 / 薇拉·黛 / 阿兰·福德 / 席德·戈尔德 / 丹尼·约翰-儒勒 / 维克多·麦奎尔 / 安德鲁·蒂曼 / 马修·沃恩 / 布拉德·雅各布维茨,剧情 / 喜剧 / 犯罪,英国,英语,1998-08-28(英国),107分钟,够姜四小强(港) / 两根枪管(台) / 两只老烟枪 / 魔高一丈 / 两杆老烟枪,tt0120735,9.1,639131,64.20%,29.20%,5.90%,0.50%,0.20%,艾迪（尼克·莫伦）思维敏捷，是个玩牌高手。在三个好友的支持下，艾迪携巨资参加了黑社会的高额赌局，不想落入圈套，欠下50万的赌债。为了还清赌债，艾迪和朋友们绞尽脑汁，最终算计到一群毒贩身上，并为打劫购买了两杆老式烟枪。 不想这群不安分的毒贩，正惦念着他们毒品供应商的钱，并在同一天实施了打劫。在毒贩们费尽周折，把毒品供应商熨的整整齐齐的钱款拿到手后，艾迪他们幸运的坐享其成。可是他们不知道，这看似简单的抢劫案背后，更有厉害的角色参与其中。他们手里的两杆破烟枪也隐藏着不少故事。 在无知与莽撞中置身漩涡的他们能侥幸脱身么？笑料迭出的偶发事件里，穿插着小人物与大人物的辛酸幽默。
音乐之声 The Sound of Music,https://movie.douban.com/subject/1294408/,罗伯特·怀斯,乔治·胡达勒克 / 霍华德·林赛 / 拉塞尔·克劳斯 / 恩斯特·莱赫曼 / 玛丽亚·冯·特拉普,朱莉·安德鲁斯 / 克里斯托弗·普卢默 / 埃琳诺·帕克 / 理查德·海顿 / 佩吉·伍德 / 查尔敏·卡尔 / 希瑟·孟席斯-尤里克 / 尼古拉斯·哈蒙德 / 杜安·蔡斯 / 安吉拉·卡特怀特 / 黛比·特纳 / 基姆·卡拉思 / 安娜·李 / 波希娅·纳尔逊 / 本·怀特 / 丹尼尔·特鲁希特 / 诺玛·威登 / 吉尔克里斯特·斯图尔特 / 马妮·尼克松 / 埃瓦德妮·贝克 / 多丽丝·劳埃德 / 格特鲁德·阿斯特 / 弗兰克·贝克 / 史蒂夫·卡鲁瑟斯 / 山姆·哈里斯 / 多罗西·吉金斯 / 利奥达·理查德斯 / 杰弗里·塞尔 / 伯纳德·赛尔 / 诺尔曼·斯蒂凡斯 / 伯特史蒂文斯 / 玛丽亚·冯·特拉普,剧情 / 爱情 / 歌舞 / 传记,美国,英语 / 德语,1965-03-02(美国),174分钟,仙乐飘飘处处闻(港) / 真善美(台) / 一个叛逆修女的故事,tt0059742,9.1,646138,62.50%,30.90%,6.10%,0.30%,0.10%,玛利亚（朱丽·安德鲁斯 饰）是一个年轻活泼的修女，喜欢在大自然下高声歌唱，所以她常常忘记了修道院里的规矩。院长认为玛利亚并不属于规矩严格的修道院。院长与众嬷嬷商量后，决定安排玛利亚到一位名叫特拉普（克里斯托弗·普卢默 饰）上校家当家庭教师。 上校的妻子去世多年，留下7个孩子，他要求对孩子严格管教。他告诉玛利亚在他家的家庭教师都做不长久，都是因为孩子的恶作剧。玛利亚果然也遭到了恶作剧，可是这位善良的老师并没有告诉他们的父亲，而是像个母亲一样照顾孩子，很快跟孩子打成一片。上校也渐渐在玛利亚的引导下改变了对孩子们的态度。上校与玛利亚之间发生了感情，他们完婚后回到了已被纳粹占领的奥地利，上校并不想为纳粹办事，一家人准备逃跑……
哈利·波特与死亡圣器(下) Harry Potter and the Deathly Hallows: Part 2,https://movie.douban.com/subject/3011235/,大卫·叶茨,史蒂夫·克洛夫斯 / J·K·罗琳,丹尼尔·雷德克里夫 / 艾玛·沃森 / 鲁伯特·格林特 / 海伦娜·伯翰·卡特 / 拉尔夫·费因斯 / 艾伦·瑞克曼 / 玛吉·史密斯 / 汤姆·费尔顿 / 邦妮·怀特 / 朱丽·沃特斯 / 迈克尔·刚本 / 伊文娜·林奇 / 多姆纳尔·格里森 / 克蕾曼丝·波西 / 詹森·艾萨克 / 海伦·麦克洛瑞 / 马修·刘易斯 / 梁佩诗 / 约翰·赫特 / 大卫·休里斯 / 加里·奥德曼 / 吉姆·布劳德本特 / 艾玛·汤普森 / 娜塔丽·特纳 / 蒂莫西·斯波 / 大卫·布拉德利 / 罗彼·考特拉尼 / 凯莉·麦克唐纳 / 塞伦·希德,奇幻 / 冒险,美国 / 英国,英语,2011-08-04(中国大陆) / 2024-11-29(中国大陆重映) / 2011-07-15(美国),130分钟,哈利波特7：死神的圣物2(港/台) / 哈利·波特与死圣(下) / 哈7(下) / 哈利·波特大结局,tt1201607,9,906455,59.80%,31.30%,8.10%,0.60%,0.20%,当又一次和伏地魔（拉尔夫·费因斯 Ralph Fiennes 饰）的意识连通，哈利·波特（丹尼尔·雷德克里夫 Daniel Radcliffe 饰）断定最后一件魂器藏在霍格沃茨，于是和罗恩（鲁伯特·格林特 Rupert Grint 饰）、赫敏（艾玛·沃森 Emma Watson 饰）一同返回阴云密布的学校。在好友们的帮助下，他们成功驱逐了斯内普（艾伦·瑞克曼 Alan Rickman 饰），然而觉察到哈利目的的伏地魔则率领徒众向霍格沃茨逼近。食死徒、摄魂怪、巨人疯狂涌入这所有着悠久历史的魔法学校，正邪决战旋即爆发，一时间血雨腥风，死伤无数。从斯内普的眼泪中，哈利不仅了解到父辈的故事，也证实了藏缅于他体内最后的秘密。在此之后，他也和伏地魔迎来了最后的对决…… 本片根据英国作家J.K.罗琳的同名原著改编，也是“哈利·波特”系列影片的完结篇。
看不见的客人 Contratiempo,https://movie.douban.com/subject/26580232/,奥里奥尔·保罗,奥里奥尔·保罗,马里奥·卡萨斯 / 阿娜·瓦格纳 / 何塞·科罗纳多 / 巴巴拉·莱涅 / 弗兰塞斯克·奥雷利亚 / 帕科·图斯 / 大卫·塞尔瓦斯 / 伊尼戈·加斯特西 / 圣·耶拉莫斯 / 马内尔·杜维索 / 布兰卡·马丁内斯 / 佩雷·布拉索 / 霍尔迪·布鲁内特 / 鲍比·冈萨雷斯 / 玛蒂娜·乌尔塔多,剧情 / 悬疑 / 惊悚 / 犯罪,西班牙,西班牙语,2017-09-15(中国大陆) / 2016-09-23(奇幻电影节) / 2017-01-06(西班牙),106分钟,死无对证(港) / 布局(台) / The Invisible Guest,tt4857264,8.8,1365810,48.70%,41.60%,9.10%,0.50%,0.10%,艾德里安（马里奥·卡萨斯 Mario Casas 饰）经营着一间科技公司，事业蒸蒸日上，家中有美丽贤惠的妻子和活泼可爱的女儿，事业家庭双丰收的他是旁人羡慕的对象。然而，野心勃勃的艾德里安并未珍惜眼前来之不易的生活，一直以来，他和一位名叫劳拉（芭芭拉·蓝妮 Bárbara Lennie 饰）的女摄影师保持着肉体关系。 某日幽会过后，两人驱车离开别墅，却在路上发生了车祸，为了掩盖事件的真相，两人决定将在车祸中死去的青年丹尼尔联同他的车一起沉入湖底。之后，劳拉遇见了一位善良的老人，老人将劳拉坏掉的车拉回家中修理，然而，令劳拉没有想到的是，这位老人，竟然就是丹尼尔的父亲。
西西里的美丽传说 Malèna,https://movie.douban.com/subject/1292402/,朱塞佩·托纳多雷,朱塞佩·托纳多雷 / 卢恰诺·温琴佐尼,莫妮卡·贝鲁奇 / 朱塞佩·苏尔法罗 / Luciano Federico / 玛蒂尔德·皮亚纳 / Pietro Notarianni / Gaetano Aronica / Gilberto Idonea / Angelo Pellegrino / Gabriella Di Luzio / Pippo Provvidenti / Maria Terranova / Marcello Catalano / 埃丽萨·莫鲁奇 / Domenico Gennaro / Vitalba Andrea / Giuseppe Pattavina / Franco Catalano / Daniele Arena / Giovanni Litrico / Gianluca Guarrera,剧情 / 情色 / 战争,意大利 / 美国,意大利语 / 英语 / 拉丁语 / 古希腊语,2000-10-27(意大利),108分钟,真爱伴我行(台) / 玛莲娜 / 玛琳娜,tt0213847,8.9,1042065,55.40%,36.50%,7.40%,0.50%,0.20%,当我还只是十三岁时，1941年春末的那一天，我初次见到了她那一天，墨索里尼向英法宣战，而我，得到了生命里的第一辆脚踏车。 她，撩著波浪状黑亮的秀发，穿著最时髦的短裙和丝袜，踏著充满情欲诱惑的高跟鞋，来到了西西里岛上宁静的阳光小镇。她的一举一动都引人瞩目、勾人遐想，她的一颦一笑都教男人心醉、女人羡妒。玛莲娜，像个女神一般，征服了这个海滨的天堂乐园。 年仅十三岁的雷纳多也不由自主地掉进了玛莲娜所掀起的漩涡之中，他不仅跟著其他年纪较大的青少年们一起骑著单车，穿梭在小镇的各个角落，搜寻著玛莲娜的诱人丰姿与万种风情，还悄悄地成为她不知情的小跟班，如影随形地跟监、窥视她的生活。她摇曳的倩影、她聆听的音乐、她贴身的衣物都成为这个被荷尔蒙淹没的少年，最真实、最美好的情欲幻想。 然而，透过雷纳多的眼，我们也看到了玛莲娜掉进了越来越黑暗的处境之中，她变成了寡妇，而在镇民们的眼中，她也成了不折不扣的祸水，带来了淫欲、嫉妒与忿怒，而一股夹杂著情欲与激愤的风暴，开始袭卷这个连战争都未曾侵扰的小镇。 玛莲娜一步步地沉沦，与父亲断绝了关系、被送上法院，更失去了所有的财产，这使得向来天真、不经世事的雷纳多，被迫面对这纯朴小镇中，人心的残暴无情，看著已经一无所有的玛莲娜，雷纳多竟鼓起了他所不曾有过的勇气，决定靠著他自己的力量，以一种教人难以料想的方式，来帮助玛莲娜走出生命的泥沼……
阿凡达 Avatar,https://movie.douban.com/subject/1652587/,詹姆斯·卡梅隆,詹姆斯·卡梅隆,萨姆·沃辛顿 / 佐伊·索尔达娜 / 西格妮·韦弗 / 史蒂芬·朗 / 米歇尔·罗德里格兹 / 吉奥瓦尼·瑞比西 / 乔·大卫·摩尔 / 希·庞德 / 韦斯·斯塔迪 / 拉兹·阿隆索 / 迪利普·劳 / 马特·杰拉德 / 肖恩·安东尼·莫兰 / 杰森·怀特 / 斯科特·劳伦斯 / 凯利·基尔戈 / 詹姆斯·皮特 / 肖恩·帕特里克·墨菲 / 彼得·狄龙 / 凯文·多曼 / 凯尔森·亨德森 / 大卫·范·霍恩 / 雅克布·托毛里 / Julene Renee / 卢克·霍克 / 伍迪·舒尔茨 / 彼得·门萨 / 伊拉姆·崔 / 黛布拉·威尔逊 / Chris Mala / 马修·钱伯伦 / 詹姆斯·盖林 / 拉斯科·阿特金斯 / J?rn Benzon / 罗恩·贝特曼 / Robert Catto / 罗德尼·库克 / Nicole Dionne / 安东尼·英格鲁伯 / 蒂姆·卡诺 / 卡米尔·基南 / 迪恩·诺斯利 / Emma Law,动作 / 科幻 / 冒险,美国,英语 / 西班牙语,2010-01-04(中国大陆) / 2021-03-12(中国大陆重映) / 2022-12-12(中国大陆重映) / 2009-12-18(美国),162分钟,,tt0499549,8.8,1501313,54.20%,34.90%,9.90%,0.80%,0.30%,战斗中负伤而下身瘫痪的前海军战士杰克·萨利（萨姆·沃辛顿 Sam Worthington 饰）决定替死去的同胞哥哥来到潘多拉星操纵格蕾丝博士（西格妮·韦弗 Sigourney Weaver 饰）用人类基因与当地纳美部族基因结合创造出的 “阿凡达” 混血生物。杰克的目的是打入纳美部落，外交说服他们自愿离开世代居住的家园，从而SecFor公司可砍伐殆尽该地区的原始森林，开采地下昂贵的“不可得”矿。在探索潘多拉星的过程中，杰克遇到了纳美部落的公主娜蒂瑞（佐伊·索尔达娜 Zoe Saldana 饰），向她学习了纳美人的生存技能与对待自然的态度。与此同时，SecFor公司的经理和军方代表上校迈尔斯（史蒂芬·朗 Stephen Lang 饰）逐渐丧失耐心，决定诉诸武力驱赶纳美人…… 本片采用3D技术拍摄，共耗资5亿美元制作发行，是电影史上最为昂贵的作品。本片荣获第82届奥斯卡最佳摄影、最佳视觉效果、最佳艺术指导等3项大奖。
拯救大兵瑞恩 Saving Private Ryan,https://movie.douban.com/subject/1292849/,史蒂文·斯皮尔伯格,罗伯特·罗达特,汤姆·汉克斯 / 汤姆·塞兹摩尔 / 爱德华·伯恩斯 / 巴里·佩珀 / 亚当·戈德堡 / 范·迪塞尔 / 吉奥瓦尼·瑞比西 / 杰瑞米·戴维斯 / 马特·达蒙 / 特德·丹森 / 保罗·吉亚玛提 / 丹尼斯·法里纳 / 马克斯·马蒂尼 / 丹兰·布鲁诺 / 丹尼尔·切尔奎拉 / 迪米特里·格里特萨斯 / 史蒂夫·格里芬 / 彼得·迈尔斯 / 亚当·肖 / 罗尔夫·萨克森 / 克里·约翰逊 / 洛克兰·艾肯 / 尚恩·约翰逊 / 莱尔德·曼辛托斯 / 安德鲁·斯科特 / 马修·夏普 / 文森特·沃尔什 / 约翰·沙拉恩 / 马丁·哈伯 / 罗非洛·迪格托勒 / 恩里奇·雷德曼 / 米歇尔·埃文斯 / 内森·菲利安 / 利兰·奥瑟 / 大卫·维格 / 瑞恩·赫斯特 / 哈威·普雷斯内尔 / 代尔·戴 / 布莱恩·克兰斯顿 / 大卫·沃尔 / 埃里克·罗兰 / 哈里逊·杨 / 凯思琳·拜荣 / 约翰·德·兰西 / 詹姆斯·恩布里 / 德里克·李 / 若昂·科斯塔·梅内塞斯 / 马克·施泰因迈尔,剧情 / 战争,美国,英语 / 法语 / 德语 / 捷克语,1998-11-13(中国大陆) / 1998-07-24(美国),169分钟,雷霆救兵(港) / 抢救雷恩大兵(台) / 拯救大兵雷恩,tt0120815,9.1,688986,60.40%,32.80%,6.20%,0.40%,0.20%,瑞恩（马特?达蒙 Matt Damon饰 ）是二战期间的美国伞兵，被困在了敌人后方。更不幸的是，他的三个兄弟全部在战争中死亡，如果他也遇难，家中的老母亲将无依无靠。 美国作战总指挥部知道了这个情况，毅然决定组织一个小分队前往救援，其中包括米勒上尉（汤姆?汉克斯 Tom Hanks 饰 ）和翻译厄本（杰里米.戴维斯 Jererry Davies饰）。然而，敌方危险重重，他们一路上随时与死亡打交道。他们非常怀疑，到底值不值得冒着八个人的生命危险，去搭救一个人。 大家一路辗转寻找瑞恩，对于这次搭救行动，有人不满，有人热忱，有人好奇。大家一次次闻到死神的气息，瑞恩的获救付出了沉重的代价。
功夫,https://movie.douban.com/subject/1291543/,周星驰,曾瑾昌 / 陈文强 / 周星驰 / 霍昕,周星驰 / 元秋 / 元华 / 黄圣依 / 梁小龙 / 陈国坤 / 田启文 / 林子聪 / 林雪 / 冯克安 / 释彦能 / 冯小刚 / 袁祥仁 / 张一白 / 赵志凌 / 董志华 / 何文辉 / 陈凯师 / 贾康熙 / 林子善 / 任珈锐 / 王仕颖,喜剧 / 动作 / 犯罪 / 奇幻,中国大陆 / 中国香港,粤语 / 汉语普通话 / 手语,2004-12-23(中国大陆/中国香港) / 2015-01-15(中国大陆3D) / 2004-09-14(多伦多电影节),100分钟(3D重映),功夫3D / Kung Fu Hustle,tt0373074,8.9,1240978,54.90%,34.00%,10.10%,0.80%,0.20%,1940年代的上海，自小受尽欺辱的街头混混阿星（周星驰）为了能出人头地，可谓窥见机会的缝隙就往里钻，今次他盯上行动日益猖獗的黑道势力“斧头帮”，想借之大名成就大业。 阿星假冒“斧头帮”成员试图在一个叫“猪笼城寨”的地方对居民敲诈，不想引来真的“斧头帮”与“猪笼城寨”居民的恩怨。“猪笼城寨”原是藏龙卧虎之处，居民中有许多身怀绝技者（元华、梁小龙等），他们隐藏于此本是为远离江湖恩怨，不想麻烦自动上身，躲都躲不及。而在观战正邪两派的斗争中，阿星逐渐领悟功夫的真谛。
哈利·波特与阿兹卡班的囚徒 Harry Potter and the Prisoner of Azkaban,https://movie.douban.com/subject/1291544/,阿方索·卡隆,史蒂夫·克洛夫斯 / J·K·罗琳,丹尼尔·雷德克里夫 / 艾玛·沃森 / 鲁伯特·格林特 / 加里·奥德曼 / 朱丽·沃特斯 / 邦妮·怀特 / 大卫·休里斯 / 迈克尔·刚本 / 艾伦·瑞克曼 / 玛吉·史密斯 / 汤姆·费尔顿 / 艾玛·汤普森 / 朱莉·克里斯蒂 / 蒂莫西·斯波,奇幻 / 冒险,英国 / 美国,英语,2004-09-10(中国大陆) / 2024-10-25(中国大陆重映) / 2004-05-31(英国),141分钟,哈利波特3：阿兹卡班的逃犯(港/台) / 哈利·波特与阿兹卡班的逃犯 / 哈3,tt0304141,9,823832,57.80%,34.00%,7.80%,0.40%,0.10%,哈利（丹尼尔·雷德克里夫）即将在霍格沃兹渡过第三个年头，此时在阿兹塔班却传出恶棍小天狼星（加里·奥德曼）越狱的消息。据说小天狼星正是背叛哈利父母的好友，他的教父，而这次小天狼星越狱似乎正是为了找他。哈利的心里悄悄的滋生了为父母报仇的想法，期待着小天狼星的出现。 新来的魔法老师卢平（大卫·休里斯）有着桀骜不驯的个性，与哈利关系很好，教了哈利许多实用的黑魔法防御知识。而此时在他的魔法地图上却出现了一个神秘人物，虫尾巴。偶然的机会下，在尖叫棚屋里集齐了哈利父亲当年的所有好友，卢平、虫尾巴、小天狼星，哈利的魔杖直指向小天狼星，但他发现那罪犯看他的眼神里充满了疼爱……
小鞋子 ??? ??? ?????,https://movie.douban.com/subject/1303021/,马基德·马基迪,马基德·马基迪,默罕默德·阿米尔·纳吉 / 法拉赫阿米尔·哈什米安 / 巴哈丽·西迪奇 / 纳菲丝·贾法-穆罕默迪 / 费雷什特·萨拉班迪 / Dariush Mokhtari / 克里斯托弗·马利基,剧情 / 家庭 / 儿童,伊朗,波斯语,1997-02-01(曙光旬国际电影节) / 1999-01-22(美国),89分钟,天堂的孩子 / 小童鞋 / Children of Heaven / Bacheha-Ye aseman / ?????? ?????,tt0118849,9.2,439572,67.00%,28.40%,4.20%,0.20%,0.10%,家境贫寒的男孩Ali（Amir Farrokh Hashemian）帮妹妹Zahra（Bahare Seddiqi）取修补好的鞋子时，不慎将鞋子弄丢，为了不被父（Mohammad Amir Naji）、母（Fereshte Sarabandi ）责罚，他央求Zahra暂时保密，说两人可以替换着穿他的鞋子上学，并答应一定会帮她买双新鞋子。 Ali原本指望用他和父亲进城打工挣的钱帮Zahra买双新鞋，父亲的意外受伤打消了他的美梦。看到全市长跑比赛季军的奖品是一双运动鞋时，Ali决定参加比赛，但是他错过了报名日期。几经哀求，老师（Dariush Mokhtari ）破例让实力出众的Ali参加了比赛。比赛场上，Ali不断提醒自己，一定要得第三名！
飞越疯人院 One Flew Over the Cuckoo's Nest,https://movie.douban.com/subject/1292224/,米洛斯·福尔曼,劳伦斯·奥邦 / 博·古德曼 / 肯·凯西 / 达尔·瓦瑟曼,杰克·尼科尔森 / 丹尼·德维托 / 克里斯托弗·洛伊德 / 路易丝·弗莱彻 / 威尔·萨姆森 / 特德·马克兰德 / 布拉德·道里夫 / 斯加特曼·克罗索斯 / 迈克尔·贝里曼 / 彼得·布罗科 / 穆瓦科·卡姆布卡 / 威廉·达尔 / 乔西普·艾利克 / 西德尼·拉斯克 / 凯·李 / 德怀特·马费尔德 / 路易莎·莫里茨 / 威廉·雷德菲尔德 / 菲利普·罗斯 / 米米·萨奇席恩 / 文森特·斯卡维利 / 米斯·斯马尔 / 德罗斯·V·史密斯,剧情,美国,英语,1975-11-19(美国),133分钟,飞越杜鹃窝(台) / 飞越喜鹊巢,tt0073486,9.1,578552,63.50%,29.70%,6.00%,0.50%,0.20%,麦克墨菲（杰克·尼科尔森 Jack Nicholson 饰）为了逃避监狱里的强制劳动，装作精神异常，被送进了精神病院，他的到来，给死气沉沉的精神病院带来了剧烈的冲击。 麦克要求看棒球比赛的电视转播，挑战了医院严格的管理制度，受到护士长拉契特（路易丝·弗莱彻 Louise Fletcher 饰）的百般阻挠；麦克带领病人出海捕鱼，振奋了他们的精神，却让院方头痛不已。院方为了惩处麦克胆大妄为、屡犯院规，决定将他永远留在疯人院。生性自由的麦克再也无法忍受疯人院的生活，他联合病友，高大的印第安人“酋长”，开始自己的计划：飞越疯人院。 本片获1975年第48届奥斯卡最佳影片，最佳男、女主角，最佳导演和最佳改编剧本五项大奖。主人公“不自由，毋宁死”的精神在当今社会仍有很大的现实意义。
沉默的羔羊 The Silence of the Lambs,https://movie.douban.com/subject/1293544/,乔纳森·戴米,托马斯·哈里斯 / 泰德·塔里,朱迪·福斯特 / 安东尼·霍普金斯 / 斯科特·格伦 / 安东尼·希尔德 / 布鲁克·史密斯 / 卡斯·莱蒙斯 / 弗兰基·费森 / 泰德·拉文 / 崔西·沃特 / 丹·巴特勒 / 达拉,剧情 / 惊悚 / 犯罪,美国,英语,1991-02-14(美国),118分钟,,tt0102926,8.9,959729,54.70%,37.20%,7.50%,0.40%,0.10%,联调局学院学员 Clarice M. Starling（乔迪·福斯特 饰）受行为科学组的 Jack Crawford（斯科特·格伦 饰）指派，前往州立巴尔的摩法医院访问被监禁的精神科医生 Hannibal Lecter（安东尼·霍普金斯 饰）。Lecter要求转到条件较 好的联邦机构，远离常常折磨他的 Frederick Chilton 医生（安东尼·希尔德 饰），并愿意为此提供持续作案的连环杀手水牛比尔（泰德·莱文 饰）的心理分析……
布达佩斯大饭店 The Grand Budapest Hotel,https://movie.douban.com/subject/11525673/,韦斯·安德森,韦斯·安德森 / 雨果·吉尼斯 / 斯蒂芬·茨威格,拉尔夫·费因斯 / 托尼·雷沃罗利 / 阿德里安·布罗迪 / 威廉·达福 / 裘德·洛 / 爱德华·诺顿 / 西尔莎·罗南 / 蒂尔达·斯文顿 / 比尔·默瑞 / 蕾雅·赛杜 / 欧文·威尔逊 / 詹森·舒瓦兹曼 / 马修·阿马立克 / F·默里·亚伯拉罕 / 汤姆·威尔金森 / 杰夫·高布伦 / 哈威·凯特尔,剧情 / 喜剧 / 冒险,美国 / 德国 / 英国,英语 / 法语 / 德语,2014-02-06(柏林电影节) / 2014-03-28(美国),99分钟,布达佩斯大酒店(港) / 欢迎来到布达佩斯大饭店(台),tt2278388,8.9,1019622,55.20%,35.90%,8.10%,0.70%,0.20%,故事要从一位无名作家（裘德·洛 Jude Law 饰）说起，为了专心创作，他来到了名为“布达佩斯”的饭店，在这里，作家遇见了饭店的主人穆斯塔法（F·莫里·亚伯拉罕 F. Murray Abraham 饰），穆斯塔法邀请作家共进晚餐，席间，他向作家讲述了这座饱经风雨的大饭店的前世今生。 饭店曾经的主人名叫古斯塔沃（拉尔夫·费因斯 Ralph Fiennes 饰），而年轻的穆斯塔法（托尼·雷沃罗利 Tony Revolori 饰）在当时不过是追随着他的一介小小门童。古斯塔沃为人正直，精明能干，在他的经营和组织之下，布达佩斯大饭店成为了当时首屈一指的度假胜地。古斯塔沃和年迈的D夫人（蒂尔达·斯文顿 Tilda Swinton 饰）情投意合，D夫人去世后，在遗嘱中将一副价值连城的名画留给了古斯塔沃，这一举动惹恼了她的儿子迪米特里（阿德里安·布洛迪 Adrien Brody 饰），布达佩斯大饭店和古斯塔沃的厄运就此拉开了帷幕。
蝴蝶效应 The Butterfly Effect,https://movie.douban.com/subject/1292343/,埃里克·布雷斯,J·麦基·格鲁伯 / 埃里克·布雷斯,阿什顿·库彻 / 梅洛拉·沃尔特斯 / 艾米·斯马特 / 埃尔登·汉森 / 威廉姆·李·斯科特 / 约翰·帕特里克·阿梅多利 / 艾琳·戈洛瓦娅 / 凯文·G·施密特 / 杰西·詹姆斯 / 罗根·勒曼 / 莎拉·威多斯 / 杰克·凯斯 / 卡梅隆·布莱特 / 埃里克·斯托尔兹 / 考乐姆·吉斯·雷尼 / 凯文·杜兰,剧情 / 科幻 / 悬疑 / 惊悚,美国 / 加拿大,英语,2004-01-23(美国),113分钟,,tt0289879,8.9,1007243,53.90%,37.40%,8.00%,0.60%,0.20%,伊万（艾什顿·库奇 Ashton Kutcher 饰）曾经有一个糟糕的童年，因为他行为闯下了大祸，令他童年充满不堪回忆的往事。而事实上，他确实只是依稀记得一点可怕的情景，这些情景一直纠缠着他的正常生活。伊万接受心理学家建议，把琐碎生活记在记事本里，却偶然发现通过记事本回到过去。 这时他才清楚记起，童年时候的自己做了那么多的错事。他幻想着用现在的意识，潜入童年的身体，去弥补种种过失给人们带来的伤害，尤其是希望与当年暗恋的凯西最终走回一起。然而他一次次的跨越时空的更改，只能越来越招致现实世界的不可救药。一切就像蝴蝶效应般，牵一发而动全身。
禁闭岛 Shutter Island,https://movie.douban.com/subject/2334904/,马丁·斯科塞斯,莱塔·卡罗格里迪斯 / 丹尼斯·勒翰,莱昂纳多·迪卡普里奥 / 马克·鲁弗洛 / 本·金斯利 / 马克斯·冯·叙多夫 / 米歇尔·威廉姆斯 / 艾米莉·莫迪默 / 派翠西娅·克拉克森 / 杰基·厄尔·哈利 / 泰德·拉文 / 约翰·卡洛·林奇 / 伊莱亚斯·科泰斯 / 罗宾·巴特利特 / 克里斯托弗·邓汉 / 约瑟夫·斯科拉,剧情 / 悬疑 / 惊悚,美国,英语 / 德语,2010-02-13(柏林电影节) / 2010-02-19(美国),138分钟,不赦岛(港) / 隔离岛(台) / 孤岛疑云 / 荒岛追凶 / 孤岛恐慌 / 关门岛 / 孤岛 / 艾什克里夫,tt1130884,8.9,1051770,52.60%,39.10%,7.70%,0.50%,0.10%,本片根据美国小说家丹尼斯·勒翰（Dennis Lehane）的同名小说改编。 1954年，联邦警官泰迪（莱昂纳多·迪卡普里奥 Leonardo DiCaprio 饰）和搭档查克（马克·鲁弗洛 Mark Ruffalo 饰）乘船来到波士顿附近的禁闭岛精神病犯监狱调查一桩离奇失踪案。手刃亲生骨肉的女犯蕾切尔（艾米莉·莫迪默 Emily Mortimer 饰）从戒备森严的牢室神秘逃脱，藏匿于孤岛深处。泰迪怀疑监狱的主治精神病医师约翰·考利（本·金斯利 Ben Kingsley 饰）有意隐瞒内情，并向查克透露他上岛的真实目的其实是寻找当年纵火烧死他妻子德洛丽丝（米歇尔·威廉姆斯 Michelle Williams 饰）的管理员，并揭露美国政府利用精神病犯人进行人体科学实验的罪行。但随着调查的逐渐深入，真相却变得越来越扑朔迷离……
致命魔术 The Prestige,https://movie.douban.com/subject/1780330/,克里斯托弗·诺兰,乔纳森·诺兰 / 克里斯托弗·诺兰 / 克里斯多夫·普利斯特,休·杰克曼 / 克里斯蒂安·贝尔 / 迈克尔·凯恩 / 丽贝卡·豪尔 / 斯嘉丽·约翰逊 / 大卫·鲍伊 / 安迪·瑟金斯 / 派珀·佩拉博 / 萨曼塔·马霍林 / 丹尼尔·戴维斯 / 吉姆·皮多克 / 克里斯托弗·尼姆 / 马克·瑞安 / 罗杰·里斯 / 杰米·哈里斯 / 罗恩·帕金斯 / 瑞奇·杰 / 安东尼·德·马克 / 冀朝理,剧情 / 悬疑 / 惊悚,英国 / 美国,英语,2006-10-17(罗马电影节) / 2006-10-20(美国),130分钟,死亡魔法(港) / 顶尖对决(台) / 魔高一丈 / 魔道争锋,tt0482571,8.9,918251,54.50%,36.90%,7.90%,0.60%,0.20%,19世纪末，人们对科学文明还不是认识得太过清楚，于是，安吉尔（休?杰克曼Hugh Jackman饰）和伯登（克里斯蒂安?贝尔Christian Bale饰）的魔术，成为了伦敦城内的神奇人物。安吉尔出身贵族，魔术手段华丽丰富，是富人圈子里的表演常客。而伯登即使出身平平，争强好胜的心智和充满创造力的魔术技巧，却也令他有了名气。两人自小本是要好的伙伴，然而，现在魔术界二人各有领地，并且都有野心想成为音乐大厅里的顶级魔术师，一番明争暗斗如箭在弦上。 伯登掌握了精彩的分身术，叫座又叫好。而安吉尔见情势不妙，搬来科学家助阵——他发明的交流电有无穷魔力，保证让观众目瞪口呆。二人出招接招，一来一往，争斗在剧烈升级，友谊和道德都被抛诸脑后，一场血案在悄悄酝酿。
心灵捕手 Good Will Hunting,https://movie.douban.com/subject/1292656/,格斯·范·桑特,本·阿弗莱克 / 马特·达蒙,马特·达蒙 / 罗宾·威廉姆斯 / 本·阿弗莱克 / 斯特兰·斯卡斯加德 / 明妮·德里弗 / 卡西·阿弗莱克 / 科尔·豪瑟 / 约翰·迈顿 / 丹·华盛顿 / 艾莉森·福兰德 / 维克·萨海 / 史蒂文·科兹洛夫斯基 / 斯科特·威廉姆·文特斯 / 吉米·弗林 / 乔治·普林普顿 / 弗朗切斯科·克莱门特,剧情,美国,英语,1997-12-05(美国),126分钟,骄阳似我(港),tt0119217,9,774018,56.30%,35.80%,7.20%,0.50%,0.10%,麻省理工学院的数学教授蓝波在席上公布了一道困难的数学题，却被年轻的清洁工威尔（马特·戴蒙 饰）解了出来。可是威尔却是个问题少年，成天和好朋友查克（本·阿弗莱特 饰）等人四处闲逛，打架滋事。当蓝波找到这个天才的时候，他正因为打架袭警被法庭宣判送进看守所。蓝波向法官求情保释，才使他免于牢狱之灾。 蓝波为了让威尔找到自己的人生目标，不浪费他的数学天赋，请了很多心理学专家为威尔做辅导，但是威尔十分抗拒，专家们都束手无策。无计可施之下，蓝波求助于他大学的好友，心理学教授尚恩（罗宾·威廉姆斯 饰），希望能够帮助威尔打开心房。 经过蓝波和尚恩的不懈努力，威尔渐渐敞开心胸，而好友查克的一席话，更是让他豁然开朗。
超脱 Detachment,https://movie.douban.com/subject/5322596/,托尼·凯耶,卡尔·隆德,阿德里安·布罗迪 / 马西娅·盖伊·哈登 / 詹姆斯·肯恩 / 克里斯蒂娜·亨德里克斯 / 刘玉玲 / 布莱思·丹纳 / 蒂姆·布雷克·尼尔森 / 威廉·彼德森 / 布莱恩·克兰斯顿 / 萨米·盖尔 / 路易斯·佐里奇 / 小伊塞亚·维特洛克 / 大卫·豪森 / 约翰·塞纳迭姆博 / 西莉亚·奥 / 罗南·鲁宾斯坦 / 阿尔·卡尔德隆 / 布雷南·布朗 / 里根·利奥纳德 / 詹姆斯·霍西 / 乔什·帕斯 / 瑞内·菲利斯·史密斯 / 道格·伊·道格 / 帕特里夏·雷 / 萨曼萨·罗根 / 拉尔夫·罗德里格斯,剧情,美国,英语,2011-04-25(翠贝卡电影节),98分钟,人间师格(台),tt1683526,9,671136,59.40%,32.40%,7.30%,0.70%,0.20%,亨利?巴赫特（艾德里安?布洛迪 Adrien Brody 饰）来到社区学校担任代课老师。学校因学生反叛、经营不善而濒临绝境，多丽丝（刘玉玲 饰）为首的一批教师备受煎熬。亨利的第一堂课就遭遇了顽劣学生的挑衅，但是被他巧妙地化解。他赢得了女教师萨沙（克里斯蒂娜?亨德里克斯 Christina Hendricks）的好感。同时，他的教学方式引起了同学们的兴趣，其中就包括因肥胖而苦闷的梅丽迪斯。她一直默默地承受着因体重带来的各种责骂与嘲笑。但是因为老师，她似乎又找到了一切的理由…… 但是，亨利其实内心也有很大的压力，他的爷爷处于弥留之际，他的母亲自杀阴影始终在脑海中萦绕。某天夜里，他在公车上黯然神伤，独自流泪。这情形被一个刚受到嫖客凌辱的雏妓艾瑞卡（萨米?盖尔 Sami Gayle 饰）看到了。她尾随他，希望获得他的帮助。他起初拒绝了她的要求，后来他还是把她带回了单身公寓……
低俗小说 Pulp Fiction,https://movie.douban.com/subject/1291832/,昆汀·塔伦蒂诺,昆汀·塔伦蒂诺 / 罗杰·阿夫瑞,约翰·特拉沃尔塔 / 乌玛·瑟曼 / 阿曼达·普拉莫 / 蒂姆·罗斯 / 塞缪尔·杰克逊 / 菲尔·拉马 / 布鲁斯·威利斯 / 弗兰克·威利 / 布尔·斯蒂尔斯 / 文·瑞姆斯 / 劳拉·拉芙蕾丝 / 保罗·考尔德伦 / 布罗娜·加拉赫 / 罗姗娜·阿奎特 / 埃里克·斯托尔兹 / 玛丽亚·德·梅黛洛,剧情 / 喜剧 / 犯罪,美国,英语 / 西班牙语 / 法语,1994-05-12(戛纳电影节) / 1994-10-14(美国),154分钟,危险人物(港) / 黑色追缉令(台) / 黑色追击令 / 低级趣味小说,tt0110912,8.9,902557,55.60%,34.60%,8.70%,0.80%,0.30%,《低俗小说》由“文森特和马沙的妻子”、“金表”、“邦妮的处境”三个故事以及影片首尾的序幕和尾声五个部分组成。看似独立的小故事里面，却又有环环相扣的人和事。 盗贼“小南瓜”和“小兔子”在早餐店里打劫，却遇上了天大的麻烦——黑社会成员朱尔斯（塞缪尔?杰克逊Samuel L. Jackson饰）和文森特（约翰?特拉沃尔塔John Travolta饰）在店内用餐，可谓天外有天。二人是否会放过两名小盗贼？ 而文森特是黑社会大哥马沙?华莱士（文?瑞姆斯Ving Rhames饰）的手下，马沙下命令让他陪妻子一个晚上，明知如有雷池必死无疑，但面对马沙妻子美艳诱惑，文森特该怎么办。 文森特的故事还没完，拳击手布奇（布鲁斯?威利斯Bruce Willis饰）的出现将令他的人生从此改变。布奇有一块祖传金表，就是因为这块金表，他和马沙分享了一个耻辱的秘密。 故事环状结构，回到开端。朱尔斯在小盗贼面前诵读圣经，表示对杀人的厌倦和感悟。什么事件令他如此转变？“邦妮的处境”中就有答案。
摩登时代 Modern Times,https://movie.douban.com/subject/1294371/,查理·卓别林,查理·卓别林,查理·卓别林 / 宝莲·高黛 / 亨利·伯格曼 / 蒂尼·桑福德 / 切斯特·康克林 / 汉克·曼 / 斯坦利·布莱斯通 / 阿尔·欧内斯特·加西亚 / 理查德·亚历山大 / 塞西尔·雷诺兹 / 米拉·麦金尼 / 默多克·麦夸里 / 威尔弗雷德·卢卡斯 / 爱德华·勒桑 / 弗雷德·马拉泰斯塔 / 萨米·斯坦 / 特德·奥利弗 / 诺曼·安斯利 / 博比·巴伯 / 海尼·康克林 / 格洛丽亚·德黑文 / 帕特·弗莱厄蒂 / 弗兰克·哈格尼 / 帕特·哈蒙 / 劳埃德·英格拉哈姆 / 沃尔特·詹姆斯 / 爱德华·金博尔 / 杰克·洛 / 巴迪·梅辛杰 / 布鲁斯·米切尔 / 弗兰克·莫兰 / 詹姆斯·C·莫顿 / 路易·纳托 / J·C·纽金特 / 拉斯·鲍威尔 / 约翰兰德 / 哈里·威尔逊,剧情 / 喜剧 / 爱情,美国,英语,1936-02-25(美国),87分钟,The Masses / Les Temps modernes,tt0027977,9.3,325889,71.10%,24.80%,3.70%,0.20%,0.10%,二十年代的美国处于经济萧条时期，失业率居高不下，工人受尽压榨，成为了大机器生产中的一颗螺丝钉。查理（查理·卓别林 Charles Chaplin 饰）就是一个底层市民，他在一个机器隆隆的厂房里日以继夜地工作，以赚取微薄的收入。重复繁重的工作压得他喘不过气，他把人们的鼻子当成螺丝钉来拧，卷入流水线机器的皮带里，令人苦笑不得。 查理尽管贫穷，但却很善良。他在路上搭救了流浪女，和她一起生活，家里破烂却又温馨。每次身无分文的查理为了找到吃的，都会故意犯事，以便进入监牢。光景一时间有了好转，流浪女成了歌舞红星，然而好景太短暂了。
喜剧之王 喜劇之王,https://movie.douban.com/subject/1302425/,周星驰,曾瑾昌 / 周星驰 / 李敏 / 郑文辉 / 冯勉恒 / 梁嘉杰,周星驰 / 张柏芝 / 莫文蔚 / 吴孟达 / 林子善 / 田启文 / 李兆基 / 成龙 / 李思捷 / 郑文辉,剧情 / 喜剧 / 爱情,中国香港,粤语,1999-02-13(中国香港),89分钟,King of Comedy,tt0188766,8.8,1033728,52.10%,38.10%,9.10%,0.60%,0.10%,尹天仇（周星驰 饰）一直醉心戏剧，想成为一名演员，平时除了做跑龙套以外，还会在街坊福利会里开设演员训练班。此时舞小姐柳飘飘在妈妈桑的带领下来到这里要求学做戏，原来柳飘飘有一段非常不愉快的经历，在尹天仇对她指导的过程中，柳飘飘对尹天仇渐生情愫，同时她也成为了夜总会里当红的小姐。尹天仇受到了极多白眼之后，终于得到了大明星鹃姐（莫文蔚 饰）的赏识，提携他担演新戏中的男主角，但没想到突然把他的角色换掉了，令他失望不已。在片场当场务的卧底警员（吴孟达 饰）身份被识穿，尹天仇阴差阳错的帮忙破了案。之后尹天仇继续活跃在街坊福利会的演员训练班里。
春光乍泄 春光乍洩,https://movie.douban.com/subject/1292679/,王家卫,王家卫,张国荣 / 梁朝伟 / 张震 / 格利高里·戴顿,剧情 / 爱情 / 同性,中国香港 / 日本 / 韩国,粤语 / 汉语普通话 / 西班牙语,1997-05-30(中国香港) / 1997-05-17(戛纳电影节),96分钟,一起快乐 / Happy Together / Buenos Aires Affair,tt0118845,9,674981,58.10%,33.50%,7.60%,0.60%,0.30%,黎耀辉（梁朝伟）与何宝荣（张国荣）是一对同性恋人，为了有新的开始，他们怀着美丽的梦想（去看南美洲大瀑布）离开香港来到阿根廷，却在布宜诺斯艾利斯迷了路。黎耀辉想安下心来过日子，无奈何宝荣于夜夜笙歌中放纵着自己的生命，以期找寻更多的刺激，只当黎耀辉是他受伤后的港湾，两人分歧 、争吵越来越多，心的距离越来越远。 黎耀辉明白过去的日子不可能再复返时，决定离开何宝荣，而正是在他离开后，绝望的意味（对黎耀辉的爱）才在何宝荣的脑海中完整地浮现。
哈利·波特与密室 Harry Potter and the Chamber of Secrets,https://movie.douban.com/subject/1296996/,克里斯·哥伦布,史蒂夫·克洛夫斯 / J·K·罗琳,丹尼尔·雷德克里夫 / 艾玛·沃森 / 鲁伯特·格林特 / 汤姆·费尔顿 / 理查德·格雷弗斯 / 费奥纳·肖 / 托比·琼斯 / 朱丽·沃特斯 / 邦妮·怀特 / 詹森·艾萨克 / 肯尼思·布拉纳 / 艾伦·瑞克曼 / 理查德·哈里斯 / 玛吉·史密斯 / 约翰·克里斯 / 肖恩·比格斯代夫 / 克里斯·兰金 / 克里斯蒂安·库尔森,奇幻 / 冒险,英国 / 美国,英语,2003-01-24(中国大陆) / 2024-10-18(中国大陆重映) / 2002-11-15(英国/美国),161分钟,哈利波特2：消失的密室(港/台) / 哈2,tt0295297,8.9,849521,54.00%,36.90%,8.60%,0.40%,0.10%,哈利波特（丹尼尔?雷德克里夫 Daniel Radcliffe 饰）结束了假期，即将回到霍格沃兹继续学习魔法。一个叫多比的家养小精灵警告哈利不要回到霍格沃兹，否则会陷入极大的危险。哈利没有听从多比的劝告，回到了霍格沃兹。很快，霍格沃兹发生了一连窜怪事:接二连三出现学生被石化，一直找不出原因。而哈利总能听到一种奇怪的声音，从墙壁里传出来。 传说，霍格沃兹有一个密室，里面记录着伏地魔年轻时的秘密，只有斯莱特林的人才能打开密室。哈利偶然发现自己能听懂蛇说话，一时传闻是哈利打开了密室。难道多比所指的危险就隐藏在密室？
海豚湾 The Cove,https://movie.douban.com/subject/3442220/,路易·西霍尤斯,马克·蒙雷,路易·西霍尤斯 / 瑞克·欧贝瑞 / 哈迪·琼斯 / 保罗·沃森 / 森下丈二 / 罗杰·S·佩恩 / 迈克尔·伊利夫 / 伊恩·坎贝尔 / 道格·德马斯特 / 戴夫·拉斯托维奇 / 查尔斯·汉柏顿 / 桜井速人 / 曼迪-蕾·克鲁克香克 / 柯克·克雷克 / 约翰·波特 / 汉娜·墨尔买德 / 杰夫·潘图克霍夫 / 伊莎贝尔·卢卡斯 / 海顿·潘妮蒂尔,纪录片,美国,英语 / 日语,2009-07-31(美国),92分钟,血色海湾(台) / 海湾 / 海湾屠场 / 海湾峡谷 / The Rising,tt1313104,9.3,371591,71.50%,22.70%,4.80%,0.60%,0.40%,日本和歌山县太地，是一个景色优美的小渔村，然而这里却常年上演着惨无人道的一幕。每年，数以万计的海豚经过这片海域，他们的旅程却在太地戛然而止。渔民们将海豚驱赶到靠近岸边的一个地方，来自世界各地的海豚训练师挑选合适的对象，剩下的大批海豚则被渔民毫无理由地赶尽杀绝。这些屠杀，这些罪行，因为种种利益而被政府和相关组织所隐瞒。 理查德?贝瑞（Richard O’Barry）年轻时曾是一名海豚训练师，他所参与拍摄电影《海豚的故事》备受欢迎。但是，一头海豚的死让理查德的心灵受到强烈的震撼。从此，他致力于拯救海豚的活动。不顾当地政府和村民百般阻挠，他和他的摄影团队想方设法潜入太地的海豚屠杀场，只为将罪行公之于众，拯救人类可爱的朋友…… 本片荣获2010年第82届奥斯卡金像奖最佳纪录长片奖。
致命ID Identity,https://movie.douban.com/subject/1297192/,詹姆斯·曼高德,迈克尔·库尼,约翰·库萨克 / 雷·利奥塔 / 阿曼达·皮特 / 约翰·浩克斯 / 阿尔弗雷德·莫里纳 / 克里·杜瓦尔 / 约翰·C·麦金雷 / 威廉姆·李·斯科特 / 杰克·布塞 / 普路特·泰勒·文斯 / 瑞贝卡·德·莫妮 / 卡门·阿尔根齐亚诺 / 马绍尔·贝尔 / 莱拉·肯泽尔 / 马特·莱斯切尔 / 布莱特·罗尔 / 霍尔姆斯·奥斯本 / 弗雷德里克·科芬 / 乔·哈特 / 迈克尔·赫希 / 泰伦斯·伯尼·海恩斯,剧情 / 悬疑 / 惊悚,美国,英语,2003-04-25(美国),90分钟,杀人游戏 / 致命身份,tt0309698,8.9,892254,52.90%,38.60%,7.80%,0.60%,0.20%,一个典型而又引人入胜的悬疑故事：一个汽车旅馆里，住进了10个人，他们中间有司机、妓女、过气女星、夫妇、警探和他的犯人，还有神秘的旅馆经理。这天风雨大作，通讯中断，10人被困在了旅馆里，惊悚的故事开始了。 他们一个接一个的死去，并且按照顺序留下牌号。10个人存活下来的渐渐变少，他们开始恐慌，互相猜忌，却无意间发现了彼此间的联系。但是，大家怀疑的嫌疑人却纷纷死去，谜团笼罩在旅馆狭小的空间里，这样的凶杀案件却有着人们猜不到的真相……
杀人回忆 ??? ??,https://movie.douban.com/subject/1300299/,奉俊昊,奉俊昊 / 沈成宝 / 金光林,宋康昊 / 金相庆 / 金雷夏 / 宋在浩 / 边希峰 / 高瑞熙 / 柳泰浩 / 朴努植 / 朴海日 / 全美善 / 徐永嬅 / 崔钟律 / 刘承睦 / 申贤宗 / 李在应 / 郑仁仙 / 吴龙 / 朴真宇 / 朴泰京 / 沈成宝,剧情 / 动作 / 悬疑 / 惊悚 / 犯罪,韩国,韩语 / 英语,2003-05-02(韩国),132分钟,谋杀回忆 / 杀手回忆录 / Salinui chueok / Memories of Murder,tt0353969,8.9,781960,54.70%,37.10%,7.40%,0.60%,0.20%,1986年，韩国京畿道华城郡，热得发昏的夏天，在田野边发现一具女尸，早已发臭。小镇警察朴探员（宋康昊饰）和汉城来的苏探员（金相庆饰）接手案件，唯一可证实的是这具女尸生前被强奸过。线索的严重缺乏让毫无经验的朴探员和搭档曹探员（金罗河饰）只凭粗暴逼供和第六感推断，几次将犯罪 嫌疑人屈打成招。而苏探员客观冷静，据理分析，几次排除嫌疑，警察内部为了证明与推翻矛盾不断，然而无辜女子还是接二连三被残忍杀害，他们只好达成共识一起合作。此时，一个极其符合作案特征的小青年（朴海日饰）成为最大嫌疑人，警方神经绷紧地锁定住他，同时DNA检测报告也被送往美国，然而案件并未在此处停止。
美国往事 Once Upon a Time in America,https://movie.douban.com/subject/1292262/,赛尔乔·莱昂内,皮耶罗·德·贝纳迪 / 莱奥纳多·本韦努蒂 / 弗兰科·奥卡利 / 恩里科·梅迪欧力 / 弗兰科·费里尼 / 赛尔乔·莱昂内,罗伯特·德尼罗 / 詹姆斯·伍兹 / 伊丽莎白·麦戈文 / 乔·佩西 / 伯特·杨 / 塔斯黛·韦尔德 / 特里特·威廉斯 / 丹尼·爱罗 / 理查德·布赖特 / 詹姆斯·海登 / 威廉·弗西斯 / 达兰妮·弗鲁格 / 拉里·拉普 / 理查德·弗让吉 / 罗伯特·哈珀 / 詹妮弗·康纳利,剧情 / 犯罪,美国 / 意大利,英语 / 法语 / 意大利语,1984-02-17(波士顿首映) / 1984-09-28(意大利),229分钟(导演剪辑版),四海兄弟(台) / 义薄云天(港) / C'era una volta in America,tt0087843,9.1,445488,65.60%,27.40%,6.10%,0.70%,0.30%,1933年，纽约流氓Noodles（罗伯特·德·尼罗 饰）因向哈洛伦警司（布鲁斯·巴伦堡 饰）通风报信害死了三名同伙而被追杀。逃亡之前，他打开了存放帮派基金的手提箱，里面却只有报纸。 1968年，已改名换姓的Noodles收到一封犹太会堂通知迁葬亲友的信。Noodles联系拉比，得知信是八个月前寄出的，他的三名同伙已被迁葬至一所豪华公墓。Noodles回到纽约，找老友莫（拉里·拉普 饰）了解情况，却一无所获。闲谈中，Noodles问起莫的妹妹黛博拉（伊丽莎白·麦戈文 饰）的情况，得知其已成名角。 原来，两人少时互有好感，但黛博拉（詹妮弗·康纳利 饰）志向高远脚踏实地，理智地将街头混混Noodles（斯科特·提勒 饰）拒于门外。 Noodles在公墓发现了一把钥匙，并用钥匙打开了当年存放手提箱的储物柜。这一次，箱子里有满满的百元钞，还有写着“下一份工作的预付款”的纸条……
一一,https://movie.douban.com/subject/1292434/,杨德昌,杨德昌,吴念真 / 李凯莉 / 金燕玲 / 张洋洋 / 萧淑慎 / 尾形一成 / 陈希圣 / 林孟瑾 / 陈以文 / 柯宇纶 / 张育邦 / 柯素云 / 唐如韫 / 徐淑媛 / 曾心怡 / 陶传正,剧情 / 爱情 / 家庭,中国台湾 / 日本,汉语普通话 / 闽南语 / 英语 / 日语,2017-07-28(中国台湾) / 2000-05-14(戛纳电影节) / 2000-12-16(日本),173分钟,Yi yi / Yi yi: A One and a Two,tt0244316,9.1,448411,66.00%,26.00%,6.80%,0.80%,0.40%,NJ（吴念真）是个很有原则的生意人，同妻子敏敏（金燕玲）、女儿婷婷（李凯莉）、儿子洋洋（张杨洋）以及外婆住在台北某所普通公寓里。小舅子的一场麻烦婚礼过后，因为外婆突然中风昏迷，他迎来更加混乱的日子。 敏敏公司、家里两头跑，时常感觉自己要被耗空；婷婷一直为外婆的中风内疚，恋爱谈到中途发现自己不过是替代品；NJ更是麻烦重重，公司面临破产，他又不愿放下别人眼里一文不值的自尊。一家人里，似乎只有洋洋没有烦恼，他平静地用照相机拍着各种人的背面，帮他们长出另一双眼睛，然而，洋洋简简单单的一句话，道出更深的悲凉。
红辣椒 パプリカ,https://movie.douban.com/subject/1865703/,今敏,水上清资 / 今敏 / 筒井康隆,林原惠美 / 江守彻 / 堀胜之祐 / 古谷彻 / 大塚明夫 / 山寺宏一 / 田中秀幸 / 兴梠里美 / 岩田光央 / 爱河里花子 / 川濑晶子 / 太田真一郎 / 福松进纱 / 胜杏里 / 宫下荣治 / 三户耕三 / 今敏 / 筒井康隆,科幻 / 动画 / 悬疑 / 惊悚,日本,日语,2006-09-02(威尼斯电影节) / 2006-11-25(日本),90 分钟,盗梦侦探(港/台) / 帕布莉卡 / Paprika,tt0851578,9,523307,61.80%,30.10%,7.10%,0.70%,0.30%,近未来，为了治疗现代人类越来越多、越来越严重的精神疾病，位于东京的精神医疗综合研究所开发出一种可以反映他人梦境的机器。通过微型DC的帮助，梦境在显示器上呈现出来，更方便找到一个人焦虑的症结。 某日，三台微型DC失窃，与之相关的研究人员的梦境接连被人侵入，随后受到严重伤害。美女医疗师千叶敦子另一个身份是梦境侦探“红辣椒”，她能够与患者同步体验梦境。为避免盗贼利用微型DC进一步作恶，她不得不潜入受害者的梦中寻找恐怖分子，一场充满奇幻和惊险的争斗旋即展开…… 本片入围2006年威尼斯电影节主竞赛单元，荣获2007年葡萄牙奇幻电影节影评人选择奖、2006年蒙特利尔电影节大众选择奖。
加勒比海盗 Pirates of the Caribbean: The Curse of the Black Pearl,https://movie.douban.com/subject/1298070/,戈尔·维宾斯基,泰德·艾略特 / 特里·鲁西奥 / 斯图尔特·贝亚蒂耶 / 杰·沃尔伯特,约翰尼·德普 / 杰弗里·拉什 / 奥兰多·布鲁姆 / 凯拉·奈特莉 / 杰克·达文波特 / 乔纳森·普雷斯,动作 / 奇幻 / 冒险,美国,英语,2003-11-21(中国大陆) / 2003-07-09(美国),143 分钟,加勒比海盗1：黑珍珠号的诅咒 / 神鬼奇航：鬼盗船魔咒(台) / 魔盗王：决战鬼盗船 / 海盗船,tt0325980,8.8,917957,52.00%,38.60%,8.80%,0.50%,0.10%,故事发生在18世纪，传说中海盗最为活跃的加勒比海。风趣迷人的杰克·斯伯洛（约翰尼·德普 Johnny Depp 饰），是活跃在加勒比海上的海盗，拥有属于自己的“黑珍珠”号海盗船。对他来说，最惬意的生活就是驾驶着“黑珍珠”号在加勒比海上游荡，自由自在的打劫过往船只。但不幸的是，他的仇敌，老谋深算的巴尔巴罗萨船长(杰弗里·拉什 Geoffrey Rush 饰)偷走了他的“黑珍珠”号。巴伯萨是一个无恶不作的坏蛋，他抢劫了杰克的"黑珍珠号"后，更加猖狂，在加勒比海上横行霸道，一时成为整个加勒比海的霸主。 一次，巴伯萨一伙袭击了罗亚尔港小镇，还绑架了总督的女儿伊莉莎白·斯万(凯拉·奈特莉 Keira Knightley 饰)和伊莉莎白青梅竹马的铁匠学徒威尔·特纳（奥兰多·布鲁姆 Orlando Bloom 饰），想方设法救出了狱中的船长杰克，偷来英国皇家舰队最快的"拦截号"军舰迅速向"黑珍珠"追去。 在打斗中，威尔和杰克发现，巴尔巴罗萨和他的海盗们身背着咒语，在每一个月光之夜，他们就变成了不死骷髅，而伊莉莎白正是解开咒语的关键。
七宗罪 Se7en,https://movie.douban.com/subject/1292223/,大卫·芬奇,安德鲁·凯文·沃克,摩根·弗里曼 / 布拉德·皮特 / 凯文·史派西 / 格温妮斯·帕特洛 / 安德鲁·凯文·沃克 / 约翰·卡西尼 / 雷格·E·凯蒂 / 李·厄米,剧情 / 悬疑 / 惊悚 / 犯罪,美国,英语,1995-09-22(美国),127分钟,火线追缉令(台) / 7宗罪 / Seven,tt0114369,8.8,1002209,50.90%,39.30%,9.00%,0.60%,0.20%,“暴食”、“贪婪”、“懒惰”、“嫉妒”、“骄傲”、“淫欲”、“愤怒”，这是天主教教义所指的人性七宗罪。城市中发生的连坏杀人案，死者恰好都是犯有这些教义的人。凶手故弄玄虚的作案手法，令资深冷静的警员沙摩塞（摩根?弗里曼 Morgan Freeman 饰）和血气方刚的新扎警员米尔斯（布拉德?皮特 Brad Pitt 饰）都陷入了破案的谜团中。他们去图书馆研读但丁的《神曲》，企图从人间地狱的描绘中找到线索，最后从宗教文学哲学的世界中找到了凶手作案计划和手段的蛛丝马迹。凶手前来投案自首，这令众人都松了一口气，以为案件就此结束，怎料还是逃不出七宗罪的杀人逻辑，这次凶手瞄准的目标，是那个犯了“愤怒”罪的人……
唐伯虎点秋香 唐伯虎點秋香,https://movie.douban.com/subject/1306249/,李力持,李力持 / 谷德昭 / 陈文强,周星驰 / 巩俐 / 陈百祥 / 郑佩佩 / 朱咪咪 / 梁家仁 / 苑琼丹 / 梁荣忠 / 黄一山 / 黄霑 / 吴镇宇 / 刘家辉 / 蓝洁瑛 / 谷德昭 / 陈辉虹 / 李健仁 / 宣萱 / 温翠苹,喜剧 / 爱情 / 古装,中国香港,粤语,1993-07-01(中国香港),102 分钟,Flirting Scholar,tt0108289,8.7,1157778,48.80%,40.40%,10.10%,0.60%,0.10%,唐伯虎（周星驰 饰）身为江南四大才子之首，却有道不尽的心酸。宁王想唐伯虎帮忙图谋作反，唐伯虎只好用内功改变脉象，令众人都相信他命不久矣。母亲埋怨他不应该把功夫暴露，因为他们家族一直被当年的仇人追杀。唐伯虎在与朋友出游时，遇到了貌若天仙的秋香并对她一见钟情，决心要到华府当 家丁以追求秋香，唐伯虎被取名华安。期间华太师遇到了宁王上门刁难，幸好有唐伯虎出面相助，并暴露了自己是唐伯虎的身份。秋香才知道华安是自己欣赏的唐伯虎。华夫人跟唐家有怨，因此二人便开始斗法。怎料宁王跟夺命书生再次上门，华夫人不是对手，幸得唐伯虎出手，华夫人也答应把秋香许配给唐伯虎。
狩猎 Jagten,https://movie.douban.com/subject/6985810/,托马斯·温特伯格,托马斯·温特伯格 / 托比亚斯·林道赫姆,麦斯·米科尔森 / 托玛斯·博·拉森 / 安妮卡·韦德科普 / 拉丝·弗格斯托姆 / 苏西·沃德 / 亚历山德拉·拉帕波特 / 布贾内·亨里克森 / 安妮·路易丝·哈辛 / 拉斯·兰特,剧情,丹麦 / 瑞典,丹麦语 / 英语 / 波兰语,2012-05-20(戛纳电影节) / 2013-01-10(丹麦),115分钟,诬网(港) / 谎言的烙印(台) / 捕猎 / The Hunt,tt2106476,9.1,432008,62.90%,31.00%,5.30%,0.50%,0.40%,刚刚和妻子离婚的卢卡斯（麦斯·米科尔森 Mads Mikkelsen 饰）目前在一家托儿所工作，心地善良个性温和的他很快就受到了同事和孩子们的喜爱，其中，一个名叫卡拉（安妮卡·韦德科普 Annika Wedderkopp 饰）的早熟女孩对卢卡斯尤为的亲近。面对女孩幼稚 而单纯的示好，卢卡斯只能婉转的拒绝，可令他没有想到的是，这一举动将他的生活推向了风口浪尖。 卡拉报复性的谎言让卢卡斯背负起了性侵女童的罪名，一时间，这个好好先生成为了整个小镇排挤和压迫的对象。好友的愤怒，前妻的不信任，爱犬的死亡和陌生人的恶意让卢卡斯几近崩溃，而当小小的卡拉吐露真相之后，恶意却并没有随着卢卡斯的重获清白而划下句点。
7号房的礼物 7??? ??,https://movie.douban.com/subject/10777687/,李焕庆,李焕庆 / 刘英雅,柳承龙 / 朴信惠 / 郑镇荣 / 金正泰 / 吴达洙 / 朴元尚 / 郑满植 / 葛素媛,剧情 / 喜剧 / 家庭,韩国,韩语,2013-01-23(韩国),127分钟,戆爸的礼物(港) / 7号囚房的礼物 / 12月23日 / Gift From Room / Find Miracle in Cell No.7 / Miracle In Cell No.7,tt2659414,8.9,593039,57.60%,33.50%,8.00%,0.80%,0.30%,1997年，只有6岁儿童智商的智障男子李龙久（柳成龙 饰）和可爱的女儿艺胜（葛素媛 饰）相依为命，生活虽然简单清贫，却充满幸福。某天，执着为女儿买美少女战士书包的龙久意外卷入一起幼童诱拐奸杀案，而死者竟是警察局长的女儿。龙久懵懂无知，搞不清状况，昏头昏脑就被投入监狱。在7号牢房中，聚集着走私犯蘇杨浩（吴达洙 饰）、诈骗犯崔春浩（朴元尚 饰）、通奸犯姜万范（金正泰 饰）、恐吓犯老徐（金基灿 饰）和抢劫犯申奉植（郑万植 饰）等五毒俱全的“社会渣滓”。龙久孩子般纯洁的心渐渐感动了这几个“大坏蛋”，他们甚至不惜冒险将艺胜带入牢房与父亲相会。 黑暗冰冷的监牢内，7号牢房阳光满满……
蝙蝠侠：黑暗骑士崛起 The Dark Knight Rises,https://movie.douban.com/subject/3395373/,克里斯托弗·诺兰,大卫·S·高耶 / 乔纳森·诺兰 / 克里斯托弗·诺兰,克里斯蒂安·贝尔 / 汤姆·哈迪 / 安妮·海瑟薇 / 约瑟夫·高登-莱维特 / 玛丽昂·歌迪亚 / 加里·奥德曼 / 迈克尔·凯恩 / 摩根·弗里曼 / 朱诺·坦普尔 / 乔什·平茨 / 丹尼尔·逊亚塔 / 内斯特·卡博内尔 / 伯恩·戈曼 / 连姆·尼森 / 乔伊·金 / 艾丹·吉伦 / 基里安·墨菲 / 乔什·斯图沃特 / 马修·莫迪恩 / 本·门德尔森,剧情 / 动作 / 科幻 / 惊悚 / 犯罪,美国 / 英国,英语 / 阿拉伯语,2012-08-27(中国大陆) / 2012-07-20(美国),165分钟,蝙蝠侠前传3：黑暗骑士崛起 / 黑暗骑士：黎明升起(台) / 蝙蝠侠：夜神起义(港) / 蝙蝠侠前传3：黑骑再起 / 蝙蝠侠7：黑暗骑士崛起 / 暗夜骑士崛起 / T.D.K.R. / TDKR / Batman 3: The Dark Knight Rises,tt1345836,8.9,772456,54.00%,36.00%,9.00%,0.70%,0.20%,检察官哈维·登特（艾伦·艾克哈特 Aaron Eckhart 饰）死后的八年间，哥谭市在戈登警长（加里·奥德曼 Gary Oldman 饰）的努力下有效地遏制了犯罪活动。而蝙蝠侠布鲁斯·韦恩（克里斯蒂安·贝尔 Christian Bale 饰）因为背负谋杀登特的罪名，被 警方通缉，在哥谭市销声匿迹。然而，这看似平静的状态被恐怖分子贝恩（汤姆·哈迪 Tom Hardy 饰）的出现打破，他利用猫女（安妮·海瑟薇 Anne Hathaway 饰）偷取布鲁斯的指纹，致使韦恩集团面临破财，布鲁斯被赶出董事会。为了保证韦恩集团投资的能源项目不被坏人利用制造核弹，布鲁斯帮助米兰达（玛丽昂·歌迪亚 Marion Cotillard 饰）成为董事会主席。贝恩接下来一连串精密设计的计划将哥谭市陷入孤绝之境，毁灭之日指日可待。布鲁斯只能再次肩负起拯救哥谭的重任，然而至亲的管家阿福辞职离开、猫女的背叛、贝恩的凶残手段，爱人米拉达的真实面目露出，都让他拯救哥谭的行动变得不可能……
甜蜜蜜,https://movie.douban.com/subject/1305164/,陈可辛,岸西,黎明 / 张曼玉 / 杨恭如 / 曾志伟 / 杜可风 / 张同祖 / 诸慧荷 / 丁羽,剧情 / 爱情,中国香港,粤语 / 汉语普通话 / 英语,2015-02-13(中国大陆) / 1996-11-02(中国香港),118分钟(中国大陆),Comrades: Almost a Love Story,tt0117905,8.9,621443,55.30%,36.30%,7.70%,0.50%,0.20%,改革开放初期，黎小军（黎明 饰）告别女友小婷（杨恭如 饰）从天津（国语版中为无锡）来到香港讨生活，期望有天挣到大钱把小婷接来与之风风光光地成婚，没料想日子会比想象中的难熬许多。 黎小军在快餐店与同样从大陆到港讨生活但避讳谈自己身份的李翘（张曼玉 饰）结识后，因为共同喜爱邓丽君，两人人在异乡的孤独都有了某种程度的缓解，并在交往的过程中生出了真爱，可是世事难料，两人最终无奈分手，黎小军成了小婷的老公，李翘跟了在黑社会做事的豹哥（曾志伟 饰）。然而因为邓丽君，两人的缘分并没到此为止。
被嫌弃的松子的一生 嫌われ松子の一生,https://movie.douban.com/subject/1787291/,中岛哲也,中岛哲也 / 山田宗树,中谷美纪 / 永山瑛太 / 香川照之 / 市川实日子 / 伊势谷友介 / 柄本明 / 黑泽明日香 / 荒川良良 / 柴崎幸 / 土屋安娜 / 奥之矢佳奈 / 谷原章介 / 武田真治 / 片平渚 / 宫藤官九郎 / 角野卓造 / 田中要次 / 木村凯拉 / 谷中敦 / 剧团一人,剧情 / 歌舞,日本,日语,2006-05-27(日本),130 分钟,花样奇缘(港) / 令人讨厌的松子的一生(台) / 松子被嫌弃的一生 / 松子的悲惨人生 / Kiraware Matsuko no issh? / Memories of Matsuko,tt0768120,8.8,742844,55.20%,33.90%,9.20%,1.10%,0.50%,有一天父亲（香川照之饰）突然来找阿笙（瑛太饰），告诉他有个素未谋面的姑姑死了，叫他去收拾下姑姑的房子。在河边的破烂小屋里，阿笙渐渐开始了解父亲口中的姑姑，到底有着怎样的一生。 小时候的姑姑川尻松子（中谷美纪饰）经常做着白雪公主似的美梦，她后来成为一名安分的中学教师，却因百口莫辩的误会被辞退了，之后和一作家同居，作家却因为太爱她而选择自杀，死前留下遗言：生而为人对不起。这件事对松子打击极大；之后与该作家的事业敌人同居直至，又忍受不住去找对方妻子的诱惑，结果惨遭抛弃；又是当上浴室女郎，甚至还杀人入狱，然而不管有意无意，她从不放弃生活的希望。不管生活再怎样破碎，她仍然本能地生存下去，这生存本身，足以打动任何人，包括阿笙。
爱在黎明破晓前 Before Sunrise,https://movie.douban.com/subject/1296339/,理查德·林克莱特,理查德·林克莱特 / 金·克里桑,伊桑·霍克 / 朱莉·德尔佩 / 安德莉亚·埃克特 / 汉诺·波西尔 / 卡尔·布拉克施魏格尔 / 特克斯·鲁比诺威茨 / 埃尔尼·曼戈尔德 / 多米尼克·卡斯特尔 / 海蒙·玛丽亚·巴汀格 / 哈拉尔德·魏格莱因 / 汉斯·魏因加特纳 / 彼得·艾利·休默 / 休伯特·法比安·库尔特勒 / 约翰·斯洛斯 / 克里斯蒂安·安科维奇 / 亚当·戈德堡 / 保罗·波伊特,剧情 / 爱情,美国 / 奥地利 / 瑞士,英语 / 德语 / 法语,1995-01-27(美国),101分钟,情留半天(港) / 爱在黎明破晓时(台) / 日出之前,tt0112471,8.8,745568,54.50%,34.40%,9.70%,1.00%,0.30%,美国青年杰西（伊桑·霍克 Ethan Hawke 饰）在火车上偶遇了法国女学生塞琳娜（朱莉·德尔佩 Julie Delpy 饰），两人在火车上交谈甚欢。当火车到达维也纳时，杰西盛情邀请塞琳娜一起在维也纳游览一番，即使杰西翌日便要坐飞机离开。与杰西一见钟情的塞琳娜接受了杰西的邀请。 他们一边游览城市，一边谈论着彼此的过去 ，彼此对生活的感想，两人了解越加深刻。他们非常珍惜这美妙的晚上，这对恋人一起经历了很多浪漫的经历因为他们约定在半年后再见，而此次约会将会在日出之间结束……
超能陆战队 Big Hero 6,https://movie.douban.com/subject/11026735/,唐·霍尔,乔丹·罗伯茨 / 丹尼尔·吉尔森 / 罗伯特·L·贝尔德,斯科特·安第斯 / 瑞恩·波特 / 丹尼尔·海尼 / T·J·米勒 / 郑智麟 / 小达蒙·韦恩斯 / 珍尼希斯·罗德里格兹 / 詹姆斯·克伦威尔 / 艾伦·图代克 / 玛娅·鲁道夫 / 亚布拉哈姆·本鲁比 / 凯蒂·洛斯 / 比利·布什 / 丹尼尔·吉尔森 / 保罗·布里格斯,喜剧 / 动作 / 科幻 / 动画 / 冒险,美国,英语,2015-02-28(中国大陆) / 2020-07-31(中国大陆重映) / 2014-10-23(东京电影节) / 2014-11-07(美国),102分钟,大英雄联盟(港) / 大英雄天团(台) / 六大英雄 / (●—●),tt2245084,8.8,1086031,49.10%,40.40%,9.90%,0.60%,0.10%,未来世界的超级都市旧京山（San Fransokyo），热爱发明创造的天才少年小宏，在哥哥泰迪的鼓励下参加了罗伯特·卡拉汉教授主持的理工学院机器人专业的入学大赛。他凭借神奇的微型磁力机器人赢得观众、参赛者以及考官的一致好评，谁知突如其来的灾难却将小宏的梦想和人生毁于一旦。大火烧毁了展示会场，而哥哥为了救出受困的卡拉汉教授命丧火场。身心饱受创伤的小宏闭门不出，哥哥生前留下的治疗型机器人大白则成为安慰他的唯一伙伴。原以为微型机器人也毁于火灾，谁知小宏和大白竟意外发现有人在某座废弃工厂内大批量地生产他的发明。 稍后哥哥的朋友们弗雷德等人也加入进来，他们穿上小宏发明的超级战士战斗装备，和怀有险恶阴谋的神秘对手展开较量……
第六感 The Sixth Sense,https://movie.douban.com/subject/1297630/,M·奈特·沙马兰,M·奈特·沙马兰,布鲁斯·威利斯 / 海利·乔·奥斯蒙 / 托妮·科莱特 / 奥莉维亚·威廉姆斯 / 唐尼·沃尔伯格 / 特拉沃·摩根 / 彼得·安东尼·唐伯蒂斯 / 格伦·菲茨杰拉德 / 米莎·巴顿 / Lisa Summerour / 法尔德斯·巴姆 / 杰弗里·泽布尼斯,剧情 / 悬疑 / 惊悚,美国,英语 / 拉丁语 / 西班牙语,1999-08-06(美国),107分钟,鬼眼(港) / 灵异第六感(台),tt0167404,8.9,600227,54.70%,37.20%,7.50%,0.50%,0.10%,麦克（布鲁斯·威利斯 饰）是著名儿童心理学家，却也有始终未能治愈的患者，甚至因此遭到枪击，这名少年随后也饮枪自毙。这给麦克带来很大心理阴影，一年后他找到另一个症状很像这名患者的男孩柯尔（海利·乔·奥斯蒙 饰），并耐心的做起了他的医生。柯尔并不容易接近，但麦克还是慢慢赢得 了他的信任，得知了柯尔的秘密。原来柯尔有着灵异的第六感，可以看到鬼魂。虽然这令人感到难以置信，但麦克在证实了事情的真相后还是帮助柯尔接受了这个事实。 可是就在问题即将得到解决的时候，麦克却在柯尔的引导下，发现了一个更令人震惊的秘密……
寄生虫 ???,https://movie.douban.com/subject/27010768/,奉俊昊,奉俊昊 / 韩珍元,宋康昊 / 李善均 / 曹汝贞 / 崔宇植 / 朴素丹 / 李姃垠 / 张慧珍 / 郑知晓 / 朴明勋 / 朴叙俊 / 朴根禄 / 郑贤俊 / 朴孝新 / 安德烈亚斯·弗龙克,剧情,韩国,韩语 / 英语,2019-05-21(戛纳电影节) / 2019-05-30(韩国),132分钟,寄生上流(台) / 上流寄生族(港) / ????? / Parasite / Gisaengchung,tt6751668,8.8,1466614,50.00%,41.20%,7.90%,0.60%,0.30%,基宇（崔宇植 饰）出生在一个贫穷的家庭之中，和妹妹基婷（朴素丹 饰）以及父母在狭窄的地下室里过着相依为命的日子。一天，基宇的同学上门拜访，他告诉基宇，自己在一个有钱人家里给他们的女儿做家教，太太是一个头脑简单出手又阔绰的女人，因为自己要出国留学，所以将家教的职位暂时转交给基宇。 就这样，基宇来到了朴社长（李善均 饰）家中，并且见到了他的太太（赵汝贞 饰），没过多久，基宇的妹妹和父母也如同寄生虫一般的进入了朴社长家里工作。然而，他们的野心并没有止步于此，基宇更是和大小姐坠入了爱河。随着时间的推移，朴社长家里隐藏的秘密渐渐浮出了水面。
重庆森林 重慶森林,https://movie.douban.com/subject/1291999/,王家卫,王家卫,林青霞 / 金城武 / 梁朝伟 / 王菲 / 周嘉玲,剧情 / 爱情,中国香港,粤语 / 汉语普通话 / 英语 / 印地语 / 日语,1994-07-14(中国香港),102分钟,Chungking Express,tt0109424,8.8,872461,51.40%,37.70%,9.80%,0.90%,0.30%,编号为223的警察（金城武）失恋后患上失恋综合症，在与金发女杀手（林青霞）擦肩而过又离奇相遇并有了一晚温情后，原本以为包括“爱情”在内的所有东西都有保质期的他意外地迎来心灵的短暂温暖。可是，他们的爱情还是结束了。 快餐店新来的女招待阿菲（王菲）爱上了时常光顾快餐店的编号 为663的警察（梁朝伟），因拆了他的女友（周嘉玲）留在快餐店给他的“分手” 信，阿菲知晓了他的心情，偷拿到他的钥匙趁他不在时常潜入他家，一边梦游一边悄悄地改变他的生活，终在被他撞见时令其感受到情感的回归。然而，这才是他们爱情的开始。
爱在日落黄昏时 Before Sunset,https://movie.douban.com/subject/1291990/,理查德·林克莱特,理查德·林克莱特 / 朱莉·德尔佩 / 伊桑·霍克 / 金·克里桑,伊桑·霍克 / 朱莉·德尔佩 / 弗农·多布切夫 / 路易丝·勒莫瓦纳·托雷斯 / 罗多尔·保利 / 玛丽安·普莱施泰格 / 迪亚博洛 / 丹尼·弗拉 / 艾伯特·德尔佩 / 玛丽·佩里,剧情 / 爱情,美国 / 法国,英语 / 法语,2004-02-10(柏林电影节) / 2004-07-30(美国),80 分钟,日落巴黎(港) / 爱在日落巴黎时(台) / 日落之前 / 情留相逢时 / 爱在日落余晖时 / 爱在日落黄昏前,tt0381681,8.9,611502,56.30%,33.90%,8.70%,0.80%,0.30%,九年前，杰西（伊桑·霍克 Ethan Hawke 饰）与席琳（朱莉·德尔佩 Julie Delpy 饰）在火车上不期而遇，怦然心动。在维也纳渡过疯狂而又浪漫的一夜后，他们在日出前分手，并相约在维也纳重逢。 九年之后，杰西已成为畅销书作家，而席琳则是法国环保组织成员。杰西在新书里娓娓道来的，正是九年前的浪漫夜晚。在巴黎促销新书时，杰西与席琳在书店相遇，然而他们只有一下午的时光相处，日落之前，杰西要乘飞机赶回美国。两人在午后的巴黎街头散步，在美丽的护城河上泛舟，无所不谈，兴致勃勃。可是就像命运的捉弄，快乐的时光像烟花一样醉人却短暂。 杰西对席琳一送再送，难以忘情；席琳用吉他和歌声，怀念着内心深处的爱恋。太阳就快落下去了，杰西就要误了飞机，又或许他更不想错过的，是命里注定的缘分。
入殓师 おくりびと,https://movie.douban.com/subject/2149806/,泷田洋二郎,小山薰堂,本木雅弘 / 广末凉子 / 山崎努 / 吉行和子 / 笹野高史 / 余贵美子,剧情,日本,日语,2021-10-29(中国大陆) / 2008-08-23(蒙特利尔电影节) / 2008-09-13(日本),130分钟,礼仪师之奏鸣曲(港) / 礼仪师(台) / 送行者-礼仪师的乐章(台) / 为逝者送行的人 / 纳棺师 / Departures / Okuribito,tt1069238,8.9,712799,53.10%,37.70%,8.50%,0.60%,0.20%,买了昂贵的大提琴，想要成就一番事业的小林大悟（本木雅弘 饰），经历了4个月的管弦乐演奏，得到的却是“乐团解散”的噩耗与购买乐器的高昂债务。迫不得已，大悟与妻子美香（广末凉子 饰）搬到老屋，过着清贫的日子。某日，一则广告吸引了大悟的注意：NK代理公司，帮助旅行，高薪短工时。大悟来到NK代理公司面试，社长佐佐木生荣（山崎努 饰）二话不说就决定聘用大悟，但却对工作内容避而不谈。在大悟的再三追问下，佐佐木社长终于道明：是入殓（日语Nou Kan）工作！ 虽然心理上有所忌惮，高额的薪水还是令大悟接受了这份工作。但这样的工作对普通人谈何容易，一方面对遗体的不适，一方面又要对妻友隐瞒自己的工作，小林大悟不平凡的工作就这样开始了。
幽灵公主 もののけ姫,https://movie.douban.com/subject/1297359/,宫崎骏,宫崎骏,松田洋治 / 石田百合子 / 田中裕子 / 小林薰 / 西村雅彦 / 上条恒彦 / 岛本须美 / 渡边哲 / 佐藤允 / 名古屋章 / 美轮明宏 / 森光子 / 森繁久弥,动画 / 奇幻 / 冒险,日本,日语,1997-07-12(日本),134分钟,魔法公主(港) / 魔法公主(台) / 幽灵少女 / 物之怪姬 / Princess Mononoke,tt0119698,8.9,562619,56.40%,34.80%,8.10%,0.50%,0.10%,为了拯救危难中的村民，阿斯达卡的右手中了凶煞神的诅咒。达卡只好离开亲人往西方流浪以寻找解除诅咒的方法。旅途中他遇到了由幻姬大人带领的穷苦村民在麒麟兽的森林里开采铁矿，提炼矿石。 白狼神莫娜和她养大的人类女孩“幽灵公主”桑对幻姬恨之入骨，因为她们觉得幻姬带领众人破坏了森林。想帮助人类的阿斯达卡被桑深深吸引，他理解她，但为了帮助穷人又不得不和她作战。一次战斗中，阿斯达卡被麒麟兽所救，他的立场更加摇摆不定。 这时，以疙瘩和尚为首的一群人来杀麒麟兽，幻姬以火枪击毙了麒麟，麒麟的头被疙瘩和尚抢走。愤怒的麒麟的灵魂为夺回自己的头，大肆破坏着森林。阿斯达卡和桑联手决定帮麒麟夺回头颅。
请以你的名字呼唤我 Call Me by Your Name,https://movie.douban.com/subject/26799731/,卢卡·瓜达尼诺,詹姆斯·伊沃里 / 安德烈·艾席蒙,艾米·汉莫 / 提莫西·查拉梅 / 迈克尔·斯图巴 / 阿蜜拉·卡萨 / 艾斯特·加瑞尔 / 维克图瓦尔·杜布瓦 / 旺妲·卡布里奥罗 / 安东尼奥·里莫尔迪 / 埃琳娜·布奇 / 马可·斯格罗索 / 安德烈·艾席蒙 / 彼得·斯皮尔斯,剧情 / 爱情 / 同性,意大利 / 法国 / 巴西 / 美国,英语 / 意大利语 / 法语 / 德语 / 希伯来语,2017-01-22(圣丹斯电影节) / 2017-11-24(美国) / 2018-01-25(意大利),132分钟,以你的名字呼唤我(港/台) / 以你的名义呼唤我 / 唤吾汝名 / CMBYN / Chiamami col tuo nome,tt5726616,8.8,779624,55.20%,33.20%,9.90%,1.20%,0.50%,故事发生在八十年代的意大利里维埃拉，每年夏天，十七岁的少年艾力奥（提莫西·查拉梅 Timothée Chalamet 饰）都会跟家人一起来此地度假。今年，和他们共享假日时光的，还有来自美国的奥利弗（艾米·汉莫 Armie Hammer 饰），高大英俊热情开朗的奥利弗很快就获得了艾力奥一家人的喜爱。 随着时间的推移，艾力奥和奥利弗之间渐渐产生了致命的吸引力，但性别和年龄的桎梏让他们迟迟无法跨出那关键的一步，与此同时，单纯善良的少女马奇娅（艾斯特·加莱尔 Esther Garrel 饰）也向艾力奥奉献着自己的感情和身体。最终，汹涌的激情冲破了艾力奥和奥利弗之间的防线，两人开始了一段注定不会有结果的恋情。
剪刀手爱德华 Edward Scissorhands,https://movie.douban.com/subject/1292370/,蒂姆·波顿,蒂姆·波顿 / 卡罗琳·汤普森,约翰尼·德普 / 薇诺娜·瑞德 / 黛安·韦斯特 / 安东尼·迈克尔·豪尔 / 凯西·贝克 / 罗伯特·奥利维里 / 康查塔·费雷尔 / 卡罗琳·阿隆 / 迪克·安东尼·威廉姆斯 / 澳澜·琼斯 / 文森特·普莱斯 / 艾伦·阿金 / 苏珊·布洛马特 / Linda Perri / 约翰·戴维森 / Biff Yeager / Marti Greenberg / 布莱恩·拉肯 / John McMahon / Victoria Price,剧情 / 爱情 / 奇幻,美国,英语,1990-12-06(美国),105分钟,幻海奇缘(港),tt0099487,8.7,1084014,48.40%,39.80%,10.80%,0.80%,0.20%,爱德华（约翰尼?戴普 饰）是一个机器人，他拥有人的心智，却有一双剪刀手，孤独地生活在古堡里，闯入古堡的化妆品推销员佩格把他带回家，让他走进了人类的世界。单纯的爱德华爱上了佩格的女儿金（薇诺娜?瑞德 饰），金也慢慢的被爱德华的善良所吸引。 但是，一连串的意外事情让周围的人邻居对爱德华的态度从喜欢变成无法接受，爱德华痛苦地发现，他总是好心办坏事，连自己的爱人都不能拥抱，或许，他注定就不属于这个世界。
断背山 Brokeback Mountain,https://movie.douban.com/subject/1418834/,李安,拉里·麦克穆特瑞 / 黛安娜·奥撒纳 / 安妮·普鲁,希斯·莱杰 / 杰克·吉伦哈尔 / 米歇尔·威廉姆斯 / 安妮·海瑟薇 / 凯特·玛拉 / 兰迪·奎德 / 琳达·卡德里尼 / 安娜·法瑞丝 / 格拉汉姆·贝克尔 / 斯科特·迈克尔·坎贝尔 / 大卫·哈伯 / 罗伯塔·马克斯韦尔 / 皮特·麦克罗比 / 夏恩·希尔 / 布鲁克琳·普劳克斯 / 杰克·丘奇,剧情 / 爱情 / 同性 / 家庭,美国 / 加拿大,英语,2005-09-02(威尼斯电影节) / 2006-01-06(加拿大) / 2006-01-13(美国),134分钟,断臂山 / BBM,tt0388795,8.8,746888,53.70%,35.60%,9.60%,0.70%,0.30%,美国怀俄明州的西部，沉默寡言的农夫恩尼斯（希斯?莱杰饰）和热情开朗的牛仔杰克（杰克?吉伦希尔饰)一道被派到山上牧羊，那里人迹罕至，他们只有与羊群为伴，生活单调无味。一个天寒地冻的夜晚，在酒精与荷尔蒙的作用下，他们做了“不该做的事情”，也就此他们在断背山上度过了人生中最美好的时光。 季节性放牧结束，迫于世俗压力，杰克和恩尼斯不舍地与对方分离并各自结婚生子。恩尼斯迎娶了自幼相识的阿尔玛，并有了两个可爱的女儿；杰克到了德州，在妻子露琳家族的扶植下事业顺利，还有了个儿子。虽然彼此真心相应，他们只能每年定期约会。一边知情的阿尔玛痛苦无比，而他们又无法满足一年只有几天的团聚。这时意外发生……
勇敢的心 Braveheart,https://movie.douban.com/subject/1294639/,梅尔·吉布森,兰道尔·华莱士,梅尔·吉布森 / 苏菲·玛索 / 布莱恩·考克斯 / 詹姆斯·科兹莫 / 辛·劳洛 / 凯瑟琳·麦克马克 / 安古斯·麦克菲登,剧情 / 动作 / 传记 / 历史 / 战争,美国,英语 / 法语 / 拉丁语 / 苏格兰盖尔语,1995-05-18(西雅图电影节) / 1995-05-24(美国),178分钟,惊世未了缘(港) / 梅尔吉勃逊之英雄本色(台),tt0112573,8.9,584173,56.40%,34.10%,8.60%,0.70%,0.20%,威廉?华莱士童年时，其父、苏格兰民族英雄马索?华莱士在与英军的斗争中牺牲，他开始接受父亲好友的指导，学习苏格兰文化和武术。青年华莱士（梅尔?吉布森）学成回到故乡，向美丽的少女梅伦求婚，不想梅伦被英军抢去且遭杀害。在广大村民“英雄之后”的呼声中，华莱士率众揭竿起义，并与苏格兰贵族罗伯结成联盟，但不久他发现，苏格兰贵族考虑的只是自身的利益。 英王为缓和局势，派伊莎贝拉（苏菲?玛索）前去和华莱士谈判，由于英王只想收买华莱士，根本不顾苏格兰人民的自由和平等，谈判失败，但这一切并不为伊莎贝拉所知。伊莎贝拉归国后发现事情真相，且知晓英王正策划阴招，忙送信给华莱士，而两人的爱情，也在战争与阴谋中悄然滋生。
菊次郎的夏天 菊次郎の夏,https://movie.douban.com/subject/1293359/,北野武,北野武,北野武 / 关口雄介 / 岸本加世子 / 吉行和子 / 细川典江 / 大家由祐子 / 磨赤儿 / 铃木忠幸 / 井手博士 / 今村鼠 / 兼子二郎 / 田中要次 / 小岛可奈子,剧情 / 喜剧,日本,日语,2020-09-25(中国大陆) / 1999-05-20(戛纳电影节) / 1999-06-05(日本),121分钟,菊次郎之夏 / Kikujir? no natsu / Kikujiro,tt0199683,8.9,640733,54.60%,35.80%,8.60%,0.80%,0.20%,暑假到来，自幼丧父的小学三年级学生正男（关口雄介饰），如今和奶奶生活在一起，暑假特别无聊。他拿出母亲从外地寄回的信，准备自己一个人去爱知县丰桥市看望母亲。 邻居阿姨（岸本加世子饰）发现后，决定帮正男完成心愿。她拿出一笔钱做为旅费，还安排游手好闲的老公菊次郎（北野武饰）陪伴正男一起踏上寻母之途。可是在第一天，菊次郎就把老婆给的钱全部输光，于是两个人只好步行前往爱知。 一路搭顺风车，惹了不少麻烦后，菊次郎终于带着正男到了他母亲的家，但小男孩却十分沮丧。归途中，菊次郎努力安慰他，二人过得十分愉快，夏天就这么过去了。
借东西的小人阿莉埃蒂 借りぐらしのアリエッティ,https://movie.douban.com/subject/4202302/,米林宏昌,宫崎骏 / 丹羽圭子 / 玛丽·诺顿,志田未来 / 神木隆之介 / 树木希林 / 三浦友和 / 大竹忍 / 竹下景子 / 藤原龙也,动画 / 奇幻 / 冒险,日本,日语,2010-07-17(日本),94分钟,借物少女艾莉缇(台) / 借东西的小矮人亚莉亚蒂(港) / 借东西的阿莉埃蒂 / 借东西的地下小人 / The Borrower Arrietty / The Secret World of Arrietty,tt1568921,8.9,594887,54.20%,37.50%,7.90%,0.40%,0.10%,虽然患有心脏方面的疾病，但是少年翔（神木隆之介 配音）的父母依然对他疏于呵护。为了准备即将到来的手术，翔来到了位于偏远乡间的姨婆（竹下景子 配音）家静养。姨婆家位于一片幽静的丛林中，这是一幢有着上百年历史的欧式别墅。这里除了生活着姨婆和女佣阿春（树木希林 配音）外，还有一个奇特的三口之家，“借东西一族”——小人阿莉埃蒂（志田未来 配音）和她的爸爸（三浦友和 配音）妈妈（大竹忍 配音），他们生活在别墅的地板下，只有几公分高，过着不为人类察觉的生活。遇到所需的日常用品时，便会在夜深人静之时偷偷潜入厨房借出来。翔无意中瞥见阿莉埃蒂的身影，他有心接近这些传说中的小人，却不知不觉打扰了他们的生活…… 本片根据英国作家玛丽·诺顿的原著《借东西的小人》改编，并荣获2011年日本电影学院奖最佳动画片奖。
未麻的部屋 Perfect Blue,https://movie.douban.com/subject/1395091/,今敏,村井贞之 / 竹内义和,岩男润子 / 松本梨香 / 辻亲八 / 大仓正章 / 秋元羊介 / 盐屋翼 / 堀秀行 / 筱原惠美 / 江原正士 / 梁田清之 / 古泽彻 / 新山志保 / Emiko Furukawa / Aya Hara / 三木真一郎 / 山野井仁 / 田野惠 / 长嶝高士 / 陶山章央 / 细井治,剧情 / 动画 / 悬疑 / 惊悚 / 犯罪,日本,日语,1997-08-05(加拿大奇幻电影节) / 1998-02-28(日本),81分钟,蓝色恐惧(港/台) / 蓝色的恐惧 / 未麻之部屋 / パーフェクト ブルー,tt0156887,9.1,388541,62.30%,30.80%,6.10%,0.50%,0.30%,当红三人少女偶像团体Charming Bird面临解散，核心成员雾越未麻在事务所的安排下不得不退出团体，转型成为一名电视剧演员。万事开头难，对于偶像歌手转型而来的未麻尤其如此，她在工作中承受着压力，闷闷不乐。与此同时，各种恐吓信不断、经纪人田所先生遇袭以及以自己的口吻在网站上写日记的神秘人都让未麻焦虑不已，恍惚间她甚至看到另一个自己。 未麻的苦恼无人知晓，贪婪的田所甚至同意剧组的剧本，要求未麻出演一场尺度极大的强暴戏。这次演出成为未麻演艺事业的转折点，她的出镜率开始攀升，甚至还拍摄了裸露的写真。与此相对，电视剧编剧涩谷和曾给未麻拍下裸照摄影师村野接连遇害。未麻的生活变得混乱不堪，真相究竟如何？ 本片荣获1997年亚洲奇幻电影节最佳亚洲影片。
哈利·波特与火焰杯 Harry Potter and the Goblet of Fire,https://movie.douban.com/subject/1309055/,迈克·内威尔,史蒂夫·克洛夫斯 / J·K·罗琳,丹尼尔·雷德克里夫 / 艾玛·沃森 / 鲁伯特·格林特 / 迈克尔·刚本 / 玛吉·史密斯 / 汤姆·费尔顿 / 蒂莫西·斯波 / 罗伯特·帕丁森 / 梁佩诗 / 大卫·田纳特 / 马克·威廉姆斯 / 埃里克·赛克斯 / 詹姆斯·菲尔普斯 / 奥利弗·菲尔普斯 / 邦妮·怀特 / 克蕾曼丝·波西 / 加里·奥德曼 / 杰夫·劳勒 / 詹森·艾萨克 / 斯坦尼斯拉夫·雅涅夫斯基 / 罗伯特·哈迪 / 阿什莉·阿尔图斯 / 亚历克斯·帕尔墨 / 罗格·洛伊德-派克 / 希拉·艾伦 / 苏·艾略特 / 大卫·斯特恩 / 玛格里·梅森 / 马修·刘易斯 / 罗彼·考特拉尼 / 威廉姆·麦灵 / 大卫·布拉德利 / 戴文·穆雷 / 艾芙珊·阿扎德 / 沃维克·戴维斯 / 弗朗西斯·德·拉·图瓦 / 谢发丽·裘德胡里 / 安吉拉珂·曼蒂 / 艾伦·瑞克曼 / 普里德拉格·比耶拉克 / 托尔加·塞弗尔 / 布莱丹·格里森 / 阿尔弗雷德·伊诺奇 / 路易·多伊尔 / 杰米·威莱特 / 乔什·赫德曼 / 夏洛特·斯凯奇 / 米兰达·理查森 / 罗伯特·威尔福特 / 蒂亚娜·本杰明 / 亨利·劳埃德-休斯 / 贾维斯·考科尔 / 强尼·格林伍德 / 菲尔·塞尔维 / 史蒂夫·麦基 / 杰森·巴克尔 / 斯蒂夫·克雷登 / 雪莉·亨德森 / 拉尔夫·费因斯 / 阿德里安·劳林斯 / 杰拉丁·萨莫维尔 / 拉斯科·阿特金斯 / 杰克·拜格利 / 葛蕾·贝拉玛西娜 / 保罗·戴维斯 / 巴里·道登 / 娜塔莉·哈拉姆,悬疑 / 奇幻 / 冒险,英国 / 美国,英语 / 法语,2005-11-18(中国大陆) / 2024-11-01(中国大陆重映) / 2005-11-06(英国),157分钟,哈利波特4：火杯的考验(港/台) / 哈4,tt0330373,8.8,741836,51.70%,37.90%,9.70%,0.60%,0.10%,这是一个不同寻常的学期，魔法学校的盛事：三强争霸赛在霍格沃茨举行。学生们争先报名，希翼获得永恒无上的荣誉。火焰杯在选出三所学校的三名勇士后，竟将未足年龄的哈利也挑选出来。 哈利（Daniel Radcliffe饰）的当选引起其他学生的嫉妒连连，就连铁哥们罗恩（Rupert Grint饰）也首次和他闹起了别扭，哈利感到孤立无援，还好有教父小天狼星和赫敏一直支持他。可总有些好事者如记者丽塔等着看他的好戏。天知道这场比赛是何等艰辛危险，在龙的眼皮下偷蛋，潜入湖底救人，在迷宫中探险……一不小心，甚至可能付出生命的代价。 黑魔王伏地魔的威胁渐渐显现，每一天都险象环生，动人心弦。
消失的爱人 Gone Girl,https://movie.douban.com/subject/21318488/,大卫·芬奇,吉莉安·弗琳,本·阿弗莱克 / 裴淳华 / 尼尔·帕特里克·哈里斯 / 凯莉·库恩 / 泰勒·派瑞 / 金·迪肯斯 / 米西·派勒 / 波伊德·霍布鲁克 / 艾米丽·拉塔科斯基 / 雪拉·渥德 / 派屈克·福吉特 / 斯科特·麦克纳里 / 凯西·威尔逊 / 李·诺里斯,剧情 / 悬疑 / 惊悚 / 犯罪,美国,英语,2014-09-26(纽约电影节) / 2014-10-03(美国),149分钟,失踪的女孩 / 失踪女孩 / 失踪罪(港) / 控制(台),tt2267998,8.7,1023175,47.70%,42.70%,8.80%,0.60%,0.20%,结婚五周年纪念日的早上，尼克·邓恩（本·阿弗莱克 Ben Affleck 饰）来到妹妹玛戈（凯莉·库恩 Carrie Coon 饰）的酒吧，咒骂抱怨那个曾经彼此恩爱缠绵的妻子艾米（罗莎蒙德·派克 Rosamund Pike 饰）以及全然看不见希望的婚姻。当他返回家中时， 却发现客厅留下了暴行的痕迹，而妻子竟不见了踪影。女探员朗达·邦妮（金·迪肯斯 Kim Dickens 饰）接到报案后赶来调查，而现场留下的种种蛛丝马迹似乎昭示着这并非是一件寻常的失踪案，其背后或许隐藏着裂变于夫妻之情的谋杀罪行。艾米的失踪通过媒体大肆渲染和妄加揣测很快闻名全国，品行不端的尼克被推上风口浪尖，至今不见踪影的爱人对他进行无情审判，你侬我侬的甜言蜜语早已化作以血洗血的复仇与折磨…… 本片根据吉莉安·弗琳（Gillian Flynn）的同名小说改编。
无人知晓 誰も知らない,https://movie.douban.com/subject/1292337/,是枝裕和,是枝裕和,柳乐优弥 / 北浦爱 / 木村飞影 / 清水萌萌子 / 韩英惠 / 江原由希子 / 串田和美 / 冈元夕纪子 / 楯隆子 / 加濑亮 / 村野友希 / 田中庆太 / 木村佑一 / 远藤宪一 / 寺岛进 / 平泉成,剧情,日本,日语,2004-05-13(戛纳电影节) / 2004-08-07(日本),141分钟,谁知赤子心(港) / 无人知晓的夏日清晨(台) / Nobody Knows / Dare mo shiranai,tt0408664,9.1,351449,62.50%,31.90%,5.00%,0.40%,0.20%,新搬来的公寓这家人是母亲惠子（You饰）带着四个孩子：明（柳乐优弥饰）、京子、茂、雪。但母亲却得对周围的人们撒谎说丈夫去海外工作，自己与长子两个人在一起生活。事实是其它三名弟妹是“黑孩子”，因为四个孩子有着各自不同的父亲。他们一直呆在家中，没有去学校上学。 在母亲去百货商店工作时，年纪尚小的明就在家中代替母亲行使家长的职责。突然有一天母亲不见了，她把手中仅有的20万日元现金和一张短短的便条留给了孩子们，把弟妹托付给明看管后，就悄然地离家出走。 无亲无故，对外面几乎一无所知的四个孩子们，要开始面对新的生活，那实在不是件容易的事情……
时空恋旅人 About Time,https://movie.douban.com/subject/10577869/,理查德·柯蒂斯,理查德·柯蒂斯,多姆纳尔·格里森 / 瑞秋·麦克亚当斯 / 比尔·奈伊 / 莉迪亚·威尔逊 / 琳赛·邓肯 / 理查德·科德里 / 约书亚·麦圭尔 / 汤姆·霍兰德尔 / 玛格特·罗比 / 维尔·梅里克 / 凡妮莎·柯比 / 汤姆·休斯 / 哈利·海顿-佩顿 / 米切尔·马伦 / 丽莎·艾科恩 / 珍妮·莱恩斯福德 / 菲利普-沃斯 / 凯瑟琳·斯戴曼 / 汤姆·斯托顿 / 安部春香 / 李·阿斯奎斯-柯 / 理查德·班克斯 / 保罗·布莱克维尔 / 贝恩·科拉科 / 格拉姆·柯里 / 罗薇娜·戴蒙德 / 约翰·达根 / 迪诺·法赞尼 / 内芙·加切夫 / 理查德·E·格兰特 / 理查德·格雷弗斯 / 李·尼古拉斯·哈里斯 / 理查德·赫德曼 / 李仙湖 / 马修·C·马蒂诺 / 马汀·麦格 / 艾莉克丝·摩尔,喜剧 / 爱情 / 奇幻,英国 / 美国,英语,2013-09-04(英国),123分钟,回到最爱的一天(港) / 真爱每一天(台) / 时空旅恋人 / 时空旅的恋人,tt2194499,8.8,737166,52.70%,36.40%,9.90%,0.80%,0.20%,Tim（多姆纳尔·格利森 Domhnall Gleeson 饰）21岁了，他的老爸（比尔·奈伊 Bill Nighy 饰）告诉他，他们家族的男人都有时光旅行的超能力，可以回到过去。于是Tim将信就疑地试了一下，回到了夏天，在那里他试图改变和暗恋对象的关系，却发现怎么穿越时空都不能让不爱你的人爱上你。之后Tim来到了伦敦，成为了一个律师。他爱上了一个漂亮的姑娘Mary（瑞秋·麦克亚当斯 Rachel McAdams 饰），他通过几次时空旅行，努力地想成为Mary的男朋友。再后来，他又试图通过时光旅行，去挽回一场失败的话剧，去改善妹妹的生活，去更好地和亲人、朋友相处，度过生命中的每一天。
茶馆,https://movie.douban.com/subject/1461403/,谢添,老舍,于是之 / 郑榕 / 蓝天野 / 英若诚 / 黄宗洛 / 童超 / 金昭 / 林连昆 / 牛星丽 / 谭宗尧 / 童弟 / 吴淑昆 / 胡宗温 / 程中 / 李大千 / 李源 / 李翔 / 张瞳 / 任宝贤 / 尚丽娟 / 米铁增 / 田春奎 / 冯增祥 / 雷飞 / 林东升 / 孟瑾 / 孙峻峰 / 平原 / 曹世骧 / 王大年 / 王淑华 / 张华 / 丁海涛 / 朱旭 / 孙敬修 / 曹孟浪 / 何康理,剧情 / 历史,中国大陆,汉语普通话,1982(中国大陆),118分钟,The Teahouse,tt1395030,9.6,180311,80.80%,16.70%,2.30%,0.20%,0.10%,世纪之交，古老的中国正迎来前所未有的巨大变革。老态龙钟的大清王朝摇摇欲坠，六君子的鲜血无法阻止历史车轮的滚动，老北京城的上空风云变幻，波谲云诡。王利发（于是之 饰），北京城内裕泰茶馆的年轻掌柜。他谨记父亲的教诲，体面周全地迎送四方宾客。小小的茶馆内，三教九流各色人等穿梭于此：提笼架鸟哀叹时运的松二爷（黄宗洛 饰）；慨叹国之将亡的刚毅满人常四爷（郑榕 饰）；一心谋求实业救国的秦仲义（蓝天野 饰）；丧尽天良买卖人口的刘麻子（英若诚 饰）；打算娶老婆的庞太监（童超 饰）……你方唱罢我登场，小小茶馆之内演尽世间的沧桑与凄凉…… 本片根据老舍同名原著改编，并1983年第3届中国电影金鸡奖特别奖、文化部1982年优秀影片奖特别奖。
倩女幽魂,https://movie.douban.com/subject/1297447/,程小东,阮继志,张国荣 / 王祖贤 / 午马 / 刘兆铭 / 林威 / 薛芷伦 / 胡大为 / 王晶,爱情 / 奇幻 / 武侠 / 古装,中国香港,粤语,2011-04-30(中国大陆) / 2025-04(中国大陆重映) / 1987-07-18(中国香港),96分钟,倩女幽魂(87版) / 倩女幽魂：妖魔道 / A Chinese Ghost Story,tt0093978,8.8,781964,49.30%,41.00%,9.20%,0.40%,0.10%,书生宁采臣（张国荣饰）收账不成，无处可归，遂夜宿鬼寺兰若寺，遇上侠士燕赤霞（午马饰），二人成为邻居。一日偶遇艳女小倩（王祖贤饰），二人两情相悦，但小倩乃是被树妖姥姥控制的鬼魂，专门迷惑精壮男子代姥姥吸取阳气。小倩见宁采臣心地善良不忍加害，并与他感情逐渐加深。宁采臣欲救小倩脱离姥姥魔掌，但苦于姥姥功力深厚，小倩无法脱离其魔掌。二人遂向燕赤霞求救......
完美的世界 A Perfect World,https://movie.douban.com/subject/1300992/,克林特·伊斯特伍德,约翰·李·汉考克,凯文·科斯特纳 / 劳拉·邓恩 / 克林特·伊斯特伍德 / T·J·劳瑟 / 基斯·斯扎拉巴基克,剧情 / 犯罪,美国,英语,1993-11-24(美国),138分钟,强盗保镳,tt0107808,9.1,340905,63.50%,30.30%,5.60%,0.50%,0.20%,单亲孩子菲利普·佩里（T·J·劳瑟 T.J. Lowther 饰）的母亲对他管教甚严，8岁的小菲利普甚至从未参加过一次鬼节讨糖果的游戏。附近州监狱的两名罪犯越狱成功，劫持了菲利普作为人质，向德州边界逃窜。途中，罪犯之一的布奇（凯文·科斯特纳 Kevin Costner 饰）干掉了鲁莽愚蠢的同伙，却对小菲利普照顾有加。与此同时，德州警探瑞德（克林特·伊斯特伍德 Clint Eastwood 饰）带着手下和州长特派的犯罪专家萨利（劳拉·邓恩 Laura Dern 饰）一同火速追捕布奇。双方在德克萨斯州境内展开了一场公路赛大竞技；而小菲利普也经历了很多从未想过过的刺激与快乐，并与布奇产生了一种近似父子的不寻常感情……
阳光灿烂的日子,https://movie.douban.com/subject/1291875/,姜文,姜文 / 王朔,夏雨 / 宁静 / 陶虹 / 耿乐 / 斯琴高娃 / 冯小刚 / 刘小宁 / 姜文 / 王学圻 / 王朔 / 尚楠 / 方化 / 代少波 / 王海 / 姚二嘎 / 吴淑昆 / 左小青 / 韩冬 / 孙靖 / 刘斌 / 张维 / 杨彤林 / 王海 / 王福 / 胡贝贝 / 高保成 / 吴淑琨 / 张华 / 二勇 / 烈子 / 陈伟,剧情 / 爱情,中国大陆 / 中国香港,汉语普通话,1995-08-21(中国大陆) / 1995-06-28(中国香港) / 1994-09-09(威尼斯电影节),134分钟(中国大陆),In the Heat of the Sun,tt0111786,8.8,657356,52.60%,37.90%,8.60%,0.60%,0.20%,20世纪70年代初的北京，忙着“闹革命”大人无空理会小孩，加上学校停课无事可做，以军队大院男孩为突出代表的少年人便自找乐子，靠起哄、打架、闹事、拍婆子等方式挥霍过量的荷尔蒙。马小军（夏雨 饰）就是这样的少年，他的嗜好之一是趁别人家无人用万能钥匙将其锁打开，溜进去耍玩一番，正是用这样的方式，少女米兰（宁静 饰）的照片先于其人入了马小军的双眼。通过院里的“头儿”刘忆苦（耿乐 饰），马小军又见到之前在炮局偶然瞥见过一眼的米兰，开始正式将其当作梦中情人，然而在米兰眼中，马小军不过是毛孩一个，她中意的人是成熟、稳重、帅气的刘忆苦。自此，马小军迎来五味混杂的青春期生活。 本片改编自王朔短篇小说《动物凶猛》。夏雨凭此片获得第51届威尼斯国际电影节最佳男演员（银狮奖）。
小森林 夏秋篇 リトル?フォレスト 夏?秋,https://movie.douban.com/subject/25814705/,森淳一,森淳一 / 五十岚大介,桥本爱 / 三浦贵大 / 松冈茉优 / 温水洋一 / 桐岛加恋,剧情,日本,日语,2014-08-30(日本),111分钟,小森食光/夏秋篇(台) / Little Forest Summer & Autumn,tt3474600,9,451914,59.30%,32.50%,7.40%,0.60%,0.20%,平凡女孩市子（桥本爱 饰）自幼生长在位于日本东北地区的村庄小森。这里远离都市的喧嚣和浮躁，为青山绿水所环绕，俨然一个幽静怡然的世外桃源。村民们日出而作，日落而息，依靠一双勤劳的双手经营渺小却舒适的生活，与世无争。市子曾经前往东京闯荡，只不过她终究无法适应都市快节奏的步伐，最终回到了妈妈早已不在的老宅。童年时妈妈福子利用山川田野各种食材做出胡乱命名的美食，实心眼的市子在感叹受骗之余，也将美好的回忆留在了味蕾深处。仿佛遵循着母亲的步伐，她将对故乡的热爱融入了美食的烹制中。在朋友佑太（三浦贵大 饰）和吉子（松冈茉优 饰）的环绕下，享受着无忧无虑的人生…… 本片根据五十岚大介的漫画改编。
天使爱美丽 Le Fabuleux destin d'Amélie Poulain,https://movie.douban.com/subject/1292215/,让-皮埃尔·热内,纪尧姆·洛朗 / 让-皮埃尔·热内,奥黛丽·塔图 / 马修·卡索维茨 / 吕菲斯 / 洛莱拉·克拉沃塔 / 塞尔·梅林 / 贾梅尔·杜布兹 / 克洛蒂尔德·莫莱特 / 克莱尔·莫里耶 / 伊莎贝尔·南蒂 / 多米尼克·皮侬 / 阿尔蒂斯·德·彭居埃恩 / 友兰达·梦露 / 于尔班·康塞利埃 / 莫里斯·贝尼舒 / 米歇尔·罗班 / 安德烈·达芒 / 克洛德·佩隆 / 阿尔梅尔 / 迪基·奥尔加多 / 凯文·迪亚士 / 弗洛拉·吉耶 / 阿莫里·巴博尔 / 欧仁·贝蒂埃 / 让·达里 / 马克·阿米约,剧情 / 喜剧 / 爱情,法国 / 德国,法语 / 俄语,2001-04-25(法国) / 2001-08-16(德国),122分钟,艾蜜莉的异想世界(台) / 天使艾米莉 / 天使艾美丽 / 阿梅丽的奇妙命运 / 艾蜜丽 / Amelie,tt0211915,8.7,991076,50.00%,36.70%,11.70%,1.20%,0.30%,艾米莉（奥黛丽·塔图 Audrey Tautou 饰）有着别人看来不幸的童年——父亲给她做健康检查时，发现她心跳过快，便断定她患上心脏病，从此艾米莉与学校绝缘。随后因为一桩意外，母亲在她眼前突然死去。这一切都毫不影响艾米莉对生活的豁达乐观。 1997年，戴安娜王妃的去世让她倍感人生的孤独脆弱，艾米莉从此开始了一系列助人计划，包括自闭忧郁的邻居老人，被老板刻薄的菜摊伙计、遗失了童年器物的旧房东、爱情失意的咖啡店同事。但她万万想不到，成人录象带商店店员尼诺（马修·卡索维 Mathieu Kassovitz 饰），竟成为她的棘手对象，艾米莉开始了令人哭笑不得的另类计划……
驯龙高手 How to Train Your Dragon,https://movie.douban.com/subject/2353023/,迪恩·德布洛斯,威廉姆·戴维斯 / 迪恩·德布洛斯 / 克里斯·桑德斯 / 葛蕾熙达·柯维尔,杰伊·巴鲁切尔 / 杰拉德·巴特勒 / 克雷格·费格森 / 亚美莉卡·费雷拉 / 乔纳·希尔 / 克里斯托夫·梅兹-普莱瑟 / T·J·米勒 / 克里斯汀·韦格 / 罗宾·阿特金·唐斯 / 菲利普·麦格雷德 / 基隆·埃利奥特 / 阿什利·詹森 / 大卫·田纳特,动画 / 奇幻 / 冒险,美国,英语,2010-05-14(中国大陆) / 2010-03-18(俄罗斯) / 2010-03-26(美国),98分钟,驯龙记(港),tt0892769,8.8,808452,49.30%,40.80%,9.40%,0.40%,0.10%,维京岛国的少年小嗝嗝（杰伊?巴鲁切尔 Jay Baruchel 配音）是部落统领伟大的斯托里克（杰拉德·巴特勒 Gerard Butler 配音）的儿子，他非常想像自己的父亲一样亲手屠龙——这些飞龙是岛上维京人放牧羊群的主要天敌——但他每次出现在部落屠龙的战斗中都只给大家徒增烦恼。在一次对抗飞龙的战斗中，希卡普偷偷用射龙器击伤了一只最神秘的“夜之怒龙”，并背着族人放生、豢养，甚至驯服了这只龙，还给它起名“无牙”。希卡普的神秘行径引起了一同训练屠龙技巧的女孩阿斯特丽德（亚美莉卡·费雷拉 America Ferrera 配音）的怀疑。阿斯特丽德发现了希卡普的秘密，却同时被身骑“无牙”御风而飞的美妙体验所震撼。格雷决定在屠龙成人礼上向远征归来的斯托里克和族人讲明真相，说服大家放弃屠龙，却偏偏弄巧成拙，害得“无牙”被俘，一场更大的灾难就在眼前……
侧耳倾听 耳をすませば,https://movie.douban.com/subject/1297052/,近藤喜文,宫崎骏 / 柊葵,本名阳子 / 小林桂树 / 高山南 / 高桥一生 / 山下容莉枝 / 室井滋 / 露口茂 / 饭冢雅弓,剧情 / 爱情 / 动画,日本,日语 / 英语,1995-07-15(日本),111分钟,心之谷(台) / 梦幻街少女(港) / Whisper of the Heart / Mimi wo sumaseba,tt0113824,8.9,496769,56.30%,34.80%,8.30%,0.50%,0.10%,正在读初三的月岛雯是一个喜欢看书的女孩，她每次都能在借书卡上看到一个叫天泽圣司名字，因此她对这个人充满了好奇。 雯一直喜欢写诗，有一天她跟好友夕子在讨论写诗的事，夕子告诉雯自己收到了情书，但事实上夕子已有了喜欢的人。更没有想到的是，夕子喜欢的杉村喜欢的是雯，雯一时间感到十分困惑。 雯无意中来到了一个小店，原来店主是圣司的爷爷。认识了圣司之后，听到了圣司对自己理想的追求之后，也激发了雯对自己理想的追求之念。当圣司离开了到意大利学习做小提琴时，雯决定要专心写作。当雯完成了作品之后，她发现原来自己高估了自己，就这样她选择继续考高中，这时她非常想念圣司。 一天凌晨，她站到窗边，突然看到了一个熟悉的身影……
头脑特工队 Inside Out,https://movie.douban.com/subject/10533913/,彼特·道格特,彼特·道格特 / 罗纳尔多·德尔·卡门 / 梅格·勒福夫 / 乔什·库雷 / 迈克尔·阿恩特 / 西蒙·里奇 / 鲍勃·彼德森 / 比尔·哈德尔 / 艾米·波勒,艾米·波勒 / 菲利丝·史密斯 / 理查德·坎德 / 比尔·哈德尔 / 刘易斯·布莱克 / 敏迪·卡灵 / 凯特林·迪亚斯 / 戴安·琳恩 / 凯尔·麦克拉克伦 / 波拉·庞德斯通 / 鲍比·莫尼汉 / 保拉·佩尔 / 大卫·戈尔兹 / 弗兰克·奥兹 / 乔什·库雷 / 弗利 / 约翰·拉森贝格 / 卡洛斯·阿拉斯拉奇 / 皮特·萨加尔 / 拉什达·琼斯 / 罗里·艾伦 / 约翰·齐甘 / 雪莉·琳恩 / 拉瑞恩·纽曼 / 帕丽斯·冯·戴克,喜剧 / 动画 / 冒险,美国,英语,2015-10-06(中国大陆) / 2015-06-19(美国),95分钟,玩转脑朋友(港) / 脑筋急转弯(台) / 头脑大作战 / 大脑环游记 / 脑中小小人 / 大脑内外 / 由内而外 / 头脑总动员,tt2096673,8.8,724964,53.10%,36.10%,9.90%,0.70%,0.20%,可爱的小女孩莱莉（凯特林·迪亚斯 Kaitlyn Dias 配音）出生在明尼苏达州一个平凡的家庭中，从小她在父母的呵护下长大，脑海中保存着无数美好甜蜜的回忆。当然这些记忆还与几个莱莉未曾谋面的伙伴息息相关，他们就是人类的五种主要情绪：乐乐（艾米·波勒 Amy Poehl er 配音）、忧忧（菲利丝·史密斯 Phyllis Smith 配音）、怕怕（比尔·哈德尔 Bill Hader 配音）、厌厌（敏迪·卡灵 Mindy Kaling 配音）和怒怒（刘易斯·布莱克 Lewis Black 配音）。乐乐作为团队的领导，她协同其他伙伴致力于为小主人营造更多美好的珍贵回忆。某天，莱莉随同父母搬到了旧金山，肮脏逼仄的公寓、陌生的校园环境、逐渐失落的友情都让莱莉无所适从，她的负面情绪逐渐累积，内心美好的世界渐次崩塌。 为了保护这一切，乐乐只有行动起来……
新世界 ???,https://movie.douban.com/subject/10437779/,朴勋政,朴勋政,李政宰 / 崔岷植 / 黄政民 / 宋智孝 / 朴成雄 / 金秉玉 / 金胤成,剧情 / 犯罪,韩国,韩语 / 汉语普通话,2013-02-21(韩国),134分钟,暗黑新世界(台) / New World / Sinsegye,tt2625030,8.9,489390,55.50%,36.40%,7.40%,0.50%,0.20%,金门集团会长、暴力组织在虎派大佬石东出遭遇车祸身亡，该事件在黑白两道引起不小震荡。为了遏制金门集团进一步向合法领域渗透并持续壮大，警方及时提出“新世界计划”，旨在干预金门集团继任大佬的选举。而围绕会长头衔，金门旗下三号人物华侨出身的丁青（黄正民 饰）和四号人物常务理事李仲久（朴圣雄 饰）展开一连串明争暗斗。在危机四伏的当下，警方姜科长（崔岷植 饰）命令卧底十年之久的李子成（李政宰 饰）左右选举结果。子成六年前和丁青结识，并且得到对方的器重和信任。早已厌倦黑道生活的子成无奈受命，却无疑将自己投入了凶险非常的黑色漩涡之中。 充满鲜血与欲望的战场，新世界何日来临？
教父3 The Godfather: Part III,https://movie.douban.com/subject/1294240/,弗朗西斯·福特·科波拉,马里奥·普佐 / 弗朗西斯·福特·科波拉,阿尔·帕西诺 / 黛安·基顿 / 塔莉娅·夏尔 / 安迪·加西亚 / 伊莱·瓦拉赫 / 乔·曼特纳 / 乔治·汉密尔顿 / 布里吉特·方达 / 索菲亚·科波拉 / 雷夫·瓦朗 / 弗兰克·德安布罗西奥 / 敦尔·当纳利 / 理查德·布赖特 / 赫尔穆特·贝格 / 唐·诺韦洛,剧情 / 犯罪,美国,英语 / 意大利语 / 德语 / 拉丁语,1990-12-25(美国),162分钟,"教父第三集 / 教父 III / 马里奥·普佐的教父终章：迈克·柯里昂之死 / Mario Puzo’s The Godfather, Coda: The Death of Michael Corleone",tt0099674,9,405540,60.00%,32.00%,7.30%,0.50%,0.20%,转眼间已经是1979年，第二代教父麦克?柯里昂（阿尔?帕西诺 饰）到了垂暮之年，为了灵魂的救赎，麦克慢慢结束家族的黑道事业，转投正当生意。 麦克的儿子托尼酷爱艺术，无意接手家族事业，迈克尔决定让大哥逊尼的私生子，火爆好色的文森（安迪?加西亚 饰）继承家业，当第三代教父。麦克的爱女玛丽（索菲娅?科波拉 饰）和文森相恋，遭到父亲的反对，父女渐渐疏远。 为了使家族资产合法化，麦克通过在梵蒂冈教廷的关系网，准备投资“屹立”集团，却遭到敌人的暗中阻挠，教皇的去世也让事情更加扑朔迷离。 麦克无奈之下，只能重新选择用暴力解决问题，他的亲人也被卷入了这场血雨腥风。
"怪兽电力公司 Monsters, Inc.",https://movie.douban.com/subject/1291579/,彼特·道格特,安德鲁·斯坦顿 / 丹尼尔·吉尔森 / 罗伯特·L·贝尔德 / 瑞特·里斯 / 乔纳森·罗伯特 / 彼特·道格特 / 杰夫·皮金 / 吉尔·卡尔顿 / 拉夫·埃格尔斯顿,约翰·古德曼 / 比利·克里斯托 / 玛丽·吉布斯 / 史蒂夫·布西密 / 詹姆斯·柯本 / 詹妮弗·提莉 / 鲍勃·彼德森 / 约翰·拉森贝格 / 弗兰克·奥兹 / 丹尼尔·吉尔森 / 邦妮·亨特 / 杰克·安杰尔 / 塞缪尔·洛德·布莱克 / 史蒂夫·萨斯坎德,喜剧 / 动画 / 儿童 / 奇幻 / 冒险,美国,英语,2001-11-02(美国) / 2012-12-19(美国),92分钟,怪兽公司(港) / 怪物公司,tt0198781,8.8,726788,49.40%,40.90%,9.20%,0.40%,0.10%,我们不知道，在那样的世界里住着那样一群怪物。他们长相滑稽，却必须装作狰狞。因为，在夜深的时候，他们要悄悄的出现在孩子的衣橱里，吓唬刚刚甜美睡去的宝宝。一切，只因为他们是怪物电力公司的员工，而孩子的尖叫，则是怪物王国发电的全部能量。怪物们害怕孩子，却又必须让孩子尖叫。在怪物的国度里，他们都是为全民造福的英雄。 毛怪苏利文（约翰?古德曼）是怪物公司最出色的员工，业绩总是摇摇领先，他吓哭的小孩儿不计其数。他与搭档大眼怪麦克（比利?克里斯托）很受大家的爱戴。一次偶然，毛怪不小心把一个两岁的小女孩阿布（玛丽?吉布斯）带回了怪物世界，引起了极大的恐慌，调皮可爱的阿布把这些可怕的怪物吓的人仰马翻。警方在追捕阿布，而坏蛋亨利（詹姆斯?柯博）也计划利用阿布进行他改革工厂的邪恶计划。 另一方面，在与阿布相处的过程中，毛怪渐渐对她产生莫名的情愫，甚至因此被放逐野外。可是一切都不能抵挡毛怪拯救女孩的信念，为了阿布，毛怪踏上了艰险的旅程……
傲慢与偏见 Pride & Prejudice,https://movie.douban.com/subject/1418200/,乔·赖特,简·奥斯汀 / 黛博拉·莫盖茨,凯拉·奈特莉 / 马修·麦克费登 / 唐纳德·萨瑟兰 / 布兰达·布莱斯 / 凯瑞·穆里根 / 裴淳华 / 吉娜·马隆 / 妲露拉·莱莉 / 朱迪·丹奇 / 西蒙·伍兹 / 克劳迪·布莱克利 / 汤姆·霍兰德尔 / 鲁伯特·弗兰德 / 凯利·蕾莉 / 皮普·托伦斯 / 西妮德·马修斯 / 佩内洛普·威尔顿 / 塔姆金·莫钦特,剧情 / 爱情,法国 / 英国 / 美国,英语,2005-09-16(英国),129 分钟,傲慢与偏见2005 / Pride And Prejudice,tt0414387,8.7,866294,48.70%,39.90%,10.50%,0.80%,0.20%,根据简·奥斯汀同名小说改编。伊丽莎白·班纳特(凯拉·奈特丽 饰)出身于小地主家庭，有四个姐妹，母亲班纳特太太整天操心着为女儿物色称心如意的丈夫。新来的邻居宾格来先生和他的朋友达西（马修·麦克菲迪恩 饰）打破了她们一家人单调的乡村生活。宾格来和伊丽莎白的姐姐简·班纳特互生情愫；达西对善良聪明的伊丽莎白产生了好感，而伊丽莎白却对达西不可一世的傲慢心存偏见，不接受他的感情。然而，世事难料，宾格来和简·班纳特因为误会，关系危在旦夕；达西的种种作为，展示了性格中和伊丽莎白相同的善良一面，逐渐赢得了伊丽莎白的好感。两对有情人能否终成眷属？班纳特姐妹们能否得到自己想要的生活？ 简·奥斯汀笔下十九世纪初英国乡村生活和社会风貌，重新展现在大银幕上。
一个叫欧维的男人决定去死 En man som heter Ove,https://movie.douban.com/subject/26628357/,汉内斯·赫尔姆,汉内斯·赫尔姆 / 弗雷德里克·巴克曼,罗夫·拉斯加德 / 巴哈·帕斯 / 托比亚斯·阿姆博瑞 / 菲利普·伯格 / 安娜-莱娜·布伦丁 / 博瑞·伦贝里 / 埃达·英格薇 / 弗雷德里克·埃弗斯 / 玛德琳·雅各布松 / 查特里娜·拉松 / 杰克尔·法尔斯特伦,剧情,瑞典,瑞典语 / 波斯语,2015-12-25(瑞典),116分钟,明天别再来敲门(台) / 想死冇咁易(港) / 叫欧裴的男人 / 欧维决定去死 / A Man Called Ove / Mr. Ove,tt4080728,8.9,527070,54.30%,37.60%,7.50%,0.50%,0.10%,欧维（罗夫·拉斯加德 Rolf Lassg?rd 饰）是一个刻板而又固执的老头，他的妻子半年前死于疾病，留他一人生活在这个混乱不堪的世界之中。每天早晨，欧维都会定时在社区里进行巡视，确认所有的车辆都停在应停的位置，呵斥违反规定私自驶入社区的车辆，赶走四处乱转破坏环境的猫狗，在社区居民眼里，欧维是“来自地狱的恶邻”，可每个人都明白，这其实是欧维对于社区爱之深刻的表现。 某一日，欧维遭到了上司的解雇，离开了恪守了几十年的工作岗位，心灰意冷对现世了无牵挂的欧维决定自杀。然而，就在这个节骨眼上，一位名为帕维娜（巴哈·帕斯 Bahar Pars 饰）的女子和丈夫带着两个孩子搬到了欧维的隔壁，成为了欧维自杀计划的绊脚石。
玩具总动员3 Toy Story 3,https://movie.douban.com/subject/1858711/,李·昂克里奇,迈克尔·阿恩特 / 约翰·拉塞特 / 安德鲁·斯坦顿 / 李·昂克里奇,汤姆·汉克斯 / 蒂姆·艾伦 / 琼·库萨克 / 尼德·巴蒂 / 唐·里克斯 / 迈克尔·基顿,喜剧 / 动画 / 奇幻 / 冒险,美国,英语 / 西班牙语,2010-06-16(中国大陆) / 2010-06-18(美国),103分钟,反斗奇兵3(港) / 玩具的故事3,tt0435761,8.9,558216,55.40%,35.40%,8.70%,0.40%,0.10%,距上一次的冒险已经过去11个年头，转眼间安迪（约翰·莫里斯 John Morris 配音）变成了17岁的阳光男孩。这年夏天，安迪即将开始大学生活，他必须将自己的房间收拾整齐留给妹妹。此前，伍迪（汤姆·汉克斯 Tom Hanks 配音）与巴斯光年（蒂姆·艾伦 Tim Allen 配音）等玩具一直期待安迪再和他们玩耍，但是随着岁月的流逝，他们被冷落在箱子里很久了。安迪十分珍惜这些童年的玩伴，于是准备将他们收在阁楼。谁曾想，妈妈却把玩具们当作废物扔到街道上。玩具们误解了安迪，于是愤然出走，宁可被捐赠到阳光之家幼儿园。 伍迪尽力劝解大家，却收效甚微，只得独自黯然离开。巴斯光年他们原本以为将重新回到往昔的快乐时光，不料却陷入一场阴谋之中……
幸福终点站 The Terminal,https://movie.douban.com/subject/1292274/,史蒂文·斯皮尔伯格,安德鲁·尼科尔 / 萨沙·杰瓦西 / 杰夫·内桑森,汤姆·汉克斯 / 凯瑟琳·泽塔-琼斯 / 斯坦利·图齐 / 齐·麦克布赖德 / 迭戈·卢纳 / 巴里·沙巴卡·亨利 / 库玛·帕拉纳 / 佐伊·索尔达娜 / 埃迪·琼斯 / 祖德·塞克利拉 / 科瑞·雷诺兹 / 吉列尔莫·迪亚兹 / 里尼·贝尔 / 瓦列里·尼古拉耶夫 / 迈克尔·诺里 / 鲍勃·莫里西 / 萨沙·斯皮尔伯格 / 苏珊·索洛米 / 卡尔利斯·布克 / 斯蒂芬·富勒 / 丹·芬纳蒂 / 莉迪亚·布兰科 / 肯尼斯·崔 / 卡斯·安瓦尔 / 康拉德·皮拉 / 杜桑恩·杜基齐 / 马克·伊瓦涅 / Benny Golson / 斯科特·安第斯 / 罗伯特·科瓦吕比亚 / Dilva Henry / 卡尔艾拉切 / 哈亚提·阿克巴斯 / 艾力克斯·伯恩斯 / 埃莱娜·卡多纳 / Dan Chase / 查得·R·戴维斯 / 安东内拉·埃莉亚 / Michael Eliopoulos / 马斯顿·福布斯 / Riad Galayini / 杰拉德·加纳 / 贾斯汀·罗杰斯豪尔 / 穆罕默德·哈桑 / Amber Havens / Ksenia Jarova / 巴里·朱利安 / Svilena Kidess / Zuzana Monroe / 艾丽西亚·奥奇瑟 / 本杰明·奥切恩格,剧情 / 喜剧 / 爱情,美国,英语 / 保加利亚语 / 西班牙语 / 俄语 / 汉语普通话 / 德语 / 法语,2005-01-14(中国大陆) / 2004-06-18(美国),128分钟,机场客运站(港) / 航站情缘(台) / 航站奇缘 / 单程机票航站奇缘 / 候机楼 / 单程机票 / 爱你无国界,tt0362227,8.8,610159,52.20%,38.70%,8.40%,0.60%,0.10%,为了完成父亲的心愿，维克多（汤姆?汉克斯 Tom Hanks 饰）从故国乘坐飞机前往美国肯尼迪机场，但戏剧性的事情发生了：他被告知祖国发生政变，而他的身份证护照一一失效，同时他的签证也无法再使用。进退两难的维克多只有在机场滞留，等待新证件的办理。 但是，他在机场等待了整整9个月。在这9个月里面，他用机场的洗手间洗漱，在候机室睡觉，他已经学懂因地制宜，在机场照料自己的生活，甚至还找了一份建筑工地工作。然而维克多的邋遢晦气却招来了机场负责人弗兰克（史坦利?图齐 Stanley Tucci 饰）的不满，而恐怕更令他气愤妒忌的是，美丽的空姐艾米利亚（凯瑟琳?泽塔-琼斯 Catherine Zeta-Jones 饰）竟然爱上了维克多。处在甜蜜中的维克多，也在慢慢观察机场的人生百态，自得其乐。
小森林 冬春篇 リトル?フォレスト 冬?春,https://movie.douban.com/subject/25814707/,森淳一,森淳一 / 五十岚大介,桥本爱 / 三浦贵大 / 松冈茉优 / 温水洋一 / 桐岛加恋,剧情,日本,日语,2015-02-14(日本),120分钟,小森食光/冬春篇(台) / Little Forest: Winter & Spring,tt3474602,9,401891,60.30%,32.00%,7.00%,0.50%,0.20%,于无法融入喧嚣吵闹的大城市，平凡女孩市子（桥本爱 饰）选择回到自幼生长的老家——位于日本东北地区的小森村。这里没有过多时尚文明的色彩，当地人过着日出而作日落而息的传统生活，他们靠天吃饭，靠着双手经营人生。生活虽不富裕，心中则是满满的充实和欢喜。受妈妈（桐島かれん 饰） 影响，市子似乎对亲手制作各种美味而廉价的料理有着格外浓厚的兴趣。妈妈失踪已经很久，对料理的回忆与再现成为母女间别具特色的交流方式。更何况还有取自大自然的各种食材，又怎能暴殄天物浪费了大好的韶光？在好友纪子（松冈茉优 饰）和裕太（三浦贵大 饰）的陪伴下，市子静静地走过了春夏秋冬…… 本片根据漫画家五十岚大介的原作改编。
色，戒,https://movie.douban.com/subject/1828115/,李安,王蕙玲 / 詹姆斯·夏慕斯 / 张爱玲,梁朝伟 / 汤唯 / 陈冲 / 王力宏 / 庹宗华 / 朱芷莹 / 高英轩 / 柯宇纶 / 阮德锵 / 钱嘉乐 / 苏岩 / 何赛飞 / 宋茹惠 / 樊光耀 / 卢燕 / 刘洁 / 余娅 / 王琳 / 王侃 / 竹下明子 / 阿努潘·凯尔,剧情 / 爱情 / 情色,中国台湾 / 中国大陆 / 美国 / 中国香港,汉语普通话 / 上海话 / 英语 / 粤语 / 日语 / 印地语,2007-11-01(中国大陆) / 2007-09-24(中国台湾) / 2007-09-26(中国香港) / 2007-08-30(威尼斯电影节) / 2007-10-26(美国),158分钟,"色|戒 / 色·戒 / 色戒 / Lust, Caution",tt0808357,8.7,895303,48.70%,39.20%,11.00%,0.80%,0.30%,本是岭南大学学生的王佳芝（汤唯 饰）因战争辗转到了香港读书，她在香港大学加入了爱国青年邝裕民（王力宏 饰）组织的话剧组，他们主演的爱国话剧更激起了他们的爱国情操。当邝裕民得知汪伪政府的特务头子易先生（梁朝伟 饰）正在香港的时候，他们便密谋要刺杀易先生。化名“麦太太”的王佳芝很快得到了易太太（陈冲 饰）的信任与喜爱，同时美丽的“麦太太”也吸引了易先生的眼球，正当事情进行得如火如荼之际，易先生突然要回到上海去。 此后王佳芝一直生活在上海，没想到重遇了邝裕民。当得知刺杀行动还没结束时，王佳芝再次成为了特务，再次以“麦太太”的身份出现在易先生的面前。 重逢后的二人关系进一步发展，此时的易先生因爱上了王佳芝而对她毫无忌讳，王佳芝的内心也变得起伏不定。刺杀行动进行正顺利，但当易先生送给王佳芝璀璨钻戒表达爱意时，王佳芝做出了惊人的决定……
被解救的姜戈 Django Unchained,https://movie.douban.com/subject/6307447/,昆汀·塔伦蒂诺,昆汀·塔伦蒂诺,杰米·福克斯 / 莱昂纳多·迪卡普里奥 / 克里斯托弗·瓦尔兹 / 塞缪尔·杰克逊 / 凯丽·华盛顿 / 沃尔顿·戈金斯 / 丹尼斯·克里斯托弗 / 乔纳·希尔 / 詹姆斯·瑞马尔 / 爱波·塔布琳 / 弗兰科·内罗 / 罗伯特·卡拉丁 / 佐伊·贝尔,剧情 / 动作 / 西部 / 冒险,美国,英语 / 法语 / 德语,2013-05-12(中国大陆) / 2012-12-25(美国),163分钟(中国大陆),被解放的姜戈 / 决杀令(台) / 黑杀令(港) / 被解放的迪亚戈 / 铁血枷锁 / 解放的詹哥 / 奔放的强哥 / 强哥好强,tt1853728,8.8,653699,51.60%,39.20%,8.40%,0.60%,0.20%,1858年，美国南北战争前两年。德国赏金猎人金·舒尔茨（克里斯托弗·瓦尔兹 Christoph Waltz饰）从贩奴商人手中买下黑奴姜戈（杰米·福克斯 Jamie Foxx饰），让其重获自由。舒尔茨实则是要把姜戈培养成无法无天的赏金猎人，为其缉拿各种通缉犯以换取报酬。姜 戈的唯一条件是：从暴虐的糖果庄园主卡尔文·坎迪（莱昂纳多·迪卡普里奥 Leonardo DiCaprio饰）手中解救出自己的妻子布鲁姆希尔达（凯丽·华盛顿 Kerry Washington饰）。本片是昆汀向1966年由塞吉奥·考布西执导的经典意大利西部片《迪亚戈》的致敬之作。 鬼才导演痞子昆丁三年磨一剑，继《无耻混蛋》后又一巨制力作。本片延续昆汀一贯低调奢华的风格，处处可见奇思妙想的幽默元素和血腥野性的动作场面，更有强档群戏，豪华卡司，可谓看点十足。 《被解放的姜戈》荣获第85届奥斯卡金像奖-最佳原创剧本大奖，克里斯托弗·沃尔兹 Christoph Waltz则凭借此片荣获最佳男配角。本片同时荣获第85届奥斯卡金像奖最佳影片、最佳摄影和最佳音效剪辑提名。
釜山行 ???,https://movie.douban.com/subject/25986180/,延尚昊,延尚昊,孔刘 / 郑裕美 / 马东锡 / 金秀安 / 金义城 / 崔宇植 / 安昭熙 / 崔奎华 / 郑锡勇 / 芮秀贞 / 朴明申 / 张赫镇 / 禹都临 / 沈恩敬,动作 / 惊悚 / 灾难,韩国,韩语,2016-05-13(戛纳电影节) / 2016-07-20(韩国),118分钟,尸杀列车(港) / 尸速列车(台) / Train to Busan / Busanhaeng,tt5700672,8.6,1281185,43.80%,44.10%,10.90%,0.80%,0.30%,证券公司基金管理人石宇（孔侑 饰）光鲜精干，却也是个重利轻义之徒。妻子为此与之决裂，女儿秀安（金秀安 饰）则对如此自私的父亲越来越失望，决定前往釜山和母亲生活。在秀安生日这天，石宇抽出时间陪伴女儿登上开往釜山的特快列车。而与此同时，城市四处出现了极为可疑的暴动事件。政府极力洗白无法掩盖丧尸肆虐的事实，即便懵然无知的列车乘客也因为不速之客的到来而堕入恐慌绝望的地狱中。开车的刹那，一名感染者冲入车厢，而她很快尸变并对目光所及之处的健康人展开血腥屠杀。未过多久，丧尸便呈几何数爆发性地增长。石宇被迫和幸存者的乘客们在逼仄的空间中奋力求生。 通往釜山的遥遥旅途布满杀机，危难时刻每个幸存者的人性也承受巨大的考验……
神偷奶爸 Despicable Me,https://movie.douban.com/subject/3287562/,皮埃尔·柯芬,肯·道里欧 / 塞尔希奥·巴勃罗斯 / 辛科·保罗,史蒂夫·卡瑞尔 / 杰森·席格尔 / 拉塞尔·布兰德 / 朱莉·安德鲁斯 / 威尔·阿奈特 / 克里斯汀·韦格 / 米兰达·卡斯格拉夫 / 达纳·盖尔 / 艾尔西·费舍尔 / 皮埃尔·柯芬 / 克里斯·雷纳德 / 杰梅奈·克莱门特 / 杰克·麦克布瑞尔 / 丹尼·麦克布莱德 / 敏迪·卡灵 / 罗布·许贝尔 / 肯·道里欧 / 郑肯,喜剧 / 动画 / 冒险,美国 / 法国,英语,2010-06-20(莫斯科电影节) / 2010-07-09(美国),95分钟,卑鄙的我 / 坏蛋奖门人(港) / 偷天换“月”(港) / 我很贱 / Baby的我,tt1323594,8.7,1003196,45.30%,43.50%,10.60%,0.50%,0.10%,超级坏蛋格鲁（史蒂夫·卡瑞尔 Steve Carell 配音）在听说埃及金字塔被盗的新闻后不满市面上新贼辈出，决定在纳法利欧博士（拉塞尔·布兰德 Russell Brand 配音）的帮助下建造火箭升空盗取月亮。在向坏蛋银行贷款的过程中，格鲁盗取的收缩射线枪被新贼维克托（杰森·席格尔 Jason Segel 配音）抢走。为了夺回收缩射线枪，格鲁决定领养三位孤儿——玛戈（米兰达·卡斯格拉夫 Miranda Cosgrove 配音）、伊迪丝（达娜·盖伊 Dana Gaier 配音）和阿格蕾丝（埃尔希·费舍 Elsie Fisher 配音），利用她们进入维克托的城堡兜售饼干的机会实施偷盗，计划成功后再偷偷处理掉三个小孩。然而在平凡的日常相处中，格鲁却发现自己越来越离不开这三个小鬼，但这样的感情用事却将严重影响周密的盗月计划……
萤火之森 蛍火の杜へ,https://movie.douban.com/subject/5989818/,大森贵弘,绿川幸,佐仓绫音 / 内山昂辉 / 辻亲八 / 山本兼平 / 后藤弘树 / 今井麻美,剧情 / 爱情 / 动画 / 奇幻,日本,日语,2011-09-17(日本),45分钟,萤火之社 / Hotarubi no mori e / To the Forest of Firefly Lights,tt2061702,8.8,579126,54.70%,34.20%,9.90%,0.90%,0.30%,某年夏天，6岁小女孩竹川萤来到爷爷家度假，她闯进了传说住满妖怪的山神森林。正当她因为迷路而焦急万分的时候，一个戴着狐狸面具的大男孩出现在她面前，并引领着萤找到回家的路。虽然萤分外感激，可是男孩却禁止她碰触自己的身体，原来这名叫银的男孩并非人类，他一旦被人类碰触就会烟消云散。在此后的日子里，萤和银成为好朋友，他们走遍了森林的每一个角落玩耍。日复一日，年复一年，每到夏天的时候萤就会如约来到森林和好朋友见面。她遵守着和银的约定，无论如何也不碰触银的身体。随着年龄的增长，萤和银对彼此的情感都悄悄发生了变化，他们共同期待相聚的日子，共同期待拥抱对方…… 本片根据绿川幸的原作改编。
九品芝麻官,https://movie.douban.com/subject/1297518/,王晶,[佚名],周星驰 / 吴孟达 / 张敏 / 徐锦江 / 钟丽缇 / 蔡少芬 / 吴启华 / 邹兆龙 / 梁荣忠 / 黄一飞 / 苑琼丹 / 刘洵 / 黄一山,剧情 / 喜剧 / 古装,中国香港 / 中国大陆,粤语,1994-03-31(中国香港),108分钟,九品芝麻官之白面包青天 / Hail the Judge,tt0110201,8.7,742856,48.20%,41.80%,9.50%,0.40%,0.10%,包龙星（周星驰 饰）用钱买来了一个候补知县的职位，可是为人贪婪，县上的人都对他痛恨之极。在他代替正式知县的时候，戚家媳妇戚秦氏（张敏 饰）遭到了常威( 邹兆龙 饰 )的强暴，后来常威动了杀机把戚家上下都杀害了，更嫁祸于戚秦氏。常威是水师提督大人的儿子，请来大状方唐镜（吴启华 饰），收买了所有证人以便洗脱罪名。包龙星虽然极力寻找证据，也被迫害至落难他乡。他决定要上京告御状，后来他因没钱不得不在妓院打工，向老板娘学习了一身斗嘴的好功夫。他在妓院里误打误撞认识了皇上，帮助皇上有功他被封了大官，重审戚家被害的案件。他凭着聪慧与口才，全力为戚秦氏讨回公道。
哪吒闹海,https://movie.douban.com/subject/1307315/,王树忱,王树忱,梁正晖 / 邱岳峰 / 毕克 / 富润生 / 尚华 / 于鼎,动画 / 奇幻 / 冒险,中国大陆,汉语普通话,1979-05-19(中国大陆),65分钟,Prince Nezha's Triumph Against Dragon King / Nezha Conquers the Dragon King,tt0354770,9.2,280582,66.00%,27.50%,6.00%,0.40%,0.10%,商末时期，陈塘关总兵李靖的夫人怀胎3年6个月，最终生下一个肉球，肉球中跳出一个伶俐可爱的男孩。李靖原当他是妖孽欲杀之而后快，幸太乙真人前来收之为徒，赐名哪吒，并赐以乾坤圈和混天绫两件宝贝。某年，天下大旱，甘露未降。哪吒和家将到东海洗澡玩耍。他用混天绫搅动海水，撼动龙宫，惹出巡海夜叉李艮和龙王三太子敖丙。几番言语不和，哪吒杀此二人，由此闯下通天大祸。四海龙王齐聚陈塘关索命，为救一方百姓，哪吒决定交出生命…… 本片根据《封神演义》故事改编，并荣获1980年电影百花奖最佳美术片奖；文化部1979年优秀影片奖、青年优秀创作奖；1983年菲律宾马尼拉国际电影节特别奖；1988年法国布尔波拉斯文化俱乐部青年国际动画电影节评委奖和宽银幕长动画片奖。
告白,https://movie.douban.com/subject/4268598/,中岛哲也,中岛哲也 / 凑佳苗,松隆子 / 冈田将生 / 木村佳乃 / 西井幸人 / 桥本爱 / 芦田爱菜 / 三吉彩花 / 藤原薰 / 井之胁海 / 清水尚弥 / 高桥努 / 一井直树 / 能年玲奈 / 新井浩文 / 野本萤,剧情 / 悬疑,日本,日语,2010-06-05(日本),106分钟,自白 / 母亲 / Kokuhaku / Confessions,tt1590089,8.8,710238,51.80%,37.10%,9.50%,1.10%,0.50%,一所平凡的中学，1年B组即将迎来春假。不知天高地厚的学生们肆意吵闹，殊不知一场绵亘数月的风暴正向他们袭来。级任教师森口悠子（松隆子 饰）全然无视这片混乱，静静地向学生们做出最后的告白。这个单亲妈妈独自抚养着可爱的女儿（芦田爱菜 饰），然而女儿最终在游泳池中溺水身亡。警察 认定这是一起意外，森口则认定女儿死于班上两个学生之手。她不动声色地指责着犯人A和B，并宣布用自己的方式进行复仇。在此之后，森口辞去教师职务，1年B班的学生也心怀惴惴迎来了春假。新学期开始，残酷的风暴袭向了这群无知无畏的少男少女…… 本片根据湊かなえ的原作改编，并成为2010年电影旬报十佳影片；第34届日本电影学院奖最佳作品、最佳导演、最佳剧本和最佳剪辑4项大奖。
喜宴 囍宴,https://movie.douban.com/subject/1303037/,李安,李安 / 冯光远 / 詹姆斯·夏慕斯,赵文瑄 / 归亚蕾 / 郎雄 / 金素梅 / 米切尔·利希藤斯坦 / 迈克尔·加斯顿 / 许永德 / 尼尔·哈夫 / 李淳 / 汉娜·沙利文 / 杨元提 / 姚培德 / 李安,剧情 / 喜剧 / 爱情 / 同性 / 家庭,中国台湾 / 美国,汉语普通话 / 英语,1993-02(柏林电影节) / 1993-08-04(美国),108分钟,The Wedding Banquet,tt0107156,9,398923,56.00%,37.70%,5.80%,0.30%,0.20%,伟同（赵文瑄 饰）是事业有成的男同志，与男友赛门（米切尔·利希藤斯坦 饰）在美国过着幸福的同居日子，烦恼来自要用各种招数应对远在台北的父（郎雄 饰）母（归亚蕾 饰）的一次次逼婚。伟同被逼以“乖乖仔”形象修书一封声称会在美国结婚，没料父母想亲眼见证。无奈，他只得拉上来自上海的不得志的女艺术家葳葳（金素梅 饰）“假婚”，想逃过一劫。 父母对葳葳相当满意，却对伟同的草率态度不满，为让父母满意尽快返回台北，伟同犹如“拼命三郎”使出了浑身解数。但人算不如天算，不断的波折使得父母的返台日期一次次推迟，令他和赛门的感情亮起“红灯”，而葳葳又意外怀上了他的孩子。似乎，伟同在强大的父母（传统）面前，只能选择去做一个 “表面正常”的男人
玛丽和马克思 Mary and Max,https://movie.douban.com/subject/3072124/,亚当·艾略特,亚当·艾略特,托妮·科莱特 / 菲利普·塞默·霍夫曼 / 巴瑞·哈姆弗莱斯 / 艾瑞克·巴纳 / 贝塔尼·维特莫尔 / 蕾妮·盖耶 / 伊恩·莫利·梅尔德伦 / 朱莉·福塞斯 / 约翰·弗劳思 / 克里斯托弗·马西 / 卡罗琳·莎士比亚-艾伦 / 琳恩·史密斯 / 迈克尔·延纳,剧情 / 喜剧 / 动画,澳大利亚 / 美国,英语 / 意第绪语,2009-01-15(圣丹斯电影节) / 2009-04-09(澳大利亚),92分钟,巧克力情缘(台) / 同是天涯寂寞客 / 玛丽和麦克斯 / 玛丽与马克思 / 玛丽和马克斯 / 玛丽和马科斯,tt0978762,9,440653,57.90%,33.10%,8.00%,0.70%,0.20%,1976年，8岁的玛丽·黛西·丁格尔（贝丝妮·惠特摩尔 Bethany Whitmore 配音）是澳大利亚墨尔本的一个小女孩，喜欢动画片“诺布利特”、甜炼乳和巧克力。玛丽的妈妈是个酒鬼，而在茶叶包装厂工作的父亲平日只喜欢制作鸟标本。孤独的玛丽没有朋友，某一天心血来潮给美国纽约市的马克思·杰瑞·霍罗威茨（菲利普·塞默·霍夫曼 Philip Seymour Hoffman 配音）写了一封信询问美国小孩从哪里来，并附上一根樱桃巧克力棒。44岁的马克思患有自闭症及肥胖，碰巧也喜欢看“诺布利特”动画片及吃巧克力。二人的笔友关系从1976年维持到1994年，期间各自经历了许多人生起伏，直到成年的玛丽（托妮·科莱特 Toni Collette 配音）终于来到纽约看望马克思…… 本片获2009年法国昂锡国际动画影展最佳动画长片奖，柏林国际电影节水晶熊奖及渥太华国际动画电影节最高奖。
模仿游戏 The Imitation Game,https://movie.douban.com/subject/10463953/,莫滕·泰杜姆,格拉汉姆·摩尔 / 安德鲁·霍奇斯,本尼迪克特·康伯巴奇 / 凯拉·奈特莉 / 马修·古迪 / 罗里·金尼尔 / 艾伦·里奇 / 马修·比尔德 / 查尔斯·丹斯 / 马克·斯特朗 / 詹姆斯·诺斯科特 / 汤姆·古德曼-希尔 / 史蒂芬·威丁顿 / 伊兰·古德曼 / 杰克·塔尔登 / 埃里克斯·劳瑟 / 杰克·巴农 / 塔彭丝·米德尔顿 / 安德鲁·哈维尔 / 维尔·博登 / 李·阿斯奎斯-柯 / 海莉·乔安妮·培根 / 安库塔·布雷班 / 格雷斯·卡尔德 / 理查德·坎贝尔 / 温斯顿·丘吉尔 / 克里斯·考林 / 汉娜·弗林 / 卢克·霍普 / 斯图尔特·马修斯 / 亚当·诺威尔 / 哈里·S·杜鲁门,剧情 / 同性 / 传记 / 战争,英国 / 美国,英语 / 德语,2015-07-21(中国大陆) / 2014-08-29(特柳赖德电影节) / 2014-11-14(英国) / 2014-12-25(美国),114分钟,解码游戏(港) / 模拟游戏,tt2084970,8.8,690688,49.00%,41.20%,9.10%,0.50%,0.10%,二战期间，盟军苦于德国的秘密系统“英格玛”无法破译，政府召集了一批民间数学家、逻辑学家进行秘密破解工作，图灵（本尼迪克特·康伯巴奇 Benedict Cumberbatch 饰）就是其中之一。计划刚开始图灵遭到了以休（马修·古迪 Matthew Goode）为首的组员和 领导的排斥，幸好军情处部长孟席斯（马克·斯特朗 Mark Strong 饰）帮助他立项研究破译密码的机器，而图灵则变成了负责人，招收了新的成员琼（凯拉·奈特莉 Keira Knightley）开始了艰难的工作。琼很快就迷上了图灵，由于她的帮助所有组员空前的团结，并于两年后成功破解德军的密码。图灵一度与琼订婚，但实际上他隐瞒了一个秘密，因为这个秘密他也遭受了非人的待遇…… 本片改编自安德鲁·霍奇斯编著的《艾伦·图灵传》，上映后获得了第87届奥斯卡最佳改编剧本奖。
头号玩家 Ready Player One,https://movie.douban.com/subject/4920389/,史蒂文·斯皮尔伯格,塞克·潘 / 恩斯特·克莱恩,泰伊·谢里丹 / 奥利维亚·库克 / 本·门德尔森 / 马克·里朗斯 / 丽娜·维特 / 森崎温 / 赵家正 / 西蒙·佩吉 / T·J·米勒 / 汉娜·乔恩-卡门 / 拉尔夫·伊内森 / 苏珊·林奇 / 克莱尔·希金斯 / 劳伦斯·斯佩尔曼 / 佩蒂塔·维克斯 / 艾萨克·安德鲁斯,动作 / 科幻 / 冒险,美国,英语 / 日语 / 汉语普通话,2018-03-30(中国大陆) / 2018-03-11(西南偏南电影节) / 2018-03-29(美国),140分钟,玩家一号 / 挑战者1号(港) / 一级玩家(台) / 一号玩家,tt1677720,8.6,1446051,48.20%,38.00%,12.10%,1.30%,0.40%,故事发生在2045年，虚拟现实技术已经渗透到了人类生活的每一个角落。詹姆斯哈利迪（马克·里朗斯 Mark Rylance 饰）一手建造了名为“绿洲”的虚拟现实游戏世界，临终前，他宣布自己在游戏中设置了一个彩蛋，找到这枚彩蛋的人即可成为绿洲的继承人。要找到这枚彩蛋，必须先获得三把钥匙，而寻找钥匙的线索就隐藏在詹姆斯的过往之中。 韦德（泰尔·谢里丹 Tye Sheridan 饰）、艾奇（丽娜·维特 Lena Waithe 饰）、大东（森崎温 饰）和修（赵家正 饰）是游戏中的好友，和之后遇见的阿尔忒弥斯（奥利维亚·库克 Olivia Cooke 饰）一起，五人踏上了寻找彩蛋的征程。他们所要对抗的，是名为诺兰索伦托（本·门德尔森 Ben Mendelsohn 饰）的大资本家。
花样年华 花樣年華,https://movie.douban.com/subject/1291557/,王家卫,王家卫,梁朝伟 / 张曼玉 / 潘迪华 / 萧炳林 / 张耀扬 / 孙佳君 / 钱似莺 / 顾锦华,剧情 / 爱情,中国香港,粤语 / 上海话 / 法语,2000-09-29(中国香港) / 2000-05-20(戛纳电影节),98分钟,In the Mood for Love,tt0118694,8.8,663130,49.30%,40.40%,9.50%,0.70%,0.20%,1960年代的香港，报馆编辑周慕云（梁朝伟 饰）与太太搬进一间住户多是上海人的公寓，和某家日资公司的贸易代表陈先生与太太苏丽珍（张曼玉 饰）成了邻居。因为发现各自在外工作的配偶背着他们有了婚外情，周慕云和苏丽珍开始见面商讨未来可能发生的事情以及相应对策。 起初两人是君子之交淡如水就事谈事，可是日子一日接一日过去后，在周围一帮上海邻居的闲言碎语中，他们发现配偶的事早空出了他们的脑袋，彼此眼里只剩下了对方，而刻意回避已生出的感情的结果，是更加刻骨的相思。
大鱼 Big Fish,https://movie.douban.com/subject/1291545/,蒂姆·波顿,丹尼尔·华莱士 / 约翰·奥古斯特,伊万·麦克格雷格 / 阿尔伯特·芬尼 / 比利·克鲁德普 / 杰西卡·兰格 / 海伦娜·伯翰·卡特 / 艾莉森·洛曼 / 罗伯特·吉尔劳姆 / 玛丽昂·歌迪亚 / 马修·麦克格罗里 / 大卫·丹曼 / 米西·派勒 / 卢顿·万恩怀特三世 / 艾达·泰 / 艾伦妮·泰 / 史蒂夫·布西密 / 丹尼·德维托 / 迪普·罗伊 / Perry Walston / 海利·安妮·内尔森 / Grayson Stone,剧情 / 爱情 / 奇幻 / 冒险,美国,英语 / 法语 / 俄语 / 粤语 / 汉语普通话,2003-12-04(纽约首映) / 2004-01-09(美国),125分钟,大鱼奇缘(港) / 大智若鱼(台) / 大鱼老爸,tt0319061,8.8,600462,51.90%,37.20%,9.80%,0.90%,0.30%,爱德华（伊万·麦克格雷格 Ewan McGregor 饰）生性热爱自由，成年之后，他选择离开家乡，踏上了环游世界的旅程。一路上，爱德华遇见了各种各样稀奇古怪的角色，经历了无数精彩绝伦的的冒险，而他日后最大的兴趣，就是向他人喋喋不休的重复讲述他的这一段奇幻旅程。 威尔（比利·克鲁德普 Billy Crudup 饰）是爱德华的儿子，他并不相信父亲所讲述的那些光怪陆离的故事，甚至对此感到无比厌烦。婚后，他同父亲中断了联系，一晃眼就是数年过去。当再次得到爱德华的消息之时，威尔才知道父亲即将不久于人世，他决定去见爱德华最后一面。然而，这一次，威尔终于发现了隐藏在这些故事背后的奥秘和真相。
七武士 七人の侍,https://movie.douban.com/subject/1295399/,黑泽明,黑泽明 / 桥本忍 / 小国英雄,三船敏郎 / 志村乔 / 津岛惠子 / 岛崎雪子 / 藤原釜足 / 加东大介 / 木村功 / 千秋实 / 宫口精二 / 小杉义男 / 左卜全 / 稻叶义男 / 土屋嘉男 / 高堂国典 / 东野英治郎 / 上田吉二郎 / 多多良纯 / 渡边笃 / 小川虎之助 / 山形勋 / 上山草人 / 清水元 / 高木新平 / 大友伸 / 高原骏雄 / 稻垣三郎 / 堺左千夫 / 千石规子 / 本间文子 / 大久保正信 / 伊藤实 / 大村千吉 / 广濑正一 / 宇野晃司 / 谷晃 / 中岛春雄 / 清水美恵 / 熊谷卓三 / 夏木顺平 / 岩本弘司 / 堤康久 / 马野都留子 / 森今日子 / 加藤武 / 仲代达矢 / 宇津井健 / 山本廉,剧情 / 动作 / 冒险,日本,日语,1954-04-26(日本),207分钟,七侠四义(港) / 七剑客(港) / The Seven Samurai / Shichinin no samurai,tt0047478,9.3,216283,71.30%,23.50%,4.50%,0.40%,0.30%,日本战国时代，一小山村面临着山贼的威胁，为了保护秋天的收成，村中长老决定让去请武士来保护村子安全，但只能拿出的报酬是一天三顿的白米饭。在城里，他们遭到了武士白眼甚至被打。直到勘兵卫（志村乔饰）的出现，他现今已沦为浪人，几经考虑最后答应了。他对农民说至少需要七名武士，于是久藏（宫口精二饰）、胜四郎（木村功饰）、五郎（稻叶义男饰）、七郎（加东大介饰）、平八（千秋实饰）和菊千代（三船敏郎饰）等六人也加入了队伍，七个人肩负保卫村子的任务。 整个防御准备的过程中，武士与农民间发生许多摩擦也闹出不少笑话。而在一次偷袭行动中，有武士为救农民被火枪打死，很快山贼的反扑随之而来，一场恶战即将开始。
射雕英雄传之东成西就 射鵰英雄傳之東成西就,https://movie.douban.com/subject/1316510/,刘镇伟,刘镇伟,梁朝伟 / 林青霞 / 张国荣 / 叶玉卿 / 张学友 / 王祖贤 / 张曼玉 / 梁家辉 / 刘嘉玲 / 钟镇涛 / 鲍起静,喜剧 / 奇幻 / 武侠 / 古装,中国香港,粤语,1993-02-05(中国香港),113分钟(香港),东成西就 / 大英雄 (日本) / The Eagle Shooting Heroes,tt0108074,8.7,681846,53.20%,33.10%,11.40%,1.60%,0.70%,金轮国王妃（叶玉卿 饰）与表哥欧阳锋（梁朝伟 饰）有染，为霸占江山，他们毒死了国王，但没找到传国玉玺。得知玉玺在前往九宫山找寻其师父求助的三公主（林青霞 饰）手里后，欧阳锋企图抢到手但没成功。糊涂国师（张曼玉 饰）在淫威下屈服，查出三公主的具体下落，欧阳锋乘火箭金靴追赶 ，却误脱落一只插死刚出关的王重阳（钟镇涛 饰），奄奄一息的王重阳恳求适逢路过的三公主找到其师弟周伯通（刘嘉玲 饰）代为报仇。逃到九宫山的三公主邀得师弟黄药师（张国荣 饰）与师妹（王祖贤 饰）相助，再加上前来寻找表妹的洪七（张学友 饰）、找到真心人才能成仙的段智兴（梁家辉 饰），一场与欧阳锋的生死恶战蓄势待发……
惊魂记 Psycho,https://movie.douban.com/subject/1293181/,阿尔弗雷德·希区柯克,约瑟夫·斯蒂凡诺 / 罗伯特·布洛克,安东尼·博金斯 / 维拉·迈尔斯 / 约翰·加文 / 珍妮特·利 / 马丁·鲍尔萨姆 / 约翰·麦克因泰 / 西蒙·奥克兰 / 弗兰克·艾伯森 / 帕特里夏·希区柯克 / 沃恩·泰勒 / 卢伦·塔特尔 / 约翰·安德森 / 莫特·米尔斯 / 吉特·卡森 / 维吉尼亚·格雷格 / 阿尔弗雷德·希区柯克 / 珍妮特·诺兰 / 罗伯特·奥斯本 / 海伦·华莱士 / Fletcher Allen / 沃尔特·培根 / 弗朗西斯·德塞尔斯 / 乔治·多克斯塔德 / 乔治·埃尔德雷奇 / 哈珀·弗莱厄蒂 / 萨姆·弗林特 / 弗兰克·基尔蒙德 / 泰德·奈特 / 帕特·麦卡弗里 / 汉斯-乔基姆·默比斯 / 弗雷德·谢威勒,悬疑 / 惊悚 / 恐怖,美国,英语,1960-06-16(纽约首映) / 1960-09-08(美国),109分钟,精神病患者 / 触目惊心(港) / 精神病人,tt0054215,9,328989,59.10%,34.20%,6.10%,0.40%,0.20%,年轻的马里恩·克兰（珍妮特·利 饰）在Phoenix工作，深受老板洛厄里（沃恩·泰勒 饰）信任。男友萨姆·卢米斯（约翰·加文 饰）在Fairvale经营一家五金店，因要替亡父还债又要支付前妻赡养费而无力再婚，只能借出差的机会偶尔来与马里恩幽会。马里恩对此感到不满，于是在周五下午趁机携四万美元公款驾车潜逃。可是马里恩的潜逃之路并不顺利：先是在出城的时候被洛厄里目击，周六一大早又被警察怀疑。花了七百美元以旧车换新车之后，马里恩继续忐忑地行驶。入夜后，天降大雨，视线模糊，无法行驶，马里恩只得将车泊入路边的贝茨汽车旅馆投宿。老板诺尔曼（安东尼·珀金斯 饰）十分友善，试图邀请马里恩到家里共进晚餐，可惜被凶恶的母亲粗暴阻止，只得将晚餐端至旅馆客厅。马里恩在客厅一边进餐一边与诺尔曼交谈，终于决定周日返回Phoenix。用餐完毕，马里恩回房沐浴。这时，一个老妇的身影突然出现在卫生间……
血战钢锯岭 Hacksaw Ridge,https://movie.douban.com/subject/26325320/,梅尔·吉布森,安德鲁·奈特 / 罗伯特·申坎,安德鲁·加菲尔德 / 萨姆·沃辛顿 / 文斯·沃恩 / 雨果·维文 / 卢克·布雷西 / 泰莉莎·帕尔墨 / 瑞切尔·格里菲斯 / 内森奈尔·布佐里克 / 理查德·劳斯伯格 / 马特·纳夫莱 / 费拉斯·迪拉尼 / 瑞安·柯尔 / 卢克·佩格勒,剧情 / 传记 / 历史 / 战争,澳大利亚 / 美国,英语 / 日语,2016-12-08(中国大陆) / 2016-09-04(威尼斯电影节) / 2016-11-04(美国),139分钟(中国大陆),钢锯岭 / 钢铁英雄(台) / The Conscientious Objector,tt2119532,8.7,823858,46.50%,41.60%,10.80%,0.90%,0.20%,1945年，第二次世界大战接近尾声，作为邪恶轴心重要成员的日本，其嚣张态势已成强弩之末。是年，决定战局走向的冲绳岛战役拉开序幕，成千上万斗志昂扬的美国大兵被派往冲绳，等待他们的则是敌军重兵防守、凶险异常的钢锯岭。在这群人中间，却有一个不愿拿起武器的军医。他名叫戴斯蒙德·道斯（安德鲁·加菲尔德 Andrew Garfield 饰），来自美国的弗吉尼亚。太平洋爆发之际，瘦弱的戴斯蒙德志愿成为救死扶伤的军医而应征入伍。可因童年和家庭的原因，他始终不愿拿起枪支操练，为此宁愿背上拒服兵役的罪名被送上军事法庭。几经周折，戴斯蒙德最终和战友来到了钢锯岭。枪林弹雨，转瞬之间无数人应声倒地。在信仰和信念的支持下，戴斯蒙德仅凭一己之力拯救了数十条濒死的生命…… 本片根据真人真事改编。
我是山姆 I Am Sam,https://movie.douban.com/subject/1306861/,杰茜·尼尔森,杰茜·尼尔森 / 克里斯汀·约翰逊,西恩·潘 / 达科塔·范宁 / 米歇尔·菲佛 / 黛安·韦斯特 / 洛雷塔·迪瓦恩 / 理查德·希夫 / 劳拉·邓恩,剧情 / 家庭,美国,英语,2001-12-03(美国),132 分钟,不一样的爸爸(港) / 他不笨，他是我爸爸(台),tt0277027,9,359439,57.60%,34.60%,7.10%,0.50%,0.20%,在星巴克工作的山姆（西恩?潘 Sean Penn 饰），虽已成人，但智力水平只有7岁。一次偶然，他收留了一个流浪女。该女子帮山姆生下了一个女儿后消失得无影无踪。 他给女儿取名叫露西（达科塔?范宁 Dakota Fanning 饰），因为他最喜欢甲壳虫乐队的《天空中戴钻石 的露西》。他非常疼爱自己的孩子。露西在山姆的细心呵护下慢慢地长大了，她发现爸爸不能看懂稍微复杂一些的故事。她在拒绝长大，希望和爸爸一样。父女俩的生活是那么幸福。 地区的教育官员发现了这个特殊的家庭，他们认为山姆没有能力照顾露西，于是把露西带走了。 伤心极了的山姆一心要挣回露西的抚养权，于是他自以为是的去找该地区最好的律师……
阳光姐妹淘 ??,https://movie.douban.com/subject/4917726/,姜炯哲,姜炯哲 / 李炳宪,沈恩敬 / 闵孝琳 / 姜素拉 / 南宝拉 / 陈熙琼 / 金时厚 / 柳好贞 / 朴真珠 / 李妍京 / 金甫美 / 千玗嬉 / 李璟荣,剧情 / 喜剧,韩国,韩语,2011-05-04(韩国),124分钟,阳光姊妹淘(港) / 桑尼 / 阳光 / 永远的七公主 / Sunny,tt1937339,8.8,614961,51.20%,38.00%,9.80%,0.80%,0.20%,25年前，高中生任娜美（沈恩京 饰）一家从全罗道搬到汉城，娜美入读真德女子高中，因方言浓重怯于开口的娜美幸运的得到了同班大姐头夏春花（姜索拉 饰）的维护，并与围绕在夏春花周围的执着于双眼皮的金玫瑰、满嘴脏话的黄珍熙、梦想成为作家的徐金玉、要成为韩国小姐的俞福姬以及沉默傲慢的美人郑秀智等五人结识。在一次和不良少女团对决之后，春花和娜美等七人组成了“Sunny”团体…… 多年以后，家庭主妇娜美在去医院探望母亲时偶然重逢了身患绝症住院的春花，后者希望在生命的最后两个月内，能够再见当年的Sunny成员。娜美找到金玫瑰，两人委托私家侦探寻找当年的同伴，而那些关于青春的回忆，也在一个个熟悉的名姓后面再次被唤醒。
恐怖直播 ? ?? ???,https://movie.douban.com/subject/21360417/,金秉祐,金秉祐,河正宇 / 李璟荣 / 全慧珍 / 李大卫 / 金弘波 / 崔正贤 / 崔代勋 / 姜信哲 / 韩成天 / 孙成灿 / 金素辰 / 金大明 / 金海仁,剧情 / 悬疑 / 犯罪,韩国,韩语,2013-07-31(韩国),97分钟,死亡“动”新闻(港) / 恐怖攻击直播(台) / The Terror Live / 90 Minutes of Terror,tt2990738,8.7,696214,47.80%,41.50%,9.80%,0.70%,0.20%,韩国首尔某个平凡的早上，广播电台Daily Topic节目的主持人尹英华（河正宇 饰）正就税率改革与听众进行连线，这时一个自称住在首尔昌信洞的普通工人朴鲁圭打入电话，大肆抱怨超高的电费和相关部门对他的威胁。尹英华颇不耐烦，以偏离主题为由强行切断电话。谁知连线无法单方面由电台方面中断，愤怒的朴鲁圭继续抱怨，并扬言炸掉汉江大桥。尹英华不以为然，进而怂恿对方想做就做，谁知话音刚落，窗外的麻浦大桥便炸作废墟。大惊失色的尹英华很快冷静下来，他决定利用这次难得的机会打一次事业的翻身仗。 在他的主持下，针对恐怖分子的连线直播就此展开，无关良知的节目拉开帷幕……
你的名字。 君の名は。,https://movie.douban.com/subject/26683290/,新海诚,新海诚,神木隆之介 / 上白石萌音 / 长泽雅美 / 市原悦子 / 成田凌 / 悠木碧 / 岛崎信长 / 石川界人 / 谷花音 / 寺杣昌纪 / 大原沙耶香 / 井上和彦 / 茶风林 / 加藤有花 / 花泽香菜 / 寺崎裕香,剧情 / 爱情 / 动画,日本,日语,2016-12-02(中国大陆) / 2024-07-19(中国大陆重映) / 2016-08-26(日本),106分钟,你的名字 / 君之名 / Your Name / Kimi no na wa.,tt5311514,8.5,1515852,43.50%,38.70%,15.90%,1.60%,0.40%,在远离大都会的小山村，住着巫女世家出身的高中女孩宫水三叶（上白石萌音 配音）。校园和家庭的原因本就让她充满烦恼，而近一段时间发生的奇怪事件，又让三叶摸不清头脑。不知从何时起，三叶在梦中就会变成一个住在东京的高中男孩。那里有陌生的同学和朋友，有亲切的前辈和繁华的街道，一切都是如此诱人而真实。另一方面，住在东京的高中男孩立花泷（神木隆之介 配音）则总在梦里来到陌生的小山村，以女孩子的身份过着全新的生活。许是受那颗神秘彗星的影响，立花和三叶在梦中交换了身份。他们以他者的角度体验着对方的人生，这期间有愤怒、有欢笑也有暖心。只是两人并不知道，身份交换的背后隐藏着重大而锥心的秘密…… 本片为2016年度日本本土影片票房冠军。
黑客帝国3：矩阵革命 The Matrix Revolutions,https://movie.douban.com/subject/1302467/,拉娜·沃卓斯基,莉莉·沃卓斯基 / 拉娜·沃卓斯基,基努·里维斯 / 劳伦斯·菲什伯恩 / 凯瑞-安·莫斯 / 雨果·维文 / 贾达·萍克特·史密斯 / 凯特·宾汉 / 玛丽·爱丽丝 / 莫妮卡·贝鲁奇 / 埃茜·戴维斯 / 克里斯托弗·卡比 / 罗伯特·马莫内 / 罗宾·奈文 / 吉娜薇·欧瑞丽 / 诺娜·加耶 / 纳撒尼尔·利斯 / 哈里·列尼斯 / 哈罗德·佩里诺 / 鲁伯特·雷德 / 凯文·迈克尔·理查德森 / 大卫·罗伯茨 / 布鲁斯·斯宾斯 / 吉娜·托瑞斯 / 克莱顿·华生 / 赫尔穆特·巴凯蒂斯 / 邹兆龙 / 乔·曼宁 / Tanveer K. Atwal / 拉黑·休姆 / 康奈尔·韦斯特 / 伯纳德·怀特 / 朗贝尔·维尔森 / 安东尼·布兰登·黄 / 安东尼·泽比 / 克雷格·沃克,动作 / 科幻,美国,英语 / 法语,2003-11-05(美国/中国大陆),129 分钟,22世纪杀人网络3：惊变世纪(港) / 骇客任务完结篇：最后战役(台) / 廿二世纪杀人网络3：惊变世纪 / 黑客帝国3 / 骇客帝国3,tt0242653,8.8,474280,54.10%,35.20%,9.70%,0.80%,0.20%,第二集中，尼奥（基努·里维斯 Keanu Reeves 饰）没有能从内部摧毁“母体”，他的身体在真实世界的飞船上陷于昏迷，思想却被困在介于“母体”和真实世界的中间地带，这个地方由“火车人”控制。墨菲斯（劳伦斯·菲什伯恩 Laurence Fishburne 饰）和崔妮蒂（凯瑞-安·莫斯 Carrie-Anne Moss 饰）等人知道了尼奥的情况，在守护天使的带领下， 找到了“火车人”的控制者梅罗纹奇，经过一番激斗，将尼奥救了出来。 此时，电子乌贼部队对锡安发起了猛烈的攻击，人类组织所有机甲战士展开顽强的抵抗，形势危在旦夕；尼奥和崔妮蒂驾驶了一艘飞船克服重重困难，到达机器城市，尼奥终于见到了机器世界的统治者“机器大帝”，双方谈判并达成了协议：尼奥除掉不受“母体”控制的史密斯，以换取锡安的和平。 在“母体”中，尼奥和史密斯展开了关系人类生死存亡的最后决斗。
"三块广告牌 Three Billboards Outside Ebbing, Missouri",https://movie.douban.com/subject/26611804/,马丁·麦克唐纳,马丁·麦克唐纳,弗兰西斯·麦克多蒙德 / 伍迪·哈里森 / 山姆·洛克威尔 / 艾比·考尼什 / 卢卡斯·赫奇斯 / 彼特·丁拉基 / 约翰·浩克斯 / 卡莱伯·兰德里·琼斯 / 凯瑟琳·纽顿 / 凯瑞·康顿 / 泽利科·伊万内克 / 萨玛拉·维文 / 克拉克·彼得斯 / 尼克·瑟西 / 阿曼达·沃伦 / 玛拉雅·瑞沃拉·德鲁 / 布兰登·萨克斯顿 / 迈克尔·艾伦·米利甘,剧情 / 犯罪,英国 / 美国,英语,2018-03-02(中国大陆) / 2017-09-04(威尼斯电影节) / 2017-12-01(美国),115分钟,广告牌杀人事件(港) / 意外(台),tt5027774,8.7,875880,46.80%,43.40%,8.90%,0.70%,0.20%,米尔德雷德（弗兰西斯·麦克多蒙德 Frances McDormand 饰）的女儿在外出时惨遭奸杀，米尔德雷德和丈夫查理（约翰·哈克斯 John Hawkes 饰）之间的婚姻因此走到了尽头，如今，她同儿子罗比（卢卡斯·赫奇斯 Lucas Hedges饰）过着相依为命的生活。一晃眼几个月过去了，案件仍然没有告破预兆，而警方似乎早已经将注意力从案子上转移了开来。 被绝望和痛苦缠绕的米尔德雷德租下了高速公路边上的三块巨型广告牌，在上面控诉警方办案无能，并将矛头直接对准了警察局局长威洛比（伍迪·哈里森 Woody Harrelson 饰）。实际上，威洛比一直隐瞒着自己身患绝症命不久矣的事实。因为这三块广告牌，米尔德雷德和威洛比的生活发生了翻天覆地的变化。
心迷宫,https://movie.douban.com/subject/25917973/,忻钰坤,忻钰坤 / 冯元良 / 鲁妮凡,霍卫民 / 王笑天 / 罗芸 / 杨瑜珍 / 孙黎 / 邵胜杰 / 曹西安 / 贾致钢 / 朱自清 / 王梓尘 / 赵梓彤 / 贾世忠 / 袁满 / 陈梅生 / 张景素 / 平坦 / 金子 / 张建军,剧情 / 悬疑 / 犯罪,中国大陆,汉语普通话,2015-10-16(中国大陆) / 2014-07-21(FIRST青年影展) / 2014-08-28(威尼斯电影节),110分钟(中国大陆),殡棺 / The Coffin in the Mountain / Deep in the Heart,tt4078856,8.8,575277,48.10%,42.50%,8.50%,0.70%,0.30%,河南中原某个平凡的小山村，清早起来突然多出一具烧焦的尸体，这个消息很快传遍全村。村中妙龄女孩黄欢（罗芸 饰）同时失踪，由于弟弟被黄欢甩掉后酗酒意外身亡，王宝山前一日当众宣称要让黄欢偿命。因此，众人一度以为这是女孩的尸体。可是尸体的男性特征又打破了这个猜测。紧接着，尸体身上发现未烧毁的身份证，其身份指向了村花丽琴（孙黎 饰）的丈夫陈自立。哪曾想葬礼进行中途，丽琴又接到另一处打来的电话，通知她其丈夫意外身亡。这一次，焦尸的身份再度变得扑朔迷离。 一向正气凛然的村长（霍卫民 饰）试图查明真相，然而却朝着更为黑暗的方向沉了下去……
电锯惊魂 Saw,https://movie.douban.com/subject/1417598/,温子仁,温子仁 / 雷·沃纳尔,雷·沃纳尔 / 加利·艾尔维斯 / 丹尼·格洛弗 / 梁振邦 / 迪娜·迈耶 / 迈克·巴特斯 / 保罗·古德勒支 / 迈克尔·爱默生 / 本尼托·马丁内斯 / 肖妮·史密斯 / 麦肯兹·韦加 / 莫妮卡·波特 / 耐德·巴拉米 / 亚丽姗德拉·全 / 托宾·贝尔,悬疑 / 惊悚 / 恐怖,美国,英语,2004-01-19(圣丹斯电影节) / 2004-10-29(美国),103分钟,恐惧斗室(港) / 夺魂锯(台) / 你死我活 / 链锯惊魂,tt0387564,8.7,577129,51.00%,37.10%,10.50%,1.00%,0.40%,一觉醒来的亚当（雷?沃纳尔 Leigh Whannell饰）发现自己被困在一个废弃的厕所里。他的对面是同样命运的劳伦斯（加利?艾尔维斯 Cary Elwes 饰）——他们被人用铁链绑住了腿，并吃惊发现二人中间横亘着一个恐怖的死人。死人鲜血淋漓，左手拿录放机右手拿枪。 亚 当兜里被人放进来一盘磁带，他赶紧放到录放机里。磁带里说，劳伦斯必须在今晚6点前杀死亚当，否则二人将同归于尽，劳伦斯的家人也不能幸免。而面前死人流出来的血，剧毒无比。 一个血腥的死亡游戏开始了。在剩下不多的时间里，他们必须找到线索，逃出地狱。在最后关头，当他们以为重见天日的时候，新一轮的噩梦才刚刚开始。
小丑 Joker,https://movie.douban.com/subject/27119724/,托德·菲利普斯,托德·菲利普斯 / 斯科特·西尔弗,华金·菲尼克斯 / 罗伯特·德尼罗 / 马克·马龙 / 莎姬·贝兹 / 谢伊·惠格姆 / 弗兰西丝·康罗伊 / 布莱恩·考伦 / 布莱恩·泰里·亨利 / 布莱特·卡伦 / 道格拉斯·霍奇斯 / 格伦·弗莱舍尔 / 比尔·坎普 / 乔什·帕斯 / 但丁·佩雷拉-奥尔森 / 玛丽·凯特·马拉特 / 迈克尔·本茨 / 莎珑·华盛顿 / 桑德拉·詹姆斯 / 托尼·赫德 / 曼德拉·贝拉米 / 乔·奥克曼 / 卡尔·伦德施泰特 / 米克·奥罗克 / 大卫·吉布森 / 伊万·罗萨多 / 安妮·比萨比亚 / 布莱斯·科里根 / 乔恩·道格拉斯·雷尼 / 艾恩斯利·丹恩 / 杰森·约翰·奇卡莱塞,剧情 / 惊悚 / 犯罪,美国 / 加拿大,英语,2019-08-31(威尼斯电影节) / 2019-10-04(美国),122分钟,小丑起源电影：罗密欧 / Romeo / Joker Origin Movie,tt7286456,8.7,1081067,51.00%,37.30%,10.00%,1.10%,0.60%,湿冷无望的哥谭市，卑微的亚瑟·弗兰克（华金·菲尼克斯 Joaquin Phoenix 饰）依靠扮演小丑赚取营生。与之相依为命的母亲患有精神疾病，而亚瑟深记母亲的教诲，无论遭受怎样的挫折都笑对人生，却因此让自己背负着莫大的压力，濒临崩溃。他梦想成为一名脱口秀演员，怎奈生活一次次将失望狠狠地砸在他的头上。不仅如此，他因意外丢掉了工作，偶然瞥见母亲的秘密，又使他心中燃起对那个与之地位悬殊却从未谋面的父亲的殷切渴望。命运习惯了事与愿违，空荡荡的地铁内，悲伤的小丑在无法自已的癫狂笑声中大开杀戒…… 本片荣获第76届威尼斯电影节金狮奖。
达拉斯买家俱乐部 Dallas Buyers Club,https://movie.douban.com/subject/1793929/,让-马克·瓦雷,克莱格·鲍登 / 梅丽莎·沃雷克,马修·麦康纳 / 詹妮弗·加纳 / 杰瑞德·莱托 / 斯蒂夫·扎恩 / 达拉斯·罗伯特斯 / 凯文·兰金 / 丹尼斯·欧哈拉 / 简·麦克尼尔 / 格里芬·邓恩 / 詹姆斯·杜蒙特 / 朱丽叶·里夫斯 / 斯蒂菲·格罗特 / J·D·埃弗摩尔,剧情 / 同性 / 传记,美国,英语 / 日语,2013-09-07(多伦多电影节) / 2013-11-22(美国),117分钟,续命枭雄(港) / 药命俱乐部(台) / 达拉斯顾客俱乐部 / 药丸俱乐部(豆友译名),tt0790636,8.8,482825,50.30%,41.80%,7.40%,0.40%,0.10%,1985年美国达拉斯市，恐同的德州电工罗恩·伍德鲁夫（马修·麦康纳 Matthew McConaughey 饰）发现自己患上“同志病”——艾滋，生命只剩30天。他使用的AZT（叠氮胸苷）是当时美国药管局唯一批准面市的抗艾药物，但毒性极大。为了活下去，罗恩开始研究各种抗艾 处方和替代疗法，甚至走私来自世界各地未经批准的药物。在医生萨克斯（詹妮弗·加纳 Jennifer Garner 饰）和异装癖同性恋雷蒙（杰瑞德·莱托 Jared Leto 饰）的帮助下，罗恩开始成立了一个叫做“达拉斯买家俱乐部”的地下组织，为艾滋病人提供更多“非常规疗法”，很多患病的男同性恋亦求助于他。他的举动自然受到了药管局和药商的阻挠和施压。罗恩最终在1992年9月去世，离他被告知只剩30天可活已经过去了2557天。在这近7年时间里，他坚持不懈的与病魔、与药管局及制药商进行艰苦的斗争，享受真正活过的人生...... 本片根据真人真事改编，讲述一个绝症病人如何努力求生并拯救成千上万面临同样境遇的人的故事，提名金球奖剧情类最佳男主/男配以及获得大小29个奖项。
背靠背，脸对脸,https://movie.douban.com/subject/1307856/,黄建新,黄建新 / 孙毅安 / 刘醒龙,牛振华 / 雷恪生 / 李强 / 句号 / 王劲松 / 戈治均 / 佘南南 / 张嘉益 / 刘国祥 / 徐学政 / 林海海 / 温谦 / 马载军 / 吴玮玲 / 张艺 / 韩炳杰 / 杨亚洲,剧情,中国大陆 / 中国香港,汉语普通话,1994-09-10(多伦多电影节),148分钟,"背对背，脸对脸 / Back to Back, Face to Face / 秋风醉了",tt0109235,9.5,159046,75.90%,21.60%,2.30%,0.20%,0.10%,王双立（牛振华 饰）是某地文化馆的代馆长，这个馆长一代就是好几年，想升也升不上去，却也没有其他变动。不料一天，来了新的文化馆长老马（雷恪生 饰），这让王双立离正馆长的距离更远了。新馆长老马原是个副乡长，王双立认为他是个土包子，心里很是不以为然，利用自己对文化馆人际关系熟 悉的优势，想方设法给老马出难题。经过几轮较量，老马终于被挤走，王双立又成了代馆长，再次受领导重用，岂料，螳螂捕蝉黄雀在后，秘书小阎（李强 饰）成了新一任馆长。王双立不甘心，再次和小阎斗法，想将对方挤走，这次王双立还能如愿与偿吗？ 电影《背靠背，脸对脸》获得第二届大学生电影节最佳故事片和最佳男主角奖、东京国际电影节最佳男主角奖、第15届金鸡奖最佳导演和最佳合作片奖、第14届香港电影金像奖十大华语片。
心灵奇旅 Soul,https://movie.douban.com/subject/24733428/,彼特·道格特,彼特·道格特 / 麦克·琼斯 / 凯普·鲍尔斯,杰米·福克斯 / 蒂娜·菲 / 菲利西亚·拉斯海德 / 阿米尔-卡利布·汤普森 / 戴维德·迪格斯 / 格拉汉姆·诺顿 / 瑞切尔·豪斯 / 艾莉丝·布拉加 / 理查德·艾欧阿德 / 唐尼尔·罗林斯 / 安吉拉·贝塞特 / 马戈·霍尔 / 罗德莎·琼斯 / 韦斯·斯塔迪 / 沙基纳·贾弗里 / 福琼·费姆斯特 / 卡鲁姆·格兰特 / 泽诺比娅·谢罗夫 / 朱恩·斯奎布 / 凯茜·卡瓦蒂妮 / 罗纳尔多·德尔·卡门 / 埃利萨皮·艾萨克 / 杰森·佩斯 / 科拉·尚波米耶,动画 / 音乐 / 奇幻,美国,英语,2020-12-25(中国大陆/美国网络) / 2020-10-11(伦敦电影节),101分钟,灵魂奇遇记(港) / 灵魂急转弯(台) / 灵魂 / 心灵,tt2948372,8.7,1066005,48.70%,38.50%,11.90%,0.80%,0.10%,究竟是什么塑造了真正的你？电影将聚焦乔伊·高纳（杰米·福克斯配音）。这位中学音乐老师获得了梦寐以求的机会——在纽约最好的爵士俱乐部演奏。但一个小失误把他从纽约的街道带到了一个奇幻的地方“生之来处”（the Great Before）。在那里，灵魂们获得培训，在前往地球之前将获得他们的个性特点和兴趣。决心要回到地球生活的乔伊认识了一个早熟的灵魂“二十二”（蒂娜·菲 配音），二十二一直找不到自己对于人类生活的兴趣。随着乔伊不断试图向二十二展示生命的精彩之处，他也将领悟一些人生终极问题的答案。
疯狂原始人 The Croods,https://movie.douban.com/subject/1907966/,柯克·德·米科,克里斯·桑德斯 / 柯克·德·米科 / 约翰·克里斯,尼古拉斯·凯奇 / 艾玛·斯通 / 瑞安·雷诺兹 / 凯瑟琳·基纳 / 克萝丽丝·利奇曼 / 克拉克·杜克 / 克里斯·桑德斯 / 兰迪·汤姆,喜剧 / 动画 / 冒险,美国,英语,2013-04-20(中国大陆) / 2013-02-15(柏林电影节) / 2013-03-22(美国),98分钟,古鲁家族(港/台) / 克鲁德一家 / 疯狂家族,tt0481499,8.7,884563,46.60%,41.40%,11.20%,0.60%,0.10%,原始人咕噜一家六口在老爸Grug（尼古拉斯·凯奇 Nicolas Cage 配音）的庇护下生活。每天抢夺鸵鸟蛋为食，躲避野兽的追击，每晚听老爸叙述同一个故事，在山洞里过着一成不变的生活。大女儿Eep（艾玛·斯通 Emma Stone 配音）是一个和老爸性格截然相反的充满好奇心的女孩，她不满足一辈子留在这个小山洞里，一心想要追逐山洞外面的新奇世界。 没想到世界末日突然降临，山洞被毁，一家人被迫离开家园，展开一场全新的旅程。离开了居住了“一辈子”的山洞，展现在他们眼前的是一个崭新绚丽却又充满危险的新世界，到处都是食人的花草和叫不出名字的奇异鸟兽，一家人遇到了全所未有的危机。在旅途中，他们还遇到了游牧部落族人Guy（瑞恩·雷诺兹 Ryan Reynolds 配音），他有着超凡的创造力和革新思想，帮助咕噜一家躲过了重重困难，途中他还发明了很多“高科技”产品，并让他们知道了原来生活需要“用脑子”，走路需要“鞋子”等等。一行人在影片中展开了一场闹腾而又惊险的旅程。
谍影重重3 The Bourne Ultimatum,https://movie.douban.com/subject/1578507/,保罗·格林格拉斯,托尼·吉尔罗伊 / 斯科特·Z·本恩斯 / 乔治·诺非 / 罗伯特·陆德伦,马特·达蒙 / 朱丽娅·斯蒂尔斯 / 大卫·斯特雷泽恩 / 斯科特·格伦 / 帕迪·康斯戴恩 / 埃德加·拉米雷兹 / 阿尔伯特·芬尼 / 琼·艾伦 / Tom Gallop / 克里·约翰逊 / 丹尼尔·布鲁赫 / 乔伊·安沙 / 科林·斯廷顿 / 丹·弗雷登堡 / Lucy Liemann,动作 / 悬疑 / 惊悚,美国 / 德国 / 法国 / 英国,英语 / 法语 / 阿拉伯语 / 俄语 / 西班牙语,2007-11-15(中国大陆) / 2007-08-03(美国),115分钟,叛谍追击3：最后通牒(港) / 神鬼认证：最后通牒 (台) / 伯恩的最后通牒 / 终极伯恩,tt0440963,8.8,445869,52.50%,38.00%,8.80%,0.50%,0.10%,失去了心爱的女人，波恩（马特?戴蒙 饰）面临更为艰难的日子，他努力回忆，却只能在睡梦中被脑海里一知半解的闪回所惊醒，依然无法记起自己的身份。 但是波恩注定不是平凡人，不等他冷静下来好好“寻找回”自己真正的身份，中情局派出的杀手又接踵而至。在接连的几次较量之后，杰森?伯恩终于被彻底激怒，决定反戈一击——他主动追击杀手，到过莫斯科、马德里。巴黎，也在伦敦和丹吉尔做过停留。 随着问题一个一个解决，杰森回到了纽约，在那里，他将会找到一切的答案，寻回自己的身份。
绿里奇迹 The Green Mile,https://movie.douban.com/subject/1300374/,弗兰克·德拉邦特,弗兰克·德拉邦特,汤姆·汉克斯 / 大卫·摩斯 / 迈克·克拉克·邓肯 / 邦妮·亨特 / 詹姆斯·克伦威尔 / 迈克尔·杰特 / 格雷厄姆·格林 / 道格·休切逊 / 山姆·洛克威尔 / 巴里·佩珀 / 杰弗里·德曼 / 派翠西娅·克拉克森 / 哈利·戴恩·斯坦通 / 戴布思·格里尔 / 伊芙·布伦特,剧情 / 悬疑 / 犯罪 / 奇幻,美国,英语 / 法语,1999-12-10(美国),189 分钟,绿色奇迹(台) / 绿色英里 / 绿里 / 绿地,tt0120689,8.9,363220,56.60%,34.10%,8.30%,0.80%,0.30%,狱监保罗（汤姆?汉克斯 Tom Hanks 饰）这天迎来了一位不平凡的杀人犯――约翰?考夫利（迈克?克拉克?邓肯 Michael Clarke Duncan 饰）。约翰因杀了两名幼女被判死刑来到了这座著名的冷山监狱，监狱里有一片称为“绿里”的绿地，绿地那头就是刑场。 约翰不仅不像想象中的凶残，相反，他出奇的温厚、机智。约翰的到来给狱中的各人带来了天翻地覆的变化：为老囚犯特里沃的小老鼠注入了生命的强度，给特里沃最后的人生带来最后的慰籍；神奇的拯救了被病痛折磨的保罗和马琳达；将金保斯从死神手中拉了回来……保罗这些天也从约翰身上看到了人生的真谛。 约翰行刑的那天终于到了。
上帝之城 Cidade de Deus,https://movie.douban.com/subject/1292208/,费尔南多·梅里尔斯,保罗·林斯 / 布罗里欧·曼托伐尼,亚历桑德雷·罗德里格斯 / 莱安德鲁·菲尔米诺 / 菲利佩·哈根森 / 道格拉斯·席尔瓦 / 乔纳森·哈根森 / 马修斯·纳克加勒 / 塞乌·乔奇 / 艾莉丝·布拉加,剧情 / 犯罪,巴西 / 法国,葡萄牙语,2002-05-18(戛纳电影节) / 2002-08-30(巴西),130分钟,无主之城(港) / 无法无天(台) / City of God,tt0317248,9,319138,58.30%,34.10%,6.90%,0.50%,0.20%,巴西里约热内卢的贫民窟，这里是“上帝之城”，更是魔鬼也会叹息着转身的地方。 阿炮（Alexandre Rodrigues 饰）带着我们到了这里，他见证了这里二十多年来被残暴、贪婪、复仇、野心、背叛、掠夺所裹挟的混乱生活以及最终导致的一场灾难性的黑帮争斗。虽然从小就要 辗转于匪徒间求生存，但胆小怕事的性格与自我保护的本能却使他一直能平安度日。 60年代初，阿毛、阿夹和阿呆是这里的“少年三侠”，在抢劫完旅馆之后，他们三人分道扬镳，阿夹重回上帝的怀抱，而阿呆和阿毛纷纷付出了生命的代价。 70年，当年“少年三侠”手下的小弟小豆子（Douglas Silva 饰）靠着自己的心狠手辣，不停地吞并别人的地盘，成为了贫民区的“小霸王”，生意也从抢劫升级到了更为暴利的毒品买卖，和他一起飞黄腾达的还有班尼（Phellipe Haagensen 饰）。 班尼认识了美丽的安迪丽卡（Alice Braga 饰），准备归隐，在送别的晚会上，他意外被对头杀害，悲痛之下，“小霸王”集合人手给班尼报仇，帮派之间的厮杀就此开始。 此时的阿炮，机缘巧合下成为了杂志社的见习摄影师，他的相机，照下的却是孩子们持枪荷弹的狰狞，和帮派间无休无止的仇杀。
爱在午夜降临前 Before Midnight,https://movie.douban.com/subject/10808442/,理查德·林克莱特,理查德·林克莱特 / 朱莉·德尔佩 / 伊桑·霍克 / 金·克里桑,伊桑·霍克 / 朱莉·德尔佩 / 肖姆斯·戴维-菲茨帕特里克 / 詹妮弗·普里尔 / 夏洛特·普里尔 / 仙尼娅·卡洛格罗普卢 / 沃尔特·拉萨利 / 亚里安妮·拉贝德 / 雅尼斯·帕帕多普洛斯 / 阿赛娜·拉海尔·灿加里 / 帕诺斯·科罗尼斯 / 约塔·阿吉罗普卢 / 约翰·斯洛斯,剧情 / 爱情,美国 / 希腊,英语 / 希腊语 / 法语,2013-06-14(美国),109分钟,情约半生(港) / 爱在午夜希腊时(台) / 爱在午夜到来时 / 爱在午夜梦回时 / 午夜之前,tt2209418,8.9,441390,54.60%,35.00%,9.20%,0.90%,0.30%,被影迷奉为爱情圭臬的《爱在黎明破晓前》、《爱在日落黄昏时》终于迎来了第三部《爱在午夜降临前》。第一部中美国青年杰西（伊桑·霍克 Ethan Hawke 饰）坐火车邂逅法国女孩赛琳（朱莉·德尔佩 Julie Delpy 饰），两人在维也纳度过难忘一晚；9年后的第二部，杰西已成 为作家，他的小说让他和赛琳在巴黎重逢，两人于日落前再续前缘。如今又一个9年过去了，杰西与赛琳已经一起生活并有了一对双胞胎女儿，对人生和爱情也有了更多感悟。《爱在午夜降临前》就是撷取他们在希腊伯罗奔尼撒南部小岛度假的最后一天。 导演理查德·林克莱特和两位主演就像与影迷在赴一个每9年的约会，尽管三部曲的制作跨度长达18年，但故事情节几乎可以写在一张纸的背面。电影惯于只用人与人的对话讲述故事，两位主人公或行走在静谧的村落，或悠然坐在露台和餐桌前，不断的讨论着文学、爱情、生活、两性等话题。然而与前两部不同的是，随着他们终于走到一起，爱情的浪漫也开始被生活的日常琐碎和彼此相处的实用性取代，吵架拌嘴也随之而来。如何在“婚姻”的面纱下维持爱情？电影将18年的感情铺开，再徐徐化解那些小小的怨念，呈现爱情最真实动人一面。
海街日记 海街diary,https://movie.douban.com/subject/25895901/,是枝裕和,是枝裕和 / 吉田秋生,绫濑遥 / 长泽雅美 / 夏帆 / 广濑铃 / 大竹忍 / 堤真一 / 加濑亮 / 风吹淳 / 中川雅也 / 前田旺志郎 / 铃木亮平 / 坂口健太郎 / 树木希林,剧情 / 家庭,日本,日语,2015-05-14(戛纳电影节) / 2015-06-13(日本),127分钟,海街女孩日记(港) / Kamakura Diary / Umimachi Diary / Our Little Sister,tt3756788,8.8,488973,50.40%,40.40%,8.60%,0.50%,0.10%,临海古都镰仓，顺山而成的小镇，不起眼的角落里生活着香田家四姐妹。她们的父亲早年和情人离家出走，母亲则干脆将女儿们抛给了外婆照顾。外婆去世后，外孙女们继承了这栋有着悠久历史的大房子。过早担负起家庭重任的大姐香田幸（绫濑遥 饰），尽心尽力照顾着两个妹妹佳乃（长泽雅美 饰）、千佳（夏帆 饰）健康成长。这一天，父亲去世的消息传到姐妹手中。她们结伴而行参加了父亲的葬礼，并且结识了从未谋面的异母妹妹浅野铃（广濑丝丝 饰）。许是血缘中的亲近之感，幸在临行前邀请铃搬来镰仓同住。未过多久，抱着对姐姐们的憧憬，铃迈入了父亲曾经生活过的房子。四季流转，姐妹们的故事悄然上演…… 本片根据吉田秋生的同名漫画改编。
英雄本色,https://movie.douban.com/subject/1297574/,吴宇森,陈庆嘉 / 吴宇森 / 梁淑华,周润发 / 狄龙 / 张国荣 / 朱宝意 / 李子雄 / 田丰 / 吴宇森 / 曾江 / 成奎安 / 徐克 / 陈志辉,剧情 / 动作 / 犯罪,中国香港,粤语 / 汉语普通话 / 英语,2017-11-17(中国大陆) / 1986-08-02(中国香港),95分钟,A Better Tomorrow / Gangland Boss,tt0092263,8.6,577466,44.50%,43.60%,11.30%,0.50%,0.10%,香港某个国际伪钞集团重要分子宋子豪（狄龙 饰）和Mark（周润发 饰）情同手足，某次宋子豪带手下谭成（李子雄 饰）去台北交易时被其出卖受枪伤被捕入狱，为替好兄弟报仇，Mark孤身赴台，结果被人打成瘸子，江湖地位自此一落千丈，而宋子豪的父亲也在不久丧命。 一向视宋子豪为偶像的宋子杰（张国荣 饰）得知哥哥的真实身份后，对黑社会及他恨之入骨，立誓利用警察身份将黑帮势力斩草除根，宋子豪出狱后不顾苦等他想重创辉煌的Mark的劝阻，决心弃暗投明，无奈得不到宋子杰的谅解。而此时已成帮会老大的谭成欲找宋子豪再合作，遭拒绝后放言会害宋子杰，被逼走投无路，宋子豪决定再与Mark连手共抗强敌。
风之谷 風の谷のナウシカ,https://movie.douban.com/subject/1291585/,宫崎骏,宫崎骏,岛本须美 / 松田洋治 / 榊原良子 / 辻村真人 / 京田尚子 / 纳谷悟朗 / 永井一郎 / 宫内幸平 / 八奈见乘儿 / 矢田稔 / 富永美伊奈 / 家弓家正 / 吉田理保子 / 菅谷政子 / 坂本千夏 / 鳕子 / 麦人 / 大塚芳忠,动画 / 奇幻 / 冒险,日本,日语,1992-05(中国大陆) / 1984-03-11(日本),117分钟,风谷少女 / Kaze no tani no Naushika / Nausica? of the Valley of the Wind,tt0087544,8.9,376558,55.50%,35.10%,8.60%,0.50%,0.20%,工业文明的高度发展，却最终带来灾难，一场为期7天的虫族毁灭战争摧毁了人类文明。一千年后，工业文明遗留下来的症结仍在困扰这个星球。带有强烈毒性的植物组成了令人望而却步的“腐海”森林，随着时间的推移，腐海有条不紊地向四周蔓延，蚕食周边世界。在一片腐海森林的旁边，居住着一群御风而行的人类。女主角娜乌茜卡和族人依靠海风的力量抵御着有毒孢子的侵蚀，过着平静祥和的生活。 直到某一天，战火烧到了这里。西方强国特洛梅意欲重新建立人类霸权，他们计划统一周边诸国，然后向虫族发起总攻。另一方面，一千年前曾主导摧毁人类的上古怪兽“猛怪”重现人间。毁灭战争一触即发，人类的命运将会如何…… 本片根据宫崎骏同名漫画改编，并分获1985年罗马奇幻电影节和1985年电影旬报最佳影片奖、1985年每日电影大藤信郎奖。
无间道2 無間道II,https://movie.douban.com/subject/1307106/,刘伟强,麦兆辉 / 庄文强,陈冠希 / 余文乐 / 曾志伟 / 黄秋生 / 吴镇宇 / 刘嘉玲 / 胡军 / 张耀扬 / 连凯 / 惠英红 / 廖启智 / 张同祖 / 方平 / 敖志君 / 黄岳泰 / 陈德森 / 赵颂茹 / 叶世品 / 郑斌辉 / 许金峰 / 陈望华 / 尹志强 / 傅嘉莉 / 段伟伦 / 林仲岐 / 金来群 / 黄锐生 / 张碧珊 / 刘宗基 / 王文成 / 张旭燊 / 林国杰 / 雷小明 / 里卡多·马姆多 / 布兰登·雷亚 / 李霆锋 / 阎青妤 / 龙比意 / Phorjeat Keanpetch / 杜汶泽,剧情 / 惊悚 / 犯罪,中国香港,粤语 / 英语 / 汉语普通话 / 泰语,2003-10-17(中国大陆) / 2003-10-01(中国香港),119分钟,无间道前传 / Infernal Affairs II / Infernal Affairs 2 / 无间道II,tt0369060,8.8,528341,49.30%,40.20%,9.80%,0.60%,0.10%,1991年，香港黑帮龙头倪坤被杀，倪氏家族旗下五大头目中除韩琛（曾志伟）外，均伺机背叛发难，不料却被倪家不起眼的第二代倪永孝（吴镇宇）不费一兵一卒牵制，此举引来重案祖督察黄志诚（黄秋生）的戒心，使其派出警校学生陈永仁（余文乐）渗入倪家进行长期的卧底工作，而韩琛为了巩固势力，早在警察内部安插了线人刘建明（陈冠希）。三年后，事业蒸蒸日上的倪永孝为安枕无忧，决意将五大头目一举歼灭，却因疏忽让韩琛成为漏网之鱼。 1997年，大难不死的韩琛重出江湖，为替死去的同事报仇，黄志诚找到他商议合作除掉倪永孝的事宜，不久却发现此举铸成大错，而各自为自己的尴尬身份苦恼的陈永仁和刘建明，则在无间道的路上越行越远。
疯狂的石头,https://movie.douban.com/subject/1862151/,宁浩,张承 / 宁浩 / 岳小军,郭涛 / 刘桦 / 连晋 / 黄渤 / 徐峥 / 岳小军 / 罗兰 / 王迅,喜剧 / 犯罪,中国大陆 / 中国香港,汉语普通话 / 重庆话,2006-06-30(中国大陆) / 2006-08-10(中国香港),106分钟(香港),Crazy Stone,tt0843270,8.6,880248,43.90%,43.10%,11.80%,0.90%,0.20%,重庆一间工艺品厂已经濒临倒闭，却不料在拆倒旧厂房的时候，发现了厕所里的一件宝物——一块价值连城的翡翠。厂里决定用这块翡翠举办一个展览，赚些钱发拖欠了几个月的工人工资。期间由工艺品厂保卫科长包世宏（郭涛 饰）负责看守这件宝物。但是，国际大盗麦克与本地一帮小偷却让包世宏一筹莫展，他们各施其技接近翡翠，展览馆开始了一场明争暗斗的较量。黑色幽默也开始幕幕上演。翡翠的价值几何？最后谁是胜出者？事情远没有表面那么简单……
2001太空漫游 2001: A Space Odyssey,https://movie.douban.com/subject/1292226/,斯坦利·库布里克,亚瑟·克拉克 / 斯坦利·库布里克,凯尔·杜拉 / 加里·洛克伍德 / 威廉姆·西尔维斯特 / 丹尼尔·里希特 / 雷纳德·洛塞特 / 罗伯特·比提 / 肖恩·沙利文 / 艾德·毕肖普 / 格伦·贝克 / 艾伦·吉福德 / 安·吉利斯,科幻 / 惊悚 / 冒险,英国 / 美国,英语 / 俄语,1968-04-02(华盛顿首映) / 1968-05-12(英国),149分钟,2001：星际漫游 / 2001：太空奥德赛,tt0062622,8.9,366057,60.20%,28.50%,8.90%,1.60%,0.90%,这部影片是库布里克花了四年时间制作的充满哲学命题的鸿篇巨制。一块大黑石树立在史前人类的面前，他们刚刚开始认识工具，进入到进化的里程碑。同样的黑石还在宇宙多处出现，它们矗立在月球上，漂浮在太空中，带着某种神秘的寓意。 现在的时间是2001年，为了寻找黑石的根源，人类开展一项木星登陆计划。飞船上有冬眠的三名宇航员，大卫船长（凯尔·杜拉 Keir Dullea饰）、富兰克飞行员（加里·洛克伍德 Gary Lockwood饰），还有一部叫“HAL9000”的高智能电脑。HAL在宇宙飞行过程中发生错乱，令到富兰克和三名冬眠人员相继丧命，剩下波曼和这台电脑作战。 从死亡线上回来的大卫一气之下关掉主脑系统，HAL彻底失效。现在，茫茫宇宙中只剩大卫一人，向木星进发。穿越瑰异壮观的星门，大卫仿佛去到一个奇特的时空，那里有人类无尽的生死轮回和宇宙的终极知识……
纵横四海 緃横四海,https://movie.douban.com/subject/1295409/,吴宇森,吴宇森 / 高志森 / 秦小珍,周润发 / 张国荣 / 钟楚红 / 朱江 / 曾江 / 胡枫 / 唐宁 / 邓一君,剧情 / 喜剧 / 动作 / 犯罪,中国香港,粤语 / 汉语普通话 / 客家话 / 英语 / 法语,1991-02-02(中国香港),108分钟,Once a Thief,tt0101020,8.8,453831,51.90%,37.80%,9.40%,0.80%,0.20%,砵仔糕（周润发 饰）、阿占（张国荣 饰）和红豆（钟楚红 饰）均是孤儿，在养父（曾江 饰）栽培下成为国际大盗。长大后成了帮他赚钱的艺术品大盗，而三人同时又认了警察（朱江 饰）为干爹。 法国巴黎博物馆内，名画《赫林之女仆》被人盗走。与此同时，阿海、阿占和红豆三人以敏捷身手盗得另一幅名画，在与法国大哥交易时得知名画《赫林之女仆》在妖气重重的古堡内，他们在曾江安排下成功地盗取此画之后，反被集团原凶曾江与法国大哥合谋设下陷阱，派人追杀灭口。阿海驾车与杀手快艇相撞…… 三人失散，数年后，他们在香港重聚，阿海“瘫痪”住在朱江家里，阿占和红豆已经结婚了。曾江又逼他们去偷画……
雨中曲 Singin' in the Rain,https://movie.douban.com/subject/1293460/,斯坦利·多南,贝蒂·康登 / 阿多夫·格林,吉恩·凯利 / 唐纳德·奥康纳 / 黛比·雷诺斯 / 简·哈根 / 米勒德·米切尔 / 赛德·查里斯 / 达格拉斯·福雷 / 丽塔·莫雷诺 / 道恩·艾达丝 / John Albright / Betty Allen / Bette Arlen / David Bair / 玛格丽特·伯特 / Madge Blake / Gail Bonney / Chet Brandenburg / 梅·克拉克 / Harry Cody / Chick Collins / Pat Conway / Jeanne Coyne / Fred Datig Jr. / 凯·德利斯 / John Dodsworth / 金·多诺万 / Phil Dunham / 海伦·艾比罗克 / Richard Emory / Tommy Farrell / Ernie Flatt / 贝丝·弗劳尔斯 / 罗伯特·福捷 / Dan Foster / Robert Foulk / Eric Freeman / 凯瑟琳·弗里曼 / 兰斯·富勒 / 杰克·乔治 / John George / Inez Gorman / A. Cameron Grant / Beatrice Gray / William Hamel / 山姆·哈里斯 / Timmy Hawkins / Jean Heremans / 斯图尔特·霍姆斯 / 肯纳G.肯普 / 迈克·拉里 / 乔伊·兰辛 / William F. Leicester / Sylvia Lewis,喜剧 / 爱情 / 歌舞,美国,英语,1952-04-11(美国),103分钟,万花嬉春(港/台) / 雨中情 / 百花嬉春,tt0045152,9.1,249046,63.10%,30.50%,5.90%,0.40%,0.20%,1927年，由唐·洛克伍德（吉恩·凯利 饰）和丽娜·雷蒙德（简·哈根 饰）主演的《皇家流氓》在好莱坞首映。由于丽娜刺耳的嗓音无法匹配其夺目的外貌，为了维护明星形象，宣传部只得安排唐一人讲话。首映后，由于钢琴师科斯莫·布朗（唐纳德·奥康纳 饰）的汽车爆胎，为了躲避疯狂的影迷，唐意外结识了能歌善舞的凯西·塞尔登（黛比·雷诺斯 饰），并被其深深吸引。数周后，首部有声电影《爵士歌手》爆红，唐与丽娜的新片《决斗骑士》不得不临时改变拍摄方式，而凯西也成为歌舞片演员。因预映口碑极差，科斯莫提议将《决斗骑士》改为歌舞片，由凯西为丽娜配音，凯西积极附议。与凯西吻别后，唐心花怒放，在雨中载歌载舞。科斯莫的计划能否奏效？幕后的凯西能否走到台前接受观众的掌声？
卢旺达饭店 Hotel Rwanda,https://movie.douban.com/subject/1291822/,特瑞·乔治,凯尔·皮尔森 / 特瑞·乔治,唐·钱德尔 / 苏菲·奥康内多 / 华金·菲尼克斯 / 尼克·诺特 / 哈基姆·凯-卡西姆 / 托尼·戈罗奇 / 法纳·莫科纳 / 大卫·奥哈拉 / 莫苏西·麦格诺 / 西莫·莫加瓦扎 / 卡拉·西摩 / 罗伯托·西特兰 / 德斯蒙德·杜布 / 蕾乐蒂·库马洛,剧情 / 传记 / 历史 / 战争,英国 / 南非 / 意大利 / 美国,英语 / 法语,2004-09-11(多伦多电影节) / 2005-03-04(英国),121分钟,卢安达饭店(台),tt0395169,8.9,351429,54.40%,38.20%,6.80%,0.40%,0.20%,1994年卢旺达宣布独立后，胡图族与图西族两部族之间矛盾重重，多次发生冲突，战事持续不断。胡图族大肆屠杀图西族人，在这种背景下，卢旺达饭店经理保罗一直四面奔走，最终成功挽救了饭店里一千多名图西族和胡图族难民。
记忆碎片 Memento,https://movie.douban.com/subject/1304447/,克里斯托弗·诺兰,克里斯托弗·诺兰 / 乔纳森·诺兰,盖·皮尔斯 / 凯瑞-安·莫斯 / 乔·潘托里亚诺 / 小马克·布恩 / 拉什·费加 / 乔雅·福克斯 / 斯蒂芬·托布罗斯基 / 哈里特·桑塞姆·哈里斯 / 托马斯·列农 / 考乐姆·吉斯·雷尼 / 金伯利·坎贝尔 / 玛丽安妮·穆勒雷尔 / 拉里·霍尔登,剧情 / 悬疑 / 惊悚 / 犯罪,美国,英语,2000-09-05(威尼斯电影节) / 2000-10-20(英国) / 2001-05-25(美国),113分钟,凶心人(港) / 记忆拼图(台) / 记忆迷局 / 失忆 / Amnesia,tt0209144,8.7,640199,47.10%,41.30%,10.40%,0.90%,0.30%,当记忆支离破碎后，你该怎样面对生活？本片的主人公就遭遇了这样的事情。 莱纳?谢尔比（盖伊?皮尔斯 饰）在家遭到歹徒的袭击，妻子被残忍的奸杀，自己脑部也受到严重的伤害。 醒来后，他发现自己患了罕见的“短期记忆丧失症”，他只能记住十几分钟前发生的事情，为了让生活继续下去，更为了替惨死的妻子报仇，他凭借纹身、纸条、宝丽来快照等零碎的小东西，保存记忆，收集线索，展开了艰难的调查。 调查中，莱纳遇上粗俗的酒吧女招待娜塔莉娅(凯瑞?安妮?莫斯 饰)，她似乎知道一些莱昂纳多感兴趣的事；还有泰迪(乔?潘托利亚诺 饰)，自称是他以前好朋友，但看上去鬼鬼祟祟的，不怀好意。到底谁能相信？娜塔莉娅？泰迪？还是他自己？ 抽丝剥茧之后，真相呼之欲出，简单之至却又残酷无比，而莱纳是否有面对这一切的勇气？
小偷家族 万引き家族,https://movie.douban.com/subject/27622447/,是枝裕和,是枝裕和,中川雅也 / 安藤樱 / 松冈茉优 / 城桧吏 / 佐佐木美结 / 树木希林 / 绪形直人 / 池松壮亮 / 森口瑶子 / 山田裕贵 / 片山萌美 / 柄本明 / 高良健吾 / 池胁千鹤 / 足立智充,剧情 / 家庭 / 犯罪,日本,日语,2018-08-03(中国大陆) / 2018-05-13(戛纳电影节) / 2018-06-08(日本),117分钟(中国大陆),Shoplifters / Une Affaire de Famille / Manbiki kazoku,tt8075192,8.7,861545,45.10%,44.70%,9.40%,0.70%,0.20%,东京的都市丛林中央，残存着一栋古旧寒酸的老房子，这里局促地生活着柴田一家五口人。在工地当临时工的男人阿治（Lily Franky 饰）经常带着儿子祥太（城桧吏 饰）到超市盗窃生活用品，这一天，他们回家路上遇到了独自待在户外的四岁女孩由里（佐佐木美结 饰）。妻子信代（安藤樱 饰）起初极力主张将女孩送回父母身边，但当看到女孩原生家庭的状况时又心生恻隐。原本柴田家就靠着老奶奶初枝（树木希林 饰）的养老金度日，而今多了一口人，自然更艰辛了几分。包括信代的妹妹亚纪（松冈茉优 饰）在内，虽然一家人游走在贫困和违法的边缘，但笃深的羁绊将他们紧紧联系在一起，使他们的心不会随着冰冷的都市而寒冷下去…… 本片荣获第71届戛纳电影节金棕榈
无敌破坏王 Wreck-It Ralph,https://movie.douban.com/subject/6534248/,瑞奇·摩尔,菲尔·约翰斯顿 / 珍妮弗·李 / 瑞奇·摩尔 / 吉姆·里尔顿 / 约翰·C·赖利 / 山姆·J·莱文 / 贾里德·斯特恩,约翰·C·赖利 / 萨拉·西尔弗曼 / 杰克·麦克布瑞尔 / 简·林奇 / 艾伦·图代克 / 敏迪·卡灵 / 乔·洛·特鲁格里奥 / 艾德·奥尼尔 / 丹尼斯·海斯伯特 / 伊迪·麦克勒格 / 雷蒙德·S·佩尔西 / 杰斯·哈梅尔 / 瑞秋·哈里斯 / 斯盖拉·阿斯丁 / 亚当·卡罗拉 / 霍拉提奥·桑斯 / 莫里斯·拉马奇 / 斯戴芬妮·斯考特 / 约翰·迪·马吉欧 / 瑞奇·摩尔 / 凯蒂·洛斯 / 贾米·埃曼 / 乔西·特立尼达 / 辛贝·沃克 / 塔克·吉莫尔 / 布兰登·斯考特 / 蒂姆·梅尔滕斯 / 凯文·迪特斯 / 杰洛·里佛斯 / 马丁·贾维斯 / 布莱恩·克辛格 / 罗杰·克莱格·史密斯 / 菲尔·约翰斯顿 / 鲁本·兰登 / 凯尔·赫伯特 / 洁米·斯贝勒·罗伯茨 / 尼克·格里姆肖,喜剧 / 动画 / 奇幻 / 冒险,美国,英语,2012-11-06(中国大陆) / 2012-11-02(美国),101分钟,破坏王拉尔夫 / 破坏王大冒险,tt1772341,8.7,580811,48.50%,40.40%,10.30%,0.60%,0.10%,无敌破坏王（约翰·C·赖利 John C. Reilly 配音）生活在一个80年代出品的低精度游戏中。他的设定身份是一个反派，每天的生活就是在游戏《快手阿修》中大搞破坏，其后由玩家操作的英雄人物快手阿修（杰克·麦克布瑞尔 Jack McBrayer 配音） 会及时赶到进行修补，赢得奖牌，包揽一切荣耀。身为反派，破坏王厌倦了自己的生活，眼看阿修被胜利者的光环围绕，自己却日复一日在无趣中过活，他终于决定改变。单纯的他以为只要自己也能得到一枚奖牌，就可以摆脱反派的身份，于是某日在游戏厅歇业后，破坏王偷偷离开了自己的游戏，前去闯荡其他电子游戏的世界。 在途中，破坏王结识了来自《英雄使命》的冷酷队长（简·林奇 Jane Lynch 配音）和来自90年代糖果赛车游戏《甜蜜冲刺》的小女孩云妮（萨拉·丝沃曼 Sarah Silverman 配音）。后者梦想着能上场比赛，但其身份也不允许她梦想成真。破坏王所属的游戏《快手阿修》由于失去了他被认定为系统错误，如不尽快返回，则游戏就会被永久删除；而《甜蜜冲刺》的游戏世界则在悄悄酝酿着一场巨大的、威胁到整个游戏世界的阴谋。这也许是无敌破坏王实现梦想的机会，但也可能是一条不归路…… 他可以扭转乾坤，成为一名真正的英雄吗？
岁月神偷 歲月神偷,https://movie.douban.com/subject/3792799/,罗启锐,罗启锐 / 张婉婷,吴君如 / 任达华 / 钟绍图 / 李治廷 / 蔡颖恩 / 秦沛 / 夏萍 / 谷德昭 / 许鞍华 / 张同祖 / 庄域飞 / 威廉希路 / 李健兴 / 林耀祺 / 廖爱玲 / 张翼东 / 钱耀荣 / 谭瓒强 / 陈庆航 / 黎祥荣,剧情 / 家庭,中国香港 / 中国大陆,粤语 / 汉语普通话 / 英语 / 上海话 / 法语,2010-04-16(中国大陆) / 2010-03-11(中国香港) / 2010-02-14(柏林电影节),117分钟,1969太空漫游 / Echoes Of The Rainbow,tt1602572,8.7,596470,48.60%,39.80%,10.60%,0.80%,0.20%,60年代的香港，风云变幻。一面要忍受港英政府的压制，一面又受到内地运动的波及，更要面对不时登陆的台风暴雨。老字号的永利街就处在这样一个风暴的旋涡中心。 鞋匠罗一家四口，在街尾以做鞋为生。罗先生（任达华 饰）做得一手好鞋，在那个混乱的年代仅能养家糊口；罗太太（吴君如 饰）为人辛辣直率，人称“侠盗罗嫂”。大儿子罗进一（李治廷 饰）16岁，品学兼优，是运动会的冠军，全家人的希望，也是永利街的骄傲；小儿子罗进二（钟绍图 饰）8岁，在父母溺爱之下，天性顽劣，出了名的顽皮整蛊……一家人艰难度日，也算其乐融融。 然而大儿子与富家小姐芳菲（蔡颖恩 饰）之间一段纯美的初恋、一场扫荡整个香港的飓风暴雨、更有一场潜伏已久的噩梦，让这个普通家庭的平安幸福在一夜之间陡生变故、支离破碎……面对岁月这个最大的“神偷”，顽强不屈的人该如何去抵抗？ 2010第60届柏林电影节“新生代单元”最佳影片水晶熊奖，第29届香港电影金像奖最佳编剧、最佳男主角、最佳新演员、最佳原创电影歌曲4项大奖。
冰川时代 Ice Age,https://movie.douban.com/subject/1291578/,卡洛斯·沙尔丹哈,迈克尔·伯格 / 迈克尔·J·威尔森 / 彼得·阿克曼,雷·罗马诺 / 约翰·雷吉扎莫 / 丹尼斯·利瑞 / 杰克·布莱克,喜剧 / 动画 / 冒险,美国,英语 / 克罗地亚语,2002-03-15(美国),81分钟,冰河世纪 / 冰原历险记,tt0268380,8.6,655254,44.20%,44.60%,10.60%,0.50%,0.10%,冰河时期降至，动物们都急着迁徙到温暖的地方及储存食物。长毛象曼弗瑞德、树獭希德、剑齿虎迪亚戈为了帮助一个人类的婴儿回到父母身边，因而也掉了动物们迁徙的队伍。三只性格各异的动物，觉得集合力量帮助婴儿。一路上，善良的曼弗瑞德总觉得迪亚戈心怀鬼胎，想吃掉婴儿，互相猜疑。他们一起经历了无数艰难险阻，终于能够真诚相对。 当剑齿虎迪亚戈的同伴知道它身边正有一个婴儿，饥寒交迫的它们就想迪亚戈把婴儿交给它们当食物，迪亚戈已对可爱的小婴儿产生了感情，无法下手，而迪亚戈该如何选择呢？小婴儿又能否安全回到家中？
牯岭街少年杀人事件 牯嶺街少年殺人事件,https://movie.douban.com/subject/1292329/,杨德昌,杨德昌 / 赖铭堂 / 杨顺清 / 鸿鸿,张震 / 杨静怡 / 张国柱 / 王启赞 / 林鸿铭 / 金燕玲 / 王琄 / 张翰 / 姜秀琼 / 赖梵耘 / 柯宇纶 / 谭志刚 / 冯国强 / 陈湘琪 / 金士杰,剧情 / 犯罪,中国台湾,汉语普通话 / 闽南语 / 上海话 / 粤语,1991-07-27(中国台湾),237分钟(导演剪辑版),A Brighter Summer Day,tt0101985,8.9,337879,57.80%,32.00%,8.60%,1.10%,0.50%,结识小明（杨静怡）前，小四（张震）是典型的乖仔，是父母的希望和兄妹的骄傲（一家人指望他考上名牌大学将来提升全家的社会地位），他有一个喜欢摇滚乐的自称“小猫王（王启赞）”的好友，两人虽会去树林看人幽会，但过的是与周围诸多在“小公园”混的少年人完全两样的生活。 喜欢上小明后 ，小四便像跌进一个无底深渊，开始被外界的各种力量牵着鼻子走。新识仰慕对象honey（林鸿铭）意外身亡，一向敬重的父亲的自尊与精神因为某次事件严重受损，加上将一次次“欺骗玩弄”他感情的小明“看透”，血气方刚又有很强道德感的小四终于走上犯罪的道路，期望用自己的刀结束事件的根源。但小四不知的是，他眼中的根源只是这条食物链中微不足道的一环。
荒蛮故事 Relatos salvajes,https://movie.douban.com/subject/24750126/,达米安·斯兹弗隆,达米安·斯兹弗隆,达里奥·格兰迪内蒂 / 玛丽娅·玛努尔 / 莫妮卡·比利亚 / 丽塔·科尔泰塞 / 胡丽叶塔·泽尔贝伯格 / 凯撒·博尔东 / 莱昂纳多·斯巴拉格利亚 / 沃尔特·多纳多 / 里卡多·达林 / 南希·杜普拉 / 奥斯卡·马丁内兹 / 玛莉亚·奥内托 / 奥斯马·努涅斯 / 赫尔曼·德·席尔瓦 / 艾丽卡·里瓦斯 / 地亚哥·詹蒂莱 / 玛格丽塔·莫菲诺,剧情 / 喜剧 / 犯罪,阿根廷 / 西班牙,西班牙语,2024-12(中国大陆) / 2014-05-17(戛纳电影节) / 2014-08-21(阿根廷),122分钟,蛮荒故事 / 生命中最抓狂的小事(台) / 无定向丧心病狂(港) / 蛮荒史 / Wild Tales,tt3011894,8.8,472819,48.90%,41.60%,8.70%,0.60%,0.20%,《荒蛮故事》是一部黑色喜剧，由6个独立的暴力复仇小故事构成。影片是一次对于人类失控行径的颠覆性创作，从怪异的幽默感，独特的画面和大胆的配乐，到对于身处绝境的普通人这一题材的偏爱，都可以清晰地看到南美鬼才导演达米安·斯兹弗隆与阿莫多瓦在创作方面的相似之处。不过，斯兹弗隆仍然通过这部影片发出了自己独特的声音：一场对于一个腐败成风、经济和社会严重不平等的社会的尖锐抨击。
忠犬八公物语 ハチ公物語,https://movie.douban.com/subject/1959195/,神山征二郎,新藤兼人,仲代达矢 / 八千草薰 / 柳叶敏郎 / 尾美利德 / 石野真子 / 春川真澄 / 殿山泰司 / 加藤嘉 / 井川比佐志 / 山本圭 / 片桐入 / 浦边粂子 / 高桥长英 / 石仓三郎 / 岸部四郎 / 樋浦勉 / 原知佐子 / 早川纯一 / 川上夏代 / 青木卓 / 野口文惠 / 黑田亚瑟 / 中村美代子 / 原吉实 / 松尾麻织 / 平林尚三 / 田山真美子 / 及川以造 / 古田将士 / 吉冈圭二 / 松本诚一 / 坂井茂树 / 三浦忠度 / 竹田光裕 / 小岛敏彦 / 高崎隆二 / 小山昌幸 / 秋山京子 / 庄司秀俊 / 藤原等 / 西海真理 / 小山内一雄 / 田中孝雄 / 荒木瞳 / 天野良昭 / 八木邦明 / 神田典子 / 大辉昭 / 高桥正明 / 中濑博文 / 菊川予市 / 太田行雄 / 高市好行 / 木津修 / 山下一夫 / 细见良行 / 山口晴记 / 千叶康司 / 谷津勋 / 难波透 / 和气秀章 / 小野一光 / 山科薰 / 内田修司 / 三上祐 / 作原利男 / 岩庭友启 / 石田哲也 / 门平克己 / 佐藤法义 / 上山隆 / 小玉赖信 / 寺坂博文 / 竹原升 / 三木纪平 / 泉谷茂 / 菅井琴 / 加藤登纪子 / 长门裕之 / 山城新伍 / 田村高广,剧情,日本,日语,1987-08-01(日本),107 分钟,八千公物语 / 阿八的故事 / 忠犬八公 / 八公犬的故事 / The Story of Hachikō,tt0093132,9.2,208576,66.00%,27.70%,5.70%,0.40%,0.20%,1923年，日本秋田县大馆市天降大雪，近藤家纯种秋田犬产仔，赠与县土木科长间濑。后者将其中一犬转赠东京帝国大学教授上野秀次郎（仲代达矢 Tatsuya Nakadai 饰）驯养。上野的独生女千鹤子对此欢欣鼓舞，而上野夫妇却面露难色。后来，千鹤子（石野真子 Mako Ishino饰）谈恋爱，竟怀了男友的孩子。男友专程登门造访。上野与之对谈，后者诚惶诚恐，坦言要对其女儿负责，事不宜迟，即日便举行婚礼，上野闻听此言，转怒为喜。千鹤子出嫁后，上野旋即把全部的心血与爱都投注在幼犬身上，并取名为阿八。每日上下班，阿八必在涩谷车站等候，一年四季，风雨无阻，令路人叹为观止，成为地方一道风景，主仆之情感动天地…… 本片根据真实事件改编，为1987年日本票房冠军，票房成绩高达54亿日元。
恐怖游轮 Triangle,https://movie.douban.com/subject/3011051/,克里斯托弗·史密斯,克里斯托弗·史密斯,梅利莎·乔治 / 利亚姆·海姆斯沃斯 / 迈克尔·多曼 / 瑞秋·卡帕尼 / 艾玛·朗 / 亨利·尼克松 / 约书亚·麦基弗,剧情 / 悬疑 / 惊悚,英国 / 澳大利亚,英语,2009-10-16(英国),99 分钟,汪洋血迷宮(台) / 轮回三角 / 三角形 / 迷失三角洲,tt1187064,8.5,934975,42.80%,42.80%,12.90%,1.20%,0.30%,单亲母亲杰西（梅利莎·乔治 饰）和一帮朋友乘游艇出海游玩，但她总有一种有不好的事情发生的感觉。不久，他们便在海上遭遇一场强烈的风暴。游艇翻船，众人落海，几经挣扎他们好不容易爬到游艇残骸上来。正当他们无计可施之时，一艘巨大的游轮向众人缓缓驶来。众人欣喜过望，未加思索便登上这艘名为“艾俄洛斯”的游轮，结果发现这竟是一艘1930年便告失踪的神秘之船，而船上更是空无一人。 随处可见的鲜血、神秘的指示以及突如其来的凶杀事件，将这群男女带入万劫不复的恐怖轮回之中……
东京教父 東京ゴッドファーザーズ,https://movie.douban.com/subject/1310177/,今敏,今敏 / 信本敬子,江守彻 / 梅垣义明 / 冈本绫 / 饭塚昭三 / 加藤精三 / 石丸博也 / 槐柳二 / 屋良有作 / 寺濑今日子 / 能登麻美子 / 大塚明夫 / 小山力也 / 宇垣秀成 / 小形满 / 芝原智矢子 / 竹口安芸子 / 伊藤和晃 / 古田信幸 / 汤屋敦子 / 堀川仁 / 风间勇刀 / 最上嗣生 / 园部好德 / 川濑晶子 / 宫崎晋永 / 矢原加奈子 / 柴田理惠 / 犬山犬子 / 山寺宏一 / 柚木凉香 / 进藤尚美 / 川原庆久 / 麻生智久 / 铃森勘司 / 金田朋子 / 藤原启治 / 兴梠里美,剧情 / 喜剧 / 动画,日本,日语 / 西班牙语 / 英语,2003-11-08(日本),92分钟,Tokyo Godfathers,tt0388473,9,262547,59.80%,33.00%,6.60%,0.50%,0.20%,圣诞夜，退役自行车选手Gin，性倒错者花，离家出走的少女美由纪三人在东京的雪夜中无所事事。这时，他们发现垃圾堆中有一位哭泣的弃婴。孩子的襁褓中仅有一个酒吧的名片与照片。婴儿的父母身份成了谜团。 花想收留孩子，并将孩子取名清子。但另外2人表示反对。于是三人开始了寻找清子父母的旅程。圣诞夜幸福的气氛，伴随的却是怀中清子的哭泣。无家可归的三个人，开始为同样无家可归的清子找寻属于她的家。这一队流浪者，在一夜经历了诸多奇妙的事件。他们能找到清子的父母吗？
爆裂鼓手 Whiplash,https://movie.douban.com/subject/25773932/,达米恩·查泽雷,达米恩·查泽雷,迈尔斯·特勒 / J·K·西蒙斯 / 保罗·雷瑟 / 梅莉莎·班诺伊 / 奥斯汀·斯托维尔 / 内特·朗 / 克里斯·马尔基 / 达蒙·冈普顿 / 苏安妮·斯波克 / 马科斯·卡锡 / 查理·伊恩 / 杰森·布莱尔 / 科菲·斯里博伊 / 卡维塔帕蒂尔 / C·J·瓦纳 / 塔里克·洛维 / 卡尔文·C·温布什 / 迈克尔·D·科恩 / 艾普尔·格雷斯 / 马库斯·亨德森 / 亨利·G.桑德斯 / 温迪·李 / 米歇尔·拉夫,剧情 / 音乐,美国,英语,2024-12-06(中国大陆) / 2014-01-16(圣丹斯电影节) / 2014-10-10(美国),107分钟,鼓动真我(港) / 进击的鼓手(台) / 鼓动人生(台) / 鞭打 / The Whiplash Drummer,tt2582802,8.6,632793,47.10%,40.30%,11.00%,1.10%,0.50%,19岁少年安德鲁（迈尔斯·特勒 Miles Teller 饰）成长在单亲家庭，一心想成为顶级爵士乐鼓手。某晚他在学校练习时被魔鬼导师弗莱彻（J·K·西蒙斯 J.K. Simmons 饰）相中，进入正规乐队，同时也开始为追求完美付出代价。安德鲁越是刻苦练习，与外部世界越是隔膜。唯一理解他的是弗莱彻，但后者的暴躁与喜怒无常扭曲了这段师生关系，更让安德鲁耳濡目染，连带自身的性格亦发生变化。最后当安德鲁终于登上纽约音乐厅的舞台，他才惊恐的发现原来弗莱彻一直等着将他打入尘埃...... 《爆裂鼓手》讲述一名少年在严师督教下，以非常规手段挑战自己的极限、追逐爵士乐鼓手梦的热血故事。主人公热爱打鼓，但过度的投入让他失去对音乐的初衷，进而演变为生命的负荷以及师徒间近乎疯魔的对决。电影不只有音乐人的苦痛，更让人看到传统励志背后的残酷真相。 《爆裂鼓手》获得第30届圣丹斯电影节最高荣誉评审团奖。
末路狂花 Thelma & Louise,https://movie.douban.com/subject/1291992/,雷德利·斯科特,卡莉·克里,吉娜·戴维斯 / 苏珊·萨兰登 / 哈威·凯特尔 / 迈克尔·马德森 / 布拉德·皮特,剧情 / 惊悚 / 犯罪,美国 / 英国 / 法国,英语,1991-05-24(美国) / 1991-05-29(法国),130 分钟,塞尔玛与路易丝,tt0103074,9,303209,57.20%,34.60%,7.40%,0.60%,0.20%,该片被认为是向男权社会发出抗争的女性主义电影代表作。 生活在沉闷与琐碎家务中的家庭主妇赛尔玛（Geena Davis）与在某间咖啡厅做女侍应生的闺中密友路易丝（Susan Sarandon）对平凡的生活与工作产生厌倦后，结伴一起外出旅游散心。路上，在某家酒吧外的停车厂， 赛尔玛险遭无名男子强暴，幸好路易丝及时赶到，拔枪将该男子射杀。惊慌失措的两人掉头逃亡，自此踏上不归路，过程中两人性格均有了很重大的改变。
魔女宅急便 魔女の宅急便,https://movie.douban.com/subject/1307811/,宫崎骏,宫崎骏 / 角野荣子,高山南 / 佐久间玲 / 户田惠子 / 山口胜平 / 信泽三惠子 / 加藤治子 / 关弘子 / 三浦浩一 / 山寺宏一 / 井上喜久子 / 渊崎由里子 / 土井美加 / 土师孝也 / 浅井淑子 / 齐藤昌 / 西村知道 / 小林优子 / 池水通洋 / 辻亲八 / 大塚明夫 / 坂本千夏 / 田口昂 / 键本景子 / 津贺有子 / 龟井芳子 / 丸山裕子,动画 / 奇幻 / 冒险,日本,日语,1989-07-29(日本),103分钟,魔女琪琪(台) / 小魔女限时专送 / Kiki's Delivery Service,tt0097814,8.7,496446,47.60%,42.10%,9.80%,0.40%,0.10%,琪琪今年13岁了，按照魔法界的规矩，魔法少女年满13岁就要出外进行为期一年的修行。所以琪琪带着宠物黑猫吉吉踏上了修行之旅。然而，修行之旅开始得并不顺利，当琪琪来到海边一座大城市时，人们并没有欢迎她的到来，人人都不搭理她。幸亏琪琪有一颗善良的心，当她拾到了一件别人的失物时，热心的琪琪找到了失主。她的善良赢得了面包店老板娘的好感，琪琪就在面包店开始了她用飞行魔法为客人服务的快递业务。琪琪很快适应了新环境，一次，一个热衷于飞机制造的男孩邀请琪琪去参加飞行俱乐部的聚会，途中琪琪因为帮一位老大娘送东西而被雨淋了。从此，琪琪突然发现自己的魔法正在一天天变弱。
大佛普拉斯,https://movie.douban.com/subject/27059130/,黄信尧,黄信尧,庄益增 / 陈竹升 / 戴立忍 / 张少怀 / 陈以文 / 纳豆 / 丁国琳 / 李永丰 / 朱约信 / 雷婕熙 / 林美秀 / 小亮哥 / 游安顺 / 梁赫群 / 脱线 / 郑宇彤 / 鲁文学,剧情 / 喜剧,中国台湾,闽南语 / 汉语普通话,2017-10-13(中国台湾) / 2017-06-29(台北电影节),102分钟,The Great Buddha+,tt7010412,8.7,515236,48.70%,41.20%,8.90%,0.90%,0.30%,菜埔（庄益增 饰）是一家雕塑厂的夜间保安，家中有一位重病的老母亲需要照顾。肚财（陈竹昇 饰）是菜埔唯一的朋友，菜埔经常在值夜班的时候把肚财叫过来和他作伴。一天，两人突发奇想决定看一看菜埔的老板黄启文（戴立忍 饰）的行车记录仪里记录了哪些影像，希望向来风流的老板能够贡献出一些精彩的片段以解两个独身男人内心里的寂寞之苦。 行车记录仪所记录的影像果然没有让菜埔和肚财失望，但与此同时，两人也发现了黄启文的许多不可告人的秘密。实际上，菜埔和肚财的一举一动皆没有逃过黄启文的眼睛，为了保住自己的地位和名声，他决定采取一些必要的行动。
遗愿清单 The Bucket List,https://movie.douban.com/subject/1867345/,罗伯·莱纳,贾斯汀·扎克汉姆,杰克·尼科尔森 / 摩根·弗里曼 / 西恩·海耶斯 / 贝弗利·陶德 / 罗伯·莫洛 / 阿方索·弗里曼 / 罗文娜·金 / 韦尔达·布里奇斯 / 伊恩·安东尼·代尔 / 詹妮弗·迪弗朗西斯科 / 安吉拉·加德纳 / 诺尔·古格雷米 / 乔纳森·赫尔南德斯 / 休·B·赫鲁伯 / 理查德·麦克格纳格尔 / 丸山凯伦 / 安波米德 / 尼基·诺瓦克 / 克里斯托弗·斯塔普勒顿 / 泰勒.安.汤普森 / 亚历克斯·崔贝克 / Annton Berry Jr. / Destiny Brownridge / Brian Copeland / 乔丹·朗德 / Jonathan Mangum / 瑟瑞娜·里德 / MaShae Alderman / Vin Scully,剧情 / 喜剧 / 冒险,美国,英语,2007-12-25(多伦多电影节) / 2008-01-11(美国),97 分钟,玩转身前事(港) / 一路玩到挂(台) / 拿命开玩笑 / 乐着活下去,tt0825232,8.7,503283,47.60%,41.40%,10.30%,0.60%,0.10%,老富翁爱德华?科尔（杰克?尼克尔森 Jack Nicholson 饰）近年来在公立医院的私有化改造事业中获利颇丰，他为节省成本，规定病房“一房两床”的做法颇受非议，但性格强势的科尔不以为意，岂料他不久被检查出罹患癌症，本欲入住单人病房的科尔在舆论压力下只得与另一位病人——老卡特（摩根?弗里曼 Morgan Freeman 饰）同处一室。汽车修理技师老卡特博闻强识，将三个子女培养成才，但代价是牺牲了年轻时要做历史教授的梦想。曾经结婚多次如今却孤身一人的科尔逐渐对卡特产生了兴趣，两位老人在病房中结下了友谊。科尔偶然发现了卡特的“遗愿清单”，他决定运用自己的力量，让那些纸面上的疯狂构想一一实现，去发现人生的真正意义……
贫民窟的百万富翁 Slumdog Millionaire,https://movie.douban.com/subject/2209573/,丹尼·博伊尔,西蒙·博福伊 / 维卡斯·斯瓦鲁普,戴夫·帕特尔 / 沙鲁巴·舒克拉 / 亚尼·卡普尔 / 拉詹德拉纳斯·祖特施 / 吉尼瓦·塔瓦尔 / 芙蕾达·平托 / 伊尔凡·可汗 / 爱资哈尔丁·穆罕默德·伊斯梅尔 / 阿什·马赫什·舍德卡 / 马赫什·曼杰瑞卡 / 麦活·米泰尔,剧情 / 爱情,英国,英语 / 印地语 / 法语 / 德语,2009-03-26(中国大陆) / 2008-08-30(特柳赖德电影节) / 2009-01-09(英国),120分钟,一百万零一夜(港) / 贫民百万富翁(台) / 贫民富翁 / 山寨富翁 / 阳光小阿三(豆友译名),tt1010048,8.6,781271,43.00%,44.80%,11.40%,0.70%,0.20%,2006年，印度孟买。 印度青年杰玛?马利克（戴夫?帕特尔饰）还差一个问题就能赢得2千万卢比。他是怎么做到的？A：他作弊；B：他幸运；C：他是天才；D：一切命中注定。 这是《谁想成为百万富翁》电视猜谜节目的人生版。杰玛?马利克在已经赢得1千万卢比的情况下被警方以欺诈罪逮捕，严刑拷问下杰玛说出他获得1千万卢比的真相——他确实知道答案，但他只知道这些！ 出身贫民窟的杰玛年幼就生活艰苦，他与哥哥沙里姆、少女拉媞卡(芙蕾达?平托饰)三人却一起经历了几十年印度的变迁。之前每一个问题，都好像是杰玛的记忆碎片，牵动他关于亲情、爱情与人生的回忆。 而现在，杰玛一方面要洗清自己的犯罪嫌疑，一方面要拯救与拉媞卡的爱。在金钱与爱之前，杰玛能够沉着冷静，选择出正确的答案吗？
东邪西毒 東邪西毒,https://movie.douban.com/subject/1292328/,王家卫,王家卫 / 金庸,张国荣 / 林青霞 / 梁朝伟 / 张学友 / 张曼玉 / 刘嘉玲 / 梁家辉 / 杨采妮 / 邹兆龙,剧情 / 动作 / 爱情 / 武侠 / 古装,中国香港 / 中国台湾,粤语 / 汉语普通话,1994-09-17(中国大陆) / 1994-09-12(威尼斯电影节),98分钟,Ashes of Time,tt0109688,8.6,607901,48.00%,38.30%,11.90%,1.30%,0.50%,在恋人（张曼玉）负气嫁给兄长的当晚，欧阳锋（张国荣）黯然离开白陀山，走进沙漠某个小镇，成为一名杀手中介人。他的朋友、风流剑客黄药师（梁家辉）每年都来小镇与他畅饮，酒话里有关白陀山的消息令他忘却往事的念想渐次演变成自欺行为。 黄药师只是表面风流。他迷恋好友“盲武士”（梁朝伟）的妻子桃花（刘嘉玲），后者在丈夫死后，永远地离开了他；而对迷恋他的女人慕容嫣（林青霞），他又不愿兑现曾经随口说出的承诺，这使得慕容嫣迷失于自己的身份中。与欧阳锋构成短暂“买凶杀人”关系的洪七（张学友）、村姑（杨采妮）等人，也都有一段只有他们自己才知、不愿回首的痛苦过往。
高山下的花环,https://movie.douban.com/subject/1422283/,谢晋,李存葆 / 李凖,吕晓禾 / 唐国强 / 何伟 / 童超 / 盖克 / 王玉梅 / 刘燕生 / 斯琴高娃 / 倪大红 / 何毅 / 石磊 / 贾雨岚 / 李丹军 / 管宗祥 / 李振平 / 胡宗琪 / 洪军,剧情 / 战争,中国大陆,汉语普通话,1984(中国大陆) / 1985-11-07(中国香港),146分钟,卫国军魂(港) / Wreaths at the Foot of the Mountain,tt0090340,9.5,126405,79.80%,16.70%,3.10%,0.30%,0.20%,驻扎在四川广元的九连长梁三喜（吕晓禾 饰）为了从军政治部调来的指导员赵蒙生（唐国强 饰）推迟了探亲假，可出身高干家庭吃不了苦的蒙生打算只干几个月就走。1979年，赵母吴爽（刘燕生 饰）得知蒙生部队将要赴越作战，加紧督办调动之事。耿直的炮排长靳开来（何伟 饰）听说后火冒三丈，扬言要自费上北京告状。部队开赴云南边境，吴爽孤注一掷请求军长雷震（童超 饰）将蒙生调回后方……
你看起来好像很好吃 おまえうまそうだな,https://movie.douban.com/subject/4848115/,藤森雅也,村上修 / 神野博明 / 宫西达也,山口胜平 / 爱河里花子 / 加藤清史郎 / 原田知世 / 川岛得爱 / 折笠富美子 / 桐本拓哉 / 别所哲也 / 矢田稔 / 川村万梨阿 / 高乃丽 / 小室正幸 / 江川央生 / 志村知幸 / 胜沼纪义 / 井田国男 / 宫西达也 / 宫西美奈子,剧情 / 动画 / 儿童,日本,日语,2010-10-16(日本),90分钟,你看起来很好吃(台) / 你看上去好像很好吃 / 你好像很美味啊 / 我的暴龙老爸 / ??? ???? / Omae Umasou da na / You Are Umasou / Heart and Yummie,tt1734113,8.9,354985,55.10%,35.20%,8.90%,0.60%,0.20%,哈特（山口胜平 饰）是一只被草食性恐龙养大的霸王龙。其实，早在它破壳而出时，草食性恐龙的首领就曾命令哈特的母亲（原田知世 饰）抛弃它，但母亲却最终还是偷偷把它养大。随着年龄的增长，每天只吃野果的哈特每天饥饿难耐，最终还是抵不住本能的驱使，开始了自己食肉的残暴生涯。然而，由于母亲的影响，在哈特的内心深处，始终涌动着一颗善良的心灵。一天，偶尔遇到一只破壳而出的食草恐龙宝宝，哈特阴差阳错的被恐龙宝宝误认为是“爸爸”，而且为小恐龙取名为“很美味”，自此开始了又一段奇异的恐龙父子情。然而，伴随着生存环境的恶化，恐龙们的生存遭受着前所未有的破坏，哈特和它的亲人最终能否经得起考验…… 本篇由日本知名漫画家宫西达也的同名漫画改编，本书曾获剑渊绘本乡绘本奖大奖。
源代码 Source Code,https://movie.douban.com/subject/3075287/,邓肯·琼斯,本·雷普利,杰克·吉伦哈尔 / 维拉·法米加 / 米歇尔·莫纳汉 / 杰弗里·怀特 / 拉塞尔·皮特斯 / 詹姆斯·A·伍兹 / 迈克尔·阿登 / 乔·柯布登 / 卡斯·安瓦尔,科幻 / 悬疑 / 惊悚,美国 / 加拿大,英语,2011-08-30(中国大陆) / 2011-03-11(西南偏南电影节) / 2011-04-01(美国),93分钟,启动原始码(台) / 危机解密(港),tt0945513,8.5,884425,40.50%,47.20%,11.50%,0.60%,0.10%,在阿富汗执行任务的美国空军飞行员科特史蒂文斯上尉（杰克·吉伦哈尔 Jake Gyllenhaal 饰）突然惊醒，发现自己在一辆高速行驶的列车上，而他的身边坐着一个素不相识的女子克里斯蒂安（米歇尔·莫娜汉 Michelle Monaghan 饰）正在与自己讲话。科尔不知自己为什么会在这辆车上，而且他发现自己居然是以另一个人的身份存在，正当他迷惑不解的时候，列车上忽然发生爆炸…… 科特又一次惊醒，发现自己身处一个密闭的太空仓里，有一位女军官古德温（维拉·法米加 Vera Farmiga 饰）正在通过视频和自己对话，并要求自己报告列车上发生的事情。一头雾水的科特还没搞明白是怎么回事时，他又一次被送上那辆列车。这次之后，科特终于明白自己在执行一件任务，负责调查芝加哥火车爆炸案找到恐怖份子并查出他的下一个目标。科特被一次又一次的送上那辆高速列车，每次只有八分钟的时间调查，调查过程中，科特发现自己已在一周前去世，原来他正在参与是一项“脑波源代码”的秘密任务，这项任务通过已经死亡的科特尚未完全死亡的脑细胞影像来还原事件，调查事情的真相。最终，科特顺利完成了任务，但是他却决定再一次返回列车，拯救列车上那些无辜的生命……
可可西里,https://movie.douban.com/subject/1308857/,陆川,陆川,多布杰 / 张垒 / 奇道 / 赵雪莹 / 马占林 / 赵一穗,剧情 / 犯罪,中国大陆 / 中国香港,汉语普通话 / 藏语,2004-10-01(中国大陆) / 2005-04-21(中国香港),85分钟(中国大陆),Kekexili: Mountain Patrol,tt0386651,8.9,326409,53.90%,37.40%,7.90%,0.50%,0.20%,尕玉（张磊 饰）本来是个警察，为了调查藏羚羊猎杀状况，他假扮记者身份，随考察团来到可可西里——那里气候寒冷、空气稀薄，含氧量极低。就在这个人类生存的“禁区”，尕玉目睹了一幕幕人性的贪婪以及人类与环境的狂暴冲突。首先是藏羚羊保护站的巡山队员被盗猎人枪杀，接下来他们见到了悲惨的一幕：盗猎者逃走，只留下众多只剩嶙峋白骨的藏羚羊。巡山队员在恶劣的环境中追捕凶手，最终只夺回了一部份的藏羚羊皮毛。一方面要与恶劣的自然环境抗争、另一方面还要与凶残的盗猎者周旋，巡山队员和尕玉面临着生死考验。
疯狂的麦克斯4：狂暴之路 Mad Max: Fury Road,https://movie.douban.com/subject/3592854/,乔治·米勒,乔治·米勒 / 布伦丹·麦卡锡 / 尼克·拉图里,汤姆·哈迪 / 查理兹·塞隆 / 尼古拉斯·霍尔特 / 休·基斯-拜恩 / 乔什·赫尔曼 / 内森·琼斯 / 佐伊·克罗维兹 / 罗茜·汉丁顿-惠特莉 / 丽莉·吉欧 / 阿比·丽 / 考特尼·伊顿 / 安格斯·桑普森 / 理查德·卡特 / 梅根·盖尔 / 肖恩·哈普,动作 / 科幻 / 冒险,澳大利亚 / 美国,英语 / 俄语,2015-05-14(澳大利亚) / 2015-05-15(美国),120分钟,末日先锋：战甲飞车(港) / 疯狂麦斯：愤怒道(台) / 冲锋飞车队4 / 迷雾追魂手4 / 冲锋追魂手4 / 疯狂麦克斯4 / 疯狂迈斯：怒途 / Mad Max 4: Fury Road,tt1392190,8.7,586179,49.80%,37.10%,11.30%,1.30%,0.50%,未来世界，水资源短缺引发了连绵的战争。人们相互厮杀，争夺有限的资源，地球变成了血腥十足的杀戮死战场。面容恐怖的不死乔在戈壁山谷建立了难以撼动的强大武装王国，他手下的战郎驾驶装备尖端武器的战车四下抢掠，杀伐无度，甚至将自己的孩子打造成战争机器。在最近一次行动中，不死乔的得力战将弗瑞奥萨（查理兹·塞隆 Charlize Theron 饰）带着生育者们叛逃，这令不死乔恼羞成怒，发誓要追回生育者。经历了激烈的追逐战和摧毁力极强的沙尘暴，弗瑞奥萨和作为血主的麦克斯（汤姆·哈迪 Tom Hardy 饰）被迫上路，而身后不仅有不死乔的追兵，还有汽油镇、子弹农场的重兵追逐。 末世战争，全面爆发……
城市之光 City Lights,https://movie.douban.com/subject/1293908/,查理·卓别林,查理·卓别林 / Harry Clive / 哈里·克罗克,查理·卓别林 / 弗吉尼亚·切瑞尔 / 佛罗伦斯·李 / 亨利·伯格曼 / 珍·哈露,剧情 / 喜剧 / 爱情,美国,英语,1931-01-30(洛杉矶首映) / 1931-03-07(美国),87 分钟,City Lights: A Comedy Romance in Pantomime / Lichter der Gro?stadt,tt0021749,9.3,160433,70.70%,25.00%,3.90%,0.30%,0.10%,他是一个流浪汉（查理·卓别林 Charles Chaplin 饰），身无分文，遇上了双目失明的卖花女，却不忍袖手旁观。他想尽办法去凑够费用，供卖花女治病。一天，他搭救了一个富翁，富翁当晚和他称兄道弟，第二天却翻脸不认人。本来打算向他求助的主意行不通了。流浪汉去参加拳击比 赛，以图获得奖金，却输得一败涂地。谁知这时重遇富翁，二人不计前嫌，富翁答应出钱资助卖花女。在交给流浪汉1000元后，富翁遭到偷袭，身上剩下的钱被强盗抢走。流浪汉奋不顾身去追赶，却因为误会被警察押回警局坐牢。另一方面，卖花女凭借流浪汉的资助重获光明，开了一家体面的花店。
海边的曼彻斯特 Manchester by the Sea,https://movie.douban.com/subject/25980443/,肯尼思·洛纳根,肯尼思·洛纳根,卡西·阿弗莱克 / 卢卡斯·赫奇斯 / 米歇尔·威廉姆斯 / C·J·威尔逊 / 凯尔·钱德勒 / 卡拉·海沃德 / 格瑞辰·摩尔 / 泰特·多诺万 / 埃里卡·麦克德莫特 / 希瑟·伯恩斯 / 蜜西·雅格 / 斯蒂芬·亨德森 / 本·汉森 / 玛丽·梅伦 / 安东尼·埃斯特拉 / 苏珊·波尔法 / 罗伯特·塞拉 / 卡罗琳·皮克曼 / 约什·汉密尔顿 / 肖恩·菲茨吉本 / 肯尼思·洛纳根 / 安娜·巴瑞辛尼科夫 / 利亚姆·麦克尼尔 / 马修·布罗德里克 / Kt·巴达萨罗 / 威廉·博恩凯塞尔 / 弗兰克·达戈斯蒂诺 / 托马斯·马里亚诺,剧情 / 家庭,美国,英语,2017-08-25(中国大陆) / 2016-01-23(圣丹斯电影节) / 2016-11-18(美国),137分钟,情系海边之城(港),tt4034228,8.6,605663,43.80%,43.40%,11.50%,1.00%,0.20%,李（卡西·阿弗莱克 Casey Affleck 饰）是一名颓废压抑的修理工，在得知哥哥乔伊（凯尔·钱德勒 Kyle Chandler 饰）去世的消息后，李回到了故乡——海边的曼彻斯特处理乔伊的后事。根据乔伊的遗嘱，李将会成为乔伊的儿子帕特里克（卢卡斯·赫奇斯 Lucas Hedg es 饰）的监护人，李打算将帕特里克带回波士顿，但很显然帕特里克并不愿意离开家乡和朋友们，但李亦不愿在这片伤心地久留。 原来，曼彻斯特埋藏着李的一段绝望的回忆，他的过失使得三个孩子葬身火海，妻子兰迪（米歇尔·威廉姆斯 Michelle Williams 饰）亦因此而离开了他。此次重回故乡，李再度见到了已经再婚并且即将做妈妈的兰迪，与此同时，帕特里克那失踪已久的母亲艾丽斯（格瑞辰·摩尔 Gretchen Mol 饰）亦联系上了帕特里克，希望他能够成为她的新家庭中的一员。
波西米亚狂想曲 Bohemian Rhapsody,https://movie.douban.com/subject/5300054/,布莱恩·辛格,安东尼·麦卡滕 / 皮特·摩根,拉米·马雷克 / 本·哈迪 / 约瑟夫·梅泽罗 / 格威利姆·李 / 艾伦·里奇 / 露西·宝通 / 艾丹·吉伦 / 汤姆·霍兰德尔 / 麦克·梅尔斯 / 阿隆·麦克卡斯克 / 梅内卡·达斯 / 迪基·博 / 蒂姆· 普莱斯特 / 杰克·罗斯 / 马克斯·班内特 / 基兰·哈德卡斯托 / 罗斯·格林 / 布鲁斯·麦克金伦 / 米歇尔·邓肯 / 马特·格林伍德 / 罗茜·本杰明 / 约翰·奥特曼 / 詹姆斯·华莱士 / 文森特·阿德里安 / 拉斯科·阿特金斯 / 乔纳森·奇塔姆 / 迈克尔·科布 / 耶稣·加洛 / 亚当·兰伯特 / 豪尔赫·莱昂·马丁内斯 / 杰森· 莱恩斯 / 伊斯雷尔·鲁兹,剧情 / 同性 / 音乐 / 传记,英国 / 美国,英语,2019-03-22(中国大陆) / 2018-11-02(美国),135分钟,波希米亚狂想曲：摇滚传说(港) / 波希米亚狂想曲(台),tt1727824,8.6,654201,47.70%,38.70%,12.10%,1.30%,0.30%,本片是对皇后乐队、传奇主唱弗雷迪·莫库里以及他们音乐的致敬盛宴，这是一段充满爱、痛苦、接纳和音乐的旅程。 弗雷迪·莫库里（拉米·马雷克 饰）曾是希思罗机场的一名普通搬运工，对音乐满腔热血的他，与布莱恩·梅（格威利姆·李 饰）、罗杰·泰勒（本·哈迪 饰）、约 翰·迪肯（约瑟夫·梅泽罗 饰）组成皇后乐队。这个殿堂级乐队的从无到有，从疏离到重聚，从低谷到巅峰，仿佛就是弗雷迪一生的缩影。在最后的日子里，弗雷迪做了生命中最重要的决定——在音乐史上最伟大的“拯救生命”大型摇滚乐演唱会上，将所有热血付诸于歌声。
黑天鹅 Black Swan,https://movie.douban.com/subject/1978709/,达伦·阿伦诺夫斯基,安德雷斯·海因斯 / 马克·海曼 / 约翰·J·麦克劳克林,娜塔莉·波特曼 / 米拉·库尼斯 / 文森特·卡塞尔 / 芭芭拉·赫希 / 薇诺娜·瑞德 / 本杰明·米派德 / 克塞尼亚·索罗 / 克里斯汀娜·安娜波 / 詹妮特·蒙哥马利 / 塞巴斯蒂安·斯坦 / 托比·海明威 / 塞尔吉奥·托拉多 / 马克·马戈利斯 / 蒂娜·斯隆 / 亚伯拉罕·阿罗诺夫斯基 / 夏洛特·阿罗诺夫斯基 / 玛西娅·让·库尔茨 / 肖恩·奥哈根 / 克里斯托弗·加廷 / 黛博拉·奥夫纳 / 斯坦利·B·赫尔曼 / 库尔特·弗勒曼 / 帕特里克·赫辛格 / 莎拉·海伊,剧情 / 惊悚,美国,英语 / 法语 / 意大利语,2010-09-01(威尼斯电影节) / 2010-12-17(美国),108分钟,夺命黑天鹅 / 霸王别鹅(豆友译名),tt0947798,8.6,816406,42.40%,45.00%,11.50%,0.80%,0.20%,纽约剧团要重排《天鹅湖》，因前领舞Beth（薇诺娜?赖德 Winona Ryder 饰）离去，总监Thomas（文森特?卡索尔 Vincent Cassel. 饰）决定海选新领舞，且要求领舞要分饰黑天鹅与白天鹅。Nina（娜塔莉?波特曼Natalie Portman 饰）自幼练习芭蕾舞，在母亲的细心关照下，技艺出众。这次，她希望可以脱颖而出。然而，在竞争中，她发现心机颇重的Lily（米拉?库妮丝 Mila Kunis 饰）是自己的强劲对手。在选拔中，她的白天鹅表演的无可挑剔，但是黑天鹅不及Lily。她感到身心俱疲，回家还发现了背部的红斑与脚伤。她一个人找到总监，希望争取一下。总监趁机亲吻她，却被她强硬拒绝。结果，总监居然选了她。队友怀疑她靠色相上位。在酒会上，Beth甚至当众发泄。这种压力外加伤病，一直影响着她的发挥。总监启发她要释放激情，表现出黑天鹅的诱惑。在强大的心理暗示中，她似乎也滑向了黑天鹅的角色……
芙蓉镇,https://movie.douban.com/subject/1297880/,谢晋,阿城 / 谢晋,刘晓庆 / 姜文 / 郑在石 / 张光北 / 徐松子 / 祝士彬 / 刘利年,剧情 / 爱情,中国大陆,汉语普通话,1987-03-05(中国大陆上海首映),164 分钟,Hibiscus Town,tt0087301,9.3,165869,68.80%,26.70%,4.00%,0.30%,0.20%,本片分上下两集，讲述了位于湘、粤、桂三省交界处的芙蓉镇上，人称“芙蓉姐”的漂亮女人胡玉音（刘晓庆）在“四清运动”及“文化大革命”中的遭遇。 1963年，凭着热情周到的服务，胡玉音与丈夫桂桂（刘利年）经营的米豆腐摊子前渐渐成为早市上最热闹的一道风景，加上夫妻俩省吃俭用，手中积攒了一 笔数目可观的财富。镇党支书也是胡玉音干哥的黎满庚（张光北）、粮站主任谷燕山（郑在石）及乡邻们都为他们高兴。当他们盖好新房准备日子更上一层楼时，迎上“四清运动”，一直嫉妒胡玉音的原国营饮食店经理、今县商业局科长李国香（徐松子）与二流子王秋赦（祝士彬）联手，趁机将她定性为“反革命五类分子”中的“富农婆”，将之派去与原县文化馆馆长、今被人称作“秦癫子”的“右派”秦书田（姜文）一起清扫大街，桂桂身亡。运动中黎满庚昧着良心将胡玉音背叛，谷燕山则一直以老革命军人的标准诚实做人。 1966年，“文化大革命”开始，世道的荒谬从不停调换角色的李国香与王秋赦两人身上便可窥见。一起扫街时，胡玉音将自己的悲惨遭遇归罪于秦书田，后者曾在她与桂桂成亲之时唱了后被认为反革命的贺喜歌、在她新房子建成之时写了后被认为反革命的贺喜联。对于胡玉音的怨恨，秦书田并不多做辩解，相反时常暗中将她帮助。慢慢地，两人生出感情，计划着成为一家人好好生活，但前路充满血风腥雨。而在他们最艰难时，谷燕山从没忘伸手一帮。
爱乐之城 La La Land,https://movie.douban.com/subject/25934014/,达米恩·查泽雷,达米恩·查泽雷,瑞恩·高斯林 / 艾玛·斯通 / 约翰·传奇 / 罗丝玛丽·德薇特 / 芬·维特洛克 / 杰西卡·罗德 / 水野索诺娅 / 考莉·埃尔南德斯 / J·K·西蒙斯 / 汤姆·艾弗瑞特·斯科特 / 米根·费伊 / 达蒙·冈普顿 / 贾森·福克斯 / 乔什·平茨 / 艾米·科恩 / 特里·沃尔特斯 / 汤姆·谢尔顿 / 信达·亚当斯 / 克劳丁·克劳迪奥 / D·A·瓦拉赫 / 特雷弗·里斯奥尔 / 奥莉维亚·汉密尔顿 / 安娜·查泽雷 / 马里乌斯·代·弗里斯 / 妮科尔·库隆 / 迈尔斯·安德森 / 约翰·辛德曼 / 瓦拉里·雷·米勒 / 基夫·范登·霍伊维尔 / 佐伊·霍尔 / 登普西·帕皮恩 / 辛德拉·车,剧情 / 爱情 / 歌舞,美国,英语,2017-02-14(中国大陆) / 2023-12-22(中国大陆重映) / 2016-08-31(威尼斯电影节) / 2016-12-25(美国),128分钟,星声梦里人(港) / 乐来越爱你(台) / 爵士情缘 / 啦啦之地,tt3783958,8.4,1023576,43.50%,37.80%,15.80%,2.20%,0.60%,米娅（艾玛·斯通 Emma Stone 饰）渴望成为一名演员，但至今她仍旧只是片场咖啡厅里的一名平凡的咖啡师，尽管不停的参加着大大小小的试镜，但米娅收获的只有失败。某日，在一场派对之中，米娅邂逅了名为塞巴斯汀（瑞恩·高斯林 Ryan Gosling 饰）的男子，起初两人之间产生了小小的矛盾，但很快，米娅便被塞巴斯汀身上闪耀的才华以及他对爵士乐的纯粹追求所吸引，最终两人走到了一起。 在塞巴斯汀的鼓励下，米娅辞掉了咖啡厅的工作，专心为自己写起了剧本，与此同时，塞巴斯汀为了获得一份稳定的收入，加入了一支流行爵士乐队，开始演奏自己并不喜欢的现代爵士乐，没想到一炮而红。随着时间的推移，努力追求梦想的两人，彼此之间的距离却越来越远，在理想和感情之间，他们必须做出选择。
真爱至上 Love Actually,https://movie.douban.com/subject/1292401/,理查德·柯蒂斯,理查德·柯蒂斯,休·格兰特 / 连姆·尼森 / 科林·费尔斯 / 劳拉·琳妮 / 艾玛·汤普森 / 艾伦·瑞克曼 / 凯拉·奈特莉 / 托马斯·布罗迪-桑斯特 / 比尔·奈伊 / 玛汀·麦古基安 / 马丁·弗瑞曼 / 克里斯·马歇尔 / 罗德里戈·桑托罗 / 罗温·艾金森 / 比利·鲍伯·松顿 / 安德鲁·林肯 / 露西娅·莫尼斯 / 海克·玛卡琪,剧情 / 喜剧 / 爱情,英国 / 美国 / 法国,英语 / 葡萄牙语 / 法语,2003-09-07(多伦多电影节) / 2003-11-06(美国) / 2003-11-21(英国),135分钟,真的恋爱了(港) / 爱是您，爱是我(台) / 真情角落 / 真爱 / Love Actually Is All Around,tt0314331,8.5,773434,45.60%,38.10%,14.20%,1.60%,0.50%,这是一出10个爱情故事串成的喜剧杂烩： 失去母亲的小男孩终日郁郁寡欢，继父不知该如何安慰。当他得知继子喜欢上学校里最美的女孩，便热烈地鼓励儿子去追。小男孩为了赢得小女孩的关注，废寝忘食地练习架子鼓，只为了在圣诞节的晚会上能与她同台演出。勇敢的他，甚至为了最后的一记道别潇 洒地突破机场的安检区。 两个孩子的母亲面对了婚姻危机。丈夫感情出轨，把项链送给了别的女人，给她的，则仅是一张她热爱的女歌手的CD。她找了借口仓皇躲入卧室，在歌声中隐忍啜泣。转个身，又夸张地大笑着，迎向娇女爱子欢喜的面容。 丈夫最终幡然醒悟。 …… 如此的小故事共有十出，温暖你我的心。
青蛇,https://movie.douban.com/subject/1303394/,徐克,李碧华 / 徐克,张曼玉 / 王祖贤 / 赵文卓 / 吴兴国 / 马精武 / 田丰 / 刘洵,剧情 / 爱情 / 奇幻 / 古装,中国香港 / 中国大陆,粤语 / 汉语普通话,1993-11-04(中国香港),99分钟,Green Snake,tt0106559,8.6,561618,45.40%,42.20%,11.50%,0.70%,0.20%,南宋是一个人妖难分的时期，法海和尚（赵文卓 饰）到处收服妖精，也扰乱了在西湖底修炼的白青二蛇。青（张曼玉 饰）曾获白（王祖贤 饰）相救，二者便以姐妹相称。姐妹俩受惑佯装成人生活在民间，白更嫁于老实书生许仙，青也同时看上了许仙，便常常以媚态勾引许仙，无奈许仙只深爱白一个。白开设了药店，以为可以自此过上安定的生活，可许仙却受不了青的百般挑逗，更发现了青白二蛇的真实身份，可他却不舍得离开家中的天姿国色。法海得知了青白二蛇的下落，更抓走了许仙。原来白为了爱情放弃修成正果，更怀有了身孕。为了救回丈夫，二蛇与法海展开了搏斗……
花束般的恋爱 花束みたいな恋をした,https://movie.douban.com/subject/34874432/,土井裕泰,坂元裕二,菅田将晖 / 有村架纯 / 细田佳央太 / 清原果耶 / 小田切让 / 押井守 / 户田惠子 / 岩松了 / 小林薰 / 韩英惠 / 中崎敏 / 小久保寿人 / 泷内公美 / 森优作 / 古川琴音 / 篠原悠伸 / 八木亚里纱 / 佐藤宽太 / 冈部敬史 / 萩原实里 / 福山翔大 / 萩原利久 / 片山友希 / 宇野祥平 / 佐藤玲 / 水泽绅吾 / 穗志萌香,剧情 / 爱情,日本,日语,2022-02-22(中国大陆) / 2021-01-29(日本),124分钟,她和他的恋爱花期(港) / 爱如花束 恋恋不忘 / Hanataba mitaina koi o shita / We Made a Beautiful Bouquet / I Fell in Love Like A Flower Bouquet,tt11219254,8.6,734709,44.70%,42.20%,11.70%,1.10%,0.40%,深夜的地铁站，因错过末班车让山音麦（菅田将晖 饰）和八谷绢（有村架纯 饰）两个年轻人不期而遇。他们相约前往附近的咖啡店，并且畅聊文学、电影和各自的爱好。令他们感到惊喜的是，两个人无论是习惯、爱好还是理念居然极其相似，仿佛就是另一个自己，因此他们对对方渐渐产生好感。在此之后，他们相约再次见面，顺理成章成为了情侣。大学毕业，步入社会，小麦和小绢痴心相守。只不过现实生活磨砺着年轻人的意志和爱情。小麦被迫暂时放弃自己绘画的梦想，成为一名上班族，日渐拮据的生活也让他们减弱了对理想生活的要求。 不知不觉，曾经如此合拍的两个人渐行渐远，变成了最熟悉的陌生人……
初恋这件小事 ???????????????????????...???,https://movie.douban.com/subject/4739952/,普特鹏·普罗萨卡·那·萨克那卡林,普特鹏·普罗萨卡·那·萨克那卡林,平采娜·乐维瑟派布恩 / 马里奥·毛瑞尔 / 苏达拉·布查蓬 / 雅尼卡·桑普蕾舞 / 诺特·阿查拉那·阿瑞亚卫考 / 皮拉瓦特·赫拉巴特 / 普特鹏·普罗萨卡·那·萨克那卡林 / 华森·波克彭,剧情 / 喜剧 / 爱情,泰国,泰语 / 印度尼西亚语 / 英语,2012-06-05(中国大陆) / 2010-08-12(泰国),118分钟(泰国),初恋那件小事(港) / 暗恋那点小事 / 叫做爱的小事 / Sing lek lek tee reak wa rak / A Little Thing Called Love / First Love,tt1859438,8.5,1019472,42.20%,41.60%,14.60%,1.30%,0.30%,初中生小水相貌平平，家境一般，所以在学校里并不受重视。但是她心地善良，又有一群死党，日子过得倒也开心。某天，她遇见了帅气的学长阿亮（马里奥·毛瑞尔 Mario Maurer 饰），春心萌动，无 法遏制。她喜欢看他踢足球，看他拍照，如痴如狂。上英语课时，她不停地给死党传纸条 表达对阿亮的爱慕。然而，英语老师则指出她除了英语一无是处。回到家，叔叔从美国捎来了父亲的消息，说如果她能考全校第一，就可以去美国。于是，她按下决心要努力加油。某天，小水等人在买饮料时，碰到篮球队员蛮横插队。阿亮挺身而出，为她们教训了对方，并挨了校长的责骂。小水也第一次听说，阿亮的父亲因为射失点球而退役的事情，理解了他心中的隐痛。由于舞蹈队是给美女准备的，所以小水等一干姐妹准备在话剧社大展身手，没想到学长也来到这个社团。两人还扮演王子公主，他们的恋情会由此展开么？……
雨人 Rain Man,https://movie.douban.com/subject/1291870/,巴瑞·莱文森,罗纳德·巴斯 / 巴里·莫罗,达斯汀·霍夫曼 / 汤姆·克鲁斯 / 瓦莱丽亚·戈利诺 / 邦妮·亨特 / 贝丝·格兰特 / 杰克·霍夫曼 / 克里斯·马尔基 / 杰拉尔德·R·莫伦 / 卢辛达·珍妮 / 拉尔夫·塞莫 / 迈克尔·D·罗伯茨 / 罗伊斯·D.阿普勒加特 / 路易莎·莱斯金,剧情,美国,英语 / 意大利语,1988-12-16(美国),133分钟,手足情未了(港) / 手足情深,tt0095953,8.7,426567,47.20%,43.20%,9.00%,0.50%,0.10%,查理（汤姆·克鲁斯 Tom Cruise 饰）父亲去世，留下了300万美元的遗产。然而令他意外的是，遗产全部给了一个他不认识的哥哥雷蒙（达斯汀·霍夫曼 Dustin Hoffman 饰）。雷蒙的名字查理从没听过，这个事件让他气愤不已。他决定前去寻找哥哥。谁知雷蒙的住处就在一个精神病院里，原来他自幼患有自闭症，母亲去世后就被送到精神病院治疗。查理心中有了算计，他把雷蒙带出精神病院，企图骗他出让遗产。 雷蒙的生活习惯奇异，活在自己的幻想世界里，有很多离奇古怪的行为。并且，查理在共处中发现了雷蒙惊人的记忆能力，他试着利用哥哥过目不忘的本领去赌场上试一下身手，赢得了一大笔奖金，使查理足以摆脱穷困生活。而令查理收获更大的是，他还获得了慢慢升温的亲情，这种手足情远远胜过了他原先图谋的300万的遗产。
终结者2：审判日 Terminator 2: Judgment Day,https://movie.douban.com/subject/1291844/,詹姆斯·卡梅隆,詹姆斯·卡梅隆 / 小威廉·威谢尔,阿诺·施瓦辛格 / 琳达·汉密尔顿 / 爱德华·福隆 / 罗伯特·帕特里克 / 阿尔·伯恩 / 乔·莫顿 / 埃帕莎·默克森 / 卡斯图罗·格雷拉 / 丹尼·库克塞 / 詹妮特·戈德斯坦恩 / 山德·贝克利 / 莱思莉·汉密尔顿·格伦 / 彼得·舒鲁姆 / 唐·雷克 / 吉姆·帕尔默 / 格温达·迪肯 / 科林·帕特里克·林奇 / 妮基·考克斯 / 德沃恩·尼克森 / 阿卜杜勒·萨拉姆·埃尔·拉扎克 / 迈克·马斯喀特 / 迪恩·诺里斯 / 查尔斯·A·坦伯罗 / 丹尼·皮尔斯 / 马克·克里斯托弗·劳伦斯 / 林凡 / 乔尔·克莱默 / 斯科特·肖 / 史文-欧尔·托尔森 / 小威廉·威谢尔 / Ken Gibbel / Robert Winley / Michael Edwards / Don Stanton / Dan Stanton / Lisa Brinegar / Dalton Abbott / Bret A. Arnold / Martin Deluca,动作 / 科幻,美国 / 法国,英语 / 西班牙语,1991-07-03(美国) / 2017-02-17(柏林电影节 3D),137分钟,未来战士2(港) / 魔鬼终结者2(台) / 终结者2 / 终结者2：末日审判 / 终结者续集：世界末日 / T2,tt0103064,8.8,363890,51.10%,38.70%,9.70%,0.40%,0.10%,上一部中，超级电脑“天网”阻止人类抵抗领袖约翰·康纳诞生的行动失败，时隔13年后，在“审判日”到来之前，“天网”派出了更加先进的生化机器人T-1000（罗伯特·帕特里克 饰）从公元2029年回到洛杉矶追杀已经长大的约翰，与此同时，约翰也派出了机器人T-800（阿诺· 施瓦辛格 饰）回去保护年幼的自己。 此时，萨拉·康纳（琳达·汉密尔顿 饰）因为怪异的言行而住进了精神疗养院，约翰则和养父母住在一起，行为叛逆。T-800找到他们，在逃避T-1000追杀过程中，获得了二人的信任。 为了改变未来的历史，挽救人类的命运，萨拉、约翰和T-800 Model 101找到了“天网”之父，迈尔斯·戴森（乔·莫顿 饰），说服他销毁一切有关“天网”的资料，此时，警察和T-1000同时赶来，他们陷入了多方争斗中。
人工智能 A.I. Artificial Intelligence,https://movie.douban.com/subject/1302827/,史蒂文·斯皮尔伯格,布莱恩·奥尔迪斯 / 伊恩·沃森 / 史蒂文·斯皮尔伯格,海利·乔·奥斯蒙 / 弗兰西丝·奥康纳 / 山姆·洛巴兹 / 杰克·托马斯 / 裘德·洛 / 威廉·赫特 / 梁振邦 / 克拉克·格雷格 / 凯文·苏斯曼 / 汤姆·加洛普 / 尤金·奥斯门特 / 艾普尔·格雷斯 / 马特·温斯顿 / 萨布丽娜·格德维奇 / 西奥·格林利,剧情 / 科幻,美国 / 英国,英语,2001-06-29(美国),146分钟,AI人工智慧,tt0212720,8.7,477186,48.80%,38.40%,11.40%,1.10%,0.30%,21世纪中期，由于温室效应，南北极冰川融化，地球上很多城市被淹没。此时，人类科技已经高度发达，人工智能机器人就是人类发明出来用以应对恶劣自然环境的科技手段之一，而且，机器人制造技术已经高度发达，先进的机器人不但拥有可以乱真的人类外表，还能感知自身的存在。 莫妮卡的儿子马丁重病住院，生命危在旦夕，为了缓解伤痛的心情，她领养了机器人小孩大卫（海利?乔?奥斯蒙特 饰），大卫的生存使命就是爱她。马丁苏醒，恢复健康，回到了家里，一系列的事情使大卫“失宠”，最后被莫妮卡抛弃。 在躲过机器屠宰场的残酷追杀后，大卫在机器情人乔（裘德?洛 饰）的帮助下，开始寻找自己的生存价值：渴望变成真正的小孩，重新回到莫妮卡妈妈的身边。谁也不知道他能否完成自己的心愿，脱胎换骨成为真正的人，等待他们的只是凶吉难料的旅程……
虎口脱险 La grande vadrouille,https://movie.douban.com/subject/1296909/,热拉尔·乌里,热拉尔·乌里 / 达妮埃尔·汤普森 / 马塞尔·朱利安 / 乔治·塔贝 / 安德烈·塔贝,路易·德·菲奈斯 / 布尔维尔 / 克劳迪奥·布鲁克 / 安德丽·帕里西 / 科莱特·布罗塞 / 迈克·马歇尔 / 玛丽·马凯 / 皮埃尔·贝尔坦 / 本诺·施特岑巴赫 / 玛丽·杜布瓦 / 特里-托马斯 / 西戈德·拉普 / 赖因哈德·科尔德霍夫 / 赫尔穆特·施奈德 / 保罗·普雷博伊斯特 / 汉斯·迈尔 / 居伊·格罗索 / 米歇尔·莫多 / 彼得·雅各布 / 吕迪·勒努瓦 / 诺埃尔·达扎尔 / 皮埃尔·鲁塞尔 / 皮埃尔·巴斯蒂安 / 雅克·萨布隆 / 玛格·阿夫里尔 / 雅克·博杜因 / 加布里埃尔·戈班 / 保罗·梅塞 / 亨利·热内斯,喜剧 / 战争,法国 / 英国,法语 / 英语 / 德语,1966-12-08(法国),132分钟,横冲直撞出重围(港) / 大進擊(台) / Don't Look Now... We're Being Shot At!,tt0060474,8.9,278121,57.30%,32.90%,8.80%,0.80%,0.30%,二战期间，英国一架飞机在执行轰炸任务中，被德军击中，几名英国士兵被迫跳伞逃生。他们约好在土耳其浴室见面，并用这次行动的代号“鸳鸯茶”作为接头暗号。 他们分别降落在法国巴黎德军占领区的不同地点。大胡子中队长雷金纳德被动物园管理员所救。而另外两名士兵，也分别在油漆匠奥古斯德 （布尔维尔 饰）和乐队指挥斯塔尼斯拉斯（路易·德·费内斯 饰）的帮助下掩藏好了。即便德军展开了全城的搜索，油漆匠、指挥和中队长还是在浴室顺利地会面，几经辗转，英国士兵终于接上了头。几个原本并不认识的人，就这样结成了生死同盟，与敌人展开了斗智斗勇的生死游戏。同时，也闹出了不少温情的笑话。他们用微薄的力量对抗严酷德军，险相迭生，滑稽搞笑，为了逃出虎口，共同战斗。
无耻混蛋 Inglourious Basterds,https://movie.douban.com/subject/1438652/,昆汀·塔伦蒂诺,昆汀·塔伦蒂诺,布拉德·皮特 / 梅拉尼·罗兰 / 克里斯托弗·瓦尔兹 / 伊莱·罗斯 / 迈克尔·法斯宾德 / 黛安·克鲁格 / 丹尼尔·布鲁赫 / 蒂尔·施威格 / 哥德昂·布克哈德 / 雅基·伊多 / B·J·诺瓦克 / 奥玛·杜姆 / 奥古斯特·迪赫 / 德尼·梅诺谢 / 西尔维斯特·格罗特 / 马丁·乌特克 / 麦克·梅尔斯 / 朱莉·德赖弗斯 / 理查德·塞梅尔 / 亚历山大·费林 / 罗德·泰勒 / 索恩克·莫宁 / 山姆·莱文 / 保罗·鲁斯特 / 迈克尔·巴考尔 / 阿尔恩特·施韦林·索瑞 / Petra Hartung / Volker Michalowski / 肯·杜肯 / 克里斯蒂安·贝克尔 / 安娜-索菲·弗兰克 / 蕾雅·赛杜 / 蒂娜·罗德里格斯 / 路德格·皮斯特 / 雅娜·帕拉斯克 / 迈克尔·克兰茨 / 赖纳·博克 / 安德烈·彭文 / 塞巴斯蒂安·胡克 / 克里斯蒂安·布吕克纳 / 希尔玛·艾奇霍恩 / Patrick Elias / 伊娃·勒鲍 / 威尔弗里德·霍赫霍尔丁格 / Michael Scheel / 博·史文森 / 恩佐·卡斯特拉里 / 贝拉·B·菲森海默 / Noemi Besedes / 埃莱娜·卡多纳 / 杰克·加伯 / 塞缪尔·杰克逊 / 哈威·凯特尔 / Andrew Napier / 格里高利·尼克特洛 / Niko Novick / Aleksandrs Petukhovs / Brendan Potter / Nikki Rapp / Sabrina Rattey / 昆汀·塔伦蒂诺 / Vitus Wieser,剧情 / 犯罪,德国 / 美国,英语 / 德语 / 法语 / 意大利语,2009-05-20(戛纳电影节) / 2009-08-20(德国),153分钟,希魔撞正杀人狂(港) / 恶棍特工(台) / 无良杂种 / 无良杂军 / 戴罪立功 / 无良杂牌军 / 混蛋野战队,tt0361748,8.7,519533,46.40%,42.10%,10.30%,0.90%,0.30%,故事分五章进行。二战中德占法国，德军上校汉斯（克里斯托弗·瓦尔兹 Christoph Waltz 饰）号称“犹太猎人”，在一次屠犹行动中，少女苏珊娜（梅勒尼·劳伦特 Mélanie Laurent 饰）侥幸逃脱。与此同时，八名美国犹太士兵在中尉奥尔多（布拉德·皮特 饰） 的带领下潜入德占法国刺杀德国军人，其行动神出鬼没，手法残忍，对德军造成相当威胁，被称为“杂种”。三年后苏珊娜来到巴黎继承了姑母的电影院，结识了德国战斗英雄，电影《国家荣耀》的主演弗里德里克（丹尼尔·布鲁赫 Daniel Brühl 饰）。对苏珊娜一见钟情的弗里德里克说服德国宣传部长约瑟夫·戈培尔（西尔维斯特·格洛斯 Sylvester Groth 饰）在苏珊娜的影院首映《国家荣耀》，希特勒（马丁·乌特克 Martin Wuttke 饰）本人也将出席。苏珊娜决定借放映之机烧毁影院；而在德国间谍女演员布里奇特（戴安娜·克鲁格 Diane Kruger饰）的安排下，英美联合的刺杀行动“奇诺”也将在首映当晚行动…… 本片被提名2009年戛纳电影节金棕榈奖，获第82届奥斯卡最佳导演、最佳影片等七项提名，并荣获奥斯卡最佳男配角奖（Christoph Waltz）及戛纳电影节最佳男演员奖。
哈利·波特与死亡圣器(上) Harry Potter and the Deathly Hallows: Part 1,https://movie.douban.com/subject/2051007/,大卫·叶茨,史蒂夫·克洛夫斯 / J·K·罗琳,丹尼尔·雷德克里夫 / 艾玛·沃森 / 鲁伯特·格林特 / 海伦娜·伯翰·卡特 / 拉尔夫·费因斯 / 比尔·奈伊 / 约翰·赫特 / 艾伦·瑞克曼 / 艾美达·斯丹顿 / 费奥纳·肖 / 邦妮·怀特 / 朱丽·沃特斯 / 米歇尔·费尔利 / 杰米·坎贝尔·鲍尔,奇幻 / 冒险,英国 / 美国,英语,2010-11-19(中国大陆/英国) / 2024-11-22(中国大陆重映),146分钟,哈利波特7：死神的圣物1(港/台) / 哈利·波特与死圣(上) / 哈7(上),tt0926084,8.6,643633,44.60%,40.60%,13.40%,1.10%,0.30%,《哈利·波特与死亡圣器》小站 http://site.douban.com/108361/ 邓不利多死后，伏地魔（Ralph Fiennes 饰）与食死徒入侵魔法学校，魔法部也被伏地魔的爪牙操控，邪恶的阴云笼罩魔法世界上空。在哈利·波特（丹尼尔·雷德克里夫 Daniel Radcliffe 饰）17岁生日之际，凤凰社成员及一众好友护送他回到了凤凰社的据点陋居，然而这立即遭到食死徒毁灭性地打击。哈利和罗恩（鲁伯特·格林特 Rupert Grint 饰）、赫敏（爱玛·沃特森 Emma Watson 饰）侥幸逃亡，并且按照邓不利多的嘱托继续寻找伏地魔的魂器。死亡的威胁时刻逡巡左右，他们还要面对友情的考验。在寻找摧毁魂器方法的过程中，死亡圣器的面纱也渐渐揭开。 与此同时，为了置哈利于死地，伏地魔也在寻找最后一件死亡圣器。最后的决战即将到来……
新龙门客栈 新龍門客棧,https://movie.douban.com/subject/1292287/,李惠民,徐克 / 张炭 / 何冀平,张曼玉 / 林青霞 / 梁家辉 / 甄子丹 / 熊欣欣 / 刘洵 / 任世官 / 吴启华 / 袁祥仁 / 徐锦江 / 郑希怡 / 王彤川 / 王伟顺 / 蔡浩,动作 / 爱情 / 武侠 / 古装,中国香港 / 中国大陆,汉语普通话 / 粤语,2012-02-24(中国大陆) / 1992-08-27(中国香港),88分钟,New Dragon Gate Inn,tt0105859,8.7,477375,45.70%,43.60%,10.00%,0.60%,0.10%,宦官专权的明朝中叶，东厂曹少钦（甄子丹）假造圣旨杀害了忠良杨宇轩，并想斩草除根杀死其后代。侠女邱莫言（林青霞）、江湖义士贺虎等人冒死救出忠良后代后，逃至边关沙漠里的龙门客栈，与杨宇轩部下周淮安（梁家辉）会合。龙门客栈实则黑店，老板娘金镶玉（张曼玉）利用乱世，以美貌和风骚 作诱饵杀人越货聚敛钱财，但她却为英俊潇洒的周淮安动了真心。为了摸清潜藏于龙门客栈中的出关暗道，周淮安将计就计，答应与金镶玉成亲。 洞房花烛夜，楼上的周淮安与金镶玉各怀心事暗中较劲，楼下的邱莫言、贺虎等人也与东厂一众“走狗”展开了明争暗斗，战事一触即发。
恋恋笔记本 The Notebook,https://movie.douban.com/subject/1309163/,尼克·卡萨维蒂,扬·萨尔迪 / 杰里米·莱文 / 尼古拉斯·斯帕克斯,瑞恩·高斯林 / 瑞秋·麦克亚当斯 / 吉娜·罗兰兹 / 詹姆斯·加纳 / 斯塔尔勒塔·杜波利斯 / 凯文·康诺利 / 希瑟·沃奎斯特 / 杰弗里·奈特 / 琼·艾伦 / 詹姆斯·麦斯登,剧情 / 爱情,美国,英语,2004-06-25(美国),123分钟,忘了·忘不了(港) / 手札情缘(台) / 深情日记 / 写我情真 / 恋恋记事本 / 恋爱日记,tt0332280,8.5,716209,44.40%,40.10%,13.70%,1.40%,0.40%,一个浸润着鲜红与纯白的爱情故事，写在一本洒满昏黄的笔记本上，被一位老先生(詹姆斯·加纳 饰)，一遍一遍的讲述。老太太(吉娜·罗兰兹 饰)总是静静的听着，好奇的追问结果。在一家疗养院，这样不变的场景每天都会上演。 笔记本上，秀美的字迹，记载着发生在那个夏天的爱情。艾莉(瑞秋·麦克亚当斯 饰)是富有人家的千金，她随家人来到小镇避暑。在一个充满梦幻的游乐场，邂逅了诺亚(瑞恩·高斯林 饰)。诺亚没有钱，却活的很快乐。艾莉在他那学会了自由，得到了欢笑，两人很快热恋起来。然而在艾莉父母的阻挠下，相爱的两个人，就被分开在夏天结束的那一刻。随着诺亚的365封信被偷偷藏起，艾莉在7年后终于放弃了等待。就在她要步入教堂的前一天，突然在报纸上看到了诺亚曾许诺给自己建造的白色房子。一切记忆，全部苏醒…… 也许，应该苏醒的，不是故事中的，而是听故事的人。
白日梦想家 The Secret Life of Walter Mitty,https://movie.douban.com/subject/2133323/,本·斯蒂勒,斯蒂夫·康拉德 / 詹姆斯·瑟伯,本·斯蒂勒 / 克里斯汀·韦格 / 亚当·斯科特 / 西恩·潘 / 凯瑟琳·哈恩 / 泰伦斯·伯尼·海恩斯 / 保罗·菲兹杰拉德 / 乔恩·戴利 / 乔伊·斯洛特尼克 / 格蕾丝·雷克斯 / 阿莱克斯·阿方格 / 阿曼达·诺顿 / 阿德里安·马丁斯 / 雪莉·麦克雷恩 / 艾米·斯蒂勒 / 斯图尔特·康菲尔德 / 奥拉维尔·达里·奥拉夫松 / 索哈德吕尔·西格罗森 / 贡纳·黑尔加松 / 卡伊·伦诺克斯 / 柯南·奥布莱恩 / 安迪·里克特 / 安东尼·德西奥 / 帕顿·奥斯瓦尔特 / 理查德·德多梅尼科 / 马特·莱文 / 格雷格·西佩斯 / 马米·科西科 / 马修·古利 / 罗丝玛丽·霍华德 / 伊兰·克里斯费尔德 / 安娜·库奇马,剧情 / 喜剧 / 冒险,美国 / 英国,英语 / 西班牙语 / 冰岛语,2013-12-25(美国),114分钟,发梦王大历险(港) / 白日梦冒险王(台) / 奇幻冒险家 / 梦里乾坤 / 沃尔特·米蒂的秘密生活 / 白日密语,tt0359950,8.6,575660,46.20%,39.90%,12.50%,1.10%,0.20%,沃特.密提（本·斯蒂勒 Ben Stiller 饰）是一名在《生活》杂志工作了16年的胶片洗印经理，他性格内向，甚至无法跟心仪的同事谢莉尔（克里斯汀·韦格 Kristen Wiig 饰）开口搭讪，面对生活他像个旁观者，时常“放空”做白日英雄梦。直到有一天公司被并购，杂志需要做最后一期的封面，而封面成功与否的关键是找到狂野摄影师尚恩（西恩·潘 Sean Penn）的一卷胶片，沃特终于开口搭讪谢莉尔，并在她和母亲（雪莉·麦克雷恩 Shirley MacLaine 饰）的鼓励下踏上真正的冒险之旅，冰原、大海、喜马拉雅山……沃特的白日梦远不及现实壮丽。
崖上的波妞 崖の上のポニョ,https://movie.douban.com/subject/1959877/,宫崎骏,宫崎骏,神月柚莉爱 / 土井洋辉 / 山口智子 / 长岛一茂 / 天海祐希 / 所乔治 / 柊瑠美 / 矢野显子 / 吉行和子 / 奈良冈朋子 / 左时枝 / 羽鸟慎一 / 平冈映美 / 大桥望美,动画 / 奇幻 / 冒险,日本,日语,2020-12-31(中国大陆) / 2008-07-19(日本),101分钟,悬崖上的金鱼姬 / 悬崖上的金鱼公主 / 崖上的波儿(港) / 悬崖上的Ponyo / Ponyo on the Cliff by the Sea / Gake no ue no Ponyo,tt0876563,8.6,540451,45.70%,41.30%,12.00%,0.80%,0.20%,5岁的宗介生长在海边小城，他的家就在临海的悬崖上。一天，宗介捡到了一个被海浪冲上岸的废玻璃瓶，里面有条受困的小金鱼。小金鱼名叫波尼，她是人鱼女王的女儿，偷偷驾着水母溜出来玩的时候撞进了瓶子里。宗介把波尼带回了自己家，养在塑料盆里。波尼在宗介家过得很愉快，她很喜欢宗介，宗介也喜欢她。然而，快乐的日子很快就过去了，波尼的爸爸藤本把女儿带回了海底。藤本原是一个魔法师，后来和人鱼女王相爱成了海底的住人。 波尼回家后，十分思念宗介，她做出了一个大胆的决定——她要变成人，和宗介在一起。在妹妹们的帮助下，波尼偷出了父亲的法宝，向人类世界游去。不料，蕴含着危险魔力的生命之水失控了。于是，海水暴涨，暴风狂作，妹妹们变成了可怕的巨型鱼，海浪向宗介一家所在的悬崖扑去…… 海边小城被淹没了，波尼没想到自己的美好愿望竟然招来了这样的大祸。她能挽救宗介么？
罗生门 羅生門,https://movie.douban.com/subject/1291879/,黑泽明,黑泽明 / 桥本忍 / 芥川龙之介,三船敏郎 / 京町子 / 森雅之 / 志村乔 / 千秋实 / 上田吉二郎 / 本间文子 / 加东大介,剧情 / 悬疑 / 犯罪,日本,日语,1950-08-26(日本),88分钟,Rashomon,tt0042876,8.8,338593,52.00%,38.00%,8.90%,0.80%,0.30%,罗生门，日本京都的正南门。云游和尚、砍柴人和乞丐在城门底下避雨，三人闲聊，话题开始，故事的序幕拉开：一个武士和他妻子路过荒山，遭遇了不测。妻子被侮辱，而武士惨遭杀害。惨案如何酿成？凶手、妻子、借武士亡魂来做证的女巫，都各有说法。 真相只得一个，但是各人提供证词的目的却各有不同。为了美化自己的道德，减轻自己的罪恶，掩饰自己的过失，人人都开始叙述一个美化自己的故事版本。荒山上的惨案，成了一团拨不开看不清的迷雾。 谈论完毕，雨过天晴。砍柴人在罗生门旁发现一个哭泣的弃婴。他决定收养下来，抱着婴孩往夕阳深处走去。
千钧一发 Gattaca,https://movie.douban.com/subject/1300117/,安德鲁·尼科尔,安德鲁·尼科尔,伊桑·霍克 / 乌玛·瑟曼 / 裘德·洛 / 艾伦·阿金 / 戈尔·维达尔 / 山德·贝克利 / 劳恩·迪恩 / 简妮·布鲁克 / 伊莱亚斯·科泰斯 / 玛娅·鲁道夫 / 伍娜·戴蒙 / 布莱尔·安德伍德 / 梅森·甘布 / 威廉姆·李·斯科特 / 欧内斯特·博格宁 / 托尼·夏尔赫布 / 肯·马里诺 / 加布里埃尔·瑞丝 / 迪恩·诺里斯 / 丹格里芬 / 格雷戈·赛斯特罗 / Elizabeth Dennehy / 查德·克里斯特 / George Marshall Ruge,剧情 / 科幻 / 惊悚,美国,英语 / 世界语,1997-10-24(美国),106分钟,变种异煞(港) / 自然人 / 戛塔卡 / 伽蒂卡 / 太空梦 / 基因代码,tt0119177,8.8,326532,51.30%,39.50%,8.40%,0.50%,0.10%,未来的世界，科技的力量胜过一切，基因决定命运，几乎成为金科玉律。不幸文森特（伊桑?霍克 Ethan Hawke 饰）是一个基因不良的人，出生以来就决定了他近视和心脏病的缺陷，他只能活到30岁。于是父母为文森特增添了一个有着优良基因的弟弟。 文森特的梦想是漫游太空，然而恶劣的基因令他无法圆梦，直到他遇到了太空中心的杰罗姆（裘德?洛 Jude Law 饰）。杰罗姆有优秀的基因，却在一次意外中半身瘫痪。二人决定调换身份，文森特千方百计隐藏自己的基因信息，每天都认真清洗掉自己的皮屑毛发，不暴露任何蛛丝马迹。另一方面，杰罗姆帮他筹备进入太空前需要检查的基因物品。事情进展得非常顺利，然而一桩谋杀案和一根睫毛，让事情节外生枝。
彗星来的那一夜 Coherence,https://movie.douban.com/subject/25807345/,詹姆斯·沃德·布柯特,詹姆斯·沃德·布柯特 / 亚历克斯·马努吉安,艾米丽·芭尔多尼 / 莫瑞·史特林 / 尼古拉斯·布兰登 / 劳伦·斯卡法莉娅 / 伊丽莎白·格瑞斯 / 雨果·阿姆斯特朗 / 亚历克斯·马努吉安 / 劳伦·马赫,科幻 / 悬疑 / 惊悚,美国 / 英国,英语,2013-09-19(奇幻电影节) / 2014-08-06(美国),89分钟,相干性 / 相干效应,tt2866360,8.6,638897,43.60%,42.90%,11.90%,1.20%,0.40%,在一个静得有些诡异阴森的夜晚，年轻女子艾米丽（艾米丽·芭尔多尼 Emily Baldoni 饰）驱车来到朋友家参加聚会。此前她一边开车一边和男友打电话，然而通话突然中断，她的手机屏也莫名其妙出现裂痕。这一事件让艾米丽的心中升起隐隐不安，因为当晚一颗彗星刚好接近地球，一个 很久之前听过的传说使她对彗星的到来有着不祥的预感。稍后，朋友们落座，大家彼此交谈，叙说近况，虽然言语中有着许多莫名其妙、蹊跷反常的线索，然而均被一带而过。突然间，灯光尽灭。当光明重新来临时，众人发现附近只有一户人家还在亮灯，而亮灯人家里坐着的竟是…… 本片荣获2014年阿姆斯特丹奇幻电影节黑郁金香奖。
机器人之梦 Robot Dreams,https://movie.douban.com/subject/35426925/,巴勃罗·贝格尔,巴勃罗·贝格尔 / 萨拉·瓦伦,伊万·拉班达 / 阿尔伯特·特里佛·塞加拉 / 拉法·卡尔沃 / 何塞·加西亚·托斯 / 何塞·路易斯·梅地亚维拉 / 加西埃拉·莫利娜 / 埃斯特·索兰斯,剧情 / 动画 / 音乐,西班牙 / 法国,无对白,2024-06-08(中国大陆) / 2023-05-20(戛纳电影节) / 2023-12-06(西班牙),102分钟,再见机器人(台) / 汪汪梦里人(港) / Mon ami robot,tt13429870,9,241104,60.00%,32.50%,6.70%,0.60%,0.20%,一只孤独的小狗遇到了一个机器人，偌大的城市中，他们互相依靠，温暖彼此。然而一次意外让小狗和机器人遗憾错过，从此他们只能把对彼此的想念藏进梦中。只是，反复梦见的人，还会重逢吗？ 影片改编自Sara Varon的漫画。
大红灯笼高高挂,https://movie.douban.com/subject/1293323/,张艺谋,倪震 / 苏童,巩俐 / 马精武 / 何赛飞 / 曹翠芬 / 周琦 / 孔琳 / 金淑媛 / 丁惟敏 / 初晓,剧情,中国大陆 / 中国香港 / 中国台湾,汉语普通话,1991-09-10(威尼斯电影节/多伦多电影节),125 分钟,Raise The Red Lantern / épouses et concubines,tt0101640,8.8,328629,49.40%,42.20%,7.80%,0.50%,0.20%,大学刚读半年的颂莲（巩俐）被贪钱的母亲逼迫着嫁进陈家大院，成了老爷的第四房姨太。陈府有老规矩，姨太太们傍晚时分要站在自已的屋子前，等待下人送来的意味被老爷“临幸”的大红灯笼。 起初因为“新人”身份，颂莲得到老爷最多宠幸，但也因此被其它三位姨太太尤其笑里藏刀的二姨太（曹翠芬）挤兑得叫苦不迭。因为涉世不深，生性反叛好强的颂莲急欲争一口气，使计又成老爷身边红人，不想计被看穿，终败于二姨太手下酿成悲剧。而三姨太（何赛飞）的经历虽与颂莲迥异，却也殊途同归逃不出宿命。
黑客帝国2：重装上阵 The Matrix Reloaded,https://movie.douban.com/subject/1304141/,拉娜·沃卓斯基,莉莉·沃卓斯基 / 拉娜·沃卓斯基,基努·里维斯 / 劳伦斯·菲什伯恩 / 凯瑞-安·莫斯 / 雨果·维文 / 莫妮卡·贝鲁奇 / 赫尔穆特·巴凯蒂斯 / 斯蒂夫·巴什托尼 / 克里斯汀·阿努 / 丹尼尔·伯哈特 / 约瑟芬·白内斯 / 安迪·阿尼斯 / 贾达·萍克特·史密斯 / 邹兆龙 / 埃茜·戴维斯 / 纳许·埃哲顿 / 格洛丽亚·福斯特 / 大卫·富兰克林 / 诺娜·加耶 / 小罗伊·琼斯 / 大卫·基尔德 / 兰德尔·杜克·金 / 克里斯托弗·卡比 / 纳撒尼尔·利斯 / 哈里·列尼斯 / 罗伯特·马莫内 / 马特·麦科姆 / 罗宾·奈文 / 大卫·诺 / 吉娜薇·欧瑞丽 / 苏格拉底·奥图 / 哈罗德·佩里诺 / 阿德里安·雷梅特 / 尼尔·雷梅特 / 鲁伯特·雷德 / 大卫·罗伯茨 / 凯文·斯科特 / 尼坎德罗·托马斯 / 吉娜·托瑞斯 / 史蒂夫·维拉 / 克莱顿·华生 / 康奈尔·韦斯特 / 雷·沃纳尔 / 伯纳德·怀特 / 朗贝尔·维尔森 / 安东尼·布兰登·黄 / 安东尼·泽比,动作 / 科幻,美国,英语 / 法语,2003-07-18(中国大陆) / 2003-05-07(韦斯特伍德首映) / 2003-05-15(美国),138分钟,22世纪杀人网络2：决战未来(港) / 骇客任务：重装上阵(台) / 廿二世纪杀人网络2：决战未来 / 黑客帝国2 / 骇客帝国2,tt0234215,8.7,432562,47.50%,40.50%,11.00%,0.80%,0.20%,上一部结尾，尼奥（基奴李维斯 饰）终于意识到自己的能力和使命，中弹复活后，变成了无所不能的“救世主”，他和女友崔妮蒂（凯莉·安·摩丝 饰），舰长墨菲斯（劳伦斯·菲什伯恩 饰）回到了人类的基地锡安，受到人们的热烈欢迎。 此时，“母体”决定先下手为强，派出了两万五千只电子乌贼攻击锡安基地；墨菲斯、尼奥和崔妮蒂则再次进入“母体”，寻找“制钥者”，准备从内部破坏；而本该被尼奥消灭的特勤史密斯似乎出了点问题，脱离了“母体”的控制，拥有可怕的复制能力，阻碍尼奥他们的行动。
哈利·波特与凤凰社 Harry Potter and the Order of the Phoenix,https://movie.douban.com/subject/1457217/,大卫·叶茨,迈克尔·戈登伯格 / J·K·罗琳,丹尼尔·雷德克里夫 / 艾玛·沃森 / 鲁伯特·格林特 / 加里·奥德曼 / 拉尔夫·费因斯 / 玛吉·史密斯 / 迈克尔·刚本 / 艾伦·瑞克曼 / 艾玛·汤普森 / 艾美达·斯丹顿 / 詹森·艾萨克 / 汤姆·费尔顿 / 海伦娜·伯翰·卡特 / 邦妮·怀特 / 朱丽·沃特斯 / 梁佩诗 / 布莱丹·格里森 / 罗彼·考特拉尼 / 伊文娜·林奇,奇幻 / 冒险,英国 / 美国,英语,2007-08-10(中国大陆) / 2024-11-08(中国大陆重映) / 2007-07-11(美国),138分钟,哈利波特5：凤凰会的密令(港/台) / 哈5,tt0373889,8.5,643044,43.90%,40.60%,14.30%,1.00%,0.20%,逃过摄魂怪的追杀，通过魔法部的审查，哈利（丹尼尔·雷德克里夫）终于回到美丽的霍格沃兹。然而这个学期并不轻松，他不仅要完成魔法等级考试，还要应对夜晚的噩梦和黑魔法防御课老师乌姆里奇的打压。在好友的支持下，哈利秘密组建了邓不利多军团，与大家一起练习黑魔法防御术。 噩梦中，哈利总是以伏地魔的视角出现，似乎他们之间有着某种神秘的联系。在邓不利多（迈克尔·刚本）的指示下，哈利向斯内普教授（阿伦·瑞克曼）学习封闭术，却鲜有成效。终于在一次噩梦的诱使下，哈利偏执的赶往魔法部营救小天狼星，却不想陷入伏地魔的圈套，引发凤凰社与食死徒之间的正面冲突。在混战中，小天狼星（加里·奥德曼）不幸遇难。 究竟哈利与伏地魔（拉尔夫·费因斯）之间有着怎样的联系？在悲恸中，邓不利多为哈利揭开谜底，哈利还有更长、更艰难的路要走……
萤火虫之墓 火垂るの墓,https://movie.douban.com/subject/1293318/,高畑勋,高畑勋 / 野坂昭如,辰己努 / 白石绫乃 / 志乃原良子 / 山口朱美 / 端田宏三,剧情 / 动画 / 战争,日本,日语,1988-04-16(日本),89分钟,再见萤火虫(港) / 萤火挽歌 / 火帘之墓 / Hotaru no haka / Tombstone for Fireflies / Grave of the Fireflies / Tomb of the Fireflies,tt0095327,8.7,424013,53.60%,32.70%,10.20%,1.80%,1.80%,美日战争爆发，14岁的清太带着年幼的妹妹到处逃命，当他们到达防空洞的时候，母亲已身受重伤，没过多久便不久人世。两兄妹自此过着相依为命的日子。他们只好投靠了母亲的姐妹，纵使他们把家里所有的家当都送给了阿姨，但当食物吃完，他们就越感到了寄人篱下的感觉，清太决定带着妹妹离开独自生活。火灾硝烟中的生活并不好过，清太为了妹妹四处偷取食物，但妹妹还是严重营养不良……
火星救援 The Martian,https://movie.douban.com/subject/25864085/,雷德利·斯科特,德鲁·戈达德 / 安迪·威尔,马特·达蒙 / 杰西卡·查斯坦 / 克里斯汀·韦格 / 杰夫·丹尼尔斯 / 迈克尔·佩纳 / 凯特·玛拉 / 肖恩·宾 / 塞巴斯蒂安·斯坦 / 唐纳德·格洛弗 / 切瓦特·埃加福 / 阿卡塞尔·亨涅 / 陈数 / 高雄 / 王汉斌 / 麦肯兹·戴维斯 / 娜奥米·斯科特 / 丽丽·博尔丹 / 布莱恩·卡斯佩,剧情 / 科幻 / 冒险,英国 / 美国 / 匈牙利 / 约旦,英语 / 汉语普通话,2015-11-25(中国大陆) / 2015-10-02(美国),142分钟,火星任务(港) / 绝地救援(台) / 火星人,tt3659388,8.5,787470,39.70%,48.20%,11.30%,0.60%,0.20%,载人航天宇宙飞船阿瑞斯3号成功抵达火星，谁知一场破坏力极其巨大的风暴向宇航员们袭来，阿瑞斯3号被迫中断任务，紧急返航。撤离途中，宇航员马克·沃特尼（马特·达蒙 Matt Damon 饰）被飞船上吹落的零件击中，由于生还希望渺茫，队友们只得匆匆返航，并向世人宣告他已牺牲的事实。出乎意料的是，马克以极低的概率活了下来。他躲进驻火星的航天基地疗伤。下一次火星任务要等到四年后，而基地内的补给仅够他维持31天。短暂的绝望后，马克决定利用有限的食物，在这颗空无一人的星球上种植作物，寻找一线生机。与此同时，地球方面也很快发现马克生还的事实，他们想尽办法部署营救计划。孤军奋战的马克，能否等到救援队伍的到来？ 影片改编自安迪·威尔的同名科幻小说。
奇迹男孩 Wonder,https://movie.douban.com/subject/26787574/,斯蒂芬·卓博斯基,斯蒂芬·卓博斯基 / 斯蒂夫·康拉德 / 杰克·索恩 / R·J·帕拉西奥,雅各布·特伦布莱 / 朱莉娅·罗伯茨 / 伊扎贝拉·维多维奇 / 欧文·威尔逊 / 诺亚·尤佩 / 丹妮尔·罗丝·拉塞尔 / 纳吉·杰特 / 戴维德·迪格斯 / 曼迪·帕廷金 / 布莱斯·吉扎尔 / 艾尔·麦金农 / 泰·孔西利奥 / 詹姆斯·休斯 / 凯尔·布瑞特科夫 / 米莉·戴维斯 / 莉娅·朱厄特 / 凯琳·布瑞特科夫 / 利亚姆·迪金森 / 艾玛·特伦布莱 / 马克·多兹劳 / 鲁奇娅·伯纳德 / J·道格拉斯·斯图瓦特 / 阿里·利伯特 / 埃丽卡·麦基特里克 / 本杰明·拉特纳 / 杰森·麦金农 / 索尼娅·布拉加 / 吉洁特,剧情 / 家庭 / 儿童,美国 / 中国香港,英语,2018-01-19(中国大陆) / 2017-11-17(美国),113分钟,奇迹,tt2543472,8.6,578715,42.70%,44.40%,12.10%,0.70%,0.10%,奥吉（雅各布·特瑞布雷 Jacob Tremblay 饰）是一个10岁的男孩，除了头戴一个巨大的太空头盔外，他和其他的同年龄孩子别无二致。头盔下隐藏了奥吉因为各种手术而伤痕累累的脸庞，它不仅完美的隐藏起了奥吉脆弱自卑的内心，也成功的防止了奥吉的模样吓到别的孩子。 奥吉没有上过学，他的所有文化知识都是母亲伊莎贝尔（朱莉娅·罗伯茨 Julia Roberts 饰）在家教授给他的。然而，伊莎贝尔渐渐感觉到，家庭课堂无法满足奥吉的成长需要，除了学习知识，奥吉还必须学会的，是如何同除了家人以外的人交流。在忧虑重重之中，伊莎贝尔将奥吉送入了一间公立学校里，在那里，奥吉面临的是他人生中必须要战胜的挑战。
二十二,https://movie.douban.com/subject/26430107/,郭柯,,,纪录片,中国大陆,汉语普通话,2017-08-14(中国大陆) / 2015-10-05(釜山电影节) / 2016-06-25(莫斯科电影节),99分钟(公映版),Twenty Two / 22,tt3843282,8.7,304639,50.70%,35.00%,12.30%,1.50%,0.50%,在日本侵华战争的八年间，至少20万中国妇女被迫沦为日军的性奴隶，也就是我们经常提及的“慰安妇”。在影片2014年开拍之时，中国内地仅剩22位“慰安妇”幸存者。当光阴慢慢划过，时间抚平伤口，这些经历了常人无法想象的磨难的老人们，如今又身在何处，过着怎样的生活，经历着怎样的悲喜忧乐？
战争之王 Lord of War,https://movie.douban.com/subject/1419936/,安德鲁·尼科尔,安德鲁·尼科尔,尼古拉斯·凯奇 / 布里吉特·莫伊纳汉 / 杰瑞德·莱托 / 伊安·霍姆 / 伊桑·霍克 / 埃夫吉恩尼·拉扎雷夫 / 伊默恩·沃克 / 塔尼特·菲尼克斯,剧情 / 犯罪,美国 / 德国,英语 / 乌克兰语 / 德语 / 西班牙语 / 俄语 / 法语 / 阿拉伯语 / 土耳其语,2005-09-16(美国),122 分钟,军火之王(台/港) / 军火商,tt0399295,8.7,394971,46.70%,42.60%,10.00%,0.60%,0.10%,本来美国移民尤瑞（尼古拉斯?凯奇 Nicolas Cage 饰）的家族生意是开饭馆。但是一个偶然的机会令他踏入了军火生意的大门，从此开始了贩卖武器的“职业生涯”。尤瑞遇事机智，胆大心细，这不仅让他成功俘获了美女埃娃的心，还使得他在地下军火生意中愈战愈勇。但是，不顺心的事情也随之而来：出现了生意上的死对头和一名老是盯着他的国际警察；弟弟染上毒瘾，并在一单生意交易中丧了命，而且，尽管他在竭力维护自己在家庭里的正义形象，但却掩盖不了真相。尤瑞开始反省自己生意的正义性，拷问自己的良心，但一切太迟，他已经众叛亲离……
步履不停 歩いても 歩いても,https://movie.douban.com/subject/2222996/,是枝裕和,是枝裕和,阿部宽 / 夏川结衣 / 江原由希子 / 高桥和也 / 田中祥平 / 野本萤 / 林凌雅 / 寺岛进 / 加藤治子 / 树木希林 / 原田芳雄,剧情 / 家庭,日本,日语,2008-06-28(日本),115分钟,横山家之味(港/台) / 步伐不停 / 即使你走啊走 / 安静的行走 / Still Walking / Even If You Walk and Walk,tt1087578,8.8,303764,50.80%,40.20%,8.20%,0.60%,0.20%,“人生路上步履不停，为何总是慢一拍”。 位于偏远小镇的横山一家，生活平静祥和。父亲恭平（原田芳雄 饰）是业已退休的医生，却时时牵挂小镇诊所内的事务。长子纯平继承了父亲的事业，却在15年前为救落水儿童而溺水身亡。次子良多（阿部宽 饰）与父亲意见相左，执意前往异地当起了绘画修复师。多年的打拼换来的却是失业，困顿的良多与带着孩子的由香里（夏川结衣 饰）结婚，相互扶持，继续生活。 又逢纯平的忌日，良多和姐姐千奈美（YOU 饰）带着家人分别赶回家中。平静的横山家再次热闹起来…… 本片荣获2009年蓝丝带最佳导演奖和最佳女配角奖（树木希林）、2008年报知电影和2009年电影旬报最佳女配角（树木希林）、2009年每日电影奖最佳男主角（阿部宽）、2008年马塔布拉塔国际电影节评审团大奖和最佳影片。
千年女优 千年女優,https://movie.douban.com/subject/1307394/,今敏,今敏 / 村井贞之,庄司美代子 / 小山茉美 / 折笠富美子 / 饭塚昭三 / 小野坂昌也 / 津田匠子 / 铃置洋孝 / 京田尚子 / 德丸完 / 片冈富枝 / 石森达幸 / 佐藤政道 / 小形满 / 麻生智久 / 游佐浩二 / 肥后诚 / 坂口候一 / 志村知幸 / 木村亚希子 / 佐伯志 / 野岛裕史 / 浅野琉璃 / 大中宽子 / 园部好德 / 大黑优美子 / 山寺宏一 / 津嘉山正种,剧情 / 爱情 / 动画,日本,日语,2001-07-28(加拿大奇幻电影节) / 2002-09-14(日本),87 分钟,Millennium Actress,tt0291350,8.8,297246,53.60%,35.50%,9.60%,0.90%,0.30%,60岁的立花源也和28岁的摄影师井田恭二不远千里跋山涉水上门去拜访隐居了三十年的一代影星藤原千代子，为了给她拍摄一生自传的纪录片。款款前来的千代子虽然已界75岁高龄，但仍然优雅美丽，左眼下标志性的小痣也仍然俏皮。立花双手递上一把钥匙，千代子深受震动，称这把钥匙是开启一个 秘密的关键，当年她不慎丢失，今日竟还能再回手中。千代子的思绪飞到老远。 1926年9月1日，藤原千代子呱呱坠地，水灵清秀的她16岁就被星探发掘，然而直到遇上一个画家，她救他于乱世中，藏于自家仓库内，他赠她一把钥匙，说这是开启秘密的关键，并承诺再与她重逢时带她去看北海道的雪。然而次日千代子放学归家时画家已经因为逃开追捕逃离远去。 千代子自此进入电影圈，只因为画家最后说他会去满洲作战，而第一部电影承诺会去满洲取景。从此千代子的银幕生涯拉开，拍摄了代表日本战国、幕府、大正及昭和等四个不同时期的大时代爱情故事。在每一个故事里，千代子都在奔跑，追寻着自己的真爱。场景与她本身的故事糅合在一起，虚实难分。立花和井田紧随其后身临其境，时而变成故事中人物。 然而千代子丢失了钥匙，心灰意冷的她嫁给了一直追求她的导演大泷。到后来她发现一切是一个精心布下的骗局，千代子认清事实后决意继续找寻自己少女时代的所爱。
血钻 Blood Diamond,https://movie.douban.com/subject/1428175/,爱德华·兹威克,查尔斯·里维特,莱昂纳多·迪卡普里奥 / 杰曼·翰苏 / 詹妮弗·康纳利 / 阿诺德·沃斯洛 / 大卫·哈雷伍德 / 吉米·米斯特雷 / 麦克·辛 / 史蒂芬·柯林斯,剧情 / 惊悚 / 冒险,美国 / 德国 / 英国,英语 / 门德语 / 南非语,2006-12-08(美国),143 分钟,血钻石(台) / 血腥钻石 / 滴血钻石,tt0450259,8.7,404108,44.90%,45.20%,9.40%,0.50%,0.10%,九十年代非洲塞拉利昂，连连战火使这片土地饱受摧残，非法钻石贸易日益猖獗。 阿彻（莱昂纳多?迪卡普里奥 饰）是一个地道的战争贩子，靠倒卖战区钻石为生，他在监狱中无意得知渔夫所罗门手里有极品粉钻。意识到这是自己离开非洲的机会，出狱后，他找到所罗门，准备和他一起找出钻石，离开非洲。 所罗门是普通的渔民，因为内战和家人分离，被叛军强制开采钻石，他发现一颗极品粉钻，藏了起来；战乱来临，所罗门进了监狱，后被阿彻救出，并在战地记者麦迪?鲍文(珍妮弗?康纳利 饰)的帮助下，找到了失散的家人，此时，他的儿子迪亚却被叛军带走，生死未卜。 悲愤的所罗门答应和阿彻合作，在叛军的控制范围内寻找钻石，并寻找儿子。 两个截然不同的人，因为一颗血钻将命运联系在了一起。
谍影重重2 The Bourne Supremacy,https://movie.douban.com/subject/1308767/,保罗·格林格拉斯,罗伯特·陆德伦 / 托尼·吉尔罗伊,马特·达蒙 / 布莱恩·考克斯 / 琼·艾伦 / 卡尔·厄本 / 弗朗卡·波滕特 / 朱丽娅·斯蒂尔斯 / 加布里埃尔·曼 / 马尔顿·索克斯 / 汤姆·加洛普 / 约翰·贝德福德·劳埃德 / 伊桑·桑德勒 / 米歇尔·莫纳汉 / 卡瑞尔·罗登 / 托马斯·阿拉纳 / 奥莎娜·阿金什那 / Yevgeni Sitokhin / 蒂姆·格里芬 / 肖恩·史密斯 / 马克西姆·科瓦莱夫斯基 / 帕特里克·克劳利 / 乔恩·科林·巴克利 / 谢恩·辛努特科 / Claudio Maniscalco / Dirk Schoedon / 伊万·舍甫多夫 / 丹尼斯·布尔加兹列夫 / 尼克·怀尔德 / 维克多·埃菲尔 / 埃莱娜·卡多纳 / 克里斯·库珀,动作 / 悬疑 / 惊悚,美国 / 德国,英语 / 俄语 / 德语 / 意大利语,2004-11-14(中国大陆) / 2004-07-15(洛杉矶首映) / 2004-07-23(美国),108分钟,叛谍追击2：机密圈套(港) / 神鬼认证：神鬼疑云(台) / 伯恩的身份2 / 至尊伯恩 / 伯恩的霸权,tt0372183,8.7,377340,46.70%,42.70%,9.90%,0.50%,0.10%,经过上一集的腥风血雨之后，伯恩（马特·达蒙 饰）和女朋友玛丽（弗兰卡·泼坦特 饰）隐居在印度偏僻的海边小镇，想忘记以前的生活。一天，神秘组织的杀手来到小镇，打破了伯恩二人世界的宁静，女友玛丽在逃亡途中被枪杀。 为了查出真相，伯恩重新开始战斗，他发现以前工作的中情局开始重新寻找他，自己被卷入了一场刺杀活动中，被人诬陷破坏了中情局的一次情报交易，杀害特工。伯恩别无选择，他只能找到冒充自己的人，才能洗刷清白，为女友报仇。
房间 Room,https://movie.douban.com/subject/25724855/,伦尼·阿伯拉罕森,艾玛·多诺霍,布丽·拉尔森 / 雅各布·特伦布莱 / 肖恩·布里吉格斯 / 温迪·古逊 / 阿曼达·布鲁盖尔 / 乔·平格 / 琼·艾伦 / 卡斯·安瓦尔 / 威廉·H·梅西 / 兰道尔·爱德华 / 罗德里戈·费尔南德斯-斯托尔 / 罗里·奥谢 / 汤姆·麦卡穆斯 / 杰克·富尔顿 / 梅根·帕克,剧情 / 家庭,爱尔兰 / 加拿大 / 英国 / 美国,英语,2015-09-04(特柳赖德电影节) / 2015-10-23(多伦多) / 2016-01-15(爱尔兰/英国) / 2016-01-22(美国),118分钟,不存在的房间(台) / 抖室(港),tt3170832,8.8,386854,47.40%,43.70%,8.40%,0.40%,0.10%,女孩乔伊（布丽·拉尔森 Brie Larson 饰）被一个叫“老尼克”的男人拐骗，之后被他囚禁在其房子后院的棚屋里长达七年之久。在此期间她遭到强奸，并生下儿子杰克（雅各布·特伦布莱 Jacob Tremblay 饰）。靠着老尼克时不时的物资补给，母子二人艰难度日。尽管如此，母亲还是竭尽所能，为儿子杰克创造了一个安全而开心的成长空间。这个狭小逼仄的房间，成了杰克生活成长的神奇小天地。在杰克度过了他的五岁生日后，母亲决定告诉他真相，在这个小小的房间外面，有着更广阔的世界。他们开始策划逃跑计划，决心要逃出这个囚禁他们的房间…… 本片根据艾玛·唐纳修的同名小说改编。
魂断蓝桥 Waterloo Bridge,https://movie.douban.com/subject/1293964/,茂文·勒鲁瓦,塞缪尔·N·贝尔曼 / 汉斯·拉莫 / 乔治·弗罗斯切尔 / 罗伯特·E·舍伍德,费雯·丽 / 罗伯特·泰勒 / 露塞尔·沃特森 / 弗吉尼亚·菲尔德 / 玛丽亚·彭斯卡娅 / C.奥布雷·史密斯 / Janet Shaw / Janet Waldo / Steffi Duna / Virginia Carroll / Eleanor Stewart / Lowden Adams / Harry Allen / Jimmy Aubrey / Phyllis Barry / Colin Campbell / 丽塔·卡莱尔 / 里奥.G.卡罗尔 / 戴维·卡文迪什 / 大卫·克莱德 / 汤姆·康威 / Frank Dawson / Connie Emerald / 吉尔伯特·埃默里 / 赫伯特·埃文斯 / 迪克·戈登 / Denis Green / 艾塞尔·格里菲斯 / Bobby Hale / Winifred Harris / 哈利韦尔·霍布斯 / Harold Howard / Charles Irwin / George Kirby / Walter Lawrence / 威尔弗雷德·卢卡斯 / Dan Maxwell / James May / Florine McKinney / Charles McNaughton / Frank Mitchell / 埃德蒙·莫蒂默 / 伦纳德米迪 / 坦普·皮戈特 / 约翰·鲍尔 / Clara Reid / Paul Scardon / 约翰·格雷厄姆·斯佩西 / Wyndham Standing / 哈里·斯塔布斯 / Cyril Thornton / 戴维·瑟斯比 / 诺玛·威登 / 帕特·威尔士 / 玛莎·温特沃思 / Frank Whitbeck / Eric Wilton / 罗伯特·温克勒 / 道格拉斯·伍德,剧情 / 爱情 / 战争,美国,英语 / 法语,1940-05-17(美国),108分钟,滑铁卢桥 / 断桥残梦,tt0033238,8.8,296575,50.70%,39.70%,8.80%,0.50%,0.20%,第一次世界大战期间，回国度假的陆军中尉罗伊（罗伯特·泰勒）在滑铁卢桥上邂逅了舞蹈演员玛拉（费雯·丽），两人彼此倾心，爱情迅速升温。就在两人决定结婚之时，罗伊应招回营地，两人被迫分离。由于错过剧团演出，玛拉被开除，只能和好友相依为命。 不久玛拉得知罗伊阵亡的消息，几欲崩溃，备受打击。失去爱情的玛拉感到一切都失去了意义，为了生存，她和好友不得不沦为妓女。然而命运弄人，就在此时玛拉竟然再次遇到了罗伊。虽然为罗伊的生还兴奋不已，玛拉却因自己的失身陷入痛苦之中。 感到一切难以挽回的玛拉潸然离开，独自来到两人最初相遇的地点——滑铁卢桥上…
蜘蛛侠：平行宇宙 Spider-Man: Into the Spider-Verse,https://movie.douban.com/subject/26374197/,鲍勃·佩尔西凯蒂,菲尔·罗德 / 罗德尼·罗斯曼 / 布莱恩·本迪斯 / 萨拉·皮凯利 / 史蒂夫·迪特寇 / 斯坦·李 / 戴维·海因 / 法布里斯·萨波尔斯基,沙梅克·摩尔 / 杰克·约翰逊 / 海莉·斯坦菲尔德 / 马赫沙拉·阿里 / 布莱恩·泰里·亨利 / 莉莉·汤姆林 / 劳伦·维勒斯 / 佐伊·克罗维兹 / 约翰·木兰尼 / 贵美子·格伦 / 尼古拉斯·凯奇 / 凯瑟琳·哈恩 / 列维·施瑞博尔 / 克里斯·派恩 / 娜塔丽·莫瑞丝 / 奥斯卡·伊萨克 / 格蕾塔·李 / 斯坦·李 / 乔玛·塔科内 / 华金·科西奥 / 蕾克·贝尔 / 梅勒妮·海恩斯 / 尼克·杰恩 / 穆尼卜·拉赫曼 / 卡洛斯·萨拉戈萨 / 黛西·罗斯·布莱内斯 / 里夫·霍顿 / 哈里森·奈特 / 莱克斯·朗 / 凯特琳·麦肯纳-威尔金森 / 斯科特·门维尔 / 克里斯托弗·米勒 / 德维卡·帕利赫 / 柯特妮·佩尔顿 / 克里斯蒂·法瑞斯 / 杰奎琳·皮诺尔 / 贾斯汀·沉卡罗 / 梅利莎·斯特姆,动作 / 科幻 / 动画 / 冒险,美国,英语 / 西班牙语,2018-12-21(中国大陆) / 2018-12-14(美国),116分钟(中国大陆),蜘蛛侠：新纪元 / 蜘蛛人：新宇宙(台) / 蜘蛛侠：跳入蜘蛛宇宙(港) / 蜘蛛侠：平行世界 / Spider-Man: a New Universe,tt4633694,8.6,717714,44.20%,42.20%,12.50%,0.90%,0.20%,正就读中学的少年迈尔斯（沙梅克·摩尔 Shameik Moore 配音）意外被一只遭受放射性污染的蜘蛛咬伤，随后身体发生奇特的变化。偶然机缘，他目睹了蜘蛛侠（克里斯·派恩 Chris Pine 配音）和犯罪头目金并（列维·施瑞博尔 Liev Schreiber 配音）的战斗。为了阻止金并利用时空对撞机扰乱宇宙，蜘蛛侠最终壮烈牺牲。可未过多久，来自平行宇宙的颓废的彼德·帕克（杰克·约翰逊 Jake M. Johnson 配音）出现在迈尔斯面前。为了阻止金并的阴谋，并帮助这个帕克返回自己的宇宙，他们闯入金并的老巢。在这一过程中，二人遭到章鱼博士和徘徊者的狙击。与此同时，来自其他宇宙的女蜘蛛侠、暗影蜘蛛侠、蜘猪侠、二次元蜘蛛妹相继出现。 他们合力与恶势力展开斗争……
弱点 The Blind Side,https://movie.douban.com/subject/3552028/,约翰·李·汉考克,约翰·李·汉考克 / 迈克尔·刘易斯,桑德拉·布洛克 / 蒂姆·麦格罗 / 昆东·亚伦 / 杰·海德 / 莉莉·柯林斯 / 雷·迈克金农 / 金·迪肯斯 / 安德莱内·列诺斯 / 凯西·贝茨 / 凯萨琳·戴尔 / 安迪·斯塔尔 / 汤姆·诺维茨基 / 莎朗·莫里斯 / 奥马尔·J·多尔西 / 伊劳伊·辛格尔顿 / 罗达·格里菲丝 / 艾希礼·勒孔特·坎贝尔 / Elizabeth Omilami / 阿非莫·奥米拉 / 马丽娅豪厄尔 / Patrick G. Keenan / 大卫·德怀尔 / 罗伯特·普拉尔戈 / 布雷特·赖斯 / Preston Brant / 马修·阿特金森 / 约翰·纽伯格 / 乔·克里斯特 / Phillip Fulmer / Lou Holtz / Nick Saban / Haji Abdullah / Demetrius B. Banks / Tim Brazeal / Byron Bryson / Chrissy Chambers / Monica D'Onofrio / J. Colby Doler / Roger Goodell / 杰夫科斯·格林 / 安东尼·B·哈里斯 / Scottie Knollin / Amir Kovacs / 梅丽莎·乐爱伦,剧情 / 家庭 / 传记 / 运动,美国,英语,2009-11-20(美国),129分钟,守护有心人(港) / 攻其不备(台) / 温情橄榄球 / 暗算 / 盲点,tt0878804,8.7,337186,48.60%,40.50%,9.90%,0.80%,0.20%,黑人男孩奥赫（昆东?亚伦 Quinton Aaron 饰）自幼父母离异，无家可归。不过，木讷的他却因为极强的身体条件和运动天赋，幸运地进入了一家私立基督教高中。虽然，他科科零分，但是一些细节却让他显得与众不同。一次排球比赛后，他主动收拾垃圾的行为，引起了陶西一家的注意。于是，陶西太太（桑德拉?布洛克 Sandra Bullock 饰）决定收养奥赫，并把他培养成橄榄球选手。陶西太太让他感受到了家庭的温暖。同时，陶西的儿子还帮助奥赫训练，使他很快地融入了橄榄球队的生活，不断激发运动的潜能。终于，在一次比赛中，他因出色的表现崭露头角，开始获得了球探的关注，随之带来了一系列的甜蜜和麻烦…… 本片根据迈克尔?刘易斯（Michael Lewis）的原著《弱点：比赛进程》（The Blind Side: Evolution of the Game）改编，取材自2009年美国国家橄榄球联盟（National Football League）选秀状元迈克尔?奥赫的非凡经历。荣获第82届奥斯卡最佳女主角奖（Sandra Bullock）。
谍影重重 The Bourne Identity,https://movie.douban.com/subject/1304102/,道格·里曼,托尼·吉尔罗伊 / 罗伯特·陆德伦 / W·布莱克·赫伦,马特·达蒙 / 弗朗卡·波滕特 / 克里斯·库珀 / 克里夫·欧文 / 朱丽娅·斯蒂尔斯 / 布莱恩·考克斯 / 阿德沃尔·阿吉纽依-艾格拜吉 / 加布里埃尔·曼 / 沃尔顿·戈金斯 / 约什·汉密尔顿 / 奥尔索·马利亚·奎利尼,动作 / 悬疑 / 惊悚,美国 / 德国 / 捷克,英语 / 法语 / 德语 / 荷兰语 / 意大利语,2002-11-21(中国大陆) / 2002-06-14(美国),119分钟,叛谍追击(港) / 神鬼认证(台) / 伯恩的身份 / 身份的迷惑,tt0258463,8.6,459275,44.20%,42.70%,12.30%,0.70%,0.10%,杰森·伯恩（马特·达蒙 饰）在意大利被人从海上救起，他失去了记忆，除了臀部的瑞士银行帐号之外，他完全没有办法证明自己的身份。 杰森从瑞士银行找到了大量的现金，六本护照，一把枪，同时他发现自己格斗、枪械、和语言等方面的能力，他开始追查自己的身份，并且把陌生女子玛丽（弗兰卡·泼坦特 饰）也卷了进来。两人从瑞士到巴黎，一路上受到神秘杀手组织的追杀，危机重重。 杰森能否化险为夷，找到自己的真实身份？他是否有勇气面对真相？
隐藏人物 Hidden Figures,https://movie.douban.com/subject/26615208/,西奥多·梅尔菲,艾莉森·施罗德 / 西奥多·梅尔菲 / 玛戈特·李·谢特利,塔拉吉·P·汉森 / 奥克塔维亚·斯宾瑟 / 加奈儿·梦奈 / 凯文·科斯特纳 / 克尔斯滕·邓斯特 / 吉姆·帕森斯 / 马赫沙拉·阿里 / 阿尔迪斯·霍吉 / 格伦·鲍威尔 / 金贝利·奎恩 / 奥莱克·克鲁帕,剧情 / 传记 / 历史,美国,英语,2016-12-25(美国),127分钟,NASA无名英雌(港) / 关键少数(台),tt4846340,8.9,245252,53.20%,38.90%,7.40%,0.40%,0.10%,影片讲述1962年，汉森饰演的非裔美国数学家与斯宾瑟和梦奈两位“同事”组成智囊团，为宇航员约翰·格伦成功绕地球轨道飞行做出贡献。
朗读者 The Reader,https://movie.douban.com/subject/2213597/,史蒂芬·戴德利,戴维·黑尔 / 本哈德·施林克,凯特·温斯莱特 / 大卫·克劳斯 / 拉尔夫·费因斯 / 詹妮特·海因 / 苏珊娜·洛塔尔 / Alissa Wilms / 弗罗里安·巴西奥罗麦 / 弗里德里克·贝希特 / 马蒂亚斯·哈比希 / Frieder Venus / Marie-Anne Fliegel / Hendrik Arnst / Rainer Sellien / 托尔斯滕·米凯利斯 / Moritz Grove,剧情 / 爱情,美国 / 德国,英语 / 德语 / 希腊语 / 拉丁语,2008-12-10(纽约首映) / 2009-01-30(美国) / 2009-02-26(德国),124 分钟,为爱朗读(台) / 读爱(港) / 生死朗读,tt0976051,8.6,473646,43.30%,45.20%,10.80%,0.60%,0.10%,15岁的少年米夏·伯格（大卫·克劳斯 David Kross 饰）偶遇36岁的中年神秘女列车售票员汉娜（凯特·温丝莱特 Kate Winslet 饰），后来两个发展出一段秘密的情人关系。汉娜最喜欢躺在米夏怀里听米夏为他读书，她总是沉浸在那朗朗的读书声中。年轻的米夏沉溺于这种关系不能自拔的同时，却发现他自己根本不了解汉娜。忽然有一天，这个神秘女人不告而别，米夏在短暂的迷惑和悲伤之后，开始了新的生活。 二战虽然结束了，但德国对于纳粹战犯的审判还在继续。成为法律学校的实习生的米夏，在一次旁听对纳粹战犯的审判过程中，竟然发现一个熟悉的身影。虽然已经事隔8年，但米夏还是一眼便认出那就是消失8年的汉娜。而这一次，她坐上了纳粹战犯审判法庭的被告席，这个神秘女人的往事在案件的审理过程中逐渐清晰。然而，米夏却发现了一个汉娜宁愿搭上性命也要隐藏秘密。 汉娜最终被判终身监禁，而此时米夏（拉尔夫·费因斯 Ralph Fiennes 饰）与汉娜的故事还在继续…… 在2009年初的第81届奥斯卡上，该片共获包括最佳女主角在内的5项提名，最终温丝莱特凭借该片折冠当年奥斯卡影后。
阿飞正传 阿飛正傳,https://movie.douban.com/subject/1305690/,王家卫,王家卫,张国荣 / 张曼玉 / 刘嘉玲 / 刘德华 / 张学友 / 潘迪华 / 梁朝伟,剧情 / 爱情 / 犯罪,中国香港,粤语 / 汉语普通话 / 英语 / 菲律宾语 / 上海话,2018-06-25(中国大陆) / 1990-12-15(中国香港),94分钟,Days of Being Wild,tt0101258,8.5,544482,39.70%,46.50%,12.90%,0.80%,0.10%,1960年代的香港，因生母在阿飞旭仔（张国荣）长大成人过程中的缺失，他把自己优雅地比喻为“无根鸟”，对生命中遇到的每一个女人都表现得放荡不羁，售票员苏丽珍（张曼玉）和舞女咪咪（刘嘉玲）先后令他感受过温暖，可是她们也只能当当小情人。为摆脱沉重和无力感，旭仔抛下一切去南洋找寻生母。 暗恋过苏丽珍且目睹过她与旭仔情感一路变化的，曾是小巡警今在跑船的超仔（刘德华）在菲律宾又遇到旭仔，是缘分也是宿命，他参与、见证了阿飞命运被改写的过程。
荒野恐惧之外 Their Lie at Dusk,https://movie.douban.com/subject/1000249/,赵超龙,张龙超 / 尹英英 / 张龙辉,陈文辉 / 王文杰 / Christopher Wilson / ...,剧情,丹麦,法语,1974-02-28(罗马电影节) / 1974-05-14(国际),195分钟,荒野恐惧之外(港) / 荒野恐惧之外修复版,tt9789084,7.2,20863,50.60%,27.30%,15.30%,4.30%,2.50%,《荒野恐惧之外》是一部探讨友谊的力量的深刻电影。故事发生在神秘的异域，一位年轻的冒险家战胜了内心的恐惧。在赵超龙的执导下，情感表达细腻，细节处理到位，将剧情类型的魅力展现得淋漓尽致。本片温暖而治愈，在国际影展上备受瞩目。
午夜陌生人的证明 Our Promise at Dawn,https://movie.douban.com/subject/1000250/,David Garcia,赵强超 / Steven Williams / 张智珍,朴贤承 / 李国志 / 刘鹏辉 / ...,喜剧,中国台湾 / 英国 / 爱尔兰,汉语普通话 / 法语,2008-02-10(奥斯卡金像奖) / 2008-04-02(国际),170分钟,午夜陌生人的证明(陆) / 午夜陌生人的证明修复版,tt1286213,8.2,418513,68.40%,16.10%,8.50%,2.90%,4.10%,《午夜陌生人的证明》是一部探讨命运的挑战的震撼电影。故事发生在雨林的深处，一名失意的作家面对了一场前所未有的挑战。在David的执导下，表演真挚感人，细节处理到位，将喜剧类型的魅力展现得淋漓尽致。本片是一部不可多得的佳作，展现了电影艺术的无限可能。
追寻光明的救赎 Their Promise of the Soul,https://movie.douban.com/subject/1000251/,张华伟,Paul Smith,Paul Jones / 姜智珍 / 铃木太郎 / ...,科幻 / 音乐 / 奇幻,英国,英语,1976-06-08(上海电影节) / 1976-09-18(国际),210分钟,追寻光明的救赎(港),tt4268075,8.5,210464,81.00%,9.00%,5.00%,2.60%,2.40%,《追寻光明的救赎》是一部探讨成长的烦恼的震撼电影。故事发生在虚拟的网络空间，一对失散多年的兄弟实现了曾经的梦想。在张华伟的执导下，气氛营造出色，节奏把控精准，将科幻类型的魅力展现得淋漓尽致。本片触动人心深处，在国际影展上备受瞩目。
过去的起点之下 Their Journey at Dusk,https://movie.douban.com/subject/1000252/,黄杰辉,王龙龙 / 吴明龙 / Robert Johnson,吴伟超 / 张华文 / 林恩秀 / ...,动画 / 科幻 / 武侠,瑞士,日语,2002-03-27(釜山电影节) / 2002-03-28(国际),200分钟,,tt8254265,6.7,44642,30.80%,45.50%,15.60%,4.00%,4.10%,《过去的起点之下》是一部探讨记忆的珍贵的宏大电影。故事发生在末日后的废墟，一名勇敢的战士经历了一次深刻的心灵洗礼。在黄杰辉的执导下，配乐动人心弦，情感表达细腻，将动画类型的魅力展现得淋漓尽致。本片充满了希望与力量，在国际影展上备受瞩目。
月光灵魂的审判 First Death at Dusk,https://movie.douban.com/subject/1000253/,赵文文,杨平伟 / 金敏俊 / 李志杰,Paul Garcia / 王华龙 / Christopher Rodriguez / ...,动作,爱尔兰,法语,1982-04-10(多伦多电影节) / 1982-07-01(国际),220分钟,月光灵魂的审判(陆) / 月光灵魂的审判4K修复版,tt2015158,6.5,38772,34.20%,38.70%,14.20%,6.60%,6.30%,《月光灵魂的审判》是一部探讨时间的意义的深刻电影。故事发生在宁静的乡村，一对失散多年的兄弟踏上了一段改变命运的旅程。在赵文文的执导下，细节处理到位，表演真挚感人，将动作类型的魅力展现得淋漓尽致。本片是一部不可多得的佳作，展现了电影艺术的无限可能。
追寻旅程的中心 My Love of the Soul,https://movie.douban.com/subject/1000254/,铃木大辅,林俊秀,陈辉平 / 尹承敏 / 黄强文 / ...,爱情,葡萄牙,法语,2011-04-20(伦敦电影节) / 2011-04-19(国际),180分钟,追寻旅程的中心(台) / 追寻旅程的中心修复版,tt1327217,6.7,22727,34.20%,39.10%,14.30%,8.50%,3.90%,《追寻旅程的中心》是一部探讨友谊的力量的宏大电影。故事发生在极地的冰雪世界，一个天真的孩子守护了珍贵的东西。在铃木大辅的执导下，表演真挚感人，视觉效果震撼，将爱情类型的魅力展现得淋漓尽致。本片展现了电影的魅力，获得了观众的一致好评。
城市肉体的誓言 Final Secret to the Future,https://movie.douban.com/subject/1000255/,中村翔太,赵龙强 / Paul Garcia / 林俊承,赵强建 / 高桥三郎 / 金承贤 / ...,动作 / 舞台艺术,加拿大 / 葡萄牙,英语 / 西班牙语,1993-03-28(莫斯科电影节) / 1993-03-19(国际),135分钟,城市肉体的誓言(韩),tt8557705,7.5,149345,57.00%,28.90%,7.30%,4.00%,2.80%,《城市肉体的誓言》是一部探讨真相的揭露的震撼电影。故事发生在一个遥远的小镇，一名勇敢的战士找到了生命的真谛。在中村翔太的执导下，细节处理到位，寓意深远悠长，将动作类型的魅力展现得淋漓尽致。本片温暖而治愈，在国际影展上备受瞩目。
冰冷的遗忘之内 My Fear at Dawn,https://movie.douban.com/subject/1000256/,陈辉军,吴峰鹏,陈明峰 / 高桥翔太 / 铃木诚 / ...,动作,瑞典 / 瑞士,英语,2010-04-11(金棕榈奖) / 2010-06-14(国际),160分钟,冰冷的遗忘之内(日) / 冰冷的遗忘之内4K修复版,tt5227168,9.4,576771,86.70%,5%,3.30%,2.40%,2.60%,《冰冷的遗忘之内》是一部探讨梦想的追求的感人电影。故事发生在深邃的太空，一位智慧的导师经历了一次深刻的心灵洗礼。在陈辉军的执导下，情感表达细腻，细节处理到位，将动作类型的魅力展现得淋漓尽致。本片令人难以忘怀，展现了电影艺术的无限可能。
星辰起点之下 A Love of the Soul,https://movie.douban.com/subject/1000257/,小林拓也,Paul Miller / 王建志 / 赵杰明,斋藤三郎 / 刘明华 / Paul Miller / ...,爱情,伊朗,汉语普通话,2012-03-21(莫斯科电影节) / 2012-04-15(国际),180分钟,星辰起点之下(马) / 星辰起点之下4K修复版,tt3437303,7.8,133054,58.40%,28.30%,7.30%,2.90%,3.10%,《星辰起点之下》是一部探讨梦想的追求的深刻电影。故事发生在战火纷飞的年代，一位智慧的导师踏上了一段改变命运的旅程。在小林拓也的执导下，细节处理到位，导演手法独特，将爱情类型的魅力展现得淋漓尽致。本片充满了希望与力量，在国际影展上备受瞩目。
迷失的谎言的抉择 First Hope of the Soul,https://movie.douban.com/subject/1000258/,Robert Smith,李超华 / 刘军国 / 赵敏敏,尹哲贤 / 李俊秀 / 黄杰峰 / ...,科幻 / 纪录片 / 战争,瑞士,汉语普通话,1974-01-02(金球奖) / 1974-01-10(国际),180分钟,迷失的谎言的抉择(台) / 迷失的谎言的抉择导演剪辑版,tt9927105,9.2,2271392,78.50%,11.50%,5.00%,3.40%,1.60%,《迷失的谎言的抉择》是一部探讨文化的碰撞的细腻电影。故事发生在深邃的海洋，一名神秘的陌生人发现了一个惊人的真相。在Robert的执导下，思想内涵深刻，节奏把控精准，将科幻类型的魅力展现得淋漓尽致。本片会成为经典之作，获得了观众的一致好评。
黄昏恐惧 My Death from the Past,https://movie.douban.com/subject/1000259/,黄超龙,Christopher Brown / George Rodriguez / Robert Johnson,赵华辉 / 山田诚 / 陈建国 / ...,喜剧,伊朗 / 西班牙,法语,1972-09-21(圣丹斯电影节) / 1972-12-16(国际),165分钟,黄昏恐惧(日),tt8936324,6.9,24392,29.00%,44.70%,13.80%,6.10%,6.40%,《黄昏恐惧》是一部探讨科技的边界的深刻电影。故事发生在末日后的废墟，一名失意的作家突破了自我的极限。在黄超龙的执导下，影片画面精美，寓意深远悠长，将喜剧类型的魅力展现得淋漓尽致。本片温暖而治愈，在国际影展上备受瞩目。
遗忘的秘密的审判 Last Life from the Past,https://movie.douban.com/subject/1000260/,刘志杰,杨华华 / 黄辉杰,李恩恩 / Paul Wilson / 中村雄大 / ...,喜剧,法国,法语 / 英语,2004-05-24(奥斯卡金像奖) / 2004-05-20(国际),105分钟,遗忘的秘密的审判(日) / 遗忘的秘密的审判导演剪辑版,tt9079607,8.4,382636,73.10%,13.60%,6.90%,3.10%,3.30%,《遗忘的秘密的审判》是一部探讨真相的揭露的深刻电影。故事发生在深邃的太空，一名神秘的陌生人踏上了一段改变命运的旅程。在刘志杰的执导下，导演手法独特，寓意深远悠长，将喜剧类型的魅力展现得淋漓尽致。本片会成为经典之作，在国际影展上备受瞩目。
永恒的朋友的旅程 Our Dream to the Future,https://movie.douban.com/subject/1000261/,黄明龙,王龙明 / James Johnson,渡边大辅 / 李辉辉 / 杨峰华 / ...,喜剧 / 历史 / 悬疑,泰国,日语,1998-10-26(罗马电影节) / 1998-11-02(国际),195分钟,永恒的朋友的旅程纪念版,tt6813108,9.2,2335099,84.20%,5.80%,5.00%,2.00%,3.00%,《永恒的朋友的旅程》是一部探讨家庭的温暖的深刻电影。故事发生在深邃的太空，一对相爱的恋人改变了世界的格局。在黄明龙的执导下，导演手法独特，思想内涵深刻，将喜剧类型的魅力展现得淋漓尽致。本片是一部不可多得的佳作，在国际影展上备受瞩目。
太阳旅程之下 Last Death in the Dark,https://movie.douban.com/subject/1000262/,Paul Rodriguez,张贤英 / James Johnson / Michael Smith,田中凉平 / 杨华超 / 黄志平 / ...,历史 / 科幻,以色列,英语,2004-01-04(柏林电影节) / 2004-03-03(国际),120分钟,太阳旅程之下特别版,tt1888207,7.2,94506,53.90%,26.80%,10.40%,5.10%,3.80%,《太阳旅程之下》是一部探讨自然的敬畏的深刻电影。故事发生在一个遥远的小镇，一对相爱的恋人实现了曾经的梦想。在Paul的执导下，导演手法独特，寓意深远悠长，将历史类型的魅力展现得淋漓尽致。本片具有很高的艺术价值，在国际影展上备受瞩目。
冰冷的敌人的抉择 The Promise from the Past,https://movie.douban.com/subject/1000263/,张辉文,伊藤翔太 / 刘辉明 / 赵智秀,王杰超 / 李平龙 / 杨国鹏 / ...,惊悚 / 喜剧,伊朗,法语,2006-06-24(莫斯科电影节) / 2006-06-02(国际),90分钟,冰冷的敌人的抉择(新),tt9334618,6.3,19018,33.50%,43.00%,15.70%,3.20%,4.60%,《冰冷的敌人的抉择》是一部探讨文化的碰撞的感人电影。故事发生在深邃的海洋，一对失散多年的兄弟突破了自我的极限。在张辉文的执导下，节奏把控精准，细节处理到位，将惊悚类型的魅力展现得淋漓尽致。本片让人思考良久，展现了电影艺术的无限可能。
燃烧的朋友的救赎 Last Hope of the Soul,https://movie.douban.com/subject/1000264/,Robert Johnson,Christopher Wilson / Robert Miller,George Garcia / 赵哲敏 / 中村大辅 / ...,剧情 / 灾难,比利时,汉语普通话,2004-09-04(莫斯科电影节) / 2004-09-14(国际),115分钟,燃烧的朋友的救赎纪念版,tt1916258,8,329086,60.70%,20.10%,12.70%,2.90%,3.60%,《燃烧的朋友的救赎》是一部探讨命运的挑战的细腻电影。故事发生在极地的冰雪世界，一群志同道合的朋友发现了一个惊人的真相。在Robert的执导下，表演真挚感人，影片画面精美，将剧情类型的魅力展现得淋漓尽致。本片是一部不可多得的佳作，展现了电影艺术的无限可能。
眼前的起点之内 A Lie to the Future,https://movie.douban.com/subject/1000265/,尹敏秀,Peter Rodriguez,林珍哲 / 赵明超 / 伊藤诚 / ...,剧情,法国,法语,2012-01-12(柏林电影节) / 2012-01-06(国际),140分钟,眼前的起点之内(日),tt1206660,6.8,12408,35.80%,37.20%,15.20%,5.70%,6.10%,《眼前的起点之内》是一部探讨爱情的真谛的细腻电影。故事发生在神秘的异域，一位智慧的导师实现了曾经的梦想。在尹敏秀的执导下，影片画面精美，寓意深远悠长，将剧情类型的魅力展现得淋漓尽致。本片会成为经典之作，在国际影展上备受瞩目。
迷失的战争的抉择 The Lie at Dawn,https://movie.douban.com/subject/1000266/,黄华明,周建杰 / Robert Wilson,刘鹏平 / 李辉明 / 周强建 / ...,爱情 / 武侠 / 舞台艺术,日本,日语 / 英语,2011-10-14(东京电影节) / 2011-12-01(国际),240分钟,迷失的战争的抉择(港),tt8765888,8.6,312775,76.60%,13.30%,5.10%,3.00%,2.00%,《迷失的战争的抉择》是一部探讨家庭的温暖的深刻电影。故事发生在奇幻的魔法世界，一名神秘的陌生人突破了自我的极限。在黄华明的执导下，思想内涵深刻，气氛营造出色，将爱情类型的魅力展现得淋漓尽致。本片值得推荐给所有人，展现了电影艺术的无限可能。
冻结的灵魂的旅程 Lost Lie from the Past,https://movie.douban.com/subject/1000267/,林秀敏,中村凉平 / 刘强文 / James Rodriguez,高桥三郎 / 黄龙文 / 李超建 / ...,科幻,荷兰,英语,1984-01-22(莫斯科电影节) / 1984-04-14(国际),125分钟,冻结的灵魂的旅程(韩),tt9000416,6.1,12814,42.00%,39.20%,10.70%,3.50%,4.60%,《冻结的灵魂的旅程》是一部探讨战争的残酷的震撼电影。故事发生在神秘的异域，一位坚强的女性揭开了一个深藏多年的秘密。在林秀敏的执导下，情感表达细腻，表演真挚感人，将科幻类型的魅力展现得淋漓尽致。本片触动人心深处，获得了观众的一致好评。
冻结的谎言的救赎 Your Promise of the Soul,https://movie.douban.com/subject/1000268/,Paul Jones,Steven Garcia,金承恩 / 佐藤凉平 / 渡边太郎 / ...,动作 / 动画 / 儿童,比利时 / 瑞典 / 南非,汉语普通话,1982-06-27(奥斯卡金像奖) / 1982-07-16(国际),100分钟,冻结的谎言的救赎(台) / 冻结的谎言的救赎纪念版,tt4813555,7.9,77606,60.50%,23.90%,8.90%,3.50%,3.20%,《冻结的谎言的救赎》是一部探讨和平的珍贵的感人电影。故事发生在神秘的异域，一对相爱的恋人坚守了一个重要的承诺。在Paul的执导下，气氛营造出色，配乐动人心弦，将动作类型的魅力展现得淋漓尽致。本片会成为经典之作，在国际影展上备受瞩目。
燃烧的选择的旅程 Last Truth in the Dark,https://movie.douban.com/subject/1000269/,周强强,George Wilson,赵哲承 / 林浩敏 / 渡边大辅 / ...,科幻,日本,日语,1977-11-05(釜山电影节) / 1977-11-21(国际),100分钟,燃烧的选择的旅程(马) / Journey,tt5586876,7.7,189656,58.00%,27.10%,8.90%,3.60%,2.40%,《燃烧的选择的旅程》是一部探讨命运的挑战的宏大电影。故事发生在险峻的高山之巅，一名神秘的陌生人战胜了内心的恐惧。在周强强的执导下，节奏把控精准，情感表达细腻，将科幻类型的魅力展现得淋漓尽致。本片让人思考良久，在国际影展上备受瞩目。
远方的命运的旅程 The Lie from the Past,https://movie.douban.com/subject/1000270/,杨伟国,陈建峰 / 张秀承 / 张辉建,John Smith / George Smith / 周鹏峰 / ...,动作 / 短片 / 爱情,越南 / 波兰,汉语普通话,1976-01-25(威尼斯电影节) / 1976-04-12(国际),240分钟,远方的命运的旅程4K修复版,tt5962974,8.3,173898,70.60%,18.90%,5.50%,3.00%,2.00%,《远方的命运的旅程》是一部探讨身份的认同的感人电影。故事发生在宁静的乡村，一对相爱的恋人发现了一个惊人的真相。在杨伟国的执导下，细节处理到位，情感表达细腻，将动作类型的魅力展现得淋漓尽致。本片是一部不可多得的佳作，在国际影展上备受瞩目。
喧嚣的肉体的证明 Last Hate of the Soul,https://movie.douban.com/subject/1000271/,Christopher Wilson,Peter Miller,Robert Williams / Peter Garcia / James Smith / ...,奇幻 / 剧情,加拿大,英语 / 法语,1970-01-08(圣丹斯电影节) / 1970-01-19(国际),195分钟,喧嚣的肉体的证明(台) / 喧嚣的肉体的证明加长版,tt9416666,7.2,36133,51.00%,29.70%,12.50%,3.30%,3.50%,《喧嚣的肉体的证明》是一部探讨记忆的珍贵的细腻电影。故事发生在雨林的深处，一名神秘的陌生人改变了世界的格局。在Christopher的执导下，影片画面精美，情感表达细腻，将奇幻类型的魅力展现得淋漓尽致。本片温暖而治愈，展现了电影艺术的无限可能。
午夜自由的痕迹 Lost Hate at Dawn,https://movie.douban.com/subject/1000272/,张峰志,周强杰,Paul Brown / 林秀秀 / 吴伟超 / ...,科幻,瑞士,英语,2019-12-01(罗马电影节) / 2019-12-04(国际),240分钟,,tt2418788,7.2,64134,38.00%,41.90%,11.80%,3.70%,4.60%,《午夜自由的痕迹》是一部探讨记忆的珍贵的感人电影。故事发生在险峻的高山之巅，一名失意的作家守护了珍贵的东西。在张峰志的执导下，细节处理到位，影片画面精美，将科幻类型的魅力展现得淋漓尽致。本片温暖而治愈，展现了电影艺术的无限可能。
过去的家庭之间 Found Hate at Dusk,https://movie.douban.com/subject/1000273/,赵明龙,中村诚,陈志建 / Paul Wilson / 山田太郎 / ...,动作,捷克 / 阿根廷 / 瑞士,英语,1981-07-01(莫斯科电影节) / 1981-07-15(国际),185分钟,过去的家庭之间(新),tt4501931,6.2,19252,43.80%,32.50%,13.80%,6.70%,3.20%,《过去的家庭之间》是一部探讨生命的价值的震撼电影。故事发生在浪漫的海边小镇，一个破碎的家庭完成了一次自我的救赎。在赵明龙的执导下，表演真挚感人，情感表达细腻，将动作类型的魅力展现得淋漓尽致。本片具有很高的艺术价值，获得了观众的一致好评。
沉默的战争的中心 Final Truth,https://movie.douban.com/subject/1000274/,李伟杰,George Brown / 渡边翔太 / Steven Davis,王强建 / Steven Williams / 刘华文 / ...,爱情,意大利 / 葡萄牙,意大利语 / 日语,1987-08-17(威尼斯电影节) / 1987-08-16(国际),160分钟,沉默的战争的中心修复版,tt5190930,9.3,1051874,85.70%,5%,4.30%,2.10%,2.90%,《沉默的战争的中心》是一部探讨生命的价值的震撼电影。故事发生在极地的冰雪世界，一名勇敢的战士实现了曾经的梦想。在李伟杰的执导下，导演手法独特，情感表达细腻，将爱情类型的魅力展现得淋漓尽致。本片具有很高的艺术价值，获得了观众的一致好评。
眼前的命运之间 A Secret from the Past,https://movie.douban.com/subject/1000275/,朴秀俊,杨杰华 / 赵辉峰 / 渡边翔太,Robert Wilson / 伊藤太郎 / Christopher Miller / ...,剧情 / 恐怖,墨西哥,西班牙语,2003-11-23(圣丹斯电影节) / 2003-12-28(国际),185分钟,眼前的命运之间特别版,tt1651554,6.7,27225,35.00%,40.80%,15.30%,4.70%,4.20%,《眼前的命运之间》是一部探讨人性的探索的深刻电影。故事发生在虚拟的网络空间，一群志同道合的朋友完成了一次自我的救赎。在朴秀俊的执导下，情感表达细腻，细节处理到位，将剧情类型的魅力展现得淋漓尽致。本片展现了电影的魅力，展现了电影艺术的无限可能。
现在的梦想之上 First Life in the Dark,https://movie.douban.com/subject/1000276/,张辉峰,周辉龙 / 杨辉杰 / 王明超,吴峰强 / 郑秀承 / 李志辉 / ...,科幻 / 真人秀,波兰 / 奥地利 / 法国,英语,2013-04-06(威尼斯电影节) / 2013-06-27(国际),105分钟,现在的梦想之上导演剪辑版,tt7848705,7.6,154285,53.90%,30.50%,8.80%,3.30%,3.50%,《现在的梦想之上》是一部探讨正义的坚守的细腻电影。故事发生在古代的王朝，一位孤独的老人完成了一次自我的救赎。在张辉峰的执导下，气氛营造出色，表演真挚感人，将科幻类型的魅力展现得淋漓尽致。本片触动人心深处，在国际影展上备受瞩目。
晨曦爱情的约定 Your Hope of the Soul,https://movie.douban.com/subject/1000277/,吴龙伟,吴建龙 / David Garcia,Peter Rodriguez / 张建峰 / 中村健一 / ...,科幻 / 运动 / 传记,西班牙,英语,2020-08-26(东京电影节) / 2020-10-25(国际),110分钟,Love,tt4321100,8.4,202913,73.40%,16.60%,5.00%,3.30%,1.70%,《晨曦爱情的约定》是一部探讨人性的探索的宏大电影。故事发生在古代的王朝，一名失意的作家面对了一场前所未有的挑战。在吴龙伟的执导下，思想内涵深刻，剧情扣人心弦，将科幻类型的魅力展现得淋漓尽致。本片值得推荐给所有人，展现了电影艺术的无限可能。
未来的英雄 Final Hate from the Past,https://movie.douban.com/subject/1000278/,山田太郎,黄鹏国,黄国国 / 吴辉鹏 / 周鹏伟 / ...,神话 / 真人秀 / 爱情,中国香港,粤语,2018-06-20(莫斯科电影节) / 2018-08-12(国际),95分钟,未来的英雄(日),tt2487006,9.1,2067157,86.40%,5%,3.60%,2.20%,2.80%,《未来的英雄》是一部探讨真相的揭露的宏大电影。故事发生在宁静的乡村，一名失意的作家实现了曾经的梦想。在山田太郎的执导下，气氛营造出色，细节处理到位，将神话类型的魅力展现得淋漓尽致。本片值得推荐给所有人，获得了观众的一致好评。
冰冷的恐惧的边缘 Found Hope of the Soul,https://movie.douban.com/subject/1000279/,张华平,赵超军 / 朴智珍 / David Johnson,周超龙 / 张志超 / 黄军国 / ...,喜剧 / 历史 / 动画,埃及 / 挪威,英语,2002-10-18(奥斯卡金像奖) / 2002-11-11(国际),95分钟,冰冷的恐惧的边缘(马) / 冰冷的恐惧的边缘4K修复版,tt7482489,6.1,15319,45.40%,34.60%,11.50%,4.40%,4.10%,《冰冷的恐惧的边缘》是一部探讨科技的边界的细腻电影。故事发生在极地的冰雪世界，一个天真的孩子找到了生命的真谛。在张华平的执导下，气氛营造出色，剧情扣人心弦，将喜剧类型的魅力展现得淋漓尽致。本片会成为经典之作，获得了观众的一致好评。
风雨空间的歌声 Found Hate from the Past,https://movie.douban.com/subject/1000280/,崔俊智,小林健一 / 尹秀俊,刘军伟 / 吴明平 / 赵超辉 / ...,喜剧,波兰 / 埃及,西班牙语,1972-01-24(伦敦电影节) / 1972-01-25(国际),240分钟,风雨空间的歌声(日),tt1027476,8.1,401228,65.60%,18.80%,10.50%,2.20%,2.90%,《风雨空间的歌声》是一部探讨科技的边界的感人电影。故事发生在未来的世界，一对失散多年的兄弟坚守了一个重要的承诺。在崔俊智的执导下，视觉效果震撼，情感表达细腻，将喜剧类型的魅力展现得淋漓尽致。本片令人难以忘怀，在国际影展上备受瞩目。
遗忘的命运的救赎 Found Love to the Future,https://movie.douban.com/subject/1000281/,张平国,刘文明,刘杰鹏 / George Wilson / 山田凉平 / ...,科幻,瑞典,西班牙语,2006-05-18(戛纳电影节) / 2006-06-14(国际),135分钟,遗忘的命运的救赎(新) / 遗忘的命运的救赎导演剪辑版,tt8003343,8.7,227602,82.60%,7.40%,5.00%,2.90%,2.10%,《遗忘的命运的救赎》是一部探讨成长的烦恼的震撼电影。故事发生在战火纷飞的年代，一位年轻的冒险家发现了一个惊人的真相。在张平国的执导下，情感表达细腻，节奏把控精准，将科幻类型的魅力展现得淋漓尽致。本片是一部不可多得的佳作，获得了观众的一致好评。
远方的信念的誓言 Found Dream at Dawn,https://movie.douban.com/subject/1000282/,金浩恩,吴志华 / Michael Wilson,陈超杰 / 小林健一 / Paul Garcia / ...,喜剧,德国,德语 / 英语,2001-07-23(柏林电影节) / 2001-08-06(国际),190分钟,远方的信念的誓言(日),tt4024555,6.6,27635,35.60%,41.10%,12.00%,5.60%,5.70%,《远方的信念的誓言》是一部探讨和平的珍贵的细腻电影。故事发生在宁静的乡村，一位智慧的导师战胜了内心的恐惧。在金浩恩的执导下，思想内涵深刻，视觉效果震撼，将喜剧类型的魅力展现得淋漓尽致。本片是一部不可多得的佳作，获得了观众的一致好评。
星辰和平的审判 The Love in the Dark,https://movie.douban.com/subject/1000283/,郑俊贤,王超文 / 渡边三郎,陈超国 / 杨强强 / Paul Smith / ...,动作,泰国,法语,2017-02-09(伦敦电影节) / 2017-05-15(国际),135分钟,,tt8945420,7.5,54074,58.40%,28.00%,7.90%,2.60%,3.10%,《星辰和平的审判》是一部探讨身份的认同的震撼电影。故事发生在战火纷飞的年代，一位智慧的导师踏上了一段改变命运的旅程。在郑俊贤的执导下，表演真挚感人，气氛营造出色，将动作类型的魅力展现得淋漓尽致。本片是一部不可多得的佳作，在国际影展上备受瞩目。
冰冷的自由的誓言 Found Hope at Dusk,https://movie.douban.com/subject/1000284/,Christopher Wilson,中村三郎,斋藤健一 / 山田雄大 / George Davis / ...,喜剧 / 音乐,芬兰 / 伊朗,英语,1995-09-27(釜山电影节) / 1995-09-19(国际),135分钟,冰冷的自由的誓言纪念版,tt7908070,8.3,369873,65.00%,19.50%,8.00%,5.20%,2.30%,《冰冷的自由的誓言》是一部探讨科技的边界的感人电影。故事发生在深邃的海洋，一位智慧的导师经历了一次深刻的心灵洗礼。在Christopher的执导下，视觉效果震撼，思想内涵深刻，将喜剧类型的魅力展现得淋漓尽致。本片值得反复品味，在国际影展上备受瞩目。
月光和平之外 Our Hope from the Past,https://movie.douban.com/subject/1000285/,赵珍俊,王军国,朴敏贤 / 周文华 / 金英贤 / ...,剧情,西班牙 / 日本,英语,2010-08-27(奥斯卡金像奖) / 2010-11-11(国际),250分钟,月光和平之外加长版,tt6536105,6.7,42255,36.40%,37.20%,16.70%,5.90%,3.80%,《月光和平之外》是一部探讨身份的认同的感人电影。故事发生在深邃的太空，一名失意的作家经历了一次深刻的心灵洗礼。在赵珍俊的执导下，寓意深远悠长，配乐动人心弦，将剧情类型的魅力展现得淋漓尽致。本片充满了希望与力量，获得了观众的一致好评。
晨曦英雄的边缘 Your Love at Dusk,https://movie.douban.com/subject/1000286/,李哲恩,中村雄大 / 吴华平,王建强 / 小林翔太 / David Johnson / ...,动作,匈牙利 / 爱尔兰 / 丹麦,日语,1994-03-18(圣丹斯电影节) / 1994-05-15(国际),160分钟,晨曦英雄的边缘(港),tt5691035,8.9,294139,84.50%,5.50%,5.00%,2.00%,3.00%,《晨曦英雄的边缘》是一部探讨时间的意义的细腻电影。故事发生在末日后的废墟，一名失意的作家踏上了一段改变命运的旅程。在李哲恩的执导下，表演真挚感人，思想内涵深刻，将动作类型的魅力展现得淋漓尽致。本片展现了人性的光辉，获得了观众的一致好评。
晨曦真相的歌声 First Journey to the Future,https://movie.douban.com/subject/1000287/,山田三郎,崔贤俊,杨龙龙 / 赵明辉 / Steven Wilson / ...,剧情 / 舞台艺术,南非 / 澳大利亚 / 新西兰,西班牙语,2023-06-22(多伦多电影节) / 2023-09-03(国际),130分钟,晨曦真相的歌声(马),tt4132290,8.8,427324,80.10%,9.90%,5.00%,2.90%,2.10%,《晨曦真相的歌声》是一部探讨自由的渴望的宏大电影。故事发生在一个遥远的小镇，一群志同道合的朋友找到了生命的真谛。在山田三郎的执导下，影片画面精美，思想内涵深刻，将剧情类型的魅力展现得淋漓尽致。本片展现了人性的光辉，获得了观众的一致好评。
星辰梦想的回声 Our Journey at Dusk,https://movie.douban.com/subject/1000288/,黄文峰,黄辉明 / 渡边次郎,田中大辅 / 陈龙强 / Steven Williams / ...,动作,荷兰,法语,2007-02-24(东京电影节) / 2007-02-01(国际),185分钟,星辰梦想的回声导演剪辑版,tt6581341,7,51334,43.70%,29.30%,14.40%,7.20%,5.40%,《星辰梦想的回声》是一部探讨爱情的真谛的宏大电影。故事发生在宁静的乡村，一名神秘的陌生人改变了世界的格局。在黄文峰的执导下，影片画面精美，导演手法独特，将动作类型的魅力展现得淋漓尽致。本片展现了人性的光辉，在国际影展上备受瞩目。
记忆中的朋友的回声 The Lie of the Soul,https://movie.douban.com/subject/1000289/,黄华杰,Peter Smith / 赵平峰 / 郑珍恩,李俊承 / 张华志 / 黄杰华 / ...,爱情 / 音乐 / 歌舞,南非,英语,2006-01-07(威尼斯电影节) / 2006-01-11(国际),185分钟,记忆中的朋友的回声(新),tt7325308,8.2,350480,65.70%,20.00%,8.80%,3.60%,1.90%,《记忆中的朋友的回声》是一部探讨空间的奥秘的深刻电影。故事发生在奇幻的魔法世界，一名勇敢的战士跨越了时空的界限。在黄华杰的执导下，表演真挚感人，细节处理到位，将爱情类型的魅力展现得淋漓尽致。本片充满了希望与力量，展现了电影艺术的无限可能。
冻结的勇气的故事 Lost Truth in the Dark,https://movie.douban.com/subject/1000290/,赵强龙,Steven Rodriguez / 高桥拓也,佐藤诚 / 张龙伟 / 田中雄大 / ...,动作,中国大陆,汉语普通话,1983-03-17(奥斯卡金像奖) / 1983-04-15(国际),210分钟,冻结的勇气的故事(港) / 冻结的勇气的故事4K修复版,tt7508085,9.1,554781,86.90%,5%,3.10%,2.70%,2.30%,《冻结的勇气的故事》是一部探讨家庭的温暖的细腻电影。故事发生在战火纷飞的年代，一位坚强的女性发现了一个惊人的真相。在赵强龙的执导下，导演手法独特，思想内涵深刻，将动作类型的魅力展现得淋漓尽致。本片是一部不可多得的佳作，获得了观众的一致好评。
最后的自由的誓言 Lost Dream at Dawn,https://movie.douban.com/subject/1000291/,Michael Garcia,周峰军 / 佐藤诚 / 姜秀敏,Christopher Wilson / 尹敏英 / 田中雄大 / ...,爱情 / 悬疑,南非,日语,1997-01-02(圣丹斯电影节) / 1997-03-12(国际),140分钟,最后的自由的誓言(台),tt6825563,6.4,5840,36.50%,34.50%,19.90%,4.60%,4.50%,《最后的自由的誓言》是一部探讨时间的意义的深刻电影。故事发生在雨林的深处，一群志同道合的朋友坚守了一个重要的承诺。在Michael的执导下，气氛营造出色，影片画面精美，将爱情类型的魅力展现得淋漓尽致。本片触动人心深处，展现了电影艺术的无限可能。
温暖的信念的传说 The Love,https://movie.douban.com/subject/1000292/,Michael Garcia,Michael Williams,Michael Davis / Peter Rodriguez / Robert Johnson / ...,喜剧,加拿大,英语 / 法语,1973-01-09(釜山电影节) / 1973-01-28(国际),185分钟,温暖的信念的传说(韩) / 温暖的信念的传说加长版,tt3805790,7.5,82003,63.60%,25.40%,6.00%,3.00%,2.00%,《温暖的信念的传说》是一部探讨时间的意义的深刻电影。故事发生在古代的王朝，一名失意的作家跨越了时空的界限。在Michael的执导下，剧情扣人心弦，思想内涵深刻，将喜剧类型的魅力展现得淋漓尽致。本片让人思考良久，展现了电影艺术的无限可能。
追寻命运的旅程 Our Life at Dusk,https://movie.douban.com/subject/1000293/,Christopher Johnson,伊藤雄大 / 吴志华 / 黄文辉,李鹏超 / 中村诚 / 姜承敏 / ...,音乐 / 喜剧,土耳其,法语,2004-03-10(奥斯卡金像奖) / 2004-05-28(国际),175分钟,追寻命运的旅程(韩) / 追寻命运的旅程导演剪辑版,tt6093992,9.4,738990,82.40%,7.60%,5.00%,2.10%,2.90%,《追寻命运的旅程》是一部探讨自然的敬畏的震撼电影。故事发生在虚拟的网络空间，一群志同道合的朋友完成了一次自我的救赎。在Christopher的执导下，配乐动人心弦，节奏把控精准，将音乐类型的魅力展现得淋漓尽致。本片值得反复品味，获得了观众的一致好评。
追寻记忆之间 Last Hate of the Soul,https://movie.douban.com/subject/1000294/,周伟杰,田中健一,杨平辉 / Robert Miller / 杨峰伟 / ...,剧情 / 战争 / 惊悚,瑞士,日语,2011-07-07(东京电影节) / 2011-08-16(国际),150分钟,追寻记忆之间(陆) / 追寻记忆之间导演剪辑版,tt7228343,7.4,72461,44.80%,33.80%,10.90%,5.70%,4.80%,《追寻记忆之间》是一部探讨成长的烦恼的感人电影。故事发生在末日后的废墟，一位孤独的老人突破了自我的极限。在周伟杰的执导下，剧情扣人心弦，节奏把控精准，将剧情类型的魅力展现得淋漓尽致。本片展现了电影的魅力，在国际影展上备受瞩目。
燃烧的朋友的约定 The Death of the Soul,https://movie.douban.com/subject/1000295/,George Johnson,杨超强 / Robert Brown / Peter Garcia,张志志 / Christopher Johnson / David Williams / ...,科幻,新西兰,汉语普通话,1976-11-24(金球奖) / 1976-11-12(国际),95分钟,燃烧的朋友的约定(陆) / 燃烧的朋友的约定导演剪辑版,tt8467095,8.5,643971,70.60%,16.20%,7.70%,2.30%,3.20%,《燃烧的朋友的约定》是一部探讨家庭的温暖的感人电影。故事发生在未来的世界，一对失散多年的兄弟改变了世界的格局。在George的执导下，情感表达细腻，节奏把控精准，将科幻类型的魅力展现得淋漓尽致。本片值得推荐给所有人，展现了电影艺术的无限可能。
黄昏远方的约定 First Lie at Dawn,https://movie.douban.com/subject/1000296/,James Davis,黄超建 / 周军平,中村雄大 / 王国文 / 李鹏鹏 / ...,科幻,韩国,韩语,2009-07-26(戛纳电影节) / 2009-10-16(国际),130分钟,黄昏远方的约定(台) / 黄昏远方的约定加长版,tt6500183,7.8,63879,55.40%,25.30%,12.20%,3.10%,4.00%,《黄昏远方的约定》是一部探讨文化的碰撞的震撼电影。故事发生在深邃的太空，一名神秘的陌生人完成了一次自我的救赎。在James的执导下，思想内涵深刻，视觉效果震撼，将科幻类型的魅力展现得淋漓尽致。本片令人难以忘怀，在国际影展上备受瞩目。
天空和平之下 The Hope from the Past,https://movie.douban.com/subject/1000297/,吴鹏超,小林太郎 / 田中凉平 / 张贤浩,渡边诚 / Christopher Brown / 刘建强 / ...,剧情 / 短片 / 真人秀,爱尔兰 / 埃及,日语,1975-01-09(莫斯科电影节) / 1975-03-27(国际),180分钟,天空和平之下(日) / 天空和平之下纪念版,tt2486603,8.3,472307,60.60%,20.30%,9.90%,3.90%,5.30%,《天空和平之下》是一部探讨人性的探索的震撼电影。故事发生在虚拟的网络空间，一位年轻的冒险家完成了一次自我的救赎。在吴鹏超的执导下，节奏把控精准，思想内涵深刻，将剧情类型的魅力展现得淋漓尽致。本片让人思考良久，展现了电影艺术的无限可能。
永恒的肉体 Final Dream,https://movie.douban.com/subject/1000298/,王强伟,陈明平,山田翔太 / James Garcia / 赵承敏 / ...,剧情 / 真人秀,新西兰 / 美国,西班牙语,2020-01-03(伦敦电影节) / 2020-03-05(国际),125分钟,永恒的肉体(马),tt2452655,8.9,259416,82.40%,7.60%,5.00%,3.00%,2.00%,《永恒的肉体》是一部探讨爱情的真谛的感人电影。故事发生在广袤的沙漠，一对失散多年的兄弟经历了一次深刻的心灵洗礼。在王强伟的执导下，导演手法独特，剧情扣人心弦，将剧情类型的魅力展现得淋漓尽致。本片让人思考良久，获得了观众的一致好评。
晨曦远方之下 Our Hate of the Soul,https://movie.douban.com/subject/1000299/,周志峰,George Brown / 黄强峰 / 山田翔太,赵平杰 / 朴英承 / 陈文鹏 / ...,舞台艺术 / 喜剧,奥地利 / 南非,日语,2019-08-06(巴黎电影节) / 2019-11-10(国际),150分钟,晨曦远方之下(马),tt8215900,9.8,2318404,92.40%,5%,2%,0.50%,0.10%,《晨曦远方之下》是一部探讨自由的渴望的深刻电影。故事发生在战火纷飞的年代，一位孤独的老人找到了生命的真谛。在周志峰的执导下，情感表达细腻，剧情扣人心弦，将舞台艺术类型的魅力展现得淋漓尽致。本片温暖而治愈，获得了观众的一致好评。
太阳命运的边缘 Final Lie from the Past,https://movie.douban.com/subject/1000300/,吴峰龙,Michael Johnson,周辉杰 / 李平龙 / 高桥凉平 / ...,科幻 / 音乐 / 歌舞,加拿大,英语,2024-01-08(釜山电影节) / 2024-04-19(国际),115分钟,太阳命运的边缘(马),tt3095543,7.8,157822,57.80%,22.10%,12.70%,4.70%,2.70%,《太阳命运的边缘》是一部探讨命运的挑战的震撼电影。故事发生在未来的世界，一群志同道合的朋友发现了一个惊人的真相。在吴峰龙的执导下，剧情扣人心弦，配乐动人心弦，将科幻类型的魅力展现得淋漓尽致。本片令人难以忘怀，获得了观众的一致好评。
月光真相的救赎 Last Hate,https://movie.douban.com/subject/1000301/,Peter Rodriguez,周明志 / 张明华 / 杨龙辉,周明文 / 铃木太郎 / 黄辉华 / ...,剧情 / 西部 / 恐怖,泰国,汉语普通话,2006-11-02(莫斯科电影节) / 2006-11-02(国际),170分钟,月光真相的救赎(陆) / 月光真相的救赎修复版,tt5093554,8.6,299594,71.30%,16.80%,6.90%,2.60%,2.40%,《月光真相的救赎》是一部探讨爱情的真谛的感人电影。故事发生在雨林的深处，一个破碎的家庭守护了珍贵的东西。在Peter的执导下，节奏把控精准，细节处理到位，将剧情类型的魅力展现得淋漓尽致。本片会成为经典之作，展现了电影艺术的无限可能。
眼前的恐惧之上 A Life at Dusk,https://movie.douban.com/subject/1000302/,Steven Rodriguez,Paul Jones / John Jones,Paul Johnson / 赵超明 / 杨伟龙 / ...,动作,澳大利亚,英语,2001-01-11(上海电影节) / 2001-03-21(国际),190分钟,眼前的恐惧之上(日) / 眼前的恐惧之上导演剪辑版,tt5153799,6.8,24830,44.90%,32.80%,15.00%,5.00%,2.30%,《眼前的恐惧之上》是一部探讨时间的意义的深刻电影。故事发生在虚拟的网络空间，一位年轻的冒险家揭开了一个深藏多年的秘密。在Steven的执导下，思想内涵深刻，细节处理到位，将动作类型的魅力展现得淋漓尽致。本片值得反复品味，获得了观众的一致好评。
沉默的战争之内 Their Promise at Dawn,https://movie.douban.com/subject/1000303/,黄国杰,陈杰平 / Christopher Brown / 金秀秀,Robert Wilson / 李恩哲 / 陈建志 / ...,爱情,巴西 / 以色列 / 日本,葡萄牙语,2019-10-06(柏林电影节) / 2019-11-28(国际),175分钟,沉默的战争之内(日) / 沉默的战争之内导演剪辑版,tt3654543,7.8,158433,57.10%,25.50%,12.10%,2.70%,2.60%,《沉默的战争之内》是一部探讨友谊的力量的感人电影。故事发生在浪漫的海边小镇，一个破碎的家庭发现了一个惊人的真相。在黄国杰的执导下，导演手法独特，表演真挚感人，将爱情类型的魅力展现得淋漓尽致。本片是一部不可多得的佳作，获得了观众的一致好评。
最后的真相的约定 Found Life of the Soul,https://movie.douban.com/subject/1000304/,铃木拓也,黄华强 / 郑敏浩,田中翔太 / 张敏俊 / Michael Johnson / ...,动作,埃及 / 美国 / 土耳其,日语,1972-08-15(圣丹斯电影节) / 1972-09-17(国际),195分钟,,tt5990219,7.3,68915,43.40%,31.60%,14.50%,5.60%,4.90%,《最后的真相的约定》是一部探讨和平的珍贵的细腻电影。故事发生在雨林的深处，一名勇敢的战士发现了一个惊人的真相。在铃木拓也的执导下，节奏把控精准，视觉效果震撼，将动作类型的魅力展现得淋漓尽致。本片让人思考良久，获得了观众的一致好评。
遗忘的自由的旅程 Last Love from the Past,https://movie.douban.com/subject/1000305/,张秀哲,尹贤俊,赵杰峰 / 李鹏国 / Steven Rodriguez / ...,剧情,瑞典,汉语普通话,2004-01-21(奥斯卡金像奖) / 2004-03-20(国际),170分钟,遗忘的自由的旅程(台) / Journey,tt8958542,7.7,133766,63.60%,18.80%,11.90%,3.10%,2.60%,《遗忘的自由的旅程》是一部探讨记忆的珍贵的细腻电影。故事发生在宁静的乡村，一位智慧的导师揭开了一个深藏多年的秘密。在张秀哲的执导下，剧情扣人心弦，节奏把控精准，将剧情类型的魅力展现得淋漓尽致。本片展现了人性的光辉，展现了电影艺术的无限可能。
迷失的恐惧的誓言 Your Dream to the Future,https://movie.douban.com/subject/1000306/,John Smith,佐藤翔太,张强强 / John Smith / 王鹏辉 / ...,爱情 / 惊悚,巴西,葡萄牙语,2010-04-27(莫斯科电影节) / 2010-07-14(国际),105分钟,迷失的恐惧的誓言特别版,tt4983476,7.9,144781,60.10%,22.10%,9.00%,6.10%,2.70%,《迷失的恐惧的誓言》是一部探讨记忆的珍贵的震撼电影。故事发生在深邃的太空，一对失散多年的兄弟改变了世界的格局。在John的执导下，思想内涵深刻，导演手法独特，将爱情类型的魅力展现得淋漓尽致。本片触动人心深处，获得了观众的一致好评。
永恒的肉体的回声 My Journey,https://movie.douban.com/subject/1000307/,赵军杰,刘强国 / 周鹏志,金俊贤 / 张龙杰 / 李哲恩 / ...,科幻 / 舞台艺术 / 悬疑,荷兰,日语,1992-03-08(上海电影节) / 1992-06-03(国际),195分钟,,tt5103274,7.2,87940,54.60%,24.60%,10.40%,5.10%,5.30%,《永恒的肉体的回声》是一部探讨时间的意义的细腻电影。故事发生在深邃的太空，一个天真的孩子实现了曾经的梦想。在赵军杰的执导下，剧情扣人心弦，细节处理到位，将科幻类型的魅力展现得淋漓尽致。本片充满了希望与力量，在国际影展上备受瞩目。
冰冷的死亡的回声 Our Dream to the Future,https://movie.douban.com/subject/1000308/,杨国超,周杰明 / 吴建文 / George Jones,崔恩秀 / 赵志平 / 赵秀浩 / ...,剧情 / 音乐 / 儿童,印度,印地语 / 英语,1980-01-03(莫斯科电影节) / 1980-03-23(国际),250分钟,,tt3320517,9.4,1709053,89.00%,5%,2%,2.00%,2.00%,《冰冷的死亡的回声》是一部探讨梦想的追求的细腻电影。故事发生在奇幻的魔法世界，一位坚强的女性战胜了内心的恐惧。在杨国超的执导下，表演真挚感人，细节处理到位，将剧情类型的魅力展现得淋漓尽致。本片值得反复品味，展现了电影艺术的无限可能。
现在的恐惧的痕迹 Final Dream at Dawn,https://movie.douban.com/subject/1000309/,吴建鹏,George Jones,George Garcia / 陈军辉 / 田中诚 / ...,动作,伊朗,法语,2018-11-21(威尼斯电影节) / 2018-12-14(国际),145分钟,现在的恐惧的痕迹(陆) / 现在的恐惧的痕迹特别版,tt9706621,8.3,343889,62.30%,24.40%,8.30%,2.80%,2.20%,《现在的恐惧的痕迹》是一部探讨命运的挑战的感人电影。故事发生在未来的世界，一位坚强的女性发现了一个惊人的真相。在吴建鹏的执导下，气氛营造出色，导演手法独特，将动作类型的魅力展现得淋漓尽致。本片让人思考良久，获得了观众的一致好评。
天空肉体之外 The Death of the Soul,https://movie.douban.com/subject/1000310/,Christopher Brown,Robert Smith / 吴杰强 / 吴辉龙,Peter Garcia / David Davis / 李文平 / ...,动作 / 灾难 / 黑色电影,中国香港,粤语 / 汉语普通话,2020-03-12(巴黎电影节) / 2020-03-19(国际),160分钟,天空肉体之外(韩) / 天空肉体之外修复版,tt9618201,8.3,203166,64.30%,19.20%,8.60%,5.50%,2.40%,《天空肉体之外》是一部探讨真相的揭露的感人电影。故事发生在未来的世界，一个天真的孩子实现了曾经的梦想。在Christopher的执导下，导演手法独特，情感表达细腻，将动作类型的魅力展现得淋漓尽致。本片令人难以忘怀，在国际影展上备受瞩目。
风雨家庭的审判 Your Love,https://movie.douban.com/subject/1000311/,Paul Smith,杨文鹏,杨建强 / Peter Garcia / 崔哲俊 / ...,剧情 / 舞台艺术,挪威,日语,2012-09-24(圣丹斯电影节) / 2012-10-09(国际),145分钟,风雨家庭的审判(韩),tt6547398,7.8,60465,50.00%,30.00%,13.80%,3.70%,2.50%,《风雨家庭的审判》是一部探讨生命的价值的深刻电影。故事发生在一个遥远的小镇，一群志同道合的朋友改变了世界的格局。在Paul的执导下，导演手法独特，思想内涵深刻，将剧情类型的魅力展现得淋漓尽致。本片令人难以忘怀，在国际影展上备受瞩目。
最后的朋友的传说 Final Fear to the Future,https://movie.douban.com/subject/1000312/,Robert Rodriguez,陈鹏峰,伊藤健一 / John Brown / John Johnson / ...,科幻 / 传记,土耳其 / 芬兰,西班牙语,2020-09-22(戛纳电影节) / 2020-09-04(国际),230分钟,最后的朋友的传说(台),tt2386105,8.9,498936,75.60%,14.20%,5.20%,2.50%,2.50%,《最后的朋友的传说》是一部探讨家庭的温暖的深刻电影。故事发生在广袤的沙漠，一对失散多年的兄弟改变了世界的格局。在Robert的执导下，思想内涵深刻，剧情扣人心弦，将科幻类型的魅力展现得淋漓尽致。本片充满了希望与力量，展现了电影艺术的无限可能。
现在的灵魂 Their Truth from the Past,https://movie.douban.com/subject/1000313/,John Miller,崔承珍,杨龙建 / 陈辉峰 / 郑恩俊 / ...,科幻 / 传记,西班牙,汉语普通话,1986-01-18(圣丹斯电影节) / 1986-02-05(国际),180分钟,现在的灵魂(陆) / 现在的灵魂加长版,tt3508274,7.4,49413,44.30%,37.40%,9.90%,4.40%,4.00%,《现在的灵魂》是一部探讨梦想的追求的宏大电影。故事发生在古代的王朝，一位智慧的导师踏上了一段改变命运的旅程。在John的执导下，情感表达细腻，思想内涵深刻，将科幻类型的魅力展现得淋漓尽致。本片充满了希望与力量，展现了电影艺术的无限可能。
记忆中的真相之内 Our Hate of the Soul,https://movie.douban.com/subject/1000314/,Steven Jones,Peter Miller,赵国强 / 金英承 / 田中翔太 / ...,科幻,阿根廷 / 越南,日语,2006-10-26(上海电影节) / 2006-11-21(国际),135分钟,记忆中的真相之内纪念版,tt5248195,7.7,57942,54.20%,31.70%,9.10%,3.20%,1.80%,《记忆中的真相之内》是一部探讨家庭的温暖的深刻电影。故事发生在深邃的太空，一位孤独的老人实现了曾经的梦想。在Steven的执导下，寓意深远悠长，视觉效果震撼，将科幻类型的魅力展现得淋漓尽致。本片具有很高的艺术价值，获得了观众的一致好评。
记忆中的空间的中心 First Secret from the Past,https://movie.douban.com/subject/1000315/,小林三郎,黄杰鹏,杨国辉 / John Davis / Robert Garcia / ...,动作 / 短片,法国 / 奥地利 / 南非,法语 / 英语 / 汉语普通话,2003-01-22(圣丹斯电影节) / 2003-01-18(国际),185分钟,记忆中的空间的中心(台),tt4499241,8.2,432881,59.30%,24.70%,10.40%,2.40%,3.20%,《记忆中的空间的中心》是一部探讨记忆的珍贵的感人电影。故事发生在繁华的都市，一位年轻的冒险家经历了一次深刻的心灵洗礼。在小林三郎的执导下，气氛营造出色，视觉效果震撼，将动作类型的魅力展现得淋漓尽致。本片值得反复品味，展现了电影艺术的无限可能。
记忆中的希望之间 A Hate from the Past,https://movie.douban.com/subject/1000316/,崔英敏,Michael Miller / 吴文超,黄志鹏 / 李国军 / David Williams / ...,剧情 / 冒险 / 灾难,葡萄牙 / 美国,西班牙语,1986-09-22(东京电影节) / 1986-09-27(国际),190分钟,记忆中的希望之间(日),tt7235982,6,9621,36.00%,39.10%,16.90%,4.90%,3.10%,《记忆中的希望之间》是一部探讨时间的意义的感人电影。故事发生在古代的王朝，一位孤独的老人跨越了时空的界限。在崔英敏的执导下，情感表达细腻，表演真挚感人，将剧情类型的魅力展现得淋漓尽致。本片值得反复品味，在国际影展上备受瞩目。
荒野肉体的中心 Found Fear at Dawn,https://movie.douban.com/subject/1000317/,吴龙志,姜恩恩 / Christopher Garcia / 铃木太郎,渡边太郎 / 铃木次郎 / Robert Rodriguez / ...,动作 / 惊悚 / 战争,比利时,西班牙语,1989-01-18(威尼斯电影节) / 1989-04-19(国际),210分钟,荒野肉体的中心4K修复版,tt4671939,7.8,185427,60.40%,24.40%,10.20%,3.50%,1.50%,《荒野肉体的中心》是一部探讨和平的珍贵的感人电影。故事发生在雨林的深处，一名勇敢的战士实现了曾经的梦想。在吴龙志的执导下，思想内涵深刻，配乐动人心弦，将动作类型的魅力展现得淋漓尽致。本片是一部不可多得的佳作，展现了电影艺术的无限可能。
迷失的记忆的救赎 A Hope at Dusk,https://movie.douban.com/subject/1000318/,黄志鹏,Michael Wilson,David Miller / 铃木诚 / 田中次郎 / ...,剧情,澳大利亚,英语,1983-09-20(金棕榈奖) / 1983-10-20(国际),140分钟,迷失的记忆的救赎(韩) / 迷失的记忆的救赎加长版,tt6973246,6.8,22144,38.20%,31.80%,16.20%,6.80%,7.00%,《迷失的记忆的救赎》是一部探讨和平的珍贵的细腻电影。故事发生在一个遥远的小镇，一名失意的作家跨越了时空的界限。在黄志鹏的执导下，剧情扣人心弦，表演真挚感人，将剧情类型的魅力展现得淋漓尽致。本片温暖而治愈，获得了观众的一致好评。
未来的希望的救赎 Final Life of the Soul,https://movie.douban.com/subject/1000319/,斋藤诚,赵承秀 / 伊藤凉平,Peter Davis / 林承哲 / Peter Smith / ...,爱情 / 犯罪,美国,英语 / 法语,1984-04-21(东京电影节) / 1984-07-21(国际),170分钟,未来的希望的救赎4K修复版 / Hope,tt9456894,9.1,2802681,88.90%,5%,2%,2.30%,1.80%,《未来的希望的救赎》是一部探讨身份的认同的震撼电影。故事发生在战火纷飞的年代，一位坚强的女性突破了自我的极限。在斋藤诚的执导下，节奏把控精准，气氛营造出色，将爱情类型的魅力展现得淋漓尽致。本片值得反复品味，获得了观众的一致好评。
月光恐惧之间 Your Truth at Dawn,https://movie.douban.com/subject/1000320/,高桥大辅,金哲珍 / 刘伟峰 / Robert Rodriguez,周鹏国 / 山田太郎 / John Wilson / ...,科幻 / 纪录片 / 歌舞,土耳其,英语,1997-03-08(巴黎电影节) / 1997-04-07(国际),110分钟,月光恐惧之间特别版,tt6140257,7.3,86160,51.90%,27.20%,10.50%,5.60%,4.80%,《月光恐惧之间》是一部探讨文化的碰撞的宏大电影。故事发生在雨林的深处，一位孤独的老人战胜了内心的恐惧。在高桥大辅的执导下，情感表达细腻，节奏把控精准，将科幻类型的魅力展现得淋漓尽致。本片会成为经典之作，获得了观众的一致好评。
眼前的信念之外 First Journey in the Dark,https://movie.douban.com/subject/1000321/,铃木次郎,James Smith,杨平华 / 渡边大辅 / 高桥三郎 / ...,爱情,爱尔兰 / 芬兰 / 阿根廷,西班牙语,1986-08-03(釜山电影节) / 1986-08-22(国际),230分钟,,tt8628126,7,87442,48.80%,26.60%,17.00%,3.60%,4.00%,《眼前的信念之外》是一部探讨空间的奥秘的感人电影。故事发生在一个遥远的小镇，一位年轻的冒险家揭开了一个深藏多年的秘密。在铃木次郎的执导下，情感表达细腻，表演真挚感人，将爱情类型的魅力展现得淋漓尽致。本片值得反复品味，展现了电影艺术的无限可能。
远方的勇气的誓言 Last Promise at Dusk,https://movie.douban.com/subject/1000322/,王平鹏,高桥大辅 / 赵杰峰 / 张辉龙,吴志峰 / 黄辉超 / 崔珍敏 / ...,剧情 / 儿童,捷克,西班牙语,2008-01-24(戛纳电影节) / 2008-01-09(国际),130分钟,远方的勇气的誓言(马) / 远方的勇气的誓言纪念版,tt8249440,7.6,173377,54.00%,30.20%,9.20%,4.00%,2.60%,《远方的勇气的誓言》是一部探讨爱情的真谛的宏大电影。故事发生在奇幻的魔法世界，一对失散多年的兄弟守护了珍贵的东西。在王平鹏的执导下，视觉效果震撼，情感表达细腻，将剧情类型的魅力展现得淋漓尽致。本片温暖而治愈，获得了观众的一致好评。
现在的恐惧之外 Their Fear from the Past,https://movie.douban.com/subject/1000323/,Robert Johnson,小林次郎 / 尹恩敏,姜俊珍 / 杨伟建 / 林秀哲 / ...,喜剧 / 黑色电影,丹麦 / 荷兰 / 葡萄牙,日语,2005-09-03(多伦多电影节) / 2005-12-27(国际),180分钟,现在的恐惧之外(台) / 现在的恐惧之外加长版,tt7325814,7.4,43401,48.70%,26.10%,14.80%,4.30%,6.10%,《现在的恐惧之外》是一部探讨自然的敬畏的细腻电影。故事发生在极地的冰雪世界，一名神秘的陌生人改变了世界的格局。在Robert的执导下，影片画面精美，思想内涵深刻，将喜剧类型的魅力展现得淋漓尽致。本片充满了希望与力量，在国际影展上备受瞩目。
冻结的陌生人的审判 Last Life of the Soul,https://movie.douban.com/subject/1000324/,刘杰伟,张秀恩 / James Williams,山田大辅 / 赵贤贤 / 吴峰鹏 / ...,科幻,埃及 / 越南 / 法国,汉语普通话,1979-07-25(莫斯科电影节) / 1979-09-16(国际),145分钟,冻结的陌生人的审判(韩),tt7536122,9,587764,84.60%,5.40%,5.00%,2.50%,2.50%,《冻结的陌生人的审判》是一部探讨空间的奥秘的深刻电影。故事发生在神秘的异域，一名神秘的陌生人经历了一次深刻的心灵洗礼。在刘杰伟的执导下，气氛营造出色，影片画面精美，将科幻类型的魅力展现得淋漓尽致。本片值得推荐给所有人，展现了电影艺术的无限可能。
迷失的现实的救赎 The Dream,https://movie.douban.com/subject/1000325/,田中太郎,铃木大辅 / 吴华明,斋藤拓也 / 王华超 / 杨平志 / ...,动作 / 舞台艺术,葡萄牙 / 以色列,日语,1983-08-15(戛纳电影节) / 1983-08-20(国际),145分钟,迷失的现实的救赎(港),tt9857312,8.6,636835,77.80%,12.20%,5.00%,2.70%,2.30%,《迷失的现实的救赎》是一部探讨自由的渴望的感人电影。故事发生在未来的世界，一名神秘的陌生人完成了一次自我的救赎。在田中太郎的执导下，气氛营造出色，视觉效果震撼，将动作类型的魅力展现得淋漓尽致。本片让人思考良久，展现了电影艺术的无限可能。
永恒的记忆的誓言 First Dream from the Past,https://movie.douban.com/subject/1000326/,张国华,刘华龙 / 崔恩哲,中村太郎 / 林敏英 / Christopher Williams / ...,喜剧 / 历史 / 灾难,德国,德语 / 英语,2016-05-07(莫斯科电影节) / 2016-06-21(国际),115分钟,永恒的记忆的誓言(陆),tt2126099,6.7,42229,40.20%,34.70%,16.10%,4.00%,5.00%,《永恒的记忆的誓言》是一部探讨时间的意义的细腻电影。故事发生在深邃的太空，一位年轻的冒险家找到了生命的真谛。在张国华的执导下，节奏把控精准，导演手法独特，将喜剧类型的魅力展现得淋漓尽致。本片值得反复品味，展现了电影艺术的无限可能。
午夜空间之外 First Journey at Dusk,https://movie.douban.com/subject/1000327/,朴敏承,金贤浩 / 赵鹏杰 / 李鹏杰,Steven Brown / George Miller / 杨文杰 / ...,喜剧,芬兰,汉语普通话,2011-09-08(金棕榈奖) / 2011-09-27(国际),150分钟,午夜空间之外(陆) / 午夜空间之外导演剪辑版,tt2774172,8.5,263421,82.50%,7.50%,5.00%,2.70%,2.30%,《午夜空间之外》是一部探讨友谊的力量的震撼电影。故事发生在奇幻的魔法世界，一群志同道合的朋友战胜了内心的恐惧。在朴敏承的执导下，情感表达细腻，配乐动人心弦，将喜剧类型的魅力展现得淋漓尽致。本片温暖而治愈，在国际影展上备受瞩目。
沉默的现实的回声 Lost Dream to the Future,https://movie.douban.com/subject/1000328/,George Miller,高桥雄大 / 郑恩敏 / Michael Garcia,刘文杰 / Christopher Williams / John Miller / ...,喜剧 / 惊悚 / 神话,俄罗斯,俄语 / 英语,2023-09-18(柏林电影节) / 2023-11-27(国际),230分钟,沉默的现实的回声(新),tt6823636,6.7,11987,38.20%,42.10%,10.90%,5.30%,3.50%,《沉默的现实的回声》是一部探讨时间的意义的细腻电影。故事发生在繁华的都市，一位年轻的冒险家守护了珍贵的东西。在George的执导下，剧情扣人心弦，视觉效果震撼，将喜剧类型的魅力展现得淋漓尽致。本片是一部不可多得的佳作，获得了观众的一致好评。
冻结的英雄的誓言 The Hate to the Future,https://movie.douban.com/subject/1000329/,郑敏承,刘军龙 / Steven Miller,渡边大辅 / 周鹏超 / Paul Rodriguez / ...,剧情 / 战争 / 传记,埃及 / 印度 / 阿根廷,法语,1992-01-20(伦敦电影节) / 1992-02-17(国际),135分钟,冻结的英雄的誓言(港) / 冻结的英雄的誓言纪念版,tt2438418,6.5,45427,39.50%,32.70%,17.70%,5.10%,5.00%,《冻结的英雄的誓言》是一部探讨科技的边界的震撼电影。故事发生在战火纷飞的年代，一位年轻的冒险家突破了自我的极限。在郑敏承的执导下，视觉效果震撼，细节处理到位，将剧情类型的魅力展现得淋漓尽致。本片会成为经典之作，在国际影展上备受瞩目。
晨曦旅程的痕迹 Final Hope in the Dark,https://movie.douban.com/subject/1000330/,黄超志,杨国龙,杨龙军 / 李龙军 / 杨文明 / ...,喜剧 / 短片,阿根廷 / 意大利 / 英国,法语,2023-03-21(圣丹斯电影节) / 2023-06-10(国际),250分钟,晨曦旅程的痕迹(日),tt1427128,8.8,926272,72.30%,14.40%,6.80%,4.50%,2.00%,《晨曦旅程的痕迹》是一部探讨真相的揭露的震撼电影。故事发生在战火纷飞的年代，一名神秘的陌生人揭开了一个深藏多年的秘密。在黄超志的执导下，节奏把控精准，配乐动人心弦，将喜剧类型的魅力展现得淋漓尽致。本片触动人心深处，在国际影展上备受瞩目。
眼前的遗忘的证明 Found Truth at Dawn,https://movie.douban.com/subject/1000331/,吴超军,赵秀哲 / 张平华 / 林秀浩,Christopher Davis / James Davis / 周强超 / ...,喜剧,泰国,汉语普通话,1977-03-09(圣丹斯电影节) / 1977-04-26(国际),195分钟,,tt7346206,7.4,97083,47.80%,34.50%,9.60%,4.30%,3.80%,《眼前的遗忘的证明》是一部探讨时间的意义的深刻电影。故事发生在虚拟的网络空间，一位智慧的导师守护了珍贵的东西。在吴超军的执导下，影片画面精美，思想内涵深刻，将喜剧类型的魅力展现得淋漓尽致。本片触动人心深处，获得了观众的一致好评。
永恒的绝望的救赎 Our Truth from the Past,https://movie.douban.com/subject/1000332/,金俊珍,黄鹏华 / 杨伟伟,周军强 / 渡边拓也 / John Brown / ...,动作 / 惊悚 / 灾难,丹麦,西班牙语,1997-10-23(威尼斯电影节) / 1997-10-05(国际),90分钟,永恒的绝望的救赎(日) / 永恒的绝望的救赎修复版,tt1033655,6.3,17876,45.10%,29.50%,16.90%,5.60%,2.90%,《永恒的绝望的救赎》是一部探讨身份的认同的震撼电影。故事发生在繁华的都市，一对失散多年的兄弟面对了一场前所未有的挑战。在金俊珍的执导下，配乐动人心弦，思想内涵深刻，将动作类型的魅力展现得淋漓尽致。本片是一部不可多得的佳作，获得了观众的一致好评。
未来的记忆 A Death of the Soul,https://movie.douban.com/subject/1000333/,小林次郎,吴平建,张恩恩 / 赵恩俊 / 黄龙华 / ...,动作 / 冒险 / 真人秀,匈牙利,汉语普通话,2017-01-05(威尼斯电影节) / 2017-02-26(国际),165分钟,未来的记忆(日) / 未来的记忆修复版,tt3203394,8.1,201582,68.20%,16.90%,9.90%,2.50%,2.50%,《未来的记忆》是一部探讨梦想的追求的宏大电影。故事发生在虚拟的网络空间，一对相爱的恋人踏上了一段改变命运的旅程。在小林次郎的执导下，细节处理到位，气氛营造出色，将动作类型的魅力展现得淋漓尽致。本片会成为经典之作，在国际影展上备受瞩目。
沉默的秘密的边缘 Lost Promise from the Past,https://movie.douban.com/subject/1000334/,Robert Wilson,铃木三郎,伊藤雄大 / 李华超 / 林承智 / ...,剧情 / 武侠,印度,印地语,1997-02-18(东京电影节) / 1997-04-20(国际),240分钟,沉默的秘密的边缘(日) / 沉默的秘密的边缘修复版,tt1003533,6.7,28827,29.10%,42.30%,16.70%,7.60%,4.30%,《沉默的秘密的边缘》是一部探讨真相的揭露的感人电影。故事发生在古代的王朝，一位孤独的老人实现了曾经的梦想。在Robert的执导下，思想内涵深刻，情感表达细腻，将剧情类型的魅力展现得淋漓尽致。本片温暖而治愈，在国际影展上备受瞩目。
孤独的敌人之间 Final Dream in the Dark,https://movie.douban.com/subject/1000335/,黄鹏鹏,伊藤三郎,Robert Garcia / 黄鹏鹏 / 王龙国 / ...,喜剧,韩国 / 中国大陆,韩语 / 英语,2017-10-19(巴黎电影节) / 2017-10-01(国际),160分钟,孤独的敌人之间(新) / 孤独的敌人之间导演剪辑版,tt1874967,7,42808,49.10%,29.30%,13.50%,4.50%,3.60%,《孤独的敌人之间》是一部探讨梦想的追求的细腻电影。故事发生在战火纷飞的年代，一位坚强的女性找到了生命的真谛。在黄鹏鹏的执导下，表演真挚感人，细节处理到位，将喜剧类型的魅力展现得淋漓尽致。本片是一部不可多得的佳作，获得了观众的一致好评。
遗忘的恐惧的边缘 The Fear at Dawn,https://movie.douban.com/subject/1000336/,吴平龙,赵伟伟,张国伟 / 张强军 / 杨强华 / ...,科幻,印度,印地语 / 英语,1983-05-12(多伦多电影节) / 1983-08-03(国际),250分钟,遗忘的恐惧的边缘(台),tt5091718,9.4,1010362,84.50%,5.50%,5.00%,2.50%,2.50%,《遗忘的恐惧的边缘》是一部探讨家庭的温暖的感人电影。故事发生在末日后的废墟，一位年轻的冒险家突破了自我的极限。在吴平龙的执导下，视觉效果震撼，细节处理到位，将科幻类型的魅力展现得淋漓尽致。本片充满了希望与力量，获得了观众的一致好评。
现在的承诺的约定 Their Fear of the Soul,https://movie.douban.com/subject/1000337/,Peter Miller,周国文 / 周平辉,田中三郎 / 金承浩 / 王文军 / ...,喜剧,俄罗斯,俄语 / 英语,1985-06-11(金棕榈奖) / 1985-09-14(国际),165分钟,现在的承诺的约定修复版,tt5568648,7.8,187117,56.30%,27.30%,10.40%,3.20%,2.80%,《现在的承诺的约定》是一部探讨梦想的追求的宏大电影。故事发生在繁华的都市，一对相爱的恋人战胜了内心的恐惧。在Peter的执导下，导演手法独特，细节处理到位，将喜剧类型的魅力展现得淋漓尽致。本片会成为经典之作，在国际影展上备受瞩目。
孤独的起点的歌声 My Lie to the Future,https://movie.douban.com/subject/1000338/,小林大辅,Christopher Garcia / James Williams / 周军文,铃木凉平 / Christopher Jones / 山田翔太 / ...,喜剧 / 歌舞,比利时,西班牙语,1983-01-28(戛纳电影节) / 1983-02-08(国际),160分钟,孤独的起点的歌声导演剪辑版,tt5485777,8,185268,69.30%,15.90%,8.50%,3.30%,3.00%,《孤独的起点的歌声》是一部探讨时间的意义的深刻电影。故事发生在末日后的废墟，一个破碎的家庭改变了世界的格局。在小林大辅的执导下，表演真挚感人，配乐动人心弦，将喜剧类型的魅力展现得淋漓尽致。本片温暖而治愈，在国际影展上备受瞩目。
荒野战争的回声 Your Hope at Dawn,https://movie.douban.com/subject/1000339/,赵明杰,高桥翔太 / 伊藤健一 / David Rodriguez,朴恩贤 / 杨辉强 / 金俊智 / ...,科幻,西班牙,西班牙语,2006-01-14(莫斯科电影节) / 2006-04-07(国际),130分钟,荒野战争的回声(日) / 荒野战争的回声纪念版,tt4423769,7.4,90577,46.90%,34.20%,10.50%,4.10%,4.30%,《荒野战争的回声》是一部探讨真相的揭露的宏大电影。故事发生在雨林的深处，一位智慧的导师发现了一个惊人的真相。在赵明杰的执导下，思想内涵深刻，细节处理到位，将科幻类型的魅力展现得淋漓尽致。本片展现了电影的魅力，在国际影展上备受瞩目。
迷失的死亡的故事 Found Lie from the Past,https://movie.douban.com/subject/1000340/,James Johnson,姜智贤 / Michael Brown / 佐藤三郎,吴辉志 / 吴军峰 / 赵鹏志 / ...,爱情 / 音乐,伊朗,西班牙语,2000-08-26(罗马电影节) / 2000-10-23(国际),195分钟,迷失的死亡的故事(韩),tt6609945,7,44372,49.10%,28.70%,15.30%,3.90%,3.00%,《迷失的死亡的故事》是一部探讨自然的敬畏的震撼电影。故事发生在极地的冰雪世界，一名勇敢的战士完成了一次自我的救赎。在James的执导下，剧情扣人心弦，情感表达细腻，将爱情类型的魅力展现得淋漓尽致。本片让人思考良久，展现了电影艺术的无限可能。
午夜光明之外 A Hope to the Future,https://movie.douban.com/subject/1000341/,周军鹏,黄杰文 / Steven Davis / 黄伟龙,陈辉强 / John Wilson / 张龙国 / ...,剧情 / 短片,中国香港,粤语 / 英语,1985-06-23(圣丹斯电影节) / 1985-09-21(国际),165分钟,午夜光明之外(台) / 午夜光明之外特别版 / Light,tt5584081,9.1,1740444,83.50%,6.50%,5.00%,3.30%,1.70%,《午夜光明之外》是一部探讨战争的残酷的感人电影。故事发生在雨林的深处，一位年轻的冒险家跨越了时空的界限。在周军鹏的执导下，剧情扣人心弦，影片画面精美，将剧情类型的魅力展现得淋漓尽致。本片让人思考良久，展现了电影艺术的无限可能。
追寻信念的痕迹 Lost Promise,https://movie.douban.com/subject/1000342/,周辉杰,中村诚,赵俊恩 / 渡边次郎 / 杨明超 / ...,科幻,英国 / 爱尔兰 / 埃及,英语 / 法语,2013-08-08(巴黎电影节) / 2013-09-22(国际),120分钟,追寻信念的痕迹(新),tt2341535,6.4,8581,42.90%,35.50%,14.70%,4.60%,2.30%,《追寻信念的痕迹》是一部探讨生命的价值的震撼电影。故事发生在战火纷飞的年代，一对失散多年的兄弟踏上了一段改变命运的旅程。在周辉杰的执导下，寓意深远悠长，剧情扣人心弦，将科幻类型的魅力展现得淋漓尽致。本片是一部不可多得的佳作，展现了电影艺术的无限可能。
现在的信念的证明 Found Journey of the Soul,https://movie.douban.com/subject/1000343/,山田翔太,赵智秀 / 刘伟军,周志超 / 周峰龙 / Christopher Wilson / ...,爱情 / 恐怖 / 舞台艺术,比利时,日语,1981-04-26(上海电影节) / 1981-04-01(国际),90分钟,,tt8913791,7.7,136255,57.00%,28.00%,8.90%,2.60%,3.50%,《现在的信念的证明》是一部探讨爱情的真谛的细腻电影。故事发生在险峻的高山之巅，一个天真的孩子经历了一次深刻的心灵洗礼。在山田翔太的执导下，视觉效果震撼，思想内涵深刻，将爱情类型的魅力展现得淋漓尽致。本片值得反复品味，展现了电影艺术的无限可能。
月光怀疑的中心 A Truth,https://movie.douban.com/subject/1000344/,David Wilson,Michael Smith / George Davis / 黄辉强,王强龙 / 伊藤大辅 / David Smith / ...,动作,奥地利 / 英国 / 波兰,法语,2013-12-11(釜山电影节) / 2013-12-25(国际),135分钟,月光怀疑的中心(韩),tt5234140,6.1,10506,31.90%,42.30%,16.80%,4.20%,4.80%,《月光怀疑的中心》是一部探讨爱情的真谛的宏大电影。故事发生在末日后的废墟，一名失意的作家跨越了时空的界限。在David的执导下，细节处理到位，导演手法独特，将动作类型的魅力展现得淋漓尽致。本片具有很高的艺术价值，获得了观众的一致好评。
温暖的敌人的中心 Your Hope of the Soul,https://movie.douban.com/subject/1000345/,Paul Wilson,王龙平,Robert Williams / 赵平志 / 王志杰 / ...,喜剧 / 运动,爱尔兰,法语,2014-07-04(罗马电影节) / 2014-09-10(国际),155分钟,,tt6626244,7.4,93126,42.40%,32.50%,15.00%,5.60%,4.50%,《温暖的敌人的中心》是一部探讨成长的烦恼的细腻电影。故事发生在深邃的海洋，一名神秘的陌生人发现了一个惊人的真相。在Paul的执导下，导演手法独特，节奏把控精准，将喜剧类型的魅力展现得淋漓尽致。本片触动人心深处，展现了电影艺术的无限可能。
午夜死亡的约定 Last Hate at Dawn,https://movie.douban.com/subject/1000346/,高桥诚,张强伟 / 周国伟 / 赵超志,Robert Smith / Peter Davis / 朴承英 / ...,剧情,澳大利亚,英语,2019-02-12(莫斯科电影节) / 2019-04-23(国际),175分钟,午夜死亡的约定(新) / 午夜死亡的约定加长版,tt2357525,8.2,437109,68.10%,20.60%,6.30%,2.30%,2.70%,《午夜死亡的约定》是一部探讨记忆的珍贵的感人电影。故事发生在恐怖的黑暗领域，一个破碎的家庭完成了一次自我的救赎。在高桥诚的执导下，剧情扣人心弦，配乐动人心弦，将剧情类型的魅力展现得淋漓尽致。本片令人难以忘怀，获得了观众的一致好评。
黎明黑暗的回声 Found Truth of the Soul,https://movie.douban.com/subject/1000347/,陈超超,尹贤恩 / 渡边诚,Robert Miller / 周平鹏 / 斋藤次郎 / ...,爱情 / 黑色电影 / 运动,匈牙利,日语,1980-11-17(罗马电影节) / 1980-12-19(国际),170分钟,黎明黑暗的回声(马),tt4161095,6.6,39679,35.80%,38.30%,17.50%,3.90%,4.50%,《黎明黑暗的回声》是一部探讨成长的烦恼的宏大电影。故事发生在深邃的太空，一位智慧的导师突破了自我的极限。在陈超超的执导下，配乐动人心弦，导演手法独特，将爱情类型的魅力展现得淋漓尽致。本片值得反复品味，获得了观众的一致好评。
风雨真相之上 Last Promise at Dusk,https://movie.douban.com/subject/1000348/,George Brown,陈峰鹏 / Steven Johnson / George Wilson,Steven Garcia / Michael Brown / 张承哲 / ...,喜剧 / 犯罪,西班牙,英语,1971-04-16(戛纳电影节) / 1971-05-28(国际),100分钟,风雨真相之上(港) / 风雨真相之上导演剪辑版,tt7524711,8.5,327985,80.60%,9.40%,5.00%,2.80%,2.20%,《风雨真相之上》是一部探讨友谊的力量的细腻电影。故事发生在未来的世界，一位智慧的导师守护了珍贵的东西。在George的执导下，气氛营造出色，视觉效果震撼，将喜剧类型的魅力展现得淋漓尽致。本片温暖而治愈，获得了观众的一致好评。
城市生命的边缘 Found Truth,https://movie.douban.com/subject/1000349/,吴国平,渡边大辅 / 刘伟超,Christopher Johnson / 张文峰 / Christopher Davis / ...,科幻 / 家庭,泰国,汉语普通话,1995-09-02(东京电影节) / 1995-12-20(国际),185分钟,城市生命的边缘(台) / 城市生命的边缘加长版,tt1042711,8.4,110118,74.10%,15.90%,5.00%,3.20%,1.80%,《城市生命的边缘》是一部探讨战争的残酷的感人电影。故事发生在宁静的乡村，一群志同道合的朋友揭开了一个深藏多年的秘密。在吴国平的执导下，情感表达细腻，影片画面精美，将科幻类型的魅力展现得淋漓尽致。本片令人难以忘怀，获得了观众的一致好评。
现在的秘密的边缘 Their Journey of the Soul,https://movie.douban.com/subject/1000350/,斋藤翔太,John Garcia / 王辉辉,Christopher Williams / 尹英俊 / 吴国国 / ...,喜剧 / 爱情 / 犯罪,韩国,韩语 / 英语,2000-03-28(莫斯科电影节) / 2000-04-28(国际),165分钟,现在的秘密的边缘(韩),tt2237148,6.7,30725,42.60%,29.10%,19.20%,5.20%,3.90%,《现在的秘密的边缘》是一部探讨爱情的真谛的震撼电影。故事发生在浪漫的海边小镇，一位孤独的老人完成了一次自我的救赎。在斋藤翔太的执导下，配乐动人心弦，寓意深远悠长，将喜剧类型的魅力展现得淋漓尽致。本片具有很高的艺术价值，获得了观众的一致好评。
黎明记忆的审判 Final Hate,https://movie.douban.com/subject/1000351/,Paul Wilson,赵辉强 / 张英浩,Michael Smith / 周华杰 / David Garcia / ...,喜剧,瑞士,英语,2014-03-03(威尼斯电影节) / 2014-03-01(国际),120分钟,黎明记忆的审判(港) / 黎明记忆的审判导演剪辑版,tt1926603,7.5,161119,50.70%,33.10%,8.40%,3.50%,4.30%,《黎明记忆的审判》是一部探讨时间的意义的震撼电影。故事发生在末日后的废墟，一名勇敢的战士经历了一次深刻的心灵洗礼。在Paul的执导下，情感表达细腻，导演手法独特，将喜剧类型的魅力展现得淋漓尽致。本片温暖而治愈，在国际影展上备受瞩目。
遗忘的梦想的歌声 A Promise at Dusk,https://movie.douban.com/subject/1000352/,杨明超,杨龙超,杨鹏国 / 王鹏峰 / 李建平 / ...,剧情 / 情色,加拿大 / 德国,英语 / 法语 / 西班牙语,1974-04-02(东京电影节) / 1974-06-25(国际),240分钟,遗忘的梦想的歌声(韩) / 遗忘的梦想的歌声修复版 / Dream,tt6861211,7.1,57213,41.00%,33.40%,14.60%,7.10%,3.90%,《遗忘的梦想的歌声》是一部探讨家庭的温暖的深刻电影。故事发生在虚拟的网络空间，一名失意的作家跨越了时空的界限。在杨明超的执导下，配乐动人心弦，气氛营造出色，将剧情类型的魅力展现得淋漓尽致。本片展现了人性的光辉，获得了观众的一致好评。
过去的命运之外 First Journey to the Future,https://movie.douban.com/subject/1000353/,杨龙华,黄明平,Robert Brown / 郑俊承 / James Rodriguez / ...,爱情,爱尔兰,汉语普通话,1995-01-18(釜山电影节) / 1995-01-07(国际),195分钟,,tt9574541,7.2,61276,42.80%,34.60%,12.00%,6.20%,4.40%,《过去的命运之外》是一部探讨文化的碰撞的宏大电影。故事发生在末日后的废墟，一名失意的作家实现了曾经的梦想。在杨龙华的执导下，思想内涵深刻，影片画面精美，将爱情类型的魅力展现得淋漓尽致。本片展现了电影的魅力，在国际影展上备受瞩目。
永恒的爱情的审判 First Hate to the Future,https://movie.douban.com/subject/1000354/,李杰超,周军军,陈军国 / 黄鹏明 / Peter Davis / ...,科幻 / 冒险,阿根廷,英语,2009-08-01(奥斯卡金像奖) / 2009-09-18(国际),160分钟,永恒的爱情的审判加长版 / Love,tt3602568,8.7,223439,80.40%,9.60%,5.00%,3.30%,1.70%,《永恒的爱情的审判》是一部探讨梦想的追求的震撼电影。故事发生在古代的王朝，一名失意的作家突破了自我的极限。在李杰超的执导下，视觉效果震撼，气氛营造出色，将科幻类型的魅力展现得淋漓尽致。本片令人难以忘怀，在国际影展上备受瞩目。
最后的旅程之下 First Love to the Future,https://movie.douban.com/subject/1000355/,高桥翔太,Peter Jones / David Miller / 赵超峰,中村次郎 / 中村太郎 / 刘建龙 / ...,动作,奥地利,英语,1997-04-25(釜山电影节) / 1997-04-20(国际),165分钟,最后的旅程之下(陆) / 最后的旅程之下纪念版,tt6887069,7.2,46104,50.90%,34.00%,10.00%,3.40%,1.70%,《最后的旅程之下》是一部探讨成长的烦恼的震撼电影。故事发生在战火纷飞的年代，一对相爱的恋人跨越了时空的界限。在高桥翔太的执导下，情感表达细腻，导演手法独特，将动作类型的魅力展现得淋漓尽致。本片展现了电影的魅力，获得了观众的一致好评。
风雨英雄 Final Love of the Soul,https://movie.douban.com/subject/1000356/,王明强,杨建超 / 中村拓也 / 张志军,王明辉 / 王文辉 / 高桥凉平 / ...,动作 / 冒险,泰国,法语,1973-08-07(罗马电影节) / 1973-11-19(国际),210分钟,风雨英雄(韩),tt6597605,8.3,102486,63.80%,19.20%,11.30%,3.10%,2.60%,《风雨英雄》是一部探讨科技的边界的细腻电影。故事发生在险峻的高山之巅，一个天真的孩子面对了一场前所未有的挑战。在王明强的执导下，气氛营造出色，视觉效果震撼，将动作类型的魅力展现得淋漓尽致。本片是一部不可多得的佳作，展现了电影艺术的无限可能。
城市生命之下 Your Truth from the Past,https://movie.douban.com/subject/1000357/,Paul Miller,渡边凉平 / 刘杰鹏 / 小林凉平,林哲秀 / Peter Davis / 铃木三郎 / ...,动作 / 悬疑 / 神话,越南,西班牙语,2006-07-21(莫斯科电影节) / 2006-09-02(国际),130分钟,城市生命之下(陆) / 城市生命之下修复版,tt6915455,7.6,184111,61.20%,20.40%,12.00%,3.40%,3.00%,《城市生命之下》是一部探讨身份的认同的震撼电影。故事发生在虚拟的网络空间，一名勇敢的战士经历了一次深刻的心灵洗礼。在Paul的执导下，配乐动人心弦，节奏把控精准，将动作类型的魅力展现得淋漓尽致。本片展现了电影的魅力，展现了电影艺术的无限可能。
晨曦远方的歌声 Last Life at Dawn,https://movie.douban.com/subject/1000358/,James Jones,张华国 / 姜英敏 / 刘鹏超,刘鹏超 / 中村拓也 / 刘志杰 / ...,喜剧 / 音乐 / 情色,希腊 / 中国台湾,西班牙语,2012-06-22(威尼斯电影节) / 2012-09-19(国际),160分钟,晨曦远方的歌声(台),tt9879781,7,91878,46.90%,35.20%,9.20%,4.60%,4.10%,《晨曦远方的歌声》是一部探讨生命的价值的感人电影。故事发生在战火纷飞的年代，一位智慧的导师经历了一次深刻的心灵洗礼。在James的执导下，视觉效果震撼，寓意深远悠长，将喜剧类型的魅力展现得淋漓尽致。本片会成为经典之作，展现了电影艺术的无限可能。
沉默的自由的证明 Last Fear from the Past,https://movie.douban.com/subject/1000359/,Christopher Brown,George Johnson,黄国军 / George Jones / 林贤俊 / ...,科幻 / 惊悚,希腊,日语,1994-12-03(伦敦电影节) / 1994-12-22(国际),125分钟,沉默的自由的证明(港) / 沉默的自由的证明修复版,tt8561249,8.6,652773,82.70%,7.30%,5.00%,3.40%,1.60%,《沉默的自由的证明》是一部探讨正义的坚守的感人电影。故事发生在奇幻的魔法世界，一名失意的作家战胜了内心的恐惧。在Christopher的执导下，气氛营造出色，影片画面精美，将科幻类型的魅力展现得淋漓尽致。本片充满了希望与力量，获得了观众的一致好评。
星辰怀疑的故事 The Lie of the Soul,https://movie.douban.com/subject/1000360/,李秀珍,John Johnson / 郑俊智,姜浩敏 / 黄国国 / 刘龙建 / ...,喜剧 / 悬疑,巴西,葡萄牙语 / 英语,2005-03-18(威尼斯电影节) / 2005-03-27(国际),115分钟,星辰怀疑的故事纪念版,tt4581855,6,7559,32.10%,44.20%,16.40%,4.80%,2.50%,《星辰怀疑的故事》是一部探讨真相的揭露的细腻电影。故事发生在虚拟的网络空间，一位年轻的冒险家踏上了一段改变命运的旅程。在李秀珍的执导下，细节处理到位，导演手法独特，将喜剧类型的魅力展现得淋漓尽致。本片展现了人性的光辉，在国际影展上备受瞩目。
沉默的梦想的誓言 First Fear in the Dark,https://movie.douban.com/subject/1000361/,Paul Johnson,高桥次郎 / 崔承恩,赵华华 / 黄辉辉 / Michael Brown / ...,喜剧,南非 / 瑞士,汉语普通话,2011-09-14(罗马电影节) / 2011-11-24(国际),150分钟,沉默的梦想的誓言修复版,tt1717698,8,474383,73.80%,14.30%,6.20%,2.60%,3.10%,《沉默的梦想的誓言》是一部探讨人性的探索的感人电影。故事发生在战火纷飞的年代，一名失意的作家守护了珍贵的东西。在Paul的执导下，导演手法独特，视觉效果震撼，将喜剧类型的魅力展现得淋漓尽致。本片温暖而治愈，获得了观众的一致好评。
现在的肉体的故事 Final Dream of the Soul,https://movie.douban.com/subject/1000362/,刘国强,陈明华,张辉建 / 杨建军 / 陈军超 / ...,科幻 / 家庭 / 儿童,丹麦,英语,2010-03-10(东京电影节) / 2010-04-28(国际),230分钟,现在的肉体的故事(新),tt4060933,8.1,458673,63.90%,23.30%,7.50%,2.40%,2.90%,《现在的肉体的故事》是一部探讨自然的敬畏的感人电影。故事发生在浪漫的海边小镇，一位智慧的导师找到了生命的真谛。在刘国强的执导下，表演真挚感人，剧情扣人心弦，将科幻类型的魅力展现得淋漓尽致。本片充满了希望与力量，获得了观众的一致好评。
太阳选择的审判 Last Secret from the Past,https://movie.douban.com/subject/1000363/,Peter Rodriguez,Steven Smith / 王杰超,佐藤大辅 / 郑敏浩 / 姜英恩 / ...,动作,葡萄牙,西班牙语,1986-12-11(金球奖) / 1986-12-14(国际),175分钟,太阳选择的审判(港) / 太阳选择的审判4K修复版 / Choice,tt2000610,7,72096,41.70%,33.20%,16.30%,3.70%,5.10%,《太阳选择的审判》是一部探讨梦想的追求的宏大电影。故事发生在恐怖的黑暗领域，一位智慧的导师发现了一个惊人的真相。在Peter的执导下，影片画面精美，寓意深远悠长，将动作类型的魅力展现得淋漓尽致。本片令人难以忘怀，在国际影展上备受瞩目。
沉默的死亡的证明 Their Hope in the Dark,https://movie.douban.com/subject/1000364/,Michael Miller,吴华杰,Christopher Miller / 黄华建 / 刘明华 / ...,动作,泰国,汉语普通话,2024-04-05(圣丹斯电影节) / 2024-05-23(国际),220分钟,沉默的死亡的证明(港),tt2687694,8.6,928532,72.80%,14.60%,7.60%,2.70%,2.30%,《沉默的死亡的证明》是一部探讨科技的边界的震撼电影。故事发生在深邃的海洋，一名失意的作家突破了自我的极限。在Michael的执导下，导演手法独特，寓意深远悠长，将动作类型的魅力展现得淋漓尽致。本片会成为经典之作，在国际影展上备受瞩目。
过去的自由的传说 First Dream from the Past,https://movie.douban.com/subject/1000365/,李军鹏,黄华军 / Paul Miller,高桥大辅 / James Davis / 郑智哲 / ...,剧情,澳大利亚,英语,1995-10-24(奥斯卡金像奖) / 1995-10-18(国际),115分钟,过去的自由的传说(马),tt1928642,8.4,429387,65.00%,18.40%,9.70%,4.80%,2.10%,《过去的自由的传说》是一部探讨正义的坚守的深刻电影。故事发生在恐怖的黑暗领域，一名失意的作家跨越了时空的界限。在李军鹏的执导下，配乐动人心弦，影片画面精美，将剧情类型的魅力展现得淋漓尽致。本片温暖而治愈，在国际影展上备受瞩目。
迷失的绝望的故事 A Secret to the Future,https://movie.douban.com/subject/1000366/,Christopher Jones,刘杰辉 / 李秀俊 / John Wilson,周鹏明 / 尹贤珍 / Steven Williams / ...,动作 / 传记,阿根廷 / 捷克,法语,2007-07-24(巴黎电影节) / 2007-08-21(国际),145分钟,,tt6198704,8.5,377529,81.70%,8.30%,5.00%,2.40%,2.60%,《迷失的绝望的故事》是一部探讨人性的探索的震撼电影。故事发生在奇幻的魔法世界，一名神秘的陌生人改变了世界的格局。在Christopher的执导下，细节处理到位，情感表达细腻，将动作类型的魅力展现得淋漓尽致。本片触动人心深处，在国际影展上备受瞩目。
天空灵魂的传说 My Promise,https://movie.douban.com/subject/1000367/,刘伟超,伊藤翔太 / 杨华伟 / 李伟平,George Johnson / Christopher Garcia / Michael Davis / ...,爱情 / 动作,阿根廷 / 中国台湾 / 澳大利亚,法语,1989-01-11(圣丹斯电影节) / 1989-02-02(国际),120分钟,天空灵魂的传说(港),tt5990110,8.8,204343,80.10%,9.90%,5.00%,3.10%,1.90%,《天空灵魂的传说》是一部探讨梦想的追求的宏大电影。故事发生在宁静的乡村，一群志同道合的朋友守护了珍贵的东西。在刘伟超的执导下，节奏把控精准，情感表达细腻，将爱情类型的魅力展现得淋漓尽致。本片令人难以忘怀，在国际影展上备受瞩目。
城市陌生人之下 First Hope to the Future,https://movie.douban.com/subject/1000368/,Robert Brown,山田次郎 / 吴军龙,郑贤承 / 黄平建 / George Smith / ...,科幻 / 历史,葡萄牙 / 土耳其,法语,2024-07-22(戛纳电影节) / 2024-09-09(国际),170分钟,城市陌生人之下导演剪辑版,tt5357589,6.8,20175,31.80%,36.20%,18.40%,5.70%,7.90%,《城市陌生人之下》是一部探讨自然的敬畏的深刻电影。故事发生在深邃的海洋，一名失意的作家守护了珍贵的东西。在Robert的执导下，细节处理到位，情感表达细腻，将科幻类型的魅力展现得淋漓尽致。本片具有很高的艺术价值，获得了观众的一致好评。
午夜战争的歌声 The Hate at Dawn,https://movie.douban.com/subject/1000369/,John Rodriguez,David Miller / 中村健一,斋藤雄大 / 张伟国 / 李伟杰 / ...,剧情 / 悬疑 / 惊悚,日本 / 阿根廷,日语 / 英语,1970-07-15(金棕榈奖) / 1970-09-03(国际),135分钟,,tt5649419,7.7,160393,52.80%,32.30%,9.90%,2.30%,2.70%,《午夜战争的歌声》是一部探讨科技的边界的深刻电影。故事发生在战火纷飞的年代，一位孤独的老人坚守了一个重要的承诺。在John的执导下，影片画面精美，寓意深远悠长，将剧情类型的魅力展现得淋漓尽致。本片展现了人性的光辉，获得了观众的一致好评。
沉默的自由之下 Final Journey of the Soul,https://movie.douban.com/subject/1000370/,朴敏恩,Paul Wilson / 小林雄大,周军强 / 黄军建 / 中村雄大 / ...,犯罪 / 恐怖 / 剧情,瑞士 / 丹麦,日语,1970-11-15(圣丹斯电影节) / 1970-11-24(国际),185分钟,沉默的自由之下(港),tt8698523,8.8,552105,74.20%,13.80%,7.00%,2.70%,2.30%,《沉默的自由之下》是一部探讨正义的坚守的震撼电影。故事发生在奇幻的魔法世界，一个破碎的家庭改变了世界的格局。在朴敏恩的执导下，剧情扣人心弦，寓意深远悠长，将犯罪类型的魅力展现得淋漓尽致。本片温暖而治愈，展现了电影艺术的无限可能。
远方的灵魂的救赎 Found Love in the Dark,https://movie.douban.com/subject/1000371/,杨伟华,郑敏英 / 张伟华,伊藤大辅 / 周强华 / 赵志华 / ...,爱情 / 惊悚 / 歌舞,澳大利亚,英语,1989-09-07(莫斯科电影节) / 1989-10-25(国际),210分钟,,tt9394012,8.9,773168,73.70%,16.30%,5.00%,3.50%,1.50%,《远方的灵魂的救赎》是一部探讨友谊的力量的细腻电影。故事发生在险峻的高山之巅，一名神秘的陌生人坚守了一个重要的承诺。在杨伟华的执导下，剧情扣人心弦，寓意深远悠长，将爱情类型的魅力展现得淋漓尽致。本片展现了人性的光辉，展现了电影艺术的无限可能。
天空和平的故事 A Secret to the Future,https://movie.douban.com/subject/1000372/,吴超志,李峰平,田中雄大 / Peter Johnson / 周文平 / ...,喜剧 / 情色,巴西,葡萄牙语 / 英语,1990-02-21(奥斯卡金像奖) / 1990-05-15(国际),120分钟,天空和平的故事(新),tt8968896,9.1,1731770,84.10%,5.90%,5.00%,2.10%,2.90%,《天空和平的故事》是一部探讨时间的意义的细腻电影。故事发生在一个遥远的小镇，一名勇敢的战士踏上了一段改变命运的旅程。在吴超志的执导下，节奏把控精准，导演手法独特，将喜剧类型的魅力展现得淋漓尽致。本片展现了电影的魅力，获得了观众的一致好评。
城市梦想的救赎 Final Promise to the Future,https://movie.douban.com/subject/1000373/,Robert Miller,James Williams / 铃木次郎,张国文 / 吴军超 / Paul Brown / ...,爱情 / 奇幻,俄罗斯,俄语 / 英语,2022-10-10(柏林电影节) / 2022-10-24(国际),120分钟,城市梦想的救赎(韩),tt9464306,6.9,16072,36.70%,37.80%,13.30%,6.50%,5.70%,《城市梦想的救赎》是一部探讨战争的残酷的感人电影。故事发生在虚拟的网络空间，一位坚强的女性战胜了内心的恐惧。在Robert的执导下，导演手法独特，影片画面精美，将爱情类型的魅力展现得淋漓尽致。本片具有很高的艺术价值，获得了观众的一致好评。
沉默的束缚的故事 First Death at Dusk,https://movie.douban.com/subject/1000374/,Christopher Wilson,铃木雄大 / 周超杰,张华军 / James Jones / Christopher Brown / ...,科幻,阿根廷 / 意大利 / 比利时,汉语普通话,2014-01-18(罗马电影节) / 2014-01-25(国际),110分钟,沉默的束缚的故事(台),tt2955547,8.3,398880,72.50%,15.50%,6.80%,3.10%,2.10%,《沉默的束缚的故事》是一部探讨时间的意义的感人电影。故事发生在古代的王朝，一个破碎的家庭实现了曾经的梦想。在Christopher的执导下，节奏把控精准，配乐动人心弦，将科幻类型的魅力展现得淋漓尽致。本片展现了人性的光辉，获得了观众的一致好评。
太阳死亡之内 First Lie of the Soul,https://movie.douban.com/subject/1000375/,崔承敏,林秀承 / John Brown,Steven Rodriguez / David Rodriguez / 赵文杰 / ...,喜剧 / 黑色电影,瑞典 / 土耳其 / 法国,日语,2016-01-08(金棕榈奖) / 2016-04-03(国际),250分钟,太阳死亡之内(新) / 太阳死亡之内修复版,tt9075581,8.7,806869,77.80%,12.20%,5.00%,3.40%,1.60%,《太阳死亡之内》是一部探讨成长的烦恼的震撼电影。故事发生在险峻的高山之巅，一个天真的孩子战胜了内心的恐惧。在崔承敏的执导下，情感表达细腻，节奏把控精准，将喜剧类型的魅力展现得淋漓尽致。本片展现了人性的光辉，在国际影展上备受瞩目。
天空死亡的证明 Your Hate at Dusk,https://movie.douban.com/subject/1000376/,Paul Rodriguez,Christopher Miller / Robert Smith / 高桥健一,姜珍秀 / 陈建文 / Christopher Johnson / ...,爱情,葡萄牙 / 加拿大,英语,2007-03-12(多伦多电影节) / 2007-03-19(国际),220分钟,天空死亡的证明(新),tt6515371,8.3,294168,66.00%,22.50%,6.00%,3.00%,2.50%,《天空死亡的证明》是一部探讨命运的挑战的震撼电影。故事发生在宁静的乡村，一个破碎的家庭改变了世界的格局。在Paul的执导下，剧情扣人心弦，气氛营造出色，将爱情类型的魅力展现得淋漓尽致。本片是一部不可多得的佳作，获得了观众的一致好评。
城市和平之外 A Secret in the Dark,https://movie.douban.com/subject/1000377/,杨华辉,David Davis / 铃木三郎,张龙平 / 赵明鹏 / 小林诚 / ...,科幻 / 动作 / 历史,土耳其,西班牙语,1988-10-09(威尼斯电影节) / 1988-11-09(国际),200分钟,城市和平之外(港) / 城市和平之外导演剪辑版,tt8436373,7,70504,46.60%,35.90%,11.50%,2.50%,3.50%,《城市和平之外》是一部探讨正义的坚守的宏大电影。故事发生在雨林的深处，一个破碎的家庭跨越了时空的界限。在杨华辉的执导下，情感表达细腻，导演手法独特，将科幻类型的魅力展现得淋漓尽致。本片充满了希望与力量，展现了电影艺术的无限可能。
孤独的记忆之间 First Life to the Future,https://movie.douban.com/subject/1000378/,李志龙,吴杰文 / Steven Johnson,张军鹏 / David Jones / George Smith / ...,爱情 / 奇幻 / 恐怖,印度,印地语 / 英语,1992-04-20(上海电影节) / 1992-04-20(国际),240分钟,孤独的记忆之间4K修复版,tt4616406,6.4,10869,34.70%,45.70%,10.80%,6.10%,2.70%,《孤独的记忆之间》是一部探讨和平的珍贵的感人电影。故事发生在宁静的乡村，一名神秘的陌生人找到了生命的真谛。在李志龙的执导下，气氛营造出色，影片画面精美，将爱情类型的魅力展现得淋漓尽致。本片令人难以忘怀，在国际影展上备受瞩目。
星辰选择之间 Our Promise in the Dark,https://movie.douban.com/subject/1000379/,吴明杰,张珍贤 / 黄平华,姜珍珍 / 中村诚 / 黄明军 / ...,科幻 / 悬疑 / 犯罪,葡萄牙,西班牙语,1992-05-21(上海电影节) / 1992-06-09(国际),100分钟,星辰选择之间(陆) / Choice,tt2583562,6.7,47354,39.00%,34.20%,17.70%,5.40%,3.70%,《星辰选择之间》是一部探讨真相的揭露的感人电影。故事发生在虚拟的网络空间，一个天真的孩子揭开了一个深藏多年的秘密。在吴明杰的执导下，视觉效果震撼，剧情扣人心弦，将科幻类型的魅力展现得淋漓尽致。本片值得反复品味，获得了观众的一致好评。
记忆中的和平之内 Final Hope at Dawn,https://movie.douban.com/subject/1000380/,中村健一,吴峰明 / David Garcia,John Miller / 周国峰 / 张伟杰 / ...,科幻,韩国,韩语 / 英语,1971-01-27(金棕榈奖) / 1971-03-15(国际),230分钟,记忆中的和平之内(马) / 记忆中的和平之内修复版,tt3634830,6.4,11258,39.40%,33.60%,17.60%,5.90%,3.50%,《记忆中的和平之内》是一部探讨梦想的追求的宏大电影。故事发生在宁静的乡村，一位坚强的女性战胜了内心的恐惧。在中村健一的执导下，寓意深远悠长，配乐动人心弦，将科幻类型的魅力展现得淋漓尽致。本片会成为经典之作，获得了观众的一致好评。
迷失的起点的传说 First Hate at Dusk,https://movie.douban.com/subject/1000381/,Michael Rodriguez,斋藤拓也 / Peter Jones / Peter Rodriguez,朴承珍 / 陈军军 / 吴超鹏 / ...,剧情 / 犯罪,伊朗 / 芬兰,法语,1974-09-06(圣丹斯电影节) / 1974-12-06(国际),240分钟,迷失的起点的传说(港) / 迷失的起点的传说特别版,tt2619461,8.9,651102,80.70%,9.30%,5.00%,2.30%,2.70%,《迷失的起点的传说》是一部探讨友谊的力量的深刻电影。故事发生在广袤的沙漠，一对相爱的恋人完成了一次自我的救赎。在Michael的执导下，气氛营造出色，寓意深远悠长，将剧情类型的魅力展现得淋漓尽致。本片触动人心深处，获得了观众的一致好评。
过去的束缚的边缘 Found Truth,https://movie.douban.com/subject/1000382/,杨文伟,陈强国 / 中村凉平 / 杨伟华,高桥诚 / Paul Davis / Peter Wilson / ...,动作,奥地利,西班牙语,2018-04-20(釜山电影节) / 2018-05-08(国际),165分钟,过去的束缚的边缘4K修复版,tt2799530,7.2,27787,46.80%,27.60%,15.00%,4.70%,5.90%,《过去的束缚的边缘》是一部探讨科技的边界的深刻电影。故事发生在极地的冰雪世界，一位坚强的女性揭开了一个深藏多年的秘密。在杨文伟的执导下，剧情扣人心弦，导演手法独特，将动作类型的魅力展现得淋漓尽致。本片展现了电影的魅力，在国际影展上备受瞩目。
月光选择的旅程 A Death to the Future,https://movie.douban.com/subject/1000383/,陈鹏军,王平军,James Garcia / 中村健一 / 佐藤太郎 / ...,爱情 / 短片,泰国,英语,2018-01-13(多伦多电影节) / 2018-04-13(国际),200分钟,月光选择的旅程(韩) / 月光选择的旅程导演剪辑版 / Journey,tt5571889,8.5,839889,80.80%,9.20%,5.00%,3.10%,1.90%,《月光选择的旅程》是一部探讨梦想的追求的震撼电影。故事发生在战火纷飞的年代，一名失意的作家改变了世界的格局。在陈鹏军的执导下，气氛营造出色，思想内涵深刻，将爱情类型的魅力展现得淋漓尽致。本片让人思考良久，在国际影展上备受瞩目。
过去的终点的故事 Lost Promise to the Future,https://movie.douban.com/subject/1000384/,张秀恩,John Jones / 刘华杰,朴承贤 / 朴俊智 / Steven Wilson / ...,科幻,印度,印地语 / 英语,1985-01-27(奥斯卡金像奖) / 1985-04-28(国际),230分钟,过去的终点的故事(日) / 过去的终点的故事特别版,tt6131167,6.5,40742,34.90%,37.80%,15.00%,8.30%,4.00%,《过去的终点的故事》是一部探讨和平的珍贵的宏大电影。故事发生在一个遥远的小镇，一个破碎的家庭战胜了内心的恐惧。在张秀恩的执导下，剧情扣人心弦，节奏把控精准，将科幻类型的魅力展现得淋漓尽致。本片具有很高的艺术价值，展现了电影艺术的无限可能。
太阳束缚的故事 Your Love from the Past,https://movie.douban.com/subject/1000385/,李承秀,金敏秀 / 吴华华,斋藤诚 / 刘志文 / Robert Smith / ...,剧情 / 儿童,德国,德语,1983-09-08(巴黎电影节) / 1983-09-24(国际),100分钟,太阳束缚的故事(台) / 太阳束缚的故事导演剪辑版,tt6402765,9.7,1326557,92.40%,5%,2%,0.50%,0.10%,《太阳束缚的故事》是一部探讨人性的探索的感人电影。故事发生在浪漫的海边小镇，一位智慧的导师完成了一次自我的救赎。在李承秀的执导下，视觉效果震撼，表演真挚感人，将剧情类型的魅力展现得淋漓尽致。本片展现了人性的光辉，在国际影展上备受瞩目。
城市勇气的抉择 Lost Dream to the Future,https://movie.douban.com/subject/1000386/,黄鹏超,杨伟志 / 高桥太郎 / Michael Miller,David Wilson / 赵鹏文 / 郑哲哲 / ...,喜剧,澳大利亚,英语,1974-04-19(东京电影节) / 1974-05-19(国际),180分钟,城市勇气的抉择导演剪辑版,tt3963805,8.4,232354,67.40%,18.20%,9.10%,3.30%,2.00%,《城市勇气的抉择》是一部探讨真相的揭露的震撼电影。故事发生在奇幻的魔法世界，一对相爱的恋人守护了珍贵的东西。在黄鹏超的执导下，影片画面精美，表演真挚感人，将喜剧类型的魅力展现得淋漓尽致。本片令人难以忘怀，获得了观众的一致好评。
过去的秘密之下 Lost Dream at Dusk,https://movie.douban.com/subject/1000387/,林俊珍,George Johnson,郑俊哲 / 小林拓也 / John Smith / ...,爱情 / 运动 / 悬疑,法国,法语 / 英语,1984-12-22(金棕榈奖) / 1984-12-22(国际),115分钟,过去的秘密之下(港) / 过去的秘密之下特别版,tt4086035,8,323307,64.50%,21.10%,8.60%,2.50%,3.30%,《过去的秘密之下》是一部探讨和平的珍贵的感人电影。故事发生在繁华的都市，一位孤独的老人突破了自我的极限。在林俊珍的执导下，视觉效果震撼，配乐动人心弦，将爱情类型的魅力展现得淋漓尽致。本片触动人心深处，获得了观众的一致好评。
晨曦真相的歌声 The Lie to the Future,https://movie.douban.com/subject/1000388/,尹承承,James Brown / 刘平强 / 田中三郎,田中翔太 / 李文峰 / 杨鹏伟 / ...,科幻,中国香港,粤语 / 英语,1990-07-05(釜山电影节) / 1990-10-13(国际),175分钟,晨曦真相的歌声(马),tt9733805,6.1,19716,46.20%,28.90%,13.60%,5.00%,6.30%,《晨曦真相的歌声》是一部探讨空间的奥秘的深刻电影。故事发生在末日后的废墟，一对失散多年的兄弟揭开了一个深藏多年的秘密。在尹承承的执导下，剧情扣人心弦，影片画面精美，将科幻类型的魅力展现得淋漓尽致。本片让人思考良久，获得了观众的一致好评。
喧嚣的旅程的故事 Found Lie in the Dark,https://movie.douban.com/subject/1000389/,吴杰强,尹哲浩 / 尹浩敏 / Michael Davis,高桥太郎 / John Brown / 张峰国 / ...,爱情,中国台湾,汉语普通话,1985-06-07(伦敦电影节) / 1985-08-17(国际),180分钟,喧嚣的旅程的故事(新) / Journey,tt8794221,7.4,28425,42.10%,30.90%,17.60%,5.30%,4.10%,《喧嚣的旅程的故事》是一部探讨空间的奥秘的细腻电影。故事发生在末日后的废墟，一对相爱的恋人发现了一个惊人的真相。在吴杰强的执导下，配乐动人心弦，影片画面精美，将爱情类型的魅力展现得淋漓尽致。本片会成为经典之作，展现了电影艺术的无限可能。
孤独的选择的誓言 Found Love in the Dark,https://movie.douban.com/subject/1000390/,姜承俊,赵俊俊 / James Davis / Peter Garcia,James Williams / 田中次郎 / George Smith / ...,犯罪 / 动画 / 剧情,中国香港,粤语 / 英语,2017-07-15(奥斯卡金像奖) / 2017-10-15(国际),170分钟,孤独的选择的誓言特别版 / Choice,tt9841727,7.3,29209,41.00%,40.20%,10.00%,3.70%,5.10%,《孤独的选择的誓言》是一部探讨命运的挑战的感人电影。故事发生在古代的王朝，一位坚强的女性跨越了时空的界限。在姜承俊的执导下，导演手法独特，配乐动人心弦，将犯罪类型的魅力展现得淋漓尽致。本片会成为经典之作，在国际影展上备受瞩目。
最后的恐惧之下 Lost Fear at Dusk,https://movie.douban.com/subject/1000391/,Michael Smith,渡边翔太 / 王超杰 / 周鹏明,杨峰建 / George Williams / 陈超鹏 / ...,爱情 / 黑色电影,奥地利,法语,1994-09-23(东京电影节) / 1994-10-13(国际),220分钟,,tt7220145,6.9,41967,36.70%,32.70%,16.70%,7.00%,6.90%,《最后的恐惧之下》是一部探讨文化的碰撞的震撼电影。故事发生在深邃的海洋，一对失散多年的兄弟改变了世界的格局。在Michael的执导下，视觉效果震撼，思想内涵深刻，将爱情类型的魅力展现得淋漓尽致。本片展现了人性的光辉，展现了电影艺术的无限可能。
午夜陌生人之内 A Truth at Dawn,https://movie.douban.com/subject/1000392/,Steven Garcia,吴鹏强 / 李承敏,赵哲俊 / Steven Rodriguez / 赵志建 / ...,剧情 / 惊悚,希腊,日语,1972-06-27(金球奖) / 1972-07-16(国际),120分钟,午夜陌生人之内(日) / 午夜陌生人之内导演剪辑版,tt6298360,8.1,460924,60.50%,21.00%,11.80%,4.00%,2.70%,《午夜陌生人之内》是一部探讨家庭的温暖的深刻电影。故事发生在极地的冰雪世界，一名神秘的陌生人完成了一次自我的救赎。在Steven的执导下，情感表达细腻，气氛营造出色，将剧情类型的魅力展现得淋漓尽致。本片充满了希望与力量，获得了观众的一致好评。
过去的信念的回声 Lost Journey at Dawn,https://movie.douban.com/subject/1000393/,Steven Wilson,张超文 / 杨伟鹏 / 张平峰,Peter Rodriguez / 田中拓也 / Robert Smith / ...,爱情 / 舞台艺术 / 惊悚,伊朗,汉语普通话,1989-10-19(奥斯卡金像奖) / 1989-11-05(国际),220分钟,,tt3660815,7.4,82108,45.50%,34.90%,12.20%,3.60%,3.80%,《过去的信念的回声》是一部探讨命运的挑战的细腻电影。故事发生在繁华的都市，一个破碎的家庭找到了生命的真谛。在Steven的执导下，视觉效果震撼，细节处理到位，将爱情类型的魅力展现得淋漓尽致。本片触动人心深处，在国际影展上备受瞩目。
黄昏怀疑的救赎 Final Promise,https://movie.douban.com/subject/1000394/,伊藤三郎,杨峰峰 / 赵文军,Michael Brown / 李华华 / Christopher Jones / ...,短片 / 爱情,美国 / 奥地利 / 越南,英语,1979-11-08(罗马电影节) / 1979-11-28(国际),220分钟,黄昏怀疑的救赎(日),tt8059784,9.3,1148098,92.40%,5%,2%,0.50%,0.10%,《黄昏怀疑的救赎》是一部探讨空间的奥秘的感人电影。故事发生在深邃的太空，一个天真的孩子守护了珍贵的东西。在伊藤三郎的执导下，影片画面精美，寓意深远悠长，将短片类型的魅力展现得淋漓尽致。本片值得反复品味，获得了观众的一致好评。
月光希望之下 Final Life at Dusk,https://movie.douban.com/subject/1000395/,周辉龙,George Davis / 小林翔太,杨军军 / 王军龙 / David Smith / ...,爱情 / 灾难 / 神话,波兰 / 奥地利,西班牙语,1980-03-18(釜山电影节) / 1980-06-07(国际),180分钟,Hope,tt8896446,6.4,12132,28.80%,36.20%,18.50%,10.10%,6.40%,《月光希望之下》是一部探讨家庭的温暖的细腻电影。故事发生在浪漫的海边小镇，一名失意的作家改变了世界的格局。在周辉龙的执导下，配乐动人心弦，节奏把控精准，将爱情类型的魅力展现得淋漓尽致。本片充满了希望与力量，获得了观众的一致好评。
孤独的爱情的歌声 A Promise to the Future,https://movie.douban.com/subject/1000396/,Robert Brown,尹敏俊 / 刘强伟,陈峰龙 / 陈龙明 / 赵超平 / ...,剧情 / 犯罪,中国香港,粤语,2013-09-19(金棕榈奖) / 2013-12-03(国际),170分钟,孤独的爱情的歌声(港) / 孤独的爱情的歌声修复版,tt3063087,8.5,626004,80.60%,9.40%,5.00%,2.20%,2.80%,《孤独的爱情的歌声》是一部探讨文化的碰撞的深刻电影。故事发生在极地的冰雪世界，一个天真的孩子跨越了时空的界限。在Robert的执导下，剧情扣人心弦，节奏把控精准，将剧情类型的魅力展现得淋漓尽致。本片展现了电影的魅力，展现了电影艺术的无限可能。
燃烧的故乡之内 Found Hope in the Dark,https://movie.douban.com/subject/1000397/,Steven Rodriguez,张峰平 / 小林拓也 / 郑英承,吴志超 / 陈国龙 / Robert Johnson / ...,爱情 / 真人秀,德国,德语,2015-10-17(威尼斯电影节) / 2015-12-20(国际),130分钟,,tt1067926,6.2,16837,36.00%,44.20%,10.60%,5.10%,4.10%,《燃烧的故乡之内》是一部探讨成长的烦恼的宏大电影。故事发生在未来的世界，一名神秘的陌生人发现了一个惊人的真相。在Steven的执导下，影片画面精美，节奏把控精准，将爱情类型的魅力展现得淋漓尽致。本片触动人心深处，获得了观众的一致好评。
最后的灵魂的歌声 Our Truth at Dawn,https://movie.douban.com/subject/1000398/,崔浩俊,铃木大辅 / Christopher Brown,David Miller / Paul Davis / David Williams / ...,喜剧 / 惊悚 / 古装,法国,法语,1971-07-07(威尼斯电影节) / 1971-08-26(国际),90分钟,最后的灵魂的歌声(马) / 最后的灵魂的歌声加长版,tt6894620,9.5,732488,81.60%,8.40%,5.00%,2.80%,2.20%,《最后的灵魂的歌声》是一部探讨时间的意义的震撼电影。故事发生在险峻的高山之巅，一位孤独的老人完成了一次自我的救赎。在崔浩俊的执导下，导演手法独特，视觉效果震撼，将喜剧类型的魅力展现得淋漓尽致。本片温暖而治愈，展现了电影艺术的无限可能。
冻结的英雄之下 Your Life to the Future,https://movie.douban.com/subject/1000399/,James Rodriguez,崔贤恩,James Jones / 张建峰 / 吴辉强 / ...,纪录片 / 传记 / 剧情,奥地利,英语,2016-04-14(威尼斯电影节) / 2016-05-18(国际),250分钟,冻结的英雄之下(韩) / 冻结的英雄之下修复版,tt9958312,7.4,95376,49.70%,28.00%,12.70%,5.10%,4.50%,《冻结的英雄之下》是一部探讨记忆的珍贵的宏大电影。故事发生在浪漫的海边小镇，一位年轻的冒险家战胜了内心的恐惧。在James的执导下，导演手法独特，剧情扣人心弦，将纪录片类型的魅力展现得淋漓尽致。本片会成为经典之作，获得了观众的一致好评。
过去的黑暗之外 The Hate to the Future,https://movie.douban.com/subject/1000400/,赵建志,刘龙龙 / 李文鹏,John Davis / 朴珍恩 / George Jones / ...,恐怖 / 动作 / 黑色电影,韩国,韩语,1986-01-21(东京电影节) / 1986-03-28(国际),140分钟,过去的黑暗之外(韩) / 过去的黑暗之外加长版,tt6086819,9.3,2131738,90.00%,5%,2%,1.40%,1.60%,《过去的黑暗之外》是一部探讨家庭的温暖的震撼电影。故事发生在古代的王朝，一对相爱的恋人跨越了时空的界限。在赵建志的执导下，配乐动人心弦，节奏把控精准，将恐怖类型的魅力展现得淋漓尽致。本片令人难以忘怀，获得了观众的一致好评。
遗忘的肉体之间 The Lie from the Past,https://movie.douban.com/subject/1000401/,黄平军,陈平伟 / 渡边次郎 / 赵超军,铃木次郎 / 李龙华 / 张鹏平 / ...,科幻,西班牙,英语,2022-07-10(莫斯科电影节) / 2022-10-04(国际),180分钟,遗忘的肉体之间(马) / 遗忘的肉体之间特别版,tt8931493,8.6,274862,83.20%,6.80%,5.00%,2.60%,2.40%,《遗忘的肉体之间》是一部探讨文化的碰撞的宏大电影。故事发生在战火纷飞的年代，一名失意的作家踏上了一段改变命运的旅程。在黄平军的执导下，导演手法独特，剧情扣人心弦，将科幻类型的魅力展现得淋漓尽致。本片让人思考良久，展现了电影艺术的无限可能。
星辰爱情的审判 Final Death at Dawn,https://movie.douban.com/subject/1000402/,Christopher Jones,杨伟超,George Smith / David Garcia / Paul Smith / ...,真人秀 / 战争 / 爱情,墨西哥 / 俄罗斯 / 以色列,西班牙语 / 英语,2005-10-24(金棕榈奖) / 2005-11-23(国际),240分钟,,tt8584709,7,41188,50.90%,31.70%,10.70%,2.90%,3.80%,《星辰爱情的审判》是一部探讨成长的烦恼的感人电影。故事发生在险峻的高山之巅，一位坚强的女性坚守了一个重要的承诺。在Christopher的执导下，剧情扣人心弦，节奏把控精准，将真人秀类型的魅力展现得淋漓尽致。本片值得反复品味，展现了电影艺术的无限可能。
追寻家庭的边缘 First Secret in the Dark,https://movie.douban.com/subject/1000403/,John Smith,赵明强 / 金英贤 / Peter Johnson,尹珍承 / James Jones / James Smith / ...,动画 / 剧情 / 奇幻,荷兰,日语,2016-05-20(罗马电影节) / 2016-07-24(国际),110分钟,追寻家庭的边缘4K修复版,tt2632953,8.6,548694,75.60%,13.40%,6.00%,2.90%,2.10%,《追寻家庭的边缘》是一部探讨自由的渴望的宏大电影。故事发生在一个遥远的小镇，一名勇敢的战士找到了生命的真谛。在John的执导下，视觉效果震撼，影片画面精美，将动画类型的魅力展现得淋漓尽致。本片温暖而治愈，在国际影展上备受瞩目。
孤独的梦想之下 Our Life from the Past,https://movie.douban.com/subject/1000404/,小林次郎,George Miller / 李国平 / 郑贤哲,崔智英 / Michael Rodriguez / David Smith / ...,犯罪 / 剧情,西班牙 / 波兰,西班牙语,1989-06-12(上海电影节) / 1989-06-07(国际),110分钟,孤独的梦想之下(陆),tt8032047,6.2,12242,38.00%,41.40%,13.90%,4.00%,2.70%,《孤独的梦想之下》是一部探讨身份的认同的宏大电影。故事发生在险峻的高山之巅，一位坚强的女性实现了曾经的梦想。在小林次郎的执导下，情感表达细腻，视觉效果震撼，将犯罪类型的魅力展现得淋漓尽致。本片触动人心深处，获得了观众的一致好评。
最后的现实的故事 My Death at Dawn,https://movie.douban.com/subject/1000405/,John Smith,斋藤大辅,佐藤诚 / 王强志 / James Williams / ...,喜剧,越南,汉语普通话,1972-08-07(釜山电影节) / 1972-11-09(国际),150分钟,,tt9897500,6.5,46289,32.40%,39.60%,18.30%,5.50%,4.20%,《最后的现实的故事》是一部探讨成长的烦恼的宏大电影。故事发生在浪漫的海边小镇，一名神秘的陌生人跨越了时空的界限。在John的执导下，细节处理到位，气氛营造出色，将喜剧类型的魅力展现得淋漓尽致。本片值得反复品味，展现了电影艺术的无限可能。
记忆中的梦境的故事 Last Life at Dawn,https://movie.douban.com/subject/1000406/,黄超峰,James Miller / John Davis,黄华峰 / 黄强鹏 / Michael Rodriguez / ...,剧情 / 武侠 / 儿童,葡萄牙,西班牙语,1977-07-14(罗马电影节) / 1977-07-26(国际),135分钟,记忆中的梦境的故事(台),tt2700909,7.3,46644,52.70%,30.90%,10.90%,2.50%,3.00%,《记忆中的梦境的故事》是一部探讨自然的敬畏的细腻电影。故事发生在恐怖的黑暗领域，一位智慧的导师坚守了一个重要的承诺。在黄超峰的执导下，视觉效果震撼，配乐动人心弦，将剧情类型的魅力展现得淋漓尽致。本片充满了希望与力量，展现了电影艺术的无限可能。
月光谎言的约定 A Promise in the Dark,https://movie.douban.com/subject/1000407/,郑哲承,张建杰 / 吴明平,周超国 / 斋藤次郎 / 赵敏俊 / ...,历史 / 科幻 / 情色,土耳其,法语,1992-08-04(金球奖) / 1992-10-07(国际),200分钟,月光谎言的约定(韩),tt6670334,8.4,431133,69.40%,20.50%,5.10%,2.10%,2.90%,《月光谎言的约定》是一部探讨自然的敬畏的震撼电影。故事发生在恐怖的黑暗领域，一名神秘的陌生人跨越了时空的界限。在郑哲承的执导下，剧情扣人心弦，导演手法独特，将历史类型的魅力展现得淋漓尽致。本片充满了希望与力量，展现了电影艺术的无限可能。
迷失的遗忘的抉择 Final Death at Dawn,https://movie.douban.com/subject/1000408/,Michael Garcia,周超杰,Paul Brown / Steven Miller / 郑恩珍 / ...,科幻 / 情色 / 短片,挪威,西班牙语,2016-08-08(金棕榈奖) / 2016-11-20(国际),185分钟,迷失的遗忘的抉择(陆),tt7738528,9.5,2692749,81.10%,8.90%,5.00%,2.90%,2.10%,《迷失的遗忘的抉择》是一部探讨生命的价值的细腻电影。故事发生在广袤的沙漠，一位坚强的女性经历了一次深刻的心灵洗礼。在Michael的执导下，情感表达细腻，节奏把控精准，将科幻类型的魅力展现得淋漓尽致。本片展现了人性的光辉，获得了观众的一致好评。
晨曦自由的誓言 The Hope to the Future,https://movie.douban.com/subject/1000409/,George Smith,John Smith / 杨辉强 / 中村雄大,杨国平 / John Rodriguez / 李哲哲 / ...,纪录片 / 爱情 / 儿童,墨西哥,西班牙语,1983-05-25(巴黎电影节) / 1983-05-14(国际),95分钟,,tt9398163,9.4,1046653,82.00%,8.00%,5.00%,2.10%,2.90%,《晨曦自由的誓言》是一部探讨友谊的力量的宏大电影。故事发生在未来的世界，一个天真的孩子完成了一次自我的救赎。在George的执导下，情感表达细腻，思想内涵深刻，将纪录片类型的魅力展现得淋漓尽致。本片具有很高的艺术价值，获得了观众的一致好评。
荒野生命 A Dream,https://movie.douban.com/subject/1000410/,Michael Garcia,铃木太郎 / 赵峰华 / John Smith,赵建杰 / 金俊承 / 陈超军 / ...,武侠 / 科幻 / 儿童,澳大利亚,英语,2010-12-02(上海电影节) / 2010-12-28(国际),125分钟,荒野生命(新) / 荒野生命纪念版,tt6708695,6.7,30614,41.90%,40.40%,10.40%,3.60%,3.70%,《荒野生命》是一部探讨人性的探索的深刻电影。故事发生在一个遥远的小镇，一位坚强的女性踏上了一段改变命运的旅程。在Michael的执导下，思想内涵深刻，节奏把控精准，将武侠类型的魅力展现得淋漓尽致。本片值得反复品味，在国际影展上备受瞩目。
记忆中的记忆的抉择 Your Love to the Future,https://movie.douban.com/subject/1000411/,Michael Jones,杨鹏华,赵鹏超 / 吴杰杰 / 郑秀智 / ...,爱情,英国,英语 / 法语,1983-01-05(东京电影节) / 1983-01-10(国际),125分钟,记忆中的记忆的抉择(韩) / 记忆中的记忆的抉择导演剪辑版,tt3563737,6.1,13665,35.10%,41.30%,13.40%,6.40%,3.80%,《记忆中的记忆的抉择》是一部探讨真相的揭露的震撼电影。故事发生在虚拟的网络空间，一对失散多年的兄弟改变了世界的格局。在Michael的执导下，思想内涵深刻，剧情扣人心弦，将爱情类型的魅力展现得淋漓尽致。本片触动人心深处，展现了电影艺术的无限可能。
太阳选择的救赎 First Dream at Dawn,https://movie.douban.com/subject/1000412/,崔浩贤,王伟伟 / 吴军强,尹恩浩 / 小林大辅 / 吴国辉 / ...,喜剧,南非,汉语普通话,1977-03-15(巴黎电影节) / 1977-05-22(国际),160分钟,太阳选择的救赎(韩),tt6443506,8.7,356359,77.80%,12.20%,5.00%,2.10%,2.90%,《太阳选择的救赎》是一部探讨真相的揭露的震撼电影。故事发生在浪漫的海边小镇，一名失意的作家坚守了一个重要的承诺。在崔浩贤的执导下，气氛营造出色，情感表达细腻，将喜剧类型的魅力展现得淋漓尽致。本片具有很高的艺术价值，在国际影展上备受瞩目。
风雨束缚之下 Your Death from the Past,https://movie.douban.com/subject/1000413/,斋藤诚,张明超,铃木太郎 / 黄鹏龙 / 李明明 / ...,剧情,伊朗,西班牙语,2003-06-10(奥斯卡金像奖) / 2003-07-09(国际),180分钟,,tt9802344,7.7,176898,52.70%,23.90%,11.80%,7.10%,4.50%,《风雨束缚之下》是一部探讨空间的奥秘的宏大电影。故事发生在奇幻的魔法世界，一位坚强的女性发现了一个惊人的真相。在斋藤诚的执导下，视觉效果震撼，导演手法独特，将剧情类型的魅力展现得淋漓尽致。本片值得反复品味，获得了观众的一致好评。
未来的死亡的救赎 Found Death at Dusk,https://movie.douban.com/subject/1000414/,刘国平,田中大辅,高桥三郎 / 尹敏敏 / John Wilson / ...,动作,捷克 / 瑞典,汉语普通话,2004-03-08(莫斯科电影节) / 2004-06-09(国际),140分钟,未来的死亡的救赎导演剪辑版,tt1960520,7.9,126592,60.80%,24.40%,8.00%,4.50%,2.30%,《未来的死亡的救赎》是一部探讨家庭的温暖的深刻电影。故事发生在恐怖的黑暗领域，一位智慧的导师经历了一次深刻的心灵洗礼。在刘国平的执导下，表演真挚感人，剧情扣人心弦，将动作类型的魅力展现得淋漓尽致。本片值得推荐给所有人，在国际影展上备受瞩目。
最后的生命的故事 Your Truth,https://movie.douban.com/subject/1000415/,George Rodriguez,张平志,铃木三郎 / 黄杰峰 / 伊藤次郎 / ...,科幻 / 惊悚,越南,日语,1985-05-03(釜山电影节) / 1985-08-05(国际),150分钟,最后的生命的故事(新) / 最后的生命的故事导演剪辑版,tt6063502,6.5,28264,38.40%,36.70%,15.30%,4.10%,5.50%,《最后的生命的故事》是一部探讨命运的挑战的宏大电影。故事发生在奇幻的魔法世界，一个破碎的家庭踏上了一段改变命运的旅程。在George的执导下，气氛营造出色，配乐动人心弦，将科幻类型的魅力展现得淋漓尽致。本片展现了电影的魅力，获得了观众的一致好评。
晨曦信念的传说 The Life at Dusk,https://movie.douban.com/subject/1000416/,Steven Brown,吴志国 / 杨峰文,杨峰峰 / 黄志文 / Michael Jones / ...,喜剧 / 灾难,澳大利亚,英语,2004-09-21(多伦多电影节) / 2004-12-04(国际),160分钟,晨曦信念的传说(韩) / 晨曦信念的传说特别版,tt3940339,6.6,14670,35.00%,41.90%,12.20%,5.60%,5.30%,《晨曦信念的传说》是一部探讨记忆的珍贵的感人电影。故事发生在虚拟的网络空间，一位智慧的导师踏上了一段改变命运的旅程。在Steven的执导下，表演真挚感人，情感表达细腻，将喜剧类型的魅力展现得淋漓尽致。本片令人难以忘怀，获得了观众的一致好评。
星辰选择的救赎 Found Lie to the Future,https://movie.douban.com/subject/1000417/,杨龙国,Paul Brown / 山田三郎 / 尹恩恩,George Wilson / James Miller / Paul Miller / ...,爱情 / 家庭,丹麦,英语,1996-09-02(威尼斯电影节) / 1996-12-09(国际),125分钟,星辰选择的救赎(港) / Choice,tt5151164,6.7,43798,33.10%,34.20%,19.30%,9.00%,4.40%,《星辰选择的救赎》是一部探讨空间的奥秘的深刻电影。故事发生在深邃的海洋，一个天真的孩子突破了自我的极限。在杨龙国的执导下，节奏把控精准，影片画面精美，将爱情类型的魅力展现得淋漓尽致。本片触动人心深处，在国际影展上备受瞩目。
最后的战争之内 First Truth at Dusk,https://movie.douban.com/subject/1000418/,李承秀,中村拓也 / Robert Miller,田中大辅 / 伊藤三郎 / 伊藤太郎 / ...,动作,瑞士,汉语普通话,1998-03-27(圣丹斯电影节) / 1998-04-21(国际),160分钟,最后的战争之内(韩),tt4076439,9,1444237,84.40%,5.60%,5.00%,3.40%,1.60%,《最后的战争之内》是一部探讨成长的烦恼的震撼电影。故事发生在古代的王朝，一位智慧的导师坚守了一个重要的承诺。在李承秀的执导下，气氛营造出色，配乐动人心弦，将动作类型的魅力展现得淋漓尽致。本片温暖而治愈，获得了观众的一致好评。
海洋生命的歌声 Their Journey of the Soul,https://movie.douban.com/subject/1000419/,Michael Wilson,吴军超,刘军文 / 赵伟志 / George Wilson / ...,科幻 / 历史,奥地利,英语,2017-02-27(金球奖) / 2017-03-18(国际),115分钟,海洋生命的歌声修复版,tt2334104,9.3,1000241,92.40%,5%,2%,0.50%,0.10%,《海洋生命的歌声》是一部探讨身份的认同的感人电影。故事发生在战火纷飞的年代，一名勇敢的战士守护了珍贵的东西。在Michael的执导下，节奏把控精准，情感表达细腻，将科幻类型的魅力展现得淋漓尽致。本片具有很高的艺术价值，在国际影展上备受瞩目。
晨曦记忆的痕迹 My Truth in the Dark,https://movie.douban.com/subject/1000420/,George Smith,张峰伟,John Smith / 吴龙辉 / 王军平 / ...,剧情 / 歌舞,英国 / 中国香港,英语 / 法语,1978-04-07(多伦多电影节) / 1978-06-22(国际),170分钟,,tt1472590,6.2,14183,32.70%,45.60%,11.70%,6.80%,3.20%,《晨曦记忆的痕迹》是一部探讨成长的烦恼的细腻电影。故事发生在神秘的异域，一名神秘的陌生人完成了一次自我的救赎。在George的执导下，思想内涵深刻，细节处理到位，将剧情类型的魅力展现得淋漓尽致。本片展现了电影的魅力，在国际影展上备受瞩目。
晨曦战争的旅程 A Truth at Dusk,https://movie.douban.com/subject/1000421/,李杰杰,James Jones / 黄鹏辉 / 张鹏明,李浩俊 / 陈伟杰 / 赵建国 / ...,爱情 / 战争,捷克,西班牙语,2002-12-07(罗马电影节) / 2002-12-06(国际),150分钟,晨曦战争的旅程(陆) / 晨曦战争的旅程修复版 / Journey,tt8435101,7.5,112157,62.90%,23.40%,7.50%,2.60%,3.60%,《晨曦战争的旅程》是一部探讨友谊的力量的感人电影。故事发生在古代的王朝，一位智慧的导师发现了一个惊人的真相。在李杰杰的执导下，配乐动人心弦，节奏把控精准，将爱情类型的魅力展现得淋漓尽致。本片展现了电影的魅力，在国际影展上备受瞩目。
冰冷的信念之内 Their Lie to the Future,https://movie.douban.com/subject/1000422/,赵超辉,山田大辅 / 斋藤太郎,赵杰杰 / 中村雄大 / 张文强 / ...,科幻 / 舞台艺术 / 冒险,丹麦,汉语普通话,2014-11-24(戛纳电影节) / 2014-11-01(国际),210分钟,,tt1207168,6.3,9790,29.90%,37.50%,17.40%,7.80%,7.40%,《冰冷的信念之内》是一部探讨自由的渴望的震撼电影。故事发生在奇幻的魔法世界，一个破碎的家庭跨越了时空的界限。在赵超辉的执导下，表演真挚感人，思想内涵深刻，将科幻类型的魅力展现得淋漓尽致。本片具有很高的艺术价值，获得了观众的一致好评。
午夜黑暗之上 Their Secret from the Past,https://movie.douban.com/subject/1000423/,周华军,Steven Jones / Steven Garcia,David Wilson / 斋藤翔太 / 刘强强 / ...,科幻,印度,印地语,1974-09-15(金球奖) / 1974-09-28(国际),170分钟,午夜黑暗之上(马),tt7129982,6.6,21437,36.60%,37.50%,14.90%,6.90%,4.10%,《午夜黑暗之上》是一部探讨时间的意义的宏大电影。故事发生在奇幻的魔法世界，一群志同道合的朋友实现了曾经的梦想。在周华军的执导下，思想内涵深刻，视觉效果震撼，将科幻类型的魅力展现得淋漓尽致。本片值得推荐给所有人，获得了观众的一致好评。
晨曦命运的救赎 The Promise from the Past,https://movie.douban.com/subject/1000424/,Robert Davis,林智敏,David Johnson / Steven Smith / 陈华辉 / ...,爱情 / 悬疑,比利时,汉语普通话,1974-05-07(釜山电影节) / 1974-06-21(国际),210分钟,晨曦命运的救赎(韩),tt2408052,6.2,19451,46.60%,28.30%,15.20%,6.60%,3.30%,《晨曦命运的救赎》是一部探讨和平的珍贵的深刻电影。故事发生在末日后的废墟，一位孤独的老人踏上了一段改变命运的旅程。在Robert的执导下，剧情扣人心弦，细节处理到位，将爱情类型的魅力展现得淋漓尽致。本片充满了希望与力量，获得了观众的一致好评。
喧嚣的战争的审判 First Hope,https://movie.douban.com/subject/1000425/,伊藤次郎,李鹏杰,George Miller / 陈志志 / 黄志华 / ...,剧情 / 奇幻,奥地利,西班牙语,1977-05-14(伦敦电影节) / 1977-07-14(国际),100分钟,喧嚣的战争的审判(台),tt5551890,8.7,333288,73.70%,15.60%,5.60%,2.30%,2.80%,《喧嚣的战争的审判》是一部探讨文化的碰撞的震撼电影。故事发生在一个遥远的小镇，一位坚强的女性发现了一个惊人的真相。在伊藤次郎的执导下，思想内涵深刻，配乐动人心弦，将剧情类型的魅力展现得淋漓尽致。本片值得反复品味，在国际影展上备受瞩目。
城市肉体的审判 The Promise at Dusk,https://movie.douban.com/subject/1000426/,Christopher Brown,田中三郎 / Robert Williams,David Johnson / George Wilson / 张珍承 / ...,舞台艺术 / 爱情 / 传记,丹麦,法语,1993-08-26(罗马电影节) / 1993-10-03(国际),240分钟,城市肉体的审判(新) / 城市肉体的审判特别版,tt4968342,7,90711,40.70%,34.10%,16.00%,4.30%,4.90%,《城市肉体的审判》是一部探讨爱情的真谛的震撼电影。故事发生在恐怖的黑暗领域，一对失散多年的兄弟坚守了一个重要的承诺。在Christopher的执导下，视觉效果震撼，剧情扣人心弦，将舞台艺术类型的魅力展现得淋漓尽致。本片温暖而治愈，展现了电影艺术的无限可能。
太阳战争的救赎 Lost Dream from the Past,https://movie.douban.com/subject/1000427/,中村太郎,George Garcia / James Davis / Christopher Jones,吴鹏军 / John Jones / 佐藤凉平 / ...,动作,荷兰,法语,1973-01-24(威尼斯电影节) / 1973-02-01(国际),180分钟,太阳战争的救赎纪念版,tt6185297,8.3,492205,69.40%,17.10%,7.70%,3.20%,2.60%,《太阳战争的救赎》是一部探讨人性的探索的宏大电影。故事发生在宁静的乡村，一个破碎的家庭找到了生命的真谛。在中村太郎的执导下，寓意深远悠长，视觉效果震撼，将动作类型的魅力展现得淋漓尽致。本片会成为经典之作，展现了电影艺术的无限可能。
现在的束缚的旅程 Our Fear at Dawn,https://movie.douban.com/subject/1000428/,崔恩恩,Michael Rodriguez / 周华平 / 斋藤诚,渡边诚 / 刘强强 / James Johnson / ...,喜剧 / 恐怖,希腊 / 英国 / 日本,日语,2015-04-09(东京电影节) / 2015-04-19(国际),220分钟,现在的束缚的旅程(陆) / 现在的束缚的旅程4K修复版 / Journey,tt8618931,6,6286,40.60%,38.90%,11.80%,5.80%,2.90%,《现在的束缚的旅程》是一部探讨身份的认同的深刻电影。故事发生在古代的王朝，一位年轻的冒险家面对了一场前所未有的挑战。在崔恩恩的执导下，寓意深远悠长，节奏把控精准，将喜剧类型的魅力展现得淋漓尽致。本片值得推荐给所有人，在国际影展上备受瞩目。
黎明绝望的约定 My Dream,https://movie.douban.com/subject/1000429/,张龙文,王文强,张杰平 / James Williams / 刘明龙 / ...,剧情,中国大陆 / 新西兰,汉语普通话 / 方言 / 英语,2001-01-06(圣丹斯电影节) / 2001-02-12(国际),240分钟,黎明绝望的约定(马) / 黎明绝望的约定修复版,tt4643556,8,195568,66.20%,21.20%,7.10%,3.40%,2.10%,《黎明绝望的约定》是一部探讨成长的烦恼的震撼电影。故事发生在深邃的太空，一个天真的孩子找到了生命的真谛。在张龙文的执导下，细节处理到位，情感表达细腻，将剧情类型的魅力展现得淋漓尽致。本片触动人心深处，获得了观众的一致好评。
午夜生命的中心 Found Life of the Soul,https://movie.douban.com/subject/1000430/,赵峰明,Steven Davis / 周文明,杨伟杰 / 张杰军 / James Jones / ...,爱情,匈牙利,西班牙语,2019-08-25(上海电影节) / 2019-08-10(国际),180分钟,午夜生命的中心(台) / 午夜生命的中心导演剪辑版,tt6882956,7,49820,43.90%,28.70%,15.90%,5.00%,6.50%,《午夜生命的中心》是一部探讨爱情的真谛的深刻电影。故事发生在宁静的乡村，一对失散多年的兄弟面对了一场前所未有的挑战。在赵峰明的执导下，剧情扣人心弦，视觉效果震撼，将爱情类型的魅力展现得淋漓尽致。本片展现了人性的光辉，获得了观众的一致好评。
记忆中的起点的边缘 Our Lie at Dawn,https://movie.douban.com/subject/1000431/,Michael Miller,陈辉强,王文志 / 朴英英 / Robert Brown / ...,喜剧 / 传记 / 历史,南非,西班牙语,2017-09-09(金球奖) / 2017-12-22(国际),115分钟,记忆中的起点的边缘(韩),tt4132727,6.4,6154,36.00%,38.90%,16.10%,4.90%,4.10%,《记忆中的起点的边缘》是一部探讨自然的敬畏的震撼电影。故事发生在险峻的高山之巅，一对失散多年的兄弟改变了世界的格局。在Michael的执导下，影片画面精美，导演手法独特，将喜剧类型的魅力展现得淋漓尽致。本片触动人心深处，获得了观众的一致好评。
追寻起点的中心 Final Truth at Dusk,https://movie.douban.com/subject/1000432/,李志杰,王杰超,赵文华 / James Johnson / 铃木健一 / ...,科幻 / 黑色电影,捷克,日语,1993-01-02(金棕榈奖) / 1993-03-11(国际),250分钟,追寻起点的中心(新),tt7505479,8.1,281523,61.00%,25.90%,7.20%,4.00%,1.90%,《追寻起点的中心》是一部探讨自然的敬畏的深刻电影。故事发生在古代的王朝，一名失意的作家坚守了一个重要的承诺。在李志杰的执导下，表演真挚感人，节奏把控精准，将科幻类型的魅力展现得淋漓尽致。本片值得反复品味，展现了电影艺术的无限可能。
风雨英雄之上 Final Death from the Past,https://movie.douban.com/subject/1000433/,尹恩英,姜敏秀 / Paul Wilson,陈建军 / 佐藤雄大 / 山田凉平 / ...,动作 / 古装 / 黑色电影,澳大利亚 / 埃及 / 印度,英语 / 日语,1991-07-06(上海电影节) / 1991-10-03(国际),150分钟,风雨英雄之上(马),tt3455510,6.1,7300,36.90%,33.60%,17.00%,8.20%,4.30%,《风雨英雄之上》是一部探讨命运的挑战的细腻电影。故事发生在恐怖的黑暗领域，一位智慧的导师踏上了一段改变命运的旅程。在尹恩英的执导下，气氛营造出色，细节处理到位，将动作类型的魅力展现得淋漓尽致。本片温暖而治愈，在国际影展上备受瞩目。
眼前的时间 Our Lie of the Soul,https://movie.douban.com/subject/1000434/,Christopher Williams,Steven Miller / Steven Miller / 金秀智,赵浩秀 / 小林雄大 / 李哲贤 / ...,剧情,挪威 / 埃及 / 伊朗,英语,2016-09-19(圣丹斯电影节) / 2016-11-07(国际),105分钟,眼前的时间(马) / 眼前的时间加长版,tt6607286,7.8,106023,62.30%,19.80%,9.80%,4.40%,3.70%,《眼前的时间》是一部探讨人性的探索的细腻电影。故事发生在深邃的海洋，一名失意的作家经历了一次深刻的心灵洗礼。在Christopher的执导下，细节处理到位，剧情扣人心弦，将剧情类型的魅力展现得淋漓尽致。本片具有很高的艺术价值，展现了电影艺术的无限可能。
海洋希望之下 Lost Promise,https://movie.douban.com/subject/1000435/,Steven Brown,John Miller,Michael Williams / 张杰鹏 / Michael Miller / ...,爱情,波兰,法语,1980-07-04(威尼斯电影节) / 1980-07-13(国际),165分钟,海洋希望之下(韩),tt8922008,8.1,373216,69.70%,18.30%,7.00%,2.40%,2.60%,《海洋希望之下》是一部探讨爱情的真谛的细腻电影。故事发生在险峻的高山之巅，一位孤独的老人突破了自我的极限。在Steven的执导下，配乐动人心弦，导演手法独特，将爱情类型的魅力展现得淋漓尽致。本片会成为经典之作，获得了观众的一致好评。
未来的束缚的救赎 A Lie at Dawn,https://movie.douban.com/subject/1000436/,赵鹏明,田中雄大,山田翔太 / Steven Miller / 渡边翔太 / ...,喜剧,匈牙利,汉语普通话,1996-04-04(釜山电影节) / 1996-04-28(国际),250分钟,,tt4178700,7.2,63409,39.70%,32.60%,16.20%,7.60%,3.90%,《未来的束缚的救赎》是一部探讨生命的价值的震撼电影。故事发生在未来的世界，一位孤独的老人守护了珍贵的东西。在赵鹏明的执导下，寓意深远悠长，节奏把控精准，将喜剧类型的魅力展现得淋漓尽致。本片会成为经典之作，获得了观众的一致好评。
永恒的绝望 First Dream in the Dark,https://movie.douban.com/subject/1000437/,赵峰明,Paul Jones,吴强平 / George Brown / 崔浩恩 / ...,科幻,爱尔兰,西班牙语,1989-06-24(奥斯卡金像奖) / 1989-08-11(国际),230分钟,永恒的绝望纪念版 / Despair,tt7459350,9.5,1925369,85.30%,5%,4.70%,2.30%,2.70%,《永恒的绝望》是一部探讨自由的渴望的宏大电影。故事发生在未来的世界，一名失意的作家面对了一场前所未有的挑战。在赵峰明的执导下，细节处理到位，视觉效果震撼，将科幻类型的魅力展现得淋漓尽致。本片展现了人性的光辉，展现了电影艺术的无限可能。
永恒的信念之内 Our Dream to the Future,https://movie.douban.com/subject/1000438/,James Williams,杨华强 / James Rodriguez,刘鹏国 / Robert Garcia / 中村翔太 / ...,动作,西班牙,汉语普通话,2016-12-19(柏林电影节) / 2016-12-17(国际),250分钟,,tt9015477,6.9,47735,40.60%,36.20%,13.70%,4.00%,5.50%,《永恒的信念之内》是一部探讨家庭的温暖的宏大电影。故事发生在一个遥远的小镇，一群志同道合的朋友踏上了一段改变命运的旅程。在James的执导下，视觉效果震撼，思想内涵深刻，将动作类型的魅力展现得淋漓尽致。本片令人难以忘怀，在国际影展上备受瞩目。
迷失的陌生人的抉择 The Death in the Dark,https://movie.douban.com/subject/1000439/,杨华伟,崔俊浩 / 伊藤次郎 / 崔浩贤,王华辉 / 尹贤浩 / 林敏英 / ...,动作 / 真人秀,加拿大 / 中国香港 / 韩国,法语 / 英语,1972-05-25(伦敦电影节) / 1972-07-08(国际),175分钟,迷失的陌生人的抉择(新),tt9475581,7.2,43314,41.60%,29.80%,15.20%,5.90%,7.50%,《迷失的陌生人的抉择》是一部探讨成长的烦恼的深刻电影。故事发生在恐怖的黑暗领域，一个破碎的家庭跨越了时空的界限。在杨华伟的执导下，视觉效果震撼，表演真挚感人，将动作类型的魅力展现得淋漓尽致。本片展现了电影的魅力，获得了观众的一致好评。
追寻敌人之间 Your Lie from the Past,https://movie.douban.com/subject/1000440/,Steven Miller,张珍浩,Robert Johnson / 小林诚 / David Johnson / ...,爱情 / 舞台艺术,中国台湾 / 俄罗斯 / 加拿大,闽南语 / 汉语普通话,2015-08-24(莫斯科电影节) / 2015-10-12(国际),105分钟,追寻敌人之间(港),tt9056252,9.7,1225357,81.60%,8.40%,5.00%,3.30%,1.70%,《追寻敌人之间》是一部探讨时间的意义的震撼电影。故事发生在浪漫的海边小镇，一名失意的作家经历了一次深刻的心灵洗礼。在Steven的执导下，细节处理到位，配乐动人心弦，将爱情类型的魅力展现得淋漓尽致。本片温暖而治愈，在国际影展上备受瞩目。
过去的和平的回声 Found Love from the Past,https://movie.douban.com/subject/1000441/,吴明明,陈超建 / 周峰鹏 / 刘建明,田中三郎 / 李志平 / 王国华 / ...,喜剧,泰国,法语,1989-01-21(柏林电影节) / 1989-01-23(国际),195分钟,过去的和平的回声(港),tt7020656,7.4,65944,54.40%,29.50%,9.40%,2.80%,3.90%,《过去的和平的回声》是一部探讨人性的探索的细腻电影。故事发生在繁华的都市，一位智慧的导师经历了一次深刻的心灵洗礼。在吴明明的执导下，视觉效果震撼，表演真挚感人，将喜剧类型的魅力展现得淋漓尽致。本片值得推荐给所有人，展现了电影艺术的无限可能。
远方的故乡的痕迹 A Truth at Dusk,https://movie.douban.com/subject/1000442/,高桥凉平,陈志辉 / 周国鹏 / John Johnson,王国龙 / James Jones / John Johnson / ...,科幻 / 动画,加拿大,英语,2016-09-04(莫斯科电影节) / 2016-12-12(国际),195分钟,远方的故乡的痕迹(日),tt7293197,9.3,1991122,90.80%,5%,2%,1.30%,0.90%,《远方的故乡的痕迹》是一部探讨命运的挑战的细腻电影。故事发生在繁华的都市，一对失散多年的兄弟发现了一个惊人的真相。在高桥凉平的执导下，影片画面精美，表演真挚感人，将科幻类型的魅力展现得淋漓尽致。本片会成为经典之作，展现了电影艺术的无限可能。
星辰光明的歌声 My Secret from the Past,https://movie.douban.com/subject/1000443/,姜珍浩,黄国建 / 刘建文,周文建 / Steven Rodriguez / 金恩敏 / ...,爱情,西班牙,汉语普通话,2023-09-07(奥斯卡金像奖) / 2023-12-27(国际),175分钟,星辰光明的歌声(马),tt7710731,8.4,497573,63.20%,21.40%,10.20%,2.80%,2.40%,《星辰光明的歌声》是一部探讨人性的探索的震撼电影。故事发生在战火纷飞的年代，一位坚强的女性完成了一次自我的救赎。在姜珍浩的执导下，节奏把控精准，思想内涵深刻，将爱情类型的魅力展现得淋漓尽致。本片触动人心深处，展现了电影艺术的无限可能。
海洋故乡的传说 First Love at Dawn,https://movie.douban.com/subject/1000444/,Paul Miller,高桥次郎 / 铃木雄大,黄军明 / 李哲秀 / 山田健一 / ...,喜剧 / 运动 / 情色,埃及,日语,1997-06-17(奥斯卡金像奖) / 1997-06-16(国际),145分钟,海洋故乡的传说(港) / 海洋故乡的传说纪念版,tt4783942,7.9,63067,53.20%,24.10%,15.50%,3.10%,4.10%,《海洋故乡的传说》是一部探讨生命的价值的感人电影。故事发生在极地的冰雪世界，一位坚强的女性突破了自我的极限。在Paul的执导下，视觉效果震撼，剧情扣人心弦，将喜剧类型的魅力展现得淋漓尽致。本片让人思考良久，获得了观众的一致好评。
现在的光明之上 Their Promise from the Past,https://movie.douban.com/subject/1000445/,崔俊智,崔贤贤,王华龙 / 张辉建 / 田中拓也 / ...,家庭 / 剧情 / 恐怖,阿根廷,英语,1986-01-04(东京电影节) / 1986-03-01(国际),100分钟,现在的光明之上(日) / 现在的光明之上纪念版 / Light,tt5776464,7.6,149303,55.90%,27.20%,11.20%,2.50%,3.20%,《现在的光明之上》是一部探讨自由的渴望的细腻电影。故事发生在虚拟的网络空间，一位智慧的导师突破了自我的极限。在崔俊智的执导下，配乐动人心弦，寓意深远悠长，将家庭类型的魅力展现得淋漓尽致。本片展现了电影的魅力，获得了观众的一致好评。
冰冷的陌生人的约定 The Dream to the Future,https://movie.douban.com/subject/1000446/,Steven Davis,李文辉 / Robert Smith,姜承承 / 陈军建 / 林俊珍 / ...,科幻 / 冒险,比利时 / 瑞典 / 伊朗,日语,1971-05-19(奥斯卡金像奖) / 1971-06-21(国际),150分钟,冰冷的陌生人的约定(韩) / 冰冷的陌生人的约定4K修复版,tt7733517,7.4,24838,54.70%,24.70%,12.70%,5.50%,2.40%,《冰冷的陌生人的约定》是一部探讨人性的探索的宏大电影。故事发生在深邃的海洋，一位智慧的导师坚守了一个重要的承诺。在Steven的执导下，思想内涵深刻，情感表达细腻，将科幻类型的魅力展现得淋漓尽致。本片是一部不可多得的佳作，展现了电影艺术的无限可能。
月光旅程之间 A Dream,https://movie.douban.com/subject/1000447/,Christopher Brown,小林健一 / 尹秀俊 / 尹珍浩,周国建 / 尹浩珍 / 黄龙文 / ...,喜剧 / 战争,澳大利亚,英语,1971-03-21(莫斯科电影节) / 1971-05-28(国际),210分钟,月光旅程之间(港) / Journey,tt1576910,8.4,317489,73.20%,14.70%,7.10%,2.20%,2.80%,《月光旅程之间》是一部探讨命运的挑战的深刻电影。故事发生在末日后的废墟，一名神秘的陌生人突破了自我的极限。在Christopher的执导下，思想内涵深刻，影片画面精美，将喜剧类型的魅力展现得淋漓尽致。本片值得反复品味，展现了电影艺术的无限可能。
黄昏战争的誓言 The Secret to the Future,https://movie.douban.com/subject/1000448/,金秀贤,张智贤 / George Brown / 高桥三郎,Paul Johnson / 渡边三郎 / 杨华平 / ...,动作 / 动画,中国大陆,汉语普通话 / 方言,1990-04-18(威尼斯电影节) / 1990-07-09(国际),155分钟,黄昏战争的誓言(新) / 黄昏战争的誓言4K修复版,tt1958361,6.5,39753,33.80%,45.40%,10.90%,6.60%,3.30%,《黄昏战争的誓言》是一部探讨自由的渴望的宏大电影。故事发生在虚拟的网络空间，一对失散多年的兄弟跨越了时空的界限。在金秀贤的执导下，节奏把控精准，细节处理到位，将动作类型的魅力展现得淋漓尽致。本片展现了电影的魅力，展现了电影艺术的无限可能。
记忆中的勇气的誓言 Our Truth in the Dark,https://movie.douban.com/subject/1000449/,Steven Brown,John Jones / Paul Miller / Peter Johnson,吴伟文 / Steven Garcia / Robert Miller / ...,剧情,波兰,英语,1970-01-12(巴黎电影节) / 1970-04-23(国际),155分钟,记忆中的勇气的誓言(日),tt9503506,8.5,244576,71.40%,15.50%,7.50%,3.40%,2.20%,《记忆中的勇气的誓言》是一部探讨生命的价值的深刻电影。故事发生在未来的世界，一名失意的作家实现了曾经的梦想。在Steven的执导下，思想内涵深刻，情感表达细腻，将剧情类型的魅力展现得淋漓尽致。本片具有很高的艺术价值，在国际影展上备受瞩目。
黄昏绝望的约定 Final Hate from the Past,https://movie.douban.com/subject/1000450/,田中拓也,高桥三郎 / Robert Brown / Robert Williams,John Rodriguez / 刘超国 / James Johnson / ...,爱情 / 舞台艺术,泰国,西班牙语,1989-01-25(奥斯卡金像奖) / 1989-02-24(国际),210分钟,黄昏绝望的约定(港) / 黄昏绝望的约定4K修复版 / Despair,tt8585252,6.5,35752,45.80%,31.10%,13.60%,6.40%,3.10%,《黄昏绝望的约定》是一部探讨空间的奥秘的宏大电影。故事发生在宁静的乡村，一位智慧的导师跨越了时空的界限。在田中拓也的执导下，表演真挚感人，节奏把控精准，将爱情类型的魅力展现得淋漓尽致。本片温暖而治愈，展现了电影艺术的无限可能。
最后的朋友之下 First Dream at Dusk,https://movie.douban.com/subject/1000451/,Robert Garcia,吴鹏鹏 / 李超超 / 赵智哲,Michael Davis / David Brown / John Johnson / ...,喜剧 / 悬疑,瑞典,法语,2016-06-15(奥斯卡金像奖) / 2016-09-21(国际),180分钟,最后的朋友之下(韩) / 最后的朋友之下导演剪辑版,tt6698139,6.6,24651,40.20%,38.40%,14.40%,4.00%,3.00%,《最后的朋友之下》是一部探讨家庭的温暖的宏大电影。故事发生在神秘的异域，一名失意的作家踏上了一段改变命运的旅程。在Robert的执导下，细节处理到位，情感表达细腻，将喜剧类型的魅力展现得淋漓尽致。本片温暖而治愈，获得了观众的一致好评。
荒野远方之间 The Death,https://movie.douban.com/subject/1000452/,姜贤俊,Peter Jones / 中村雄大 / 赵伟伟,吴峰明 / 高桥诚 / Paul Miller / ...,喜剧 / 脱口秀,比利时 / 越南 / 以色列,日语,1986-11-26(伦敦电影节) / 1986-12-28(国际),135分钟,荒野远方之间(韩) / 荒野远方之间修复版,tt9915806,8.4,375253,64.00%,24.50%,6.50%,3.10%,1.90%,《荒野远方之间》是一部探讨时间的意义的宏大电影。故事发生在末日后的废墟，一个天真的孩子战胜了内心的恐惧。在姜贤俊的执导下，节奏把控精准，思想内涵深刻，将喜剧类型的魅力展现得淋漓尽致。本片触动人心深处，展现了电影艺术的无限可能。
沉默的家庭的证明 Last Journey from the Past,https://movie.douban.com/subject/1000453/,黄伟伟,Michael Johnson / 伊藤三郎,李军鹏 / 赵华超 / 杨超杰 / ...,剧情 / 真人秀,中国台湾,闽南语 / 汉语普通话,2002-07-23(威尼斯电影节) / 2002-10-14(国际),220分钟,沉默的家庭的证明4K修复版,tt1623470,6.1,17571,44.20%,38.20%,11.30%,3.90%,2.40%,《沉默的家庭的证明》是一部探讨生命的价值的震撼电影。故事发生在恐怖的黑暗领域，一对失散多年的兄弟坚守了一个重要的承诺。在黄伟伟的执导下，配乐动人心弦，思想内涵深刻，将剧情类型的魅力展现得淋漓尽致。本片让人思考良久，展现了电影艺术的无限可能。
最后的绝望的传说 Found Fear at Dusk,https://movie.douban.com/subject/1000454/,伊藤诚,崔哲秀,Paul Johnson / 小林次郎 / James Garcia / ...,剧情 / 奇幻,印度 / 南非 / 越南,印地语,1989-02-06(威尼斯电影节) / 1989-04-16(国际),195分钟,最后的绝望的传说4K修复版,tt7228080,7.7,169557,55.50%,28.70%,8.40%,3.80%,3.60%,《最后的绝望的传说》是一部探讨生命的价值的震撼电影。故事发生在末日后的废墟，一名神秘的陌生人找到了生命的真谛。在伊藤诚的执导下，思想内涵深刻，节奏把控精准，将剧情类型的魅力展现得淋漓尽致。本片值得推荐给所有人，展现了电影艺术的无限可能。
冰冷的梦境的审判 Final Life at Dusk,https://movie.douban.com/subject/1000455/,James Brown,姜承贤 / Steven Jones,赵智浩 / 吴强明 / 周军国 / ...,动作 / 音乐 / 运动,英国,英语 / 法语,1996-04-16(东京电影节) / 1996-07-01(国际),175分钟,,tt9835083,6.7,44586,29.30%,42.90%,16.60%,7.10%,4.10%,《冰冷的梦境的审判》是一部探讨和平的珍贵的细腻电影。故事发生在一个遥远的小镇，一名神秘的陌生人实现了曾经的梦想。在James的执导下，剧情扣人心弦，节奏把控精准，将动作类型的魅力展现得淋漓尽致。本片展现了电影的魅力，展现了电影艺术的无限可能。
最后的爱情的故事 First Fear,https://movie.douban.com/subject/1000456/,Steven Garcia,周平文 / 铃木太郎 / James Smith,George Johnson / 田中雄大 / Robert Johnson / ...,爱情,新西兰,西班牙语,2002-02-16(釜山电影节) / 2002-02-26(国际),180分钟,,tt2503900,7.6,116746,57.00%,23.20%,11.40%,5.40%,3.00%,《最后的爱情的故事》是一部探讨文化的碰撞的深刻电影。故事发生在奇幻的魔法世界，一个破碎的家庭实现了曾经的梦想。在Steven的执导下，思想内涵深刻，配乐动人心弦，将爱情类型的魅力展现得淋漓尽致。本片展现了人性的光辉，展现了电影艺术的无限可能。
过去的怀疑之间 Found Life of the Soul,https://movie.douban.com/subject/1000457/,山田三郎,Robert Davis / 崔秀哲 / 杨峰明,陈峰志 / David Smith / Robert Miller / ...,动作,中国大陆,汉语普通话 / 方言,1988-07-23(威尼斯电影节) / 1988-09-27(国际),190分钟,过去的怀疑之间4K修复版,tt7733452,6.3,11292,37.80%,35.70%,16.00%,5.40%,5.10%,《过去的怀疑之间》是一部探讨记忆的珍贵的宏大电影。故事发生在战火纷飞的年代，一群志同道合的朋友揭开了一个深藏多年的秘密。在山田三郎的执导下，思想内涵深刻，节奏把控精准，将动作类型的魅力展现得淋漓尽致。本片是一部不可多得的佳作，展现了电影艺术的无限可能。
现在的战争之外 A Lie,https://movie.douban.com/subject/1000458/,Michael Brown,刘国文 / 杨强文,田中拓也 / 吴文峰 / Paul Wilson / ...,音乐 / 爱情,捷克,日语,1977-01-19(金棕榈奖) / 1977-01-09(国际),190分钟,现在的战争之外(新),tt6528093,8.2,442100,75.90%,14.10%,5.00%,2.50%,2.50%,《现在的战争之外》是一部探讨友谊的力量的宏大电影。故事发生在广袤的沙漠，一位孤独的老人跨越了时空的界限。在Michael的执导下，剧情扣人心弦，视觉效果震撼，将音乐类型的魅力展现得淋漓尽致。本片让人思考良久，在国际影展上备受瞩目。
过去的英雄的中心 Final Promise of the Soul,https://movie.douban.com/subject/1000459/,刘国文,Michael Davis,Robert Smith / 王建伟 / Peter Brown / ...,爱情 / 传记 / 黑色电影,澳大利亚,英语,1986-08-25(上海电影节) / 1986-09-10(国际),200分钟,过去的英雄的中心(日) / 过去的英雄的中心加长版,tt6502575,6,8509,40.00%,30.00%,19.70%,4.60%,5.70%,《过去的英雄的中心》是一部探讨自由的渴望的细腻电影。故事发生在繁华的都市，一位年轻的冒险家面对了一场前所未有的挑战。在刘国文的执导下，节奏把控精准，剧情扣人心弦，将爱情类型的魅力展现得淋漓尽致。本片温暖而治愈，展现了电影艺术的无限可能。
晨曦黑暗的痕迹 Their Fear in the Dark,https://movie.douban.com/subject/1000460/,Steven Jones,赵军军 / 张志明,John Williams / John Miller / 尹承敏 / ...,动作 / 历史 / 歌舞,法国 / 越南 / 比利时,法语 / 英语,2015-11-15(东京电影节) / 2015-12-11(国际),110分钟,晨曦黑暗的痕迹(新) / 晨曦黑暗的痕迹导演剪辑版 / Darkness,tt7125679,9.6,1667825,84.90%,5.10%,5.00%,2.60%,2.40%,《晨曦黑暗的痕迹》是一部探讨科技的边界的震撼电影。故事发生在繁华的都市，一个破碎的家庭揭开了一个深藏多年的秘密。在Steven的执导下，情感表达细腻，寓意深远悠长，将动作类型的魅力展现得淋漓尽致。本片是一部不可多得的佳作，展现了电影艺术的无限可能。
记忆中的绝望之上 Our Life,https://movie.douban.com/subject/1000461/,田中雄大,Paul Brown / Steven Garcia / 李鹏峰,伊藤翔太 / 山田雄大 / 高桥拓也 / ...,科幻 / 真人秀 / 西部,印度,泰米尔语 / 印地语,1975-06-23(伦敦电影节) / 1975-07-13(国际),165分钟,记忆中的绝望之上(韩) / 记忆中的绝望之上纪念版,tt2185878,8.2,279921,65.20%,19.30%,9.40%,2.50%,3.60%,《记忆中的绝望之上》是一部探讨真相的揭露的细腻电影。故事发生在宁静的乡村，一位智慧的导师守护了珍贵的东西。在田中雄大的执导下，导演手法独特，剧情扣人心弦，将科幻类型的魅力展现得淋漓尽致。本片展现了人性的光辉，展现了电影艺术的无限可能。
黄昏束缚的故事 Final Journey from the Past,https://movie.douban.com/subject/1000462/,李军华,Michael Rodriguez,陈强华 / 吴明超 / 黄鹏平 / ...,喜剧 / 犯罪,伊朗 / 日本,英语,2015-01-08(金球奖) / 2015-01-08(国际),155分钟,黄昏束缚的故事(陆) / 黄昏束缚的故事纪念版,tt9800977,7.1,26990,50.90%,33.10%,10.80%,2.90%,2.30%,《黄昏束缚的故事》是一部探讨人性的探索的感人电影。故事发生在深邃的太空，一名神秘的陌生人守护了珍贵的东西。在李军华的执导下，剧情扣人心弦，寓意深远悠长，将喜剧类型的魅力展现得淋漓尽致。本片是一部不可多得的佳作，在国际影展上备受瞩目。
现在的和平之下 A Life to the Future,https://movie.douban.com/subject/1000463/,张国文,刘杰峰 / 王龙峰 / 周强辉,小林大辅 / Steven Davis / 陈龙龙 / ...,喜剧 / 历史 / 音乐,日本,日语,2008-01-09(奥斯卡金像奖) / 2008-01-18(国际),110分钟,现在的和平之下(台),tt7140865,7.7,139745,61.80%,23.40%,7.50%,3.80%,3.50%,《现在的和平之下》是一部探讨时间的意义的宏大电影。故事发生在险峻的高山之巅，一名失意的作家战胜了内心的恐惧。在张国文的执导下，寓意深远悠长，导演手法独特，将喜剧类型的魅力展现得淋漓尽致。本片让人思考良久，展现了电影艺术的无限可能。
现在的选择的中心 Lost Journey at Dusk,https://movie.douban.com/subject/1000464/,金浩俊,刘军志 / 周文文,小林凉平 / 崔英秀 / 姜珍智 / ...,动作 / 历史,阿根廷,汉语普通话,2007-01-16(釜山电影节) / 2007-01-11(国际),230分钟,,tt9819179,6.6,42541,40.00%,41.50%,12.00%,4.40%,2.10%,《现在的选择的中心》是一部探讨空间的奥秘的震撼电影。故事发生在宁静的乡村，一对失散多年的兄弟经历了一次深刻的心灵洗礼。在金浩俊的执导下，剧情扣人心弦，情感表达细腻，将动作类型的魅力展现得淋漓尽致。本片具有很高的艺术价值，展现了电影艺术的无限可能。
遗忘的现实的誓言 Last Lie at Dawn,https://movie.douban.com/subject/1000465/,Christopher Rodriguez,山田次郎 / Paul Johnson / 刘龙杰,Robert Williams / 佐藤雄大 / 山田太郎 / ...,喜剧,西班牙,日语,2001-09-01(金球奖) / 2001-09-16(国际),125分钟,遗忘的现实的誓言(港),tt4753179,8.1,330253,74.60%,13.10%,7.30%,2.90%,2.10%,《遗忘的现实的誓言》是一部探讨科技的边界的感人电影。故事发生在广袤的沙漠，一个破碎的家庭跨越了时空的界限。在Christopher的执导下，细节处理到位，表演真挚感人，将喜剧类型的魅力展现得淋漓尽致。本片展现了电影的魅力，在国际影展上备受瞩目。
天空黑暗的故事 Lost Journey to the Future,https://movie.douban.com/subject/1000466/,尹恩珍,姜智英 / Peter Miller / Robert Miller,赵军建 / 陈国平 / 田中诚 / ...,动作,法国,法语,2004-08-28(柏林电影节) / 2004-10-27(国际),115分钟,天空黑暗的故事4K修复版 / Darkness,tt1392783,8.3,490780,60.40%,23.90%,8.80%,4.10%,2.80%,《天空黑暗的故事》是一部探讨空间的奥秘的细腻电影。故事发生在深邃的海洋，一个天真的孩子战胜了内心的恐惧。在尹恩珍的执导下，表演真挚感人，细节处理到位，将动作类型的魅力展现得淋漓尽致。本片值得反复品味，在国际影展上备受瞩目。
迷失的灵魂的回声 Lost Death in the Dark,https://movie.douban.com/subject/1000467/,金秀哲,姜智恩,Paul Jones / 赵文志 / Christopher Rodriguez / ...,喜剧,澳大利亚,英语,2015-04-23(金球奖) / 2015-06-25(国际),130分钟,迷失的灵魂的回声导演剪辑版,tt1768473,7.1,79861,41.30%,34.90%,14.80%,5.60%,3.40%,《迷失的灵魂的回声》是一部探讨友谊的力量的宏大电影。故事发生在雨林的深处，一位坚强的女性坚守了一个重要的承诺。在金秀哲的执导下，配乐动人心弦，导演手法独特，将喜剧类型的魅力展现得淋漓尽致。本片触动人心深处，在国际影展上备受瞩目。
天空灵魂的审判 Your Hope,https://movie.douban.com/subject/1000468/,张伟强,郑敏恩,王明平 / 张秀秀 / 尹浩贤 / ...,喜剧 / 神话 / 古装,爱尔兰,英语,2020-08-15(巴黎电影节) / 2020-11-03(国际),145分钟,天空灵魂的审判(陆) / 天空灵魂的审判4K修复版,tt1272834,9.1,772700,88.30%,5%,2%,2.80%,1.90%,《天空灵魂的审判》是一部探讨正义的坚守的深刻电影。故事发生在繁华的都市，一对相爱的恋人改变了世界的格局。在张伟强的执导下，节奏把控精准，视觉效果震撼，将喜剧类型的魅力展现得淋漓尽致。本片温暖而治愈，获得了观众的一致好评。
黄昏陌生人的抉择 Final Fear at Dawn,https://movie.douban.com/subject/1000469/,金秀恩,朴英智 / 刘志龙,Paul Wilson / David Davis / 王志强 / ...,动作,意大利,意大利语 / 英语,2009-10-09(罗马电影节) / 2009-10-23(国际),90分钟,黄昏陌生人的抉择(陆),tt6014541,9.3,1200472,82.00%,8.00%,5.00%,2.70%,2.30%,《黄昏陌生人的抉择》是一部探讨记忆的珍贵的宏大电影。故事发生在古代的王朝，一对相爱的恋人守护了珍贵的东西。在金秀恩的执导下，细节处理到位，寓意深远悠长，将动作类型的魅力展现得淋漓尽致。本片让人思考良久，获得了观众的一致好评。
午夜灵魂的回声 The Lie at Dusk,https://movie.douban.com/subject/1000470/,黄平超,张华伟,铃木雄大 / Robert Miller / 黄伟国 / ...,剧情 / 喜剧 / 短片,巴西,葡萄牙语 / 英语,1995-06-11(戛纳电影节) / 1995-09-25(国际),100分钟,午夜灵魂的回声(韩) / 午夜灵魂的回声4K修复版,tt7719742,7.7,52326,63.70%,19.10%,9.90%,3.90%,3.40%,《午夜灵魂的回声》是一部探讨正义的坚守的震撼电影。故事发生在繁华的都市，一位坚强的女性面对了一场前所未有的挑战。在黄平超的执导下，寓意深远悠长，视觉效果震撼，将剧情类型的魅力展现得淋漓尽致。本片充满了希望与力量，在国际影展上备受瞩目。
晨曦谎言的歌声 Found Love in the Dark,https://movie.douban.com/subject/1000471/,尹敏承,姜承俊 / 杨强华 / 李俊敏,赵敏智 / 黄杰强 / John Garcia / ...,爱情,墨西哥 / 匈牙利,西班牙语 / 英语,1992-09-09(圣丹斯电影节) / 1992-11-25(国际),150分钟,晨曦谎言的歌声(日) / 晨曦谎言的歌声纪念版,tt4215723,8.3,219035,65.40%,20.40%,7.30%,4.50%,2.40%,《晨曦谎言的歌声》是一部探讨家庭的温暖的深刻电影。故事发生在广袤的沙漠，一位智慧的导师战胜了内心的恐惧。在尹敏承的执导下，情感表达细腻，配乐动人心弦，将爱情类型的魅力展现得淋漓尽致。本片温暖而治愈，获得了观众的一致好评。
孤独的旅程的抉择 A Fear of the Soul,https://movie.douban.com/subject/1000472/,David Wilson,斋藤诚 / 赵峰平 / James Davis,刘辉军 / 吴峰华 / 山田太郎 / ...,科幻 / 灾难,澳大利亚,英语,2013-04-05(伦敦电影节) / 2013-05-05(国际),195分钟,孤独的旅程的抉择(陆) / Journey,tt5242739,7.6,170675,55.90%,22.50%,14.90%,4.50%,2.20%,《孤独的旅程的抉择》是一部探讨时间的意义的感人电影。故事发生在古代的王朝，一个破碎的家庭揭开了一个深藏多年的秘密。在David的执导下，气氛营造出色，视觉效果震撼，将科幻类型的魅力展现得淋漓尽致。本片展现了电影的魅力，展现了电影艺术的无限可能。
未来的空间的故事 Last Hope at Dawn,https://movie.douban.com/subject/1000473/,吴超超,刘军强 / 刘伟建 / 赵俊俊,刘杰辉 / 张鹏超 / 张文龙 / ...,剧情 / 冒险,西班牙,西班牙语,1976-05-10(东京电影节) / 1976-06-01(国际),220分钟,未来的空间的故事(日) / 未来的空间的故事4K修复版,tt3597108,8,183560,75.50%,14.50%,5.00%,2.30%,2.70%,《未来的空间的故事》是一部探讨自然的敬畏的细腻电影。故事发生在浪漫的海边小镇，一个天真的孩子面对了一场前所未有的挑战。在吴超超的执导下，节奏把控精准，表演真挚感人，将剧情类型的魅力展现得淋漓尽致。本片会成为经典之作，获得了观众的一致好评。
追寻记忆的中心 Our Fear,https://movie.douban.com/subject/1000474/,杨华志,黄峰杰,杨伟平 / George Williams / 周辉辉 / ...,剧情 / 动作 / 恐怖,俄罗斯,俄语 / 英语,2001-11-06(圣丹斯电影节) / 2001-11-07(国际),220分钟,追寻记忆的中心纪念版,tt7849439,8.1,395844,68.40%,16.60%,8.80%,4.20%,2.00%,《追寻记忆的中心》是一部探讨梦想的追求的深刻电影。故事发生在恐怖的黑暗领域，一对失散多年的兄弟守护了珍贵的东西。在杨华志的执导下，细节处理到位，思想内涵深刻，将剧情类型的魅力展现得淋漓尽致。本片会成为经典之作，在国际影展上备受瞩目。
现在的希望的约定 Our Journey of the Soul,https://movie.douban.com/subject/1000475/,James Johnson,陈辉志,崔贤恩 / 赵明军 / 黄辉平 / ...,动作 / 传记,新西兰,英语,1985-11-03(柏林电影节) / 1985-11-25(国际),250分钟,现在的希望的约定(台) / 现在的希望的约定加长版 / Hope,tt5753183,7,49463,51.20%,24.80%,12.20%,7.90%,3.90%,《现在的希望的约定》是一部探讨真相的揭露的深刻电影。故事发生在极地的冰雪世界，一群志同道合的朋友经历了一次深刻的心灵洗礼。在James的执导下，思想内涵深刻，寓意深远悠长，将动作类型的魅力展现得淋漓尽致。本片值得反复品味，获得了观众的一致好评。
记忆中的承诺的誓言 Lost Truth of the Soul,https://movie.douban.com/subject/1000476/,刘国平,Steven Garcia,David Wilson / 张建龙 / 李敏英 / ...,家庭 / 灾难 / 动作,日本 / 中国香港,日语 / 英语 / 西班牙语,1991-01-15(莫斯科电影节) / 1991-04-27(国际),175分钟,记忆中的承诺的誓言(新) / 记忆中的承诺的誓言特别版,tt3835094,7.4,75068,43.50%,29.60%,17.80%,5.70%,3.40%,《记忆中的承诺的誓言》是一部探讨和平的珍贵的深刻电影。故事发生在未来的世界，一个破碎的家庭经历了一次深刻的心灵洗礼。在刘国平的执导下，影片画面精美，寓意深远悠长，将家庭类型的魅力展现得淋漓尽致。本片充满了希望与力量，展现了电影艺术的无限可能。
迷失的怀疑之下 First Lie at Dusk,https://movie.douban.com/subject/1000477/,David Jones,John Johnson / Michael Davis,林承哲 / 高桥雄大 / 林秀承 / ...,科幻,埃及,英语,2017-07-18(罗马电影节) / 2017-10-09(国际),190分钟,,tt4285793,6.6,16604,40.30%,34.90%,13.20%,5.70%,5.90%,《迷失的怀疑之下》是一部探讨人性的探索的震撼电影。故事发生在末日后的废墟，一个天真的孩子改变了世界的格局。在David的执导下，表演真挚感人，视觉效果震撼，将科幻类型的魅力展现得淋漓尽致。本片让人思考良久，获得了观众的一致好评。
过去的绝望的传说 My Life to the Future,https://movie.douban.com/subject/1000478/,赵鹏伟,James Jones,James Rodriguez / 崔英珍 / 刘伟文 / ...,冒险 / 喜剧,澳大利亚,英语,1998-10-27(巴黎电影节) / 1998-11-06(国际),105分钟,过去的绝望的传说(新) / 过去的绝望的传说加长版,tt1016435,7.5,196166,49.90%,33.90%,10.60%,2.40%,3.20%,《过去的绝望的传说》是一部探讨时间的意义的细腻电影。故事发生在深邃的太空，一名失意的作家坚守了一个重要的承诺。在赵鹏伟的执导下，气氛营造出色，节奏把控精准，将冒险类型的魅力展现得淋漓尽致。本片展现了人性的光辉，展现了电影艺术的无限可能。
星辰空间的约定 Last Love in the Dark,https://movie.douban.com/subject/1000479/,田中凉平,黄杰文 / 郑珍智,周龙龙 / David Jones / David Davis / ...,爱情 / 家庭 / 传记,伊朗,英语,1980-01-24(莫斯科电影节) / 1980-01-02(国际),240分钟,星辰空间的约定(台),tt7624260,7.2,91753,53.10%,23.60%,13.70%,6.20%,3.40%,《星辰空间的约定》是一部探讨空间的奥秘的震撼电影。故事发生在古代的王朝，一位孤独的老人经历了一次深刻的心灵洗礼。在田中凉平的执导下，导演手法独特，寓意深远悠长，将爱情类型的魅力展现得淋漓尽致。本片温暖而治愈，获得了观众的一致好评。
晨曦朋友的歌声 Your Love to the Future,https://movie.douban.com/subject/1000480/,铃木健一,金哲英 / Christopher Davis / 伊藤凉平,David Rodriguez / Steven Garcia / Robert Miller / ...,动作 / 家庭,泰国,西班牙语,1990-01-06(罗马电影节) / 1990-01-02(国际),90分钟,,tt2325477,8.9,269378,75.40%,14.60%,5.00%,2.30%,2.70%,《晨曦朋友的歌声》是一部探讨人性的探索的宏大电影。故事发生在奇幻的魔法世界，一个破碎的家庭踏上了一段改变命运的旅程。在铃木健一的执导下，细节处理到位，影片画面精美，将动作类型的魅力展现得淋漓尽致。本片值得推荐给所有人，在国际影展上备受瞩目。
喧嚣的和平的约定 Last Love of the Soul,https://movie.douban.com/subject/1000481/,张哲恩,吴建平 / 中村大辅,Paul Rodriguez / 黄辉伟 / Paul Garcia / ...,爱情 / 黑色电影 / 动画,中国香港,粤语,1993-01-24(奥斯卡金像奖) / 1993-02-27(国际),185分钟,喧嚣的和平的约定(马) / 喧嚣的和平的约定加长版,tt1937197,8.2,349514,73.40%,16.60%,5.00%,2.20%,2.80%,《喧嚣的和平的约定》是一部探讨记忆的珍贵的深刻电影。故事发生在神秘的异域，一名神秘的陌生人揭开了一个深藏多年的秘密。在张哲恩的执导下，气氛营造出色，节奏把控精准，将爱情类型的魅力展现得淋漓尽致。本片让人思考良久，获得了观众的一致好评。
晨曦死亡 Your Lie,https://movie.douban.com/subject/1000482/,John Jones,张超军,吴建军 / 陈华辉 / 周建文 / ...,剧情 / 神话,法国,法语 / 英语,1981-04-10(金球奖) / 1981-07-26(国际),115分钟,晨曦死亡加长版,tt7038222,6.4,18168,39.60%,32.60%,15.50%,5.60%,6.70%,《晨曦死亡》是一部探讨自然的敬畏的震撼电影。故事发生在浪漫的海边小镇，一位孤独的老人找到了生命的真谛。在John的执导下，视觉效果震撼，影片画面精美，将剧情类型的魅力展现得淋漓尽致。本片展现了人性的光辉，在国际影展上备受瞩目。
未来的遗忘之间 Their Promise,https://movie.douban.com/subject/1000483/,James Smith,李珍哲,陈军峰 / 崔智浩 / David Wilson / ...,剧情 / 音乐 / 西部,土耳其,汉语普通话,1981-03-05(东京电影节) / 1981-06-19(国际),110分钟,未来的遗忘之间(台) / 未来的遗忘之间特别版,tt7699052,8,404074,62.10%,22.50%,9.90%,3.80%,1.70%,《未来的遗忘之间》是一部探讨战争的残酷的感人电影。故事发生在广袤的沙漠，一位孤独的老人揭开了一个深藏多年的秘密。在James的执导下，节奏把控精准，剧情扣人心弦，将剧情类型的魅力展现得淋漓尽致。本片具有很高的艺术价值，展现了电影艺术的无限可能。
冰冷的谎言的证明 Found Promise from the Past,https://movie.douban.com/subject/1000484/,佐藤拓也,王超辉 / Robert Rodriguez,Christopher Miller / 陈超文 / 尹珍敏 / ...,喜剧,西班牙,西班牙语,1990-04-27(金棕榈奖) / 1990-06-10(国际),195分钟,冰冷的谎言的证明(台) / 冰冷的谎言的证明修复版,tt1434790,6.3,17548,40.30%,37.20%,14.30%,5.20%,3.00%,《冰冷的谎言的证明》是一部探讨正义的坚守的细腻电影。故事发生在末日后的废墟，一位年轻的冒险家实现了曾经的梦想。在佐藤拓也的执导下，节奏把控精准，情感表达细腻，将喜剧类型的魅力展现得淋漓尽致。本片让人思考良久，获得了观众的一致好评。
沉默的故乡的抉择 Their Journey at Dawn,https://movie.douban.com/subject/1000485/,Michael Miller,李建志 / 黄军杰 / Steven Jones,张承珍 / 王龙龙 / 赵辉华 / ...,剧情,以色列,法语,2021-01-06(罗马电影节) / 2021-03-07(国际),165分钟,沉默的故乡的抉择(马) / 沉默的故乡的抉择纪念版,tt6955478,7,49823,51.70%,33.50%,8.00%,2.90%,3.90%,《沉默的故乡的抉择》是一部探讨命运的挑战的深刻电影。故事发生在奇幻的魔法世界，一个破碎的家庭经历了一次深刻的心灵洗礼。在Michael的执导下，表演真挚感人，剧情扣人心弦，将剧情类型的魅力展现得淋漓尽致。本片展现了人性的光辉，在国际影展上备受瞩目。
眼前的真相之上 Last Truth of the Soul,https://movie.douban.com/subject/1000486/,王文平,赵建强,山田拓也 / 吴强强 / Paul Brown / ...,冒险 / 战争 / 动作,俄罗斯,俄语,1975-05-02(柏林电影节) / 1975-07-07(国际),105分钟,眼前的真相之上(陆) / 眼前的真相之上纪念版,tt2651547,7.7,87774,54.90%,31.50%,8.60%,2.70%,2.30%,《眼前的真相之上》是一部探讨爱情的真谛的震撼电影。故事发生在虚拟的网络空间，一位坚强的女性揭开了一个深藏多年的秘密。在王文平的执导下，剧情扣人心弦，节奏把控精准，将冒险类型的魅力展现得淋漓尽致。本片展现了电影的魅力，展现了电影艺术的无限可能。
迷失的记忆的中心 Final Promise,https://movie.douban.com/subject/1000487/,James Jones,李伟辉 / 周志文,中村健一 / 张强明 / 赵华龙 / ...,爱情 / 恐怖,墨西哥,西班牙语 / 英语,2014-01-03(柏林电影节) / 2014-01-10(国际),230分钟,迷失的记忆的中心(韩) / 迷失的记忆的中心导演剪辑版,tt1669032,8.1,230404,65.30%,23.40%,6.20%,2.60%,2.50%,《迷失的记忆的中心》是一部探讨人性的探索的深刻电影。故事发生在广袤的沙漠，一个破碎的家庭面对了一场前所未有的挑战。在James的执导下，细节处理到位，配乐动人心弦，将爱情类型的魅力展现得淋漓尽致。本片展现了电影的魅力，展现了电影艺术的无限可能。
最后的信念的救赎 A Journey from the Past,https://movie.douban.com/subject/1000488/,John Brown,尹恩承 / Peter Miller,陈杰杰 / 刘建峰 / Michael Wilson / ...,剧情 / 动画,越南,汉语普通话,2000-06-21(东京电影节) / 2000-07-21(国际),125分钟,最后的信念的救赎(台) / 最后的信念的救赎修复版,tt4950335,9.4,694080,92.40%,5%,2%,0.50%,0.10%,《最后的信念的救赎》是一部探讨时间的意义的细腻电影。故事发生在恐怖的黑暗领域，一名神秘的陌生人完成了一次自我的救赎。在John的执导下，细节处理到位，影片画面精美，将剧情类型的魅力展现得淋漓尽致。本片会成为经典之作，展现了电影艺术的无限可能。
冻结的旅程的旅程 Lost Truth in the Dark,https://movie.douban.com/subject/1000489/,金贤贤,刘军超 / 赵辉明,佐藤次郎 / Michael Brown / George Davis / ...,脱口秀 / 传记 / 科幻,墨西哥,西班牙语,1982-06-15(圣丹斯电影节) / 1982-06-22(国际),200分钟,冻结的旅程的旅程(马) / Journey,tt8977928,6.5,49056,43.00%,30.60%,18.20%,5.70%,2.50%,《冻结的旅程的旅程》是一部探讨战争的残酷的感人电影。故事发生在极地的冰雪世界，一名勇敢的战士跨越了时空的界限。在金贤贤的执导下，气氛营造出色，寓意深远悠长，将脱口秀类型的魅力展现得淋漓尽致。本片令人难以忘怀，获得了观众的一致好评。
迷失的生命的救赎 The Promise in the Dark,https://movie.douban.com/subject/1000490/,李平华,张建峰 / 李鹏杰 / 周峰峰,田中次郎 / 周建明 / Steven Smith / ...,情色 / 动作 / 悬疑,南非,法语,1986-01-08(圣丹斯电影节) / 1986-04-25(国际),195分钟,,tt3592047,6.4,19902,40.60%,35.60%,14.70%,4.40%,4.70%,《迷失的生命的救赎》是一部探讨自由的渴望的宏大电影。故事发生在战火纷飞的年代，一对相爱的恋人经历了一次深刻的心灵洗礼。在李平华的执导下，表演真挚感人，思想内涵深刻，将情色类型的魅力展现得淋漓尽致。本片会成为经典之作，获得了观众的一致好评。
黄昏真相的旅程 Found Promise in the Dark,https://movie.douban.com/subject/1000491/,Michael Johnson,Robert Smith,李明伟 / 吴龙超 / 渡边大辅 / ...,科幻 / 悬疑,巴西 / 俄罗斯,葡萄牙语 / 英语,1988-02-07(釜山电影节) / 1988-04-08(国际),200分钟,Journey,tt5952876,7.7,59084,57.80%,24.30%,12.40%,3.10%,2.40%,《黄昏真相的旅程》是一部探讨文化的碰撞的感人电影。故事发生在雨林的深处，一位智慧的导师改变了世界的格局。在Michael的执导下，配乐动人心弦，寓意深远悠长，将科幻类型的魅力展现得淋漓尽致。本片令人难以忘怀，展现了电影艺术的无限可能。
眼前的故乡之外 The Death to the Future,https://movie.douban.com/subject/1000492/,赵军志,陈鹏军 / Steven Wilson,周伟超 / 陈龙强 / 王超文 / ...,科幻 / 喜剧,伊朗 / 土耳其 / 荷兰,汉语普通话,1987-01-13(上海电影节) / 1987-01-17(国际),140分钟,眼前的故乡之外4K修复版,tt5275957,6.2,13965,43.00%,33.70%,15.90%,3.10%,4.30%,《眼前的故乡之外》是一部探讨梦想的追求的深刻电影。故事发生在神秘的异域，一对失散多年的兄弟改变了世界的格局。在赵军志的执导下，节奏把控精准，细节处理到位，将科幻类型的魅力展现得淋漓尽致。本片充满了希望与力量，获得了观众的一致好评。
遗忘的陌生人的誓言 My Dream at Dusk,https://movie.douban.com/subject/1000493/,赵龙辉,Robert Johnson / 黄超杰 / John Williams,Paul Rodriguez / 田中次郎 / Michael Rodriguez / ...,剧情 / 武侠,芬兰,西班牙语,1970-08-07(威尼斯电影节) / 1970-08-22(国际),120分钟,遗忘的陌生人的誓言(韩),tt5517257,6.4,18096,34.80%,43.70%,11.50%,6.30%,3.70%,《遗忘的陌生人的誓言》是一部探讨记忆的珍贵的震撼电影。故事发生在雨林的深处，一位年轻的冒险家守护了珍贵的东西。在赵龙辉的执导下，配乐动人心弦，气氛营造出色，将剧情类型的魅力展现得淋漓尽致。本片触动人心深处，在国际影展上备受瞩目。
遗忘的承诺之上 First Promise at Dawn,https://movie.douban.com/subject/1000494/,李俊哲,张敏浩 / 吴龙国 / Michael Smith,李文志 / Steven Smith / Christopher Brown / ...,科幻,越南 / 加拿大,日语,2000-09-07(釜山电影节) / 2000-11-04(国际),120分钟,遗忘的承诺之上(新) / 遗忘的承诺之上4K修复版,tt1101140,8.3,321181,58.40%,23.20%,11.30%,3.20%,3.90%,《遗忘的承诺之上》是一部探讨科技的边界的感人电影。故事发生在古代的王朝，一位年轻的冒险家踏上了一段改变命运的旅程。在李俊哲的执导下，情感表达细腻，思想内涵深刻，将科幻类型的魅力展现得淋漓尽致。本片展现了电影的魅力，展现了电影艺术的无限可能。
冰冷的朋友的证明 Your Hate,https://movie.douban.com/subject/1000495/,吴强军,张哲恩 / 陈超强 / 王平华,Michael Wilson / 王龙国 / 杨文建 / ...,爱情 / 古装,美国 / 中国大陆,英语 / 法语 / 西班牙语,2003-07-20(巴黎电影节) / 2003-09-23(国际),250分钟,冰冷的朋友的证明(台),tt8398400,6.3,11331,44.90%,28.50%,15.30%,7.10%,4.20%,《冰冷的朋友的证明》是一部探讨记忆的珍贵的震撼电影。故事发生在恐怖的黑暗领域，一位智慧的导师面对了一场前所未有的挑战。在吴强军的执导下，配乐动人心弦，寓意深远悠长，将爱情类型的魅力展现得淋漓尽致。本片充满了希望与力量，展现了电影艺术的无限可能。
沉默的命运之内 A Love to the Future,https://movie.douban.com/subject/1000496/,黄鹏辉,赵珍珍 / 周杰峰,张文强 / 朴秀浩 / 李明军 / ...,剧情,埃及 / 荷兰 / 印度,汉语普通话,2002-09-08(伦敦电影节) / 2002-11-05(国际),95分钟,沉默的命运之内(陆),tt7491594,9.5,523867,92.30%,5%,2%,0.50%,0.20%,《沉默的命运之内》是一部探讨人性的探索的震撼电影。故事发生在极地的冰雪世界，一群志同道合的朋友改变了世界的格局。在黄鹏辉的执导下，表演真挚感人，节奏把控精准，将剧情类型的魅力展现得淋漓尽致。本片充满了希望与力量，展现了电影艺术的无限可能。
迷失的绝望的审判 Their Hate,https://movie.douban.com/subject/1000497/,Peter Davis,Peter Smith,姜恩敏 / 朴敏恩 / 周辉文 / ...,爱情 / 古装 / 运动,英国 / 波兰 / 越南,英语,1987-01-06(釜山电影节) / 1987-04-19(国际),175分钟,迷失的绝望的审判(陆),tt2422042,8.7,861377,76.30%,13.70%,5.00%,3.40%,1.60%,《迷失的绝望的审判》是一部探讨和平的珍贵的感人电影。故事发生在恐怖的黑暗领域，一名勇敢的战士改变了世界的格局。在Peter的执导下，节奏把控精准，剧情扣人心弦，将爱情类型的魅力展现得淋漓尽致。本片令人难以忘怀，获得了观众的一致好评。
冰冷的战争的抉择 Lost Dream to the Future,https://movie.douban.com/subject/1000498/,田中诚,周峰平 / 佐藤凉平 / 斋藤三郎,佐藤太郎 / 刘志强 / James Wilson / ...,歌舞 / 科幻 / 喜剧,墨西哥,西班牙语,2019-10-08(金球奖) / 2019-10-14(国际),230分钟,冰冷的战争的抉择(日) / 冰冷的战争的抉择修复版,tt8555461,9.4,1454190,84.10%,5.90%,5.00%,2.80%,2.20%,《冰冷的战争的抉择》是一部探讨友谊的力量的细腻电影。故事发生在极地的冰雪世界，一名神秘的陌生人找到了生命的真谛。在田中诚的执导下，思想内涵深刻，剧情扣人心弦，将歌舞类型的魅力展现得淋漓尽致。本片温暖而治愈，展现了电影艺术的无限可能。
记忆中的朋友的歌声 A Dream to the Future,https://movie.douban.com/subject/1000499/,林承承,朴敏智 / 郑承哲 / 张杰辉,伊藤翔太 / 中村诚 / 小林大辅 / ...,动作,奥地利,英语,1991-02-10(多伦多电影节) / 1991-04-17(国际),145分钟,记忆中的朋友的歌声(日) / 记忆中的朋友的歌声纪念版,tt3656731,9.4,1108182,85.20%,5%,4.80%,3.10%,1.90%,《记忆中的朋友的歌声》是一部探讨生命的价值的震撼电影。故事发生在古代的王朝，一位孤独的老人坚守了一个重要的承诺。在林承承的执导下，表演真挚感人，视觉效果震撼，将动作类型的魅力展现得淋漓尽致。本片温暖而治愈，在国际影展上备受瞩目。
迷失的勇气之外 The Hate from the Past,https://movie.douban.com/subject/1000500/,吴建强,Christopher Williams / 铃木拓也,伊藤诚 / 张华军 / Peter Jones / ...,剧情,挪威,西班牙语,1993-05-14(伦敦电影节) / 1993-05-21(国际),150分钟,迷失的勇气之外(港),tt6143592,7.8,127136,58.70%,28.00%,7.30%,3.80%,2.20%,《迷失的勇气之外》是一部探讨家庭的温暖的细腻电影。故事发生在繁华的都市，一位坚强的女性踏上了一段改变命运的旅程。在吴建强的执导下，剧情扣人心弦，视觉效果震撼，将剧情类型的魅力展现得淋漓尽致。本片触动人心深处，在国际影展上备受瞩目。
太阳死亡之内 First Truth in the Dark,https://movie.douban.com/subject/1000501/,Paul Davis,赵敏俊 / David Williams,刘龙强 / 李秀智 / 赵哲珍 / ...,剧情,土耳其,法语,2011-01-13(莫斯科电影节) / 2011-01-08(国际),240分钟,太阳死亡之内(陆),tt3029358,6,6773,38.10%,38.10%,16.00%,5.40%,2.40%,《太阳死亡之内》是一部探讨正义的坚守的宏大电影。故事发生在恐怖的黑暗领域，一对相爱的恋人发现了一个惊人的真相。在Paul的执导下，视觉效果震撼，情感表达细腻，将剧情类型的魅力展现得淋漓尽致。本片值得反复品味，在国际影展上备受瞩目。
风雨恐惧的约定 The Hope in the Dark,https://movie.douban.com/subject/1000502/,Paul Smith,郑秀珍 / Paul Williams,崔敏哲 / David Davis / 姜秀承 / ...,动作 / 黑色电影 / 历史,澳大利亚 / 瑞典 / 瑞士,英语,1991-07-11(金球奖) / 1991-08-24(国际),100分钟,风雨恐惧的约定(日) / 风雨恐惧的约定4K修复版,tt7185272,8.9,950803,76.10%,13.60%,5.20%,2.50%,2.60%,《风雨恐惧的约定》是一部探讨身份的认同的宏大电影。故事发生在恐怖的黑暗领域，一位智慧的导师发现了一个惊人的真相。在Paul的执导下，节奏把控精准，细节处理到位，将动作类型的魅力展现得淋漓尽致。本片令人难以忘怀，获得了观众的一致好评。
眼前的秘密的约定 A Fear to the Future,https://movie.douban.com/subject/1000503/,David Davis,Paul Wilson / 李英珍,崔英浩 / 黄文超 / 张龙志 / ...,科幻 / 情色,丹麦 / 瑞士,英语,2015-04-04(多伦多电影节) / 2015-05-16(国际),145分钟,眼前的秘密的约定(台),tt3916372,7.5,85677,51.90%,28.40%,10.30%,5.60%,3.80%,《眼前的秘密的约定》是一部探讨身份的认同的感人电影。故事发生在神秘的异域，一名神秘的陌生人面对了一场前所未有的挑战。在David的执导下，细节处理到位，气氛营造出色，将科幻类型的魅力展现得淋漓尽致。本片会成为经典之作，获得了观众的一致好评。
现在的绝望的痕迹 Last Hope to the Future,https://movie.douban.com/subject/1000504/,周华伟,斋藤诚 / John Davis,Steven Davis / John Brown / 王杰华 / ...,喜剧 / 奇幻 / 悬疑,美国,英语 / 法语,2017-07-22(奥斯卡金像奖) / 2017-07-02(国际),220分钟,,tt1149649,9.4,2479735,89.20%,5%,2%,1.80%,2.00%,《现在的绝望的痕迹》是一部探讨身份的认同的震撼电影。故事发生在战火纷飞的年代，一个天真的孩子守护了珍贵的东西。在周华伟的执导下，影片画面精美，细节处理到位，将喜剧类型的魅力展现得淋漓尽致。本片触动人心深处，在国际影展上备受瞩目。
温暖的命运的痕迹 A Promise from the Past,https://movie.douban.com/subject/1000505/,Robert Johnson,尹俊英,吴强龙 / 杨杰超 / 田中拓也 / ...,剧情 / 犯罪,丹麦,法语,2017-01-19(圣丹斯电影节) / 2017-04-01(国际),135分钟,温暖的命运的痕迹(陆) / Destiny,tt6477273,7.6,141316,59.40%,26.50%,8.80%,3.40%,1.90%,《温暖的命运的痕迹》是一部探讨战争的残酷的宏大电影。故事发生在一个遥远的小镇，一对相爱的恋人完成了一次自我的救赎。在Robert的执导下，情感表达细腻，节奏把控精准，将剧情类型的魅力展现得淋漓尽致。本片令人难以忘怀，展现了电影艺术的无限可能。
喧嚣的秘密的传说 My Hate at Dawn,https://movie.douban.com/subject/1000506/,杨文龙,伊藤拓也,张珍秀 / 张华峰 / 渡边翔太 / ...,惊悚 / 爱情,奥地利,法语,2001-03-03(柏林电影节) / 2001-04-20(国际),130分钟,喧嚣的秘密的传说(港),tt9742763,6.9,38618,42.40%,38.30%,10.70%,4.20%,4.40%,《喧嚣的秘密的传说》是一部探讨爱情的真谛的细腻电影。故事发生在雨林的深处，一位孤独的老人改变了世界的格局。在杨文龙的执导下，影片画面精美，气氛营造出色，将惊悚类型的魅力展现得淋漓尽致。本片让人思考良久，获得了观众的一致好评。
现在的梦想的审判 My Love of the Soul,https://movie.douban.com/subject/1000507/,中村凉平,John Garcia / 赵华鹏,George Rodriguez / 赵伟辉 / Michael Johnson / ...,动作 / 传记,瑞典 / 挪威,日语,1978-12-01(东京电影节) / 1978-12-19(国际),175分钟,现在的梦想的审判4K修复版,tt3562576,8.1,224425,71.90%,16.50%,6.00%,2.40%,3.20%,《现在的梦想的审判》是一部探讨生命的价值的感人电影。故事发生在险峻的高山之巅，一名失意的作家守护了珍贵的东西。在中村凉平的执导下，配乐动人心弦，表演真挚感人，将动作类型的魅力展现得淋漓尽致。本片值得推荐给所有人，获得了观众的一致好评。
太阳故乡的故事 Your Truth of the Soul,https://movie.douban.com/subject/1000508/,Michael Davis,Paul Wilson / 金珍哲 / 杨文建,Paul Rodriguez / Michael Davis / 周强国 / ...,爱情 / 动画 / 音乐,英国,英语 / 法语,1972-05-02(东京电影节) / 1972-08-11(国际),100分钟,,tt5026097,8.2,397023,66.70%,22.70%,5.60%,2.30%,2.70%,《太阳故乡的故事》是一部探讨和平的珍贵的细腻电影。故事发生在一个遥远的小镇，一位坚强的女性完成了一次自我的救赎。在Michael的执导下，表演真挚感人，导演手法独特，将爱情类型的魅力展现得淋漓尽致。本片是一部不可多得的佳作，获得了观众的一致好评。
燃烧的战争的故事 Found Love of the Soul,https://movie.douban.com/subject/1000509/,吴鹏华,Christopher Garcia / 刘鹏志,杨杰军 / 赵秀浩 / 刘志强 / ...,喜剧 / 动画 / 战争,希腊 / 荷兰 / 伊朗,汉语普通话,2014-01-11(柏林电影节) / 2014-02-20(国际),105分钟,燃烧的战争的故事(日),tt4511399,7.1,90357,44.20%,35.50%,12.50%,3.50%,4.30%,《燃烧的战争的故事》是一部探讨自然的敬畏的深刻电影。故事发生在战火纷飞的年代，一对相爱的恋人改变了世界的格局。在吴鹏华的执导下，思想内涵深刻，导演手法独特，将喜剧类型的魅力展现得淋漓尽致。本片让人思考良久，展现了电影艺术的无限可能。
沉默的起点的回声 Their Lie in the Dark,https://movie.douban.com/subject/1000510/,崔英英,小林拓也,George Smith / 渡边太郎 / 张恩珍 / ...,剧情,捷克,西班牙语,2005-06-25(伦敦电影节) / 2005-09-01(国际),250分钟,沉默的起点的回声(陆),tt6097950,6.5,45063,38.40%,35.00%,16.70%,4.40%,5.50%,《沉默的起点的回声》是一部探讨和平的珍贵的深刻电影。故事发生在虚拟的网络空间，一名失意的作家守护了珍贵的东西。在崔英英的执导下，情感表达细腻，表演真挚感人，将剧情类型的魅力展现得淋漓尽致。本片展现了电影的魅力，在国际影展上备受瞩目。
太阳时间的中心 Your Lie at Dawn,https://movie.douban.com/subject/1000511/,崔智秀,崔英珍,山田次郎 / Michael Jones / Michael Williams / ...,爱情 / 神话 / 历史,德国 / 瑞典,德语 / 日语,2003-08-22(上海电影节) / 2003-09-09(国际),150分钟,太阳时间的中心导演剪辑版,tt9156228,7.9,178518,61.80%,20.10%,10.30%,4.80%,3.00%,《太阳时间的中心》是一部探讨生命的价值的宏大电影。故事发生在浪漫的海边小镇，一位孤独的老人改变了世界的格局。在崔智秀的执导下，导演手法独特，细节处理到位，将爱情类型的魅力展现得淋漓尽致。本片让人思考良久，展现了电影艺术的无限可能。
冰冷的梦境的歌声 Found Death at Dusk,https://movie.douban.com/subject/1000512/,刘峰军,Christopher Wilson / Peter Smith / Robert Davis,Michael Rodriguez / 金秀英 / 郑俊浩 / ...,爱情 / 神话,葡萄牙,汉语普通话,2020-05-23(东京电影节) / 2020-07-15(国际),95分钟,,tt1390047,7.1,88998,53.90%,25.90%,10.50%,4.20%,5.50%,《冰冷的梦境的歌声》是一部探讨生命的价值的宏大电影。故事发生在虚拟的网络空间，一位年轻的冒险家守护了珍贵的东西。在刘峰军的执导下，影片画面精美，情感表达细腻，将爱情类型的魅力展现得淋漓尽致。本片触动人心深处，在国际影展上备受瞩目。
黎明远方之内 Last Dream of the Soul,https://movie.douban.com/subject/1000513/,赵军平,David Miller,Christopher Williams / 吴平鹏 / James Williams / ...,爱情,瑞士 / 西班牙,英语,2019-04-21(东京电影节) / 2019-05-27(国际),120分钟,黎明远方之内(韩),tt5585605,6.3,15623,43.00%,39.00%,9.80%,4.60%,3.60%,《黎明远方之内》是一部探讨自由的渴望的震撼电影。故事发生在虚拟的网络空间，一个破碎的家庭突破了自我的极限。在赵军平的执导下，情感表达细腻，剧情扣人心弦，将爱情类型的魅力展现得淋漓尽致。本片令人难以忘怀，获得了观众的一致好评。
荒野黑暗的誓言 Found Truth in the Dark,https://movie.douban.com/subject/1000514/,吴强平,赵军建 / Robert Rodriguez,周军超 / 崔贤敏 / 佐藤翔太 / ...,动作 / 冒险 / 犯罪,澳大利亚,英语,2004-01-16(伦敦电影节) / 2004-02-07(国际),95分钟,荒野黑暗的誓言加长版 / Darkness,tt6213450,8,313471,73.70%,14.90%,5.90%,2.50%,3.00%,《荒野黑暗的誓言》是一部探讨时间的意义的深刻电影。故事发生在深邃的太空，一位智慧的导师改变了世界的格局。在吴强平的执导下，气氛营造出色，思想内涵深刻，将动作类型的魅力展现得淋漓尽致。本片充满了希望与力量，在国际影展上备受瞩目。
迷失的秘密的歌声 Final Hate of the Soul,https://movie.douban.com/subject/1000515/,赵平建,David Johnson / 赵强龙,金哲俊 / George Wilson / 李峰建 / ...,剧情 / 运动,韩国,韩语,2013-08-08(威尼斯电影节) / 2013-10-28(国际),250分钟,,tt4072773,8.7,333543,85.80%,5%,4.20%,2.30%,2.70%,《迷失的秘密的歌声》是一部探讨友谊的力量的感人电影。故事发生在繁华的都市，一对相爱的恋人踏上了一段改变命运的旅程。在赵平建的执导下，气氛营造出色，细节处理到位，将剧情类型的魅力展现得淋漓尽致。本片是一部不可多得的佳作，展现了电影艺术的无限可能。
冻结的肉体的誓言 Lost Truth from the Past,https://movie.douban.com/subject/1000516/,伊藤三郎,吴峰文 / Paul Johnson / 黄志文,杨超国 / 林贤恩 / 王龙杰 / ...,儿童 / 舞台艺术 / 喜剧,波兰,法语,2013-01-01(上海电影节) / 2013-02-05(国际),160分钟,,tt1082616,6.2,18316,31.80%,46.90%,14.20%,4.70%,2.40%,《冻结的肉体的誓言》是一部探讨文化的碰撞的震撼电影。故事发生在险峻的高山之巅，一个天真的孩子踏上了一段改变命运的旅程。在伊藤三郎的执导下，配乐动人心弦，剧情扣人心弦，将儿童类型的魅力展现得淋漓尽致。本片会成为经典之作，在国际影展上备受瞩目。
海洋信念的传说 The Hope at Dawn,https://movie.douban.com/subject/1000517/,李辉辉,田中诚 / Paul Garcia,李明辉 / 林英秀 / Peter Garcia / ...,动作 / 灾难 / 武侠,伊朗,法语,1993-04-12(多伦多电影节) / 1993-04-07(国际),140分钟,,tt7943202,7,95863,44.10%,29.90%,16.10%,4.10%,5.80%,《海洋信念的传说》是一部探讨科技的边界的细腻电影。故事发生在宁静的乡村，一名勇敢的战士找到了生命的真谛。在李辉辉的执导下，影片画面精美，表演真挚感人，将动作类型的魅力展现得淋漓尽致。本片展现了电影的魅力，获得了观众的一致好评。
未来的英雄的传说 The Secret to the Future,https://movie.douban.com/subject/1000518/,张智贤,崔恩俊 / George Davis / George Rodriguez,高桥次郎 / Michael Wilson / 刘龙明 / ...,动作,德国 / 英国 / 中国台湾,德语 / 英语,1978-07-05(圣丹斯电影节) / 1978-09-13(国际),125分钟,未来的英雄的传说(韩),tt4673205,7.6,57180,52.00%,29.90%,9.40%,5.40%,3.30%,《未来的英雄的传说》是一部探讨时间的意义的感人电影。故事发生在虚拟的网络空间，一名失意的作家找到了生命的真谛。在张智贤的执导下，表演真挚感人，剧情扣人心弦，将动作类型的魅力展现得淋漓尽致。本片触动人心深处，获得了观众的一致好评。
记忆中的旅程的传说 First Truth in the Dark,https://movie.douban.com/subject/1000519/,John Williams,Christopher Rodriguez / James Williams / 刘强龙,郑俊哲 / 渡边诚 / Christopher Smith / ...,爱情,俄罗斯,俄语 / 英语,2023-03-02(威尼斯电影节) / 2023-05-21(国际),170分钟,记忆中的旅程的传说(港) / 记忆中的旅程的传说4K修复版,tt8892593,6.6,44942,32.80%,38.60%,17.50%,4.60%,6.50%,《记忆中的旅程的传说》是一部探讨自由的渴望的深刻电影。故事发生在古代的王朝，一群志同道合的朋友改变了世界的格局。在John的执导下，剧情扣人心弦，影片画面精美，将爱情类型的魅力展现得淋漓尽致。本片值得推荐给所有人，在国际影展上备受瞩目。
晨曦选择的痕迹 First Hope from the Past,https://movie.douban.com/subject/1000520/,赵伟伟,陈杰国,George Williams / 林敏俊 / 周峰鹏 / ...,爱情 / 儿童 / 古装,加拿大,英语 / 法语,2021-06-22(伦敦电影节) / 2021-09-09(国际),120分钟,晨曦选择的痕迹(新),tt5677036,8.7,971015,85.50%,5%,4.50%,3.50%,1.50%,《晨曦选择的痕迹》是一部探讨战争的残酷的宏大电影。故事发生在神秘的异域，一群志同道合的朋友战胜了内心的恐惧。在赵伟伟的执导下，细节处理到位，配乐动人心弦，将爱情类型的魅力展现得淋漓尽致。本片令人难以忘怀，展现了电影艺术的无限可能。
天空希望 Their Death to the Future,https://movie.douban.com/subject/1000521/,黄建建,小林大辅,黄辉杰 / 黄峰龙 / Steven Jones / ...,爱情 / 情色 / 儿童,俄罗斯 / 希腊 / 比利时,俄语,1975-06-06(巴黎电影节) / 1975-08-28(国际),165分钟,天空希望(马) / 天空希望4K修复版 / Hope,tt2702097,6.4,9027,37.70%,39.70%,12.70%,4.80%,5.10%,《天空希望》是一部探讨成长的烦恼的深刻电影。故事发生在奇幻的魔法世界，一位年轻的冒险家守护了珍贵的东西。在黄建建的执导下，节奏把控精准，剧情扣人心弦，将爱情类型的魅力展现得淋漓尽致。本片展现了人性的光辉，展现了电影艺术的无限可能。
星辰命运的故事 A Promise of the Soul,https://movie.douban.com/subject/1000522/,吴杰文,Peter Miller / 张浩承 / 斋藤拓也,吴国军 / 林恩俊 / 赵辉龙 / ...,歌舞 / 剧情,美国,英语 / 西班牙语,1982-01-06(东京电影节) / 1982-03-07(国际),175分钟,星辰命运的故事(港) / 星辰命运的故事加长版 / Destiny,tt4653849,9.5,2485768,84.20%,5.80%,5.00%,2.70%,2.30%,《星辰命运的故事》是一部探讨自由的渴望的宏大电影。故事发生在未来的世界，一名神秘的陌生人找到了生命的真谛。在吴杰文的执导下，气氛营造出色，节奏把控精准，将歌舞类型的魅力展现得淋漓尽致。本片值得反复品味，在国际影展上备受瞩目。
温暖的自由的歌声 Last Promise to the Future,https://movie.douban.com/subject/1000523/,Steven Davis,金英浩,张建强 / Paul Miller / Peter Johnson / ...,科幻,韩国,韩语 / 英语,1971-08-27(釜山电影节) / 1971-10-11(国际),155分钟,温暖的自由的歌声修复版,tt8682042,9.3,1499552,89.10%,5%,2%,2.60%,1.30%,《温暖的自由的歌声》是一部探讨家庭的温暖的感人电影。故事发生在险峻的高山之巅，一个天真的孩子突破了自我的极限。在Steven的执导下，情感表达细腻，剧情扣人心弦，将科幻类型的魅力展现得淋漓尽致。本片值得推荐给所有人，展现了电影艺术的无限可能。
眼前的爱情的传说 A Hope of the Soul,https://movie.douban.com/subject/1000524/,姜珍敏,George Smith / 周鹏辉 / David Garcia,佐藤雄大 / Michael Davis / 杨杰强 / ...,动作,墨西哥,西班牙语,1985-08-02(莫斯科电影节) / 1985-10-19(国际),140分钟,眼前的爱情的传说(港) / Love,tt3772203,8.3,410232,67.60%,19.50%,7.80%,3.30%,1.80%,《眼前的爱情的传说》是一部探讨家庭的温暖的宏大电影。故事发生在未来的世界，一对相爱的恋人完成了一次自我的救赎。在姜珍敏的执导下，思想内涵深刻，影片画面精美，将动作类型的魅力展现得淋漓尽致。本片具有很高的艺术价值，展现了电影艺术的无限可能。
沉默的选择的中心 First Secret of the Soul,https://movie.douban.com/subject/1000525/,杨超建,赵国伟 / 赵志华,佐藤次郎 / 铃木诚 / 高桥健一 / ...,喜剧 / 战争,新西兰,西班牙语,2002-06-25(莫斯科电影节) / 2002-09-06(国际),210分钟,沉默的选择的中心(新),tt4158077,6.1,11461,34.50%,33.60%,20.10%,5.50%,6.30%,《沉默的选择的中心》是一部探讨科技的边界的震撼电影。故事发生在广袤的沙漠，一名失意的作家经历了一次深刻的心灵洗礼。在杨超建的执导下，细节处理到位，表演真挚感人，将喜剧类型的魅力展现得淋漓尽致。本片是一部不可多得的佳作，在国际影展上备受瞩目。
黄昏真相的誓言 Final Hope to the Future,https://movie.douban.com/subject/1000526/,赵文强,斋藤拓也,Robert Davis / James Jones / 张超军 / ...,科幻 / 犯罪 / 西部,比利时,汉语普通话,2002-04-04(戛纳电影节) / 2002-05-03(国际),250分钟,黄昏真相的誓言(新) / 黄昏真相的誓言纪念版,tt3041742,6.2,19573,45.30%,32.20%,14.40%,4.30%,3.80%,《黄昏真相的誓言》是一部探讨爱情的真谛的深刻电影。故事发生在险峻的高山之巅，一对相爱的恋人守护了珍贵的东西。在赵文强的执导下，寓意深远悠长，剧情扣人心弦，将科幻类型的魅力展现得淋漓尽致。本片让人思考良久，展现了电影艺术的无限可能。
荒野灵魂之下 Lost Truth of the Soul,https://movie.douban.com/subject/1000527/,陈伟平,Christopher Rodriguez / 陈军强 / 赵珍贤,陈峰明 / 田中雄大 / 赵贤浩 / ...,剧情 / 奇幻,阿根廷,日语,1971-06-14(威尼斯电影节) / 1971-07-15(国际),180分钟,荒野灵魂之下(马),tt3543695,8,350765,70.40%,19.60%,5.00%,3.20%,1.80%,《荒野灵魂之下》是一部探讨梦想的追求的细腻电影。故事发生在末日后的废墟，一位孤独的老人找到了生命的真谛。在陈伟平的执导下，节奏把控精准，表演真挚感人，将剧情类型的魅力展现得淋漓尽致。本片是一部不可多得的佳作，获得了观众的一致好评。
太阳黑暗的歌声 Final Love,https://movie.douban.com/subject/1000528/,Peter Miller,Peter Williams / 崔英贤 / 陈华峰,李贤秀 / 姜哲敏 / 伊藤拓也 / ...,喜剧 / 西部,西班牙,汉语普通话,2011-05-27(东京电影节) / 2011-08-14(国际),240分钟,太阳黑暗的歌声(日) / 太阳黑暗的歌声纪念版 / Darkness,tt5518366,6.5,41545,32.70%,38.90%,15.20%,9.20%,4.00%,《太阳黑暗的歌声》是一部探讨梦想的追求的宏大电影。故事发生在未来的世界，一位坚强的女性发现了一个惊人的真相。在Peter的执导下，细节处理到位，配乐动人心弦，将喜剧类型的魅力展现得淋漓尽致。本片值得反复品味，在国际影展上备受瞩目。
荒野肉体之内 A Hate,https://movie.douban.com/subject/1000529/,高桥大辅,王辉强 / 陈鹏华 / David Garcia,小林雄大 / 王建鹏 / 刘建志 / ...,剧情 / 武侠,挪威,西班牙语,2005-03-28(釜山电影节) / 2005-05-06(国际),185分钟,荒野肉体之内(陆),tt2179298,8,248684,67.10%,17.60%,10.00%,3.60%,1.70%,《荒野肉体之内》是一部探讨空间的奥秘的感人电影。故事发生在繁华的都市，一名神秘的陌生人揭开了一个深藏多年的秘密。在高桥大辅的执导下，配乐动人心弦，气氛营造出色，将剧情类型的魅力展现得淋漓尽致。本片触动人心深处，获得了观众的一致好评。
冰冷的梦想之下 First Death from the Past,https://movie.douban.com/subject/1000530/,James Williams,赵鹏建 / 李龙鹏,张浩浩 / Steven Johnson / 山田拓也 / ...,战争 / 喜剧,希腊,西班牙语,1995-03-10(圣丹斯电影节) / 1995-03-13(国际),120分钟,冰冷的梦想之下加长版,tt3196316,6.9,25842,33.30%,43.50%,12.10%,6.40%,4.70%,《冰冷的梦想之下》是一部探讨人性的探索的深刻电影。故事发生在险峻的高山之巅，一群志同道合的朋友面对了一场前所未有的挑战。在James的执导下，导演手法独特，表演真挚感人，将战争类型的魅力展现得淋漓尽致。本片值得反复品味，获得了观众的一致好评。
冻结的选择的传说 Lost Dream in the Dark,https://movie.douban.com/subject/1000531/,张超志,John Garcia / Michael Brown,王强龙 / George Smith / David Davis / ...,战争 / 灾难 / 喜剧,南非,西班牙语,1970-06-18(东京电影节) / 1970-09-25(国际),110分钟,,tt9563172,7.6,105021,58.60%,23.40%,11.50%,3.00%,3.50%,《冻结的选择的传说》是一部探讨记忆的珍贵的深刻电影。故事发生在深邃的海洋，一位年轻的冒险家面对了一场前所未有的挑战。在张超志的执导下，表演真挚感人，寓意深远悠长，将战争类型的魅力展现得淋漓尽致。本片令人难以忘怀，在国际影展上备受瞩目。
记忆中的生命的边缘 Found Death at Dusk,https://movie.douban.com/subject/1000532/,陈超文,Steven Smith,杨文杰 / 赵智俊 / 赵平龙 / ...,古装 / 科幻 / 家庭,澳大利亚,英语,1980-04-26(柏林电影节) / 1980-07-19(国际),170分钟,记忆中的生命的边缘(日),tt4883979,7.1,43647,42.90%,39.50%,10.00%,5.10%,2.50%,《记忆中的生命的边缘》是一部探讨家庭的温暖的震撼电影。故事发生在神秘的异域，一群志同道合的朋友坚守了一个重要的承诺。在陈超文的执导下，影片画面精美，表演真挚感人，将古装类型的魅力展现得淋漓尽致。本片具有很高的艺术价值，在国际影展上备受瞩目。
远方的家庭 The Hate to the Future,https://movie.douban.com/subject/1000533/,Peter Jones,吴华明,陈志杰 / Paul Smith / 黄鹏伟 / ...,爱情,以色列,英语,1972-09-05(奥斯卡金像奖) / 1972-11-12(国际),165分钟,远方的家庭特别版,tt3571306,7.9,82442,58.90%,20.70%,12.30%,3.60%,4.50%,《远方的家庭》是一部探讨梦想的追求的宏大电影。故事发生在极地的冰雪世界，一名神秘的陌生人突破了自我的极限。在Peter的执导下，节奏把控精准，导演手法独特，将爱情类型的魅力展现得淋漓尽致。本片会成为经典之作，获得了观众的一致好评。
追寻远方的故事 My Hate in the Dark,https://movie.douban.com/subject/1000534/,佐藤三郎,赵平华 / 陈辉峰 / 崔秀贤,崔贤珍 / Peter Garcia / 金俊哲 / ...,剧情 / 动画 / 短片,以色列,西班牙语,1989-06-24(罗马电影节) / 1989-08-25(国际),180分钟,追寻远方的故事(陆) / 追寻远方的故事纪念版,tt4049378,6.8,31214,39.20%,38.70%,12.10%,5.60%,4.40%,《追寻远方的故事》是一部探讨人性的探索的细腻电影。故事发生在神秘的异域，一位年轻的冒险家找到了生命的真谛。在佐藤三郎的执导下，思想内涵深刻，气氛营造出色，将剧情类型的魅力展现得淋漓尽致。本片会成为经典之作，在国际影展上备受瞩目。
黎明起点之上 My Promise in the Dark,https://movie.douban.com/subject/1000535/,王超平,David Rodriguez / 小林诚 / 铃木次郎,杨军平 / 高桥雄大 / 赵平华 / ...,喜剧 / 犯罪,法国,法语,2023-03-09(奥斯卡金像奖) / 2023-05-26(国际),170分钟,黎明起点之上4K修复版,tt5529574,6.5,39716,33.20%,37.10%,17.10%,7.10%,5.50%,《黎明起点之上》是一部探讨文化的碰撞的深刻电影。故事发生在深邃的太空，一位孤独的老人面对了一场前所未有的挑战。在王超平的执导下，影片画面精美，视觉效果震撼，将喜剧类型的魅力展现得淋漓尽致。本片令人难以忘怀，获得了观众的一致好评。
过去的遗忘的誓言 Last Fear of the Soul,https://movie.douban.com/subject/1000536/,中村拓也,David Wilson / 张明军 / 赵建平,斋藤次郎 / 周伟龙 / 高桥大辅 / ...,歌舞 / 西部 / 科幻,中国香港,粤语,1977-02-11(巴黎电影节) / 1977-03-04(国际),110分钟,过去的遗忘的誓言(马) / 过去的遗忘的誓言加长版,tt2595250,9.4,1772413,90.30%,5%,2%,1.60%,1.10%,《过去的遗忘的誓言》是一部探讨友谊的力量的细腻电影。故事发生在广袤的沙漠，一位年轻的冒险家面对了一场前所未有的挑战。在中村拓也的执导下，寓意深远悠长，配乐动人心弦，将歌舞类型的魅力展现得淋漓尽致。本片充满了希望与力量，展现了电影艺术的无限可能。
现在的敌人之上 Found Love in the Dark,https://movie.douban.com/subject/1000537/,陈龙文,李国建 / 黄伟峰,David Wilson / James Miller / 李秀俊 / ...,喜剧 / 灾难 / 恐怖,新西兰 / 墨西哥,法语,1981-05-21(柏林电影节) / 1981-06-01(国际),240分钟,现在的敌人之上(日),tt5481668,6.4,10926,38.70%,41.00%,12.50%,5.40%,2.40%,《现在的敌人之上》是一部探讨人性的探索的震撼电影。故事发生在古代的王朝，一位年轻的冒险家实现了曾经的梦想。在陈龙文的执导下，影片画面精美，配乐动人心弦，将喜剧类型的魅力展现得淋漓尽致。本片温暖而治愈，获得了观众的一致好评。
月光故乡 A Journey at Dawn,https://movie.douban.com/subject/1000538/,赵伟强,渡边三郎 / 山田雄大,张建建 / James Johnson / George Rodriguez / ...,动作,波兰,法语,1975-04-16(上海电影节) / 1975-04-24(国际),195分钟,,tt6963299,8.7,744886,80.70%,9.30%,5.00%,2.10%,2.90%,《月光故乡》是一部探讨身份的认同的感人电影。故事发生在繁华的都市，一对相爱的恋人发现了一个惊人的真相。在赵伟强的执导下，剧情扣人心弦，影片画面精美，将动作类型的魅力展现得淋漓尽致。本片温暖而治愈，在国际影展上备受瞩目。
冰冷的肉体的抉择 Lost Journey from the Past,https://movie.douban.com/subject/1000539/,张平明,小林拓也 / 周志国 / David Garcia,Paul Davis / Robert Johnson / 吴平志 / ...,剧情 / 短片,阿根廷,法语,1991-07-06(伦敦电影节) / 1991-08-01(国际),105分钟,冰冷的肉体的抉择(新),tt5908015,9.7,1462547,85.30%,5%,4.70%,2.70%,2.30%,《冰冷的肉体的抉择》是一部探讨爱情的真谛的感人电影。故事发生在古代的王朝，一个破碎的家庭找到了生命的真谛。在张平明的执导下，导演手法独特，细节处理到位，将剧情类型的魅力展现得淋漓尽致。本片充满了希望与力量，在国际影展上备受瞩目。
孤独的记忆的边缘 The Dream at Dawn,https://movie.douban.com/subject/1000540/,Michael Brown,Steven Rodriguez / 吴强杰,Steven Wilson / 周龙龙 / 吴军强 / ...,科幻 / 儿童 / 黑色电影,伊朗 / 中国大陆 / 瑞典,汉语普通话,1989-03-16(柏林电影节) / 1989-03-01(国际),170分钟,孤独的记忆的边缘4K修复版,tt7286946,8.9,519268,76.90%,13.10%,5.00%,3.50%,1.50%,《孤独的记忆的边缘》是一部探讨家庭的温暖的感人电影。故事发生在恐怖的黑暗领域，一群志同道合的朋友面对了一场前所未有的挑战。在Michael的执导下，剧情扣人心弦，寓意深远悠长，将科幻类型的魅力展现得淋漓尽致。本片温暖而治愈，在国际影展上备受瞩目。
永恒的生命的誓言 Last Death to the Future,https://movie.douban.com/subject/1000541/,王伟辉,山田太郎 / 赵贤贤 / 杨明军,陈国国 / 伊藤诚 / 黄鹏建 / ...,武侠 / 爱情,印度 / 德国,印地语 / 英语,1995-01-17(戛纳电影节) / 1995-03-04(国际),195分钟,永恒的生命的誓言(港) / 永恒的生命的誓言4K修复版,tt4471093,8.2,175734,65.80%,23.70%,5.30%,2.70%,2.50%,《永恒的生命的誓言》是一部探讨命运的挑战的震撼电影。故事发生在深邃的海洋，一对失散多年的兄弟揭开了一个深藏多年的秘密。在王伟辉的执导下，细节处理到位，思想内涵深刻，将武侠类型的魅力展现得淋漓尽致。本片令人难以忘怀，在国际影展上备受瞩目。
迷失的肉体的痕迹 Final Hate at Dusk,https://movie.douban.com/subject/1000542/,James Rodriguez,田中太郎 / 吴伟军,姜哲俊 / 斋藤健一 / Robert Johnson / ...,传记 / 奇幻 / 喜剧,希腊 / 越南,英语,1999-07-04(圣丹斯电影节) / 1999-09-09(国际),145分钟,,tt7187342,7,74732,49.50%,32.10%,12.10%,4.00%,2.30%,《迷失的肉体的痕迹》是一部探讨自然的敬畏的宏大电影。故事发生在极地的冰雪世界，一名神秘的陌生人改变了世界的格局。在James的执导下，配乐动人心弦，气氛营造出色，将传记类型的魅力展现得淋漓尽致。本片展现了人性的光辉，在国际影展上备受瞩目。
燃烧的恐惧的中心 Their Journey to the Future,https://movie.douban.com/subject/1000543/,杨超平,佐藤雄大,王平伟 / 小林凉平 / John Brown / ...,西部 / 剧情,加拿大,法语 / 英语,1998-09-20(圣丹斯电影节) / 1998-10-10(国际),190分钟,燃烧的恐惧的中心(新),tt6164129,6.8,11733,37.00%,34.20%,17.50%,7.90%,3.40%,《燃烧的恐惧的中心》是一部探讨真相的揭露的细腻电影。故事发生在极地的冰雪世界，一群志同道合的朋友面对了一场前所未有的挑战。在杨超平的执导下，导演手法独特，细节处理到位，将西部类型的魅力展现得淋漓尽致。本片令人难以忘怀，展现了电影艺术的无限可能。
燃烧的自由的边缘 Last Love from the Past,https://movie.douban.com/subject/1000544/,杨杰辉,崔恩恩 / 王辉华,朴恩英 / 吴伟峰 / 中村凉平 / ...,喜剧,泰国,西班牙语,1989-09-15(上海电影节) / 1989-11-16(国际),250分钟,燃烧的自由的边缘导演剪辑版,tt9318358,6.8,44757,30.60%,39.00%,19.30%,7.70%,3.40%,《燃烧的自由的边缘》是一部探讨和平的珍贵的震撼电影。故事发生在奇幻的魔法世界，一对相爱的恋人面对了一场前所未有的挑战。在杨杰辉的执导下，寓意深远悠长，影片画面精美，将喜剧类型的魅力展现得淋漓尽致。本片令人难以忘怀，在国际影展上备受瞩目。
现在的信念的故事 Last Life in the Dark,https://movie.douban.com/subject/1000545/,佐藤翔太,黄明鹏 / James Williams / Paul Johnson,John Smith / 张建杰 / 张智智 / ...,动作,西班牙,日语,2016-04-25(巴黎电影节) / 2016-06-14(国际),220分钟,现在的信念的故事(新) / 现在的信念的故事加长版,tt8714112,6,16666,36.40%,41.10%,15.50%,4.40%,2.60%,《现在的信念的故事》是一部探讨空间的奥秘的感人电影。故事发生在古代的王朝，一名勇敢的战士守护了珍贵的东西。在佐藤翔太的执导下，视觉效果震撼，剧情扣人心弦，将动作类型的魅力展现得淋漓尽致。本片具有很高的艺术价值，获得了观众的一致好评。
荒野黑暗的旅程 Our Lie,https://movie.douban.com/subject/1000546/,Paul Johnson,吴峰超 / 渡边拓也 / George Jones,George Smith / 田中太郎 / Peter Johnson / ...,剧情,美国 / 意大利,英语,2020-03-04(金球奖) / 2020-03-14(国际),170分钟,荒野黑暗的旅程(港) / 荒野黑暗的旅程导演剪辑版 / Journey,tt7289751,8,457222,71.20%,16.50%,7.30%,2.30%,2.70%,《荒野黑暗的旅程》是一部探讨生命的价值的感人电影。故事发生在古代的王朝，一名勇敢的战士突破了自我的极限。在Paul的执导下，寓意深远悠长，影片画面精美，将剧情类型的魅力展现得淋漓尽致。本片值得推荐给所有人，展现了电影艺术的无限可能。
晨曦时间之间 Your Dream of the Soul,https://movie.douban.com/subject/1000547/,Michael Garcia,杨超华 / 斋藤健一,黄辉伟 / David Davis / Paul Williams / ...,动作 / 历史 / 音乐,中国台湾,汉语普通话,1974-12-08(威尼斯电影节) / 1974-12-22(国际),210分钟,晨曦时间之间(新),tt4438758,7.1,77550,40.40%,30.50%,17.00%,7.00%,5.10%,《晨曦时间之间》是一部探讨空间的奥秘的感人电影。故事发生在广袤的沙漠，一群志同道合的朋友面对了一场前所未有的挑战。在Michael的执导下，视觉效果震撼，导演手法独特，将动作类型的魅力展现得淋漓尽致。本片令人难以忘怀，获得了观众的一致好评。
迷失的选择的痕迹 First Hate in the Dark,https://movie.douban.com/subject/1000548/,James Rodriguez,山田健一,吴明峰 / 刘明志 / 陈平辉 / ...,科幻 / 历史 / 儿童,美国,英语 / 西班牙语,1989-03-20(釜山电影节) / 1989-03-05(国际),100分钟,迷失的选择的痕迹(新) / Choice,tt4852777,7.7,82290,51.90%,32.60%,10.50%,3.00%,2.00%,《迷失的选择的痕迹》是一部探讨和平的珍贵的感人电影。故事发生在恐怖的黑暗领域，一位孤独的老人突破了自我的极限。在James的执导下，表演真挚感人，剧情扣人心弦，将科幻类型的魅力展现得淋漓尽致。本片会成为经典之作，获得了观众的一致好评。
晨曦敌人 Final Truth of the Soul,https://movie.douban.com/subject/1000549/,Paul Garcia,George Williams / John Rodriguez / 王鹏伟,John Wilson / 刘国伟 / John Miller / ...,科幻,芬兰,汉语普通话,2014-02-25(奥斯卡金像奖) / 2014-02-27(国际),160分钟,晨曦敌人(韩) / 晨曦敌人4K修复版,tt8580450,6.9,36613,38.70%,32.80%,16.90%,7.40%,4.20%,《晨曦敌人》是一部探讨身份的认同的震撼电影。故事发生在繁华的都市，一个天真的孩子经历了一次深刻的心灵洗礼。在Paul的执导下，寓意深远悠长，思想内涵深刻，将科幻类型的魅力展现得淋漓尽致。本片让人思考良久，展现了电影艺术的无限可能。
太阳恐惧的抉择 Our Love at Dusk,https://movie.douban.com/subject/1000550/,金秀承,王超伟 / 斋藤三郎 / 斋藤次郎,刘华龙 / 张志明 / 伊藤雄大 / ...,真人秀 / 动作 / 冒险,埃及 / 新西兰,西班牙语,2008-04-25(罗马电影节) / 2008-04-09(国际),150分钟,太阳恐惧的抉择(新),tt9961511,8.9,446811,74.20%,15.00%,5.80%,2.30%,2.70%,《太阳恐惧的抉择》是一部探讨人性的探索的感人电影。故事发生在宁静的乡村，一个破碎的家庭踏上了一段改变命运的旅程。在金秀承的执导下，情感表达细腻，气氛营造出色，将真人秀类型的魅力展现得淋漓尽致。本片具有很高的艺术价值，展现了电影艺术的无限可能。
燃烧的死亡之间 Final Hate of the Soul,https://movie.douban.com/subject/1000551/,赵建超,渡边太郎 / Steven Johnson,黄杰峰 / 杨文鹏 / 张国平 / ...,爱情 / 脱口秀,土耳其,法语,1985-10-22(多伦多电影节) / 1985-12-14(国际),125分钟,燃烧的死亡之间(马) / 燃烧的死亡之间纪念版,tt9272394,8,288097,73.80%,15.10%,6.10%,2.20%,2.80%,《燃烧的死亡之间》是一部探讨家庭的温暖的震撼电影。故事发生在险峻的高山之巅，一名神秘的陌生人面对了一场前所未有的挑战。在赵建超的执导下，剧情扣人心弦，思想内涵深刻，将爱情类型的魅力展现得淋漓尽致。本片展现了电影的魅力，在国际影展上备受瞩目。
眼前的勇气的旅程 A Truth at Dawn,https://movie.douban.com/subject/1000552/,周志明,渡边大辅 / David Davis / 吴杰军,林秀贤 / George Brown / 杨文明 / ...,灾难 / 动作,南非 / 瑞典,日语,2003-01-06(釜山电影节) / 2003-01-12(国际),165分钟,眼前的勇气的旅程修复版,tt3099858,6,9909,45.80%,30.60%,12.60%,5.00%,6.00%,《眼前的勇气的旅程》是一部探讨生命的价值的宏大电影。故事发生在虚拟的网络空间，一个破碎的家庭实现了曾经的梦想。在周志明的执导下，剧情扣人心弦，寓意深远悠长，将灾难类型的魅力展现得淋漓尽致。本片充满了希望与力量，展现了电影艺术的无限可能。
温暖的梦想的歌声 Final Hope at Dusk,https://movie.douban.com/subject/1000553/,Peter Brown,斋藤三郎 / 周鹏文,尹承智 / Paul Miller / Paul Miller / ...,剧情,墨西哥,西班牙语,2015-01-24(莫斯科电影节) / 2015-04-15(国际),170分钟,温暖的梦想的歌声纪念版,tt9392275,9.7,1226381,82.10%,7.90%,5.00%,2.90%,2.10%,《温暖的梦想的歌声》是一部探讨友谊的力量的震撼电影。故事发生在末日后的废墟，一名神秘的陌生人找到了生命的真谛。在Peter的执导下，剧情扣人心弦，表演真挚感人，将剧情类型的魅力展现得淋漓尽致。本片温暖而治愈，展现了电影艺术的无限可能。
记忆中的秘密的传说 Final Lie to the Future,https://movie.douban.com/subject/1000554/,李英智,王建超,伊藤大辅 / 伊藤三郎 / 刘华峰 / ...,动作 / 情色,泰国,英语,2018-09-16(罗马电影节) / 2018-09-23(国际),250分钟,记忆中的秘密的传说(台) / Secret,tt7164907,8.8,634510,75.40%,14.60%,5.00%,3.20%,1.80%,《记忆中的秘密的传说》是一部探讨家庭的温暖的细腻电影。故事发生在奇幻的魔法世界，一名失意的作家突破了自我的极限。在李英智的执导下，配乐动人心弦，情感表达细腻，将动作类型的魅力展现得淋漓尽致。本片值得反复品味，展现了电影艺术的无限可能。
遗忘的黑暗的旅程 The Love,https://movie.douban.com/subject/1000555/,赵文建,铃木诚 / 高桥大辅,崔敏智 / 林承敏 / 陈强鹏 / ...,歌舞 / 恐怖 / 爱情,英国,英语,2005-09-03(金棕榈奖) / 2005-12-05(国际),165分钟,遗忘的黑暗的旅程(韩) / Journey,tt2222299,7.6,127816,59.60%,22.10%,10.80%,4.90%,2.60%,《遗忘的黑暗的旅程》是一部探讨梦想的追求的细腻电影。故事发生在古代的王朝，一群志同道合的朋友坚守了一个重要的承诺。在赵文建的执导下，导演手法独特，视觉效果震撼，将歌舞类型的魅力展现得淋漓尽致。本片令人难以忘怀，获得了观众的一致好评。
午夜故乡之下 Last Hate from the Past,https://movie.douban.com/subject/1000556/,Robert Brown,黄国平,林恩恩 / 赵珍浩 / 林承浩 / ...,科幻 / 脱口秀,伊朗 / 墨西哥 / 希腊,英语,2010-10-28(金棕榈奖) / 2010-11-25(国际),120分钟,午夜故乡之下特别版,tt4111115,8.3,176443,72.20%,17.80%,5.00%,2.20%,2.80%,《午夜故乡之下》是一部探讨科技的边界的感人电影。故事发生在奇幻的魔法世界，一名神秘的陌生人突破了自我的极限。在Robert的执导下，导演手法独特，影片画面精美，将科幻类型的魅力展现得淋漓尽致。本片具有很高的艺术价值，在国际影展上备受瞩目。
太阳信念的救赎 Their Life,https://movie.douban.com/subject/1000557/,周辉峰,王明鹏,山田太郎 / Michael Davis / 李平志 / ...,剧情 / 悬疑 / 音乐,新西兰,英语,1996-04-26(圣丹斯电影节) / 1996-04-16(国际),155分钟,,tt7831491,6.6,43672,31.40%,36.00%,21.60%,6.10%,4.90%,《太阳信念的救赎》是一部探讨爱情的真谛的宏大电影。故事发生在奇幻的魔法世界，一群志同道合的朋友守护了珍贵的东西。在周辉峰的执导下，寓意深远悠长，气氛营造出色，将剧情类型的魅力展现得淋漓尽致。本片展现了人性的光辉，展现了电影艺术的无限可能。
未来的谎言之下 Lost Fear at Dawn,https://movie.douban.com/subject/1000558/,John Garcia,王杰华,王文伟 / 小林健一 / Robert Johnson / ...,剧情,印度,印地语 / 英语,2000-01-19(戛纳电影节) / 2000-02-23(国际),175分钟,未来的谎言之下导演剪辑版,tt1413924,8.2,298386,74.50%,15.50%,5.00%,3.30%,1.70%,《未来的谎言之下》是一部探讨家庭的温暖的深刻电影。故事发生在奇幻的魔法世界，一位坚强的女性改变了世界的格局。在John的执导下，节奏把控精准，表演真挚感人，将剧情类型的魅力展现得淋漓尽致。本片让人思考良久，获得了观众的一致好评。
月光承诺 My Hope in the Dark,https://movie.douban.com/subject/1000559/,铃木次郎,Peter Garcia,王超伟 / Robert Wilson / 赵承俊 / ...,歌舞 / 爱情,巴西,葡萄牙语 / 英语,2011-01-23(奥斯卡金像奖) / 2011-01-07(国际),170分钟,月光承诺(港) / 月光承诺加长版,tt9242220,7.6,70890,65.90%,18.10%,11.00%,2.80%,2.20%,《月光承诺》是一部探讨梦想的追求的感人电影。故事发生在古代的王朝，一个破碎的家庭找到了生命的真谛。在铃木次郎的执导下，表演真挚感人，气氛营造出色，将歌舞类型的魅力展现得淋漓尽致。本片触动人心深处，获得了观众的一致好评。
最后的时间的旅程 My Promise in the Dark,https://movie.douban.com/subject/1000560/,Peter Jones,高桥次郎 / 中村太郎,Paul Johnson / George Jones / Paul Wilson / ...,科幻 / 恐怖,印度,印地语,1997-07-07(金棕榈奖) / 1997-10-22(国际),95分钟,最后的时间的旅程导演剪辑版 / Journey,tt3030537,9.3,1816881,92.40%,5%,2%,0.50%,0.10%,《最后的时间的旅程》是一部探讨和平的珍贵的宏大电影。故事发生在繁华的都市，一对相爱的恋人实现了曾经的梦想。在Peter的执导下，影片画面精美，表演真挚感人，将科幻类型的魅力展现得淋漓尽致。本片会成为经典之作，获得了观众的一致好评。
太阳光明的故事 First Death at Dawn,https://movie.douban.com/subject/1000561/,Steven Williams,David Jones / Peter Smith,黄明鹏 / 高桥凉平 / George Jones / ...,动作 / 脱口秀,加拿大,法语 / 英语,1999-01-08(上海电影节) / 1999-01-05(国际),190分钟,太阳光明的故事(马) / 太阳光明的故事导演剪辑版,tt1069562,8.4,444150,70.60%,17.70%,6.00%,2.30%,3.40%,《太阳光明的故事》是一部探讨身份的认同的细腻电影。故事发生在险峻的高山之巅，一位智慧的导师坚守了一个重要的承诺。在Steven的执导下，细节处理到位，表演真挚感人，将动作类型的魅力展现得淋漓尽致。本片让人思考良久，在国际影展上备受瞩目。
黄昏灵魂的抉择 My Truth at Dusk,https://movie.douban.com/subject/1000562/,Michael Jones,James Jones / John Williams / 渡边诚,金哲俊 / 郑俊敏 / 小林太郎 / ...,动作,中国台湾,汉语普通话,1995-01-12(罗马电影节) / 1995-01-22(国际),165分钟,黄昏灵魂的抉择(日),tt1991007,6.2,14246,32.00%,38.80%,18.70%,7.10%,3.40%,《黄昏灵魂的抉择》是一部探讨自由的渴望的震撼电影。故事发生在极地的冰雪世界，一位年轻的冒险家跨越了时空的界限。在Michael的执导下，节奏把控精准，思想内涵深刻，将动作类型的魅力展现得淋漓尽致。本片触动人心深处，展现了电影艺术的无限可能。
未来的秘密之下 A Dream at Dawn,https://movie.douban.com/subject/1000563/,吴华龙,Paul Miller / Peter Davis / 赵智智,王国杰 / 渡边凉平 / 杨峰峰 / ...,喜剧 / 冒险 / 犯罪,西班牙,汉语普通话,2008-10-10(威尼斯电影节) / 2008-10-06(国际),125分钟,未来的秘密之下(日) / 未来的秘密之下4K修复版,tt5650902,8.8,298154,75.00%,15.00%,5.00%,2.50%,2.50%,《未来的秘密之下》是一部探讨真相的揭露的细腻电影。故事发生在极地的冰雪世界，一名失意的作家发现了一个惊人的真相。在吴华龙的执导下，剧情扣人心弦，气氛营造出色，将喜剧类型的魅力展现得淋漓尽致。本片值得推荐给所有人，获得了观众的一致好评。
喧嚣的恐惧的誓言 The Journey at Dusk,https://movie.douban.com/subject/1000564/,杨峰明,李辉峰 / 铃木太郎,George Jones / Paul Rodriguez / 李国杰 / ...,战争 / 爱情,中国台湾,汉语普通话,1985-11-13(柏林电影节) / 1985-11-13(国际),120分钟,喧嚣的恐惧的誓言(日) / 喧嚣的恐惧的誓言加长版,tt1282313,9.6,2039527,92.40%,5%,2%,0.50%,0.10%,《喧嚣的恐惧的誓言》是一部探讨家庭的温暖的细腻电影。故事发生在极地的冰雪世界，一位坚强的女性踏上了一段改变命运的旅程。在杨峰明的执导下，情感表达细腻，思想内涵深刻，将战争类型的魅力展现得淋漓尽致。本片是一部不可多得的佳作，展现了电影艺术的无限可能。
冻结的起点的抉择 Their Journey,https://movie.douban.com/subject/1000565/,张哲敏,王杰军 / David Jones / 金浩英,山田拓也 / 赵鹏峰 / James Davis / ...,科幻 / 家庭,捷克,西班牙语,1992-07-02(金球奖) / 1992-08-08(国际),100分钟,冻结的起点的抉择(港) / 冻结的起点的抉择纪念版,tt2558889,9.4,2157423,85.50%,5%,4.50%,2.60%,2.40%,《冻结的起点的抉择》是一部探讨爱情的真谛的感人电影。故事发生在末日后的废墟，一位孤独的老人实现了曾经的梦想。在张哲敏的执导下，视觉效果震撼，思想内涵深刻，将科幻类型的魅力展现得淋漓尽致。本片触动人心深处，获得了观众的一致好评。
最后的真相之间 Lost Love,https://movie.douban.com/subject/1000566/,刘志辉,林英智,James Smith / 朴智英 / 张杰鹏 / ...,剧情 / 悬疑 / 脱口秀,英国,英语,2019-01-01(圣丹斯电影节) / 2019-02-01(国际),110分钟,最后的真相之间(港),tt9328713,8.2,379437,68.30%,19.90%,6.10%,2.90%,2.80%,《最后的真相之间》是一部探讨爱情的真谛的细腻电影。故事发生在神秘的异域，一对失散多年的兄弟守护了珍贵的东西。在刘志辉的执导下，影片画面精美，表演真挚感人，将剧情类型的魅力展现得淋漓尽致。本片触动人心深处，在国际影展上备受瞩目。
风雨自由 The Fear at Dawn,https://movie.douban.com/subject/1000567/,George Jones,张珍恩 / 黄建伟,杨平文 / 刘龙强 / 崔珍贤 / ...,爱情 / 家庭 / 纪录片,奥地利,西班牙语,1999-05-14(釜山电影节) / 1999-05-10(国际),185分钟,风雨自由(新),tt9156299,7.4,34100,51.30%,29.20%,12.40%,4.40%,2.70%,《风雨自由》是一部探讨记忆的珍贵的深刻电影。故事发生在极地的冰雪世界，一对失散多年的兄弟找到了生命的真谛。在George的执导下，导演手法独特，气氛营造出色，将爱情类型的魅力展现得淋漓尽致。本片会成为经典之作，在国际影展上备受瞩目。
现在的选择的传说 My Hope in the Dark,https://movie.douban.com/subject/1000568/,刘志军,吴强伟,Robert Rodriguez / James Johnson / 王辉龙 / ...,动作 / 恐怖 / 传记,日本 / 巴西,日语 / 英语 / 汉语普通话,2005-04-14(巴黎电影节) / 2005-06-24(国际),155分钟,现在的选择的传说(新),tt4598285,8.1,484706,71.70%,15.10%,7.20%,3.40%,2.60%,《现在的选择的传说》是一部探讨身份的认同的感人电影。故事发生在未来的世界，一名勇敢的战士跨越了时空的界限。在刘志军的执导下，节奏把控精准，思想内涵深刻，将动作类型的魅力展现得淋漓尽致。本片触动人心深处，展现了电影艺术的无限可能。
月光自由的边缘 Final Dream of the Soul,https://movie.douban.com/subject/1000569/,小林三郎,周志文 / 张敏敏,黄强超 / 王峰辉 / 李建平 / ...,科幻 / 音乐,越南 / 比利时 / 日本,法语,1999-12-25(釜山电影节) / 1999-12-04(国际),140分钟,月光自由的边缘特别版,tt6890594,7.2,62630,49.80%,26.50%,12.80%,4.80%,6.10%,《月光自由的边缘》是一部探讨家庭的温暖的深刻电影。故事发生在广袤的沙漠，一位坚强的女性完成了一次自我的救赎。在小林三郎的执导下，表演真挚感人，细节处理到位，将科幻类型的魅力展现得淋漓尽致。本片温暖而治愈，在国际影展上备受瞩目。
荒野命运之上 Last Truth of the Soul,https://movie.douban.com/subject/1000570/,David Rodriguez,田中拓也 / 张承承 / George Brown,James Miller / 中村诚 / Christopher Wilson / ...,剧情 / 纪录片 / 儿童,澳大利亚,英语,1988-10-22(上海电影节) / 1988-12-10(国际),105分钟,荒野命运之上(港) / 荒野命运之上纪念版,tt6548880,7,46962,55.40%,29.00%,8.40%,3.30%,3.90%,《荒野命运之上》是一部探讨战争的残酷的宏大电影。故事发生在浪漫的海边小镇，一个天真的孩子坚守了一个重要的承诺。在David的执导下，影片画面精美，思想内涵深刻，将剧情类型的魅力展现得淋漓尽致。本片展现了人性的光辉，展现了电影艺术的无限可能。
永恒的战争的誓言 Last Promise from the Past,https://movie.douban.com/subject/1000571/,Robert Brown,David Garcia,Steven Smith / 渡边健一 / 赵建华 / ...,爱情,葡萄牙 / 韩国 / 新西兰,西班牙语,2003-10-17(金球奖) / 2003-11-28(国际),185分钟,永恒的战争的誓言(马) / 永恒的战争的誓言4K修复版,tt7534626,8.3,255917,65.80%,18.30%,9.60%,3.80%,2.50%,《永恒的战争的誓言》是一部探讨梦想的追求的震撼电影。故事发生在未来的世界，一对失散多年的兄弟经历了一次深刻的心灵洗礼。在Robert的执导下，导演手法独特，配乐动人心弦，将爱情类型的魅力展现得淋漓尽致。本片具有很高的艺术价值，在国际影展上备受瞩目。
天空远方之下 The Life of the Soul,https://movie.douban.com/subject/1000572/,赵伟龙,吴龙强,John Johnson / 小林大辅 / 张辉军 / ...,爱情 / 灾难,捷克,英语,1998-07-15(东京电影节) / 1998-10-17(国际),220分钟,天空远方之下(陆),tt3809936,7.8,135542,59.40%,27.30%,8.30%,2.90%,2.10%,《天空远方之下》是一部探讨空间的奥秘的细腻电影。故事发生在极地的冰雪世界，一位孤独的老人面对了一场前所未有的挑战。在赵伟龙的执导下，导演手法独特，细节处理到位，将爱情类型的魅力展现得淋漓尽致。本片让人思考良久，在国际影展上备受瞩目。
现在的肉体的救赎 Last Hate to the Future,https://movie.douban.com/subject/1000573/,陈建鹏,张辉辉 / 朴浩恩 / 陈峰峰,金浩英 / Paul Smith / 铃木拓也 / ...,科幻 / 运动 / 传记,阿根廷,西班牙语,1970-08-22(巴黎电影节) / 1970-10-10(国际),165分钟,现在的肉体的救赎4K修复版,tt2207106,9.6,2531308,89.40%,5%,2%,1.70%,1.90%,《现在的肉体的救赎》是一部探讨自然的敬畏的宏大电影。故事发生在极地的冰雪世界，一个破碎的家庭改变了世界的格局。在陈建鹏的执导下，影片画面精美，气氛营造出色，将科幻类型的魅力展现得淋漓尽致。本片温暖而治愈，展现了电影艺术的无限可能。
孤独的希望的中心 Final Love to the Future,https://movie.douban.com/subject/1000574/,高桥凉平,田中雄大 / John Wilson,杨鹏平 / Steven Williams / Robert Davis / ...,喜剧,芬兰 / 匈牙利,英语,1990-08-03(莫斯科电影节) / 1990-10-20(国际),115分钟,孤独的希望的中心(港) / 孤独的希望的中心4K修复版,tt2999795,8,398857,68.00%,18.50%,8.50%,2.00%,3.00%,《孤独的希望的中心》是一部探讨爱情的真谛的细腻电影。故事发生在深邃的海洋，一对相爱的恋人揭开了一个深藏多年的秘密。在高桥凉平的执导下，影片画面精美，剧情扣人心弦，将喜剧类型的魅力展现得淋漓尽致。本片是一部不可多得的佳作，在国际影展上备受瞩目。
冻结的遗忘的故事 Final Love to the Future,https://movie.douban.com/subject/1000575/,周明华,刘强强 / Paul Davis,Christopher Rodriguez / Michael Johnson / 李军文 / ...,喜剧,挪威,西班牙语,2019-01-14(上海电影节) / 2019-02-14(国际),90分钟,冻结的遗忘的故事加长版,tt9783176,8.4,113341,68.40%,19.20%,7.40%,3.00%,2.00%,《冻结的遗忘的故事》是一部探讨成长的烦恼的深刻电影。故事发生在宁静的乡村，一名失意的作家坚守了一个重要的承诺。在周明华的执导下，影片画面精美，细节处理到位，将喜剧类型的魅力展现得淋漓尽致。本片值得推荐给所有人，在国际影展上备受瞩目。
城市朋友的证明 Our Secret to the Future,https://movie.douban.com/subject/1000576/,杨伟明,周龙辉,李强超 / 周明超 / 林贤哲 / ...,喜剧 / 歌舞 / 爱情,中国台湾,闽南语 / 汉语普通话,1988-07-10(莫斯科电影节) / 1988-08-08(国际),170分钟,城市朋友的证明(陆),tt8094393,7.5,149174,54.20%,31.00%,7.60%,3.50%,3.70%,《城市朋友的证明》是一部探讨命运的挑战的宏大电影。故事发生在雨林的深处，一个破碎的家庭跨越了时空的界限。在杨伟明的执导下，视觉效果震撼，气氛营造出色，将喜剧类型的魅力展现得淋漓尽致。本片让人思考良久，在国际影展上备受瞩目。
城市自由的约定 Their Truth to the Future,https://movie.douban.com/subject/1000577/,George Smith,尹哲浩 / 张文华 / George Garcia,李哲浩 / 田中健一 / Robert Garcia / ...,科幻 / 家庭 / 战争,爱尔兰 / 葡萄牙,日语,1986-04-09(奥斯卡金像奖) / 1986-06-06(国际),105分钟,城市自由的约定(陆) / 城市自由的约定特别版,tt4356189,6.9,36532,30.00%,46.90%,15.20%,3.90%,4.00%,《城市自由的约定》是一部探讨正义的坚守的深刻电影。故事发生在险峻的高山之巅，一位智慧的导师面对了一场前所未有的挑战。在George的执导下，配乐动人心弦，剧情扣人心弦，将科幻类型的魅力展现得淋漓尽致。本片是一部不可多得的佳作，获得了观众的一致好评。
太阳英雄之内 Lost Truth in the Dark,https://movie.douban.com/subject/1000578/,郑秀珍,尹敏恩 / 李超明,赵平军 / 李鹏鹏 / Steven Garcia / ...,剧情 / 舞台艺术 / 纪录片,挪威,西班牙语,2020-08-08(金棕榈奖) / 2020-08-09(国际),210分钟,太阳英雄之内(马),tt5912527,8.3,172966,64.30%,24.10%,6.60%,3.20%,1.80%,《太阳英雄之内》是一部探讨人性的探索的感人电影。故事发生在雨林的深处，一位孤独的老人经历了一次深刻的心灵洗礼。在郑秀珍的执导下，气氛营造出色，情感表达细腻，将剧情类型的魅力展现得淋漓尽致。本片值得反复品味，获得了观众的一致好评。
黎明命运的痕迹 First Promise,https://movie.douban.com/subject/1000579/,张志强,李英秀 / 郑浩珍,郑恩智 / Peter Brown / Paul Jones / ...,剧情 / 脱口秀 / 古装,英国 / 印度 / 芬兰,英语,2007-05-27(柏林电影节) / 2007-05-03(国际),130分钟,Destiny,tt8910260,6.3,10405,38.50%,37.40%,13.00%,5.40%,5.70%,《黎明命运的痕迹》是一部探讨梦想的追求的细腻电影。故事发生在雨林的深处，一位智慧的导师经历了一次深刻的心灵洗礼。在张志强的执导下，视觉效果震撼，剧情扣人心弦，将剧情类型的魅力展现得淋漓尽致。本片展现了人性的光辉，在国际影展上备受瞩目。
星辰空间的抉择 A Secret at Dusk,https://movie.douban.com/subject/1000580/,铃木翔太,刘志国,Michael Jones / 周国龙 / 张浩英 / ...,动作 / 动画 / 家庭,希腊 / 泰国,日语,1975-11-13(罗马电影节) / 1975-12-03(国际),130分钟,星辰空间的抉择(台) / 星辰空间的抉择导演剪辑版,tt8616858,6.2,13134,34.60%,43.80%,14.80%,3.60%,3.20%,《星辰空间的抉择》是一部探讨真相的揭露的震撼电影。故事发生在恐怖的黑暗领域，一对相爱的恋人突破了自我的极限。在铃木翔太的执导下，寓意深远悠长，气氛营造出色，将动作类型的魅力展现得淋漓尽致。本片触动人心深处，获得了观众的一致好评。
追寻自由之下 Found Hope,https://movie.douban.com/subject/1000581/,李鹏龙,佐藤太郎,王平志 / 周龙辉 / 吴文强 / ...,喜剧 / 歌舞,中国大陆,汉语普通话 / 方言,1976-02-04(东京电影节) / 1976-02-15(国际),135分钟,追寻自由之下(台) / 追寻自由之下4K修复版,tt8302145,8.7,456422,71.80%,16.10%,6.50%,2.60%,3.00%,《追寻自由之下》是一部探讨友谊的力量的感人电影。故事发生在深邃的海洋，一名失意的作家揭开了一个深藏多年的秘密。在李鹏龙的执导下，节奏把控精准，表演真挚感人，将喜剧类型的魅力展现得淋漓尽致。本片值得推荐给所有人，获得了观众的一致好评。
海洋战争之外 First Truth to the Future,https://movie.douban.com/subject/1000582/,Michael Garcia,James Miller / John Jones / 小林三郎,郑英敏 / 林恩秀 / 铃木雄大 / ...,喜剧 / 歌舞,葡萄牙 / 韩国,汉语普通话,1976-10-04(上海电影节) / 1976-10-23(国际),220分钟,海洋战争之外(日),tt9198281,8.1,435777,66.80%,19.00%,7.80%,3.00%,3.40%,《海洋战争之外》是一部探讨自然的敬畏的感人电影。故事发生在一个遥远的小镇，一名失意的作家踏上了一段改变命运的旅程。在Michael的执导下，配乐动人心弦，影片画面精美，将喜剧类型的魅力展现得淋漓尽致。本片展现了电影的魅力，获得了观众的一致好评。
太阳灵魂的证明 Your Promise of the Soul,https://movie.douban.com/subject/1000583/,佐藤健一,林珍贤,Paul Miller / George Smith / 郑恩恩 / ...,科幻 / 古装 / 音乐,希腊,英语,1977-07-13(圣丹斯电影节) / 1977-09-10(国际),140分钟,太阳灵魂的证明(台),tt5425271,8,322597,64.10%,24.20%,6.40%,3.50%,1.80%,《太阳灵魂的证明》是一部探讨空间的奥秘的感人电影。故事发生在宁静的乡村，一位智慧的导师经历了一次深刻的心灵洗礼。在佐藤健一的执导下，表演真挚感人，情感表达细腻，将科幻类型的魅力展现得淋漓尽致。本片展现了人性的光辉，展现了电影艺术的无限可能。
黄昏信念的痕迹 Our Death at Dawn,https://movie.douban.com/subject/1000584/,郑贤俊,刘文辉 / 黄强伟 / 崔珍浩,John Miller / 田中拓也 / George Garcia / ...,科幻,土耳其 / 墨西哥,日语,1981-06-11(东京电影节) / 1981-08-11(国际),120分钟,黄昏信念的痕迹(日) / 黄昏信念的痕迹特别版,tt3392179,8.1,106048,69.20%,19.00%,6.80%,3.10%,1.90%,《黄昏信念的痕迹》是一部探讨记忆的珍贵的宏大电影。故事发生在险峻的高山之巅，一个天真的孩子坚守了一个重要的承诺。在郑贤俊的执导下，配乐动人心弦，细节处理到位，将科幻类型的魅力展现得淋漓尽致。本片展现了电影的魅力，获得了观众的一致好评。
冻结的死亡的救赎 Our Lie at Dusk,https://movie.douban.com/subject/1000585/,金敏哲,Robert Miller,张鹏平 / Peter Miller / 黄峰军 / ...,剧情,奥地利,英语,1970-03-24(釜山电影节) / 1970-04-07(国际),160分钟,冻结的死亡的救赎(港) / 冻结的死亡的救赎导演剪辑版,tt7499040,6.6,10086,41.30%,40.30%,10.80%,4.90%,2.70%,《冻结的死亡的救赎》是一部探讨生命的价值的感人电影。故事发生在一个遥远的小镇，一个天真的孩子守护了珍贵的东西。在金敏哲的执导下，情感表达细腻，气氛营造出色，将剧情类型的魅力展现得淋漓尽致。本片触动人心深处，在国际影展上备受瞩目。
星辰承诺的痕迹 Last Journey to the Future,https://movie.douban.com/subject/1000586/,周杰军,陈文辉 / 李志峰 / 黄文强,伊藤雄大 / Paul Jones / 陈志建 / ...,喜剧 / 悬疑 / 冒险,埃及 / 奥地利 / 荷兰,法语,2024-01-11(奥斯卡金像奖) / 2024-03-18(国际),145分钟,星辰承诺的痕迹(新) / 星辰承诺的痕迹导演剪辑版,tt1420218,9.3,1323186,82.20%,7.80%,5.00%,2.80%,2.20%,《星辰承诺的痕迹》是一部探讨文化的碰撞的震撼电影。故事发生在极地的冰雪世界，一对失散多年的兄弟发现了一个惊人的真相。在周杰军的执导下，情感表达细腻，剧情扣人心弦，将喜剧类型的魅力展现得淋漓尽致。本片让人思考良久，获得了观众的一致好评。
现在的遗忘的旅程 Their Life at Dawn,https://movie.douban.com/subject/1000587/,Christopher Williams,陈辉辉 / 黄峰军 / 张明辉,杨建鹏 / 陈强明 / 黄志伟 / ...,科幻,意大利,意大利语,2007-03-01(多伦多电影节) / 2007-06-08(国际),115分钟,现在的遗忘的旅程(陆) / 现在的遗忘的旅程纪念版 / Journey,tt1752623,7.6,194080,61.20%,24.70%,9.10%,2.30%,2.70%,《现在的遗忘的旅程》是一部探讨命运的挑战的感人电影。故事发生在一个遥远的小镇，一个破碎的家庭面对了一场前所未有的挑战。在Christopher的执导下，配乐动人心弦，情感表达细腻，将科幻类型的魅力展现得淋漓尽致。本片是一部不可多得的佳作，展现了电影艺术的无限可能。
荒野信念的旅程 Your Hate to the Future,https://movie.douban.com/subject/1000588/,王杰志,山田大辅,姜承俊 / 姜浩俊 / 铃木凉平 / ...,剧情,瑞士,日语,1992-05-22(莫斯科电影节) / 1992-07-13(国际),125分钟,荒野信念的旅程(新),tt6503926,6.8,33269,36.50%,41.90%,12.50%,4.30%,4.80%,《荒野信念的旅程》是一部探讨爱情的真谛的感人电影。故事发生在一个遥远的小镇，一位年轻的冒险家找到了生命的真谛。在王杰志的执导下，节奏把控精准，表演真挚感人，将剧情类型的魅力展现得淋漓尽致。本片温暖而治愈，在国际影展上备受瞩目。
月光真相之间 The Love in the Dark,https://movie.douban.com/subject/1000589/,张文军,王志强 / Steven Smith,周华军 / 李华强 / 杨辉杰 / ...,科幻 / 运动,捷克,日语,1971-07-07(巴黎电影节) / 1971-10-23(国际),140分钟,月光真相之间(新),tt1820382,8.8,439813,72.40%,17.40%,5.20%,3.10%,1.90%,《月光真相之间》是一部探讨记忆的珍贵的震撼电影。故事发生在深邃的海洋，一位坚强的女性面对了一场前所未有的挑战。在张文军的执导下，表演真挚感人，寓意深远悠长，将科幻类型的魅力展现得淋漓尽致。本片充满了希望与力量，在国际影展上备受瞩目。
温暖的信念之上 First Secret,https://movie.douban.com/subject/1000590/,John Rodriguez,王辉杰,中村雄大 / Christopher Rodriguez / 朴恩智 / ...,剧情,中国台湾 / 伊朗,汉语普通话 / 西班牙语,1992-06-05(圣丹斯电影节) / 1992-08-20(国际),150分钟,温暖的信念之上(新),tt3081910,8.4,372126,65.60%,19.90%,7.70%,3.40%,3.40%,《温暖的信念之上》是一部探讨真相的揭露的感人电影。故事发生在雨林的深处，一位坚强的女性守护了珍贵的东西。在John的执导下，气氛营造出色，视觉效果震撼，将剧情类型的魅力展现得淋漓尽致。本片值得推荐给所有人，获得了观众的一致好评。
午夜和平之间 A Love,https://movie.douban.com/subject/1000591/,田中太郎,张文伟,David Rodriguez / 黄伟伟 / 铃木雄大 / ...,爱情 / 脱口秀 / 短片,越南,英语,1991-04-13(圣丹斯电影节) / 1991-04-03(国际),220分钟,午夜和平之间(港) / 午夜和平之间加长版,tt7388380,9.8,840469,86.90%,5%,3.10%,3.00%,2.00%,《午夜和平之间》是一部探讨空间的奥秘的深刻电影。故事发生在一个遥远的小镇，一位年轻的冒险家坚守了一个重要的承诺。在田中太郎的执导下，导演手法独特，寓意深远悠长，将爱情类型的魅力展现得淋漓尽致。本片温暖而治愈，在国际影展上备受瞩目。
喧嚣的敌人之上 Our Death at Dawn,https://movie.douban.com/subject/1000592/,Michael Wilson,周辉伟 / 伊藤太郎 / John Rodriguez,陈龙龙 / 刘文伟 / 姜英俊 / ...,爱情,新西兰 / 加拿大 / 比利时,日语,1974-05-21(东京电影节) / 1974-08-28(国际),115分钟,喧嚣的敌人之上(日) / 喧嚣的敌人之上导演剪辑版,tt2147504,7.9,164802,53.00%,29.00%,12.40%,3.00%,2.60%,《喧嚣的敌人之上》是一部探讨家庭的温暖的感人电影。故事发生在险峻的高山之巅，一对相爱的恋人战胜了内心的恐惧。在Michael的执导下，视觉效果震撼，影片画面精美，将爱情类型的魅力展现得淋漓尽致。本片是一部不可多得的佳作，展现了电影艺术的无限可能。
午夜陌生人之上 A Truth to the Future,https://movie.douban.com/subject/1000593/,田中大辅,赵杰伟 / 李哲智 / 朴敏珍,林珍敏 / Christopher Brown / 刘鹏杰 / ...,动作,荷兰,日语,1977-03-08(罗马电影节) / 1977-05-06(国际),120分钟,午夜陌生人之上(韩) / 午夜陌生人之上纪念版,tt9448539,8.8,478811,73.60%,14.00%,7.00%,3.50%,1.90%,《午夜陌生人之上》是一部探讨命运的挑战的感人电影。故事发生在雨林的深处，一群志同道合的朋友发现了一个惊人的真相。在田中大辅的执导下，气氛营造出色，导演手法独特，将动作类型的魅力展现得淋漓尽致。本片展现了电影的魅力，展现了电影艺术的无限可能。
追寻命运的抉择 The Life to the Future,https://movie.douban.com/subject/1000594/,David Rodriguez,周建杰,斋藤太郎 / 渡边太郎 / 赵秀珍 / ...,爱情 / 恐怖,捷克,英语,2021-08-25(金棕榈奖) / 2021-10-18(国际),200分钟,追寻命运的抉择(新) / 追寻命运的抉择纪念版 / Destiny,tt1995500,7.9,192312,59.50%,22.00%,10.70%,5.40%,2.40%,《追寻命运的抉择》是一部探讨科技的边界的感人电影。故事发生在深邃的海洋，一名失意的作家实现了曾经的梦想。在David的执导下，剧情扣人心弦，寓意深远悠长，将爱情类型的魅力展现得淋漓尽致。本片触动人心深处，展现了电影艺术的无限可能。
温暖的记忆之上 Lost Hate in the Dark,https://movie.douban.com/subject/1000595/,铃木次郎,斋藤三郎 / 李珍敏,John Rodriguez / 伊藤太郎 / Peter Davis / ...,爱情 / 情色 / 舞台艺术,中国香港,粤语,1980-07-06(巴黎电影节) / 1980-08-23(国际),180分钟,温暖的记忆之上(陆) / 温暖的记忆之上导演剪辑版,tt2768089,8.1,417305,65.20%,21.50%,7.60%,2.30%,3.40%,《温暖的记忆之上》是一部探讨空间的奥秘的感人电影。故事发生在虚拟的网络空间，一名神秘的陌生人改变了世界的格局。在铃木次郎的执导下，影片画面精美，思想内涵深刻，将爱情类型的魅力展现得淋漓尽致。本片触动人心深处，在国际影展上备受瞩目。
城市旅程之外 Final Fear of the Soul,https://movie.douban.com/subject/1000596/,王杰志,斋藤雄大 / 周国鹏 / 陈强强,George Garcia / 张伟龙 / 林恩浩 / ...,喜剧 / 犯罪,西班牙 / 墨西哥 / 中国香港,英语,1977-01-04(戛纳电影节) / 1977-02-05(国际),240分钟,城市旅程之外加长版,tt5208926,6.2,13816,39.50%,40.20%,12.50%,4.80%,3.00%,《城市旅程之外》是一部探讨记忆的珍贵的深刻电影。故事发生在雨林的深处，一群志同道合的朋友揭开了一个深藏多年的秘密。在王杰志的执导下，剧情扣人心弦，思想内涵深刻，将喜剧类型的魅力展现得淋漓尽致。本片充满了希望与力量，展现了电影艺术的无限可能。
冰冷的肉体的证明 Your Dream at Dawn,https://movie.douban.com/subject/1000597/,张恩承,王建军 / 赵国辉,John Miller / George Wilson / Robert Smith / ...,动作,意大利 / 埃及 / 印度,意大利语 / 英语 / 西班牙语,1991-03-19(巴黎电影节) / 1991-06-19(国际),155分钟,冰冷的肉体的证明(日),tt4820911,7.9,132089,61.50%,19.50%,10.90%,5.30%,2.80%,《冰冷的肉体的证明》是一部探讨和平的珍贵的宏大电影。故事发生在一个遥远的小镇，一位孤独的老人坚守了一个重要的承诺。在张恩承的执导下，寓意深远悠长，情感表达细腻，将动作类型的魅力展现得淋漓尽致。本片展现了人性的光辉，展现了电影艺术的无限可能。
天空秘密之内 Your Truth at Dawn,https://movie.douban.com/subject/1000598/,李文平,赵志龙 / 李华华,王明国 / 赵龙建 / 黄超辉 / ...,动作,日本,日语 / 英语,2017-07-20(戛纳电影节) / 2017-07-22(国际),175分钟,天空秘密之内导演剪辑版 / Secret,tt9739175,8.2,255431,73.30%,14.00%,7.70%,3.20%,1.80%,《天空秘密之内》是一部探讨成长的烦恼的细腻电影。故事发生在末日后的废墟，一位年轻的冒险家发现了一个惊人的真相。在李文平的执导下，气氛营造出色，影片画面精美，将动作类型的魅力展现得淋漓尽致。本片是一部不可多得的佳作，在国际影展上备受瞩目。
海洋绝望之上 Found Journey of the Soul,https://movie.douban.com/subject/1000599/,张峰峰,小林雄大,张伟龙 / 赵强辉 / 黄鹏军 / ...,喜剧 / 黑色电影,埃及,日语,1987-02-13(上海电影节) / 1987-05-20(国际),95分钟,海洋绝望之上(陆) / 海洋绝望之上加长版,tt1691720,7.2,52164,44.20%,32.60%,12.60%,6.40%,4.20%,《海洋绝望之上》是一部探讨友谊的力量的震撼电影。故事发生在末日后的废墟，一群志同道合的朋友发现了一个惊人的真相。在张峰峰的执导下，节奏把控精准，影片画面精美，将喜剧类型的魅力展现得淋漓尽致。本片具有很高的艺术价值，获得了观众的一致好评。
记忆中的谎言之外 The Fear in the Dark,https://movie.douban.com/subject/1000600/,郑英秀,李华鹏 / 张承珍 / 陈鹏伟,姜智俊 / 张辉建 / 山田三郎 / ...,喜剧 / 家庭 / 短片,比利时,西班牙语,2011-02-15(上海电影节) / 2011-02-03(国际),100分钟,记忆中的谎言之外(台) / 记忆中的谎言之外导演剪辑版,tt7104037,8.2,254467,65.60%,19.30%,7.80%,4.40%,2.90%,《记忆中的谎言之外》是一部探讨身份的认同的深刻电影。故事发生在险峻的高山之巅，一位孤独的老人坚守了一个重要的承诺。在郑英秀的执导下，气氛营造出色，配乐动人心弦，将喜剧类型的魅力展现得淋漓尽致。本片是一部不可多得的佳作，展现了电影艺术的无限可能。
黎明选择的边缘 Lost Hope of the Soul,https://movie.douban.com/subject/1000601/,渡边健一,杨国华,James Wilson / 张俊恩 / 张鹏鹏 / ...,剧情,捷克,英语,2004-08-18(东京电影节) / 2004-09-15(国际),200分钟,黎明选择的边缘(陆),tt7147339,9.8,1406246,84.70%,5.30%,5.00%,2.10%,2.90%,《黎明选择的边缘》是一部探讨身份的认同的细腻电影。故事发生在深邃的太空，一群志同道合的朋友突破了自我的极限。在渡边健一的执导下，视觉效果震撼，节奏把控精准，将剧情类型的魅力展现得淋漓尽致。本片温暖而治愈，展现了电影艺术的无限可能。
现在的现实的证明 My Secret to the Future,https://movie.douban.com/subject/1000602/,John Jones,吴鹏志,Paul Miller / 张辉平 / 渡边凉平 / ...,喜剧,巴西,葡萄牙语,2006-11-20(多伦多电影节) / 2006-12-06(国际),150分钟,现在的现实的证明(陆),tt3639502,9.3,864278,82.00%,8.00%,5.00%,2.80%,2.20%,《现在的现实的证明》是一部探讨梦想的追求的深刻电影。故事发生在虚拟的网络空间，一对失散多年的兄弟找到了生命的真谛。在John的执导下，气氛营造出色，情感表达细腻，将喜剧类型的魅力展现得淋漓尽致。本片让人思考良久，获得了观众的一致好评。
温暖的梦境之下 My Life,https://movie.douban.com/subject/1000603/,陈伟建,Christopher Johnson / George Rodriguez / John Brown,吴伟华 / 吴志鹏 / 吴龙峰 / ...,家庭 / 舞台艺术 / 爱情,法国 / 瑞士,法语,2009-07-04(金棕榈奖) / 2009-07-08(国际),220分钟,,tt7548866,8.1,373062,69.90%,20.10%,5.00%,3.20%,1.80%,《温暖的梦境之下》是一部探讨爱情的真谛的深刻电影。故事发生在雨林的深处，一对失散多年的兄弟战胜了内心的恐惧。在陈伟建的执导下，表演真挚感人，视觉效果震撼，将家庭类型的魅力展现得淋漓尽致。本片值得推荐给所有人，获得了观众的一致好评。
追寻终点的证明 My Hope in the Dark,https://movie.douban.com/subject/1000604/,David Garcia,James Smith / 李龙鹏,David Jones / 刘文文 / 刘龙国 / ...,喜剧,加拿大 / 巴西 / 芬兰,法语 / 英语 / 汉语普通话,1993-01-14(威尼斯电影节) / 1993-01-20(国际),125分钟,追寻终点的证明(台) / 追寻终点的证明加长版,tt6450324,8.3,228919,69.70%,17.10%,7.60%,3.40%,2.20%,《追寻终点的证明》是一部探讨人性的探索的宏大电影。故事发生在繁华的都市，一群志同道合的朋友坚守了一个重要的承诺。在David的执导下，导演手法独特，情感表达细腻，将喜剧类型的魅力展现得淋漓尽致。本片值得推荐给所有人，在国际影展上备受瞩目。
记忆中的秘密的救赎 A Truth to the Future,https://movie.douban.com/subject/1000605/,George Miller,郑贤浩,周建军 / 朴俊敏 / 山田诚 / ...,喜剧,越南 / 美国,法语,1985-05-02(伦敦电影节) / 1985-07-09(国际),145分钟,记忆中的秘密的救赎纪念版,tt2873006,8.7,311910,73.40%,13.90%,6.60%,3.80%,2.30%,《记忆中的秘密的救赎》是一部探讨记忆的珍贵的宏大电影。故事发生在神秘的异域，一对失散多年的兄弟守护了珍贵的东西。在George的执导下，寓意深远悠长，配乐动人心弦，将喜剧类型的魅力展现得淋漓尽致。本片温暖而治愈，获得了观众的一致好评。
永恒的朋友之上 The Secret at Dusk,https://movie.douban.com/subject/1000606/,刘平志,Christopher Rodriguez / 吴明明 / 李伟强,崔敏敏 / 赵伟华 / 尹敏承 / ...,剧情,日本,日语 / 英语,2000-08-08(多伦多电影节) / 2000-08-02(国际),105分钟,,tt8479880,9.4,2167984,86.90%,5%,3.10%,2.40%,2.60%,《永恒的朋友之上》是一部探讨记忆的珍贵的宏大电影。故事发生在古代的王朝，一个破碎的家庭实现了曾经的梦想。在刘平志的执导下，视觉效果震撼，导演手法独特，将剧情类型的魅力展现得淋漓尽致。本片展现了人性的光辉，在国际影展上备受瞩目。
永恒的肉体的传说 Last Love at Dawn,https://movie.douban.com/subject/1000607/,李龙杰,伊藤雄大 / George Brown / 杨强华,黄伟超 / George Smith / 黄志强 / ...,爱情,爱尔兰 / 以色列,英语,2015-08-02(戛纳电影节) / 2015-11-01(国际),165分钟,永恒的肉体的传说(韩),tt5514853,7.3,41369,46.20%,28.60%,17.10%,5.00%,3.10%,《永恒的肉体的传说》是一部探讨命运的挑战的感人电影。故事发生在雨林的深处，一名失意的作家发现了一个惊人的真相。在李龙杰的执导下，导演手法独特，剧情扣人心弦，将爱情类型的魅力展现得淋漓尽致。本片展现了电影的魅力，在国际影展上备受瞩目。
晨曦家庭之上 The Death at Dawn,https://movie.douban.com/subject/1000608/,赵秀珍,George Brown / 吴辉明 / James Brown,斋藤太郎 / Paul Garcia / 姜哲智 / ...,动作 / 奇幻 / 神话,法国,法语 / 英语,2010-05-08(釜山电影节) / 2010-07-14(国际),175分钟,晨曦家庭之上(日),tt1145151,6.7,44169,46.00%,37.50%,10.50%,3.80%,2.20%,《晨曦家庭之上》是一部探讨友谊的力量的震撼电影。故事发生在险峻的高山之巅，一群志同道合的朋友发现了一个惊人的真相。在赵秀珍的执导下，导演手法独特，剧情扣人心弦，将动作类型的魅力展现得淋漓尽致。本片触动人心深处，展现了电影艺术的无限可能。
沉默的故乡之间 The Life from the Past,https://movie.douban.com/subject/1000609/,姜哲承,Steven Wilson,陈辉杰 / 刘文强 / 斋藤诚 / ...,情色 / 剧情 / 西部,越南,汉语普通话,2015-03-10(柏林电影节) / 2015-06-24(国际),115分钟,沉默的故乡之间(港),tt7444147,7.2,54779,48.80%,32.20%,12.70%,3.10%,3.20%,《沉默的故乡之间》是一部探讨和平的珍贵的震撼电影。故事发生在繁华的都市，一对失散多年的兄弟改变了世界的格局。在姜哲承的执导下，剧情扣人心弦，气氛营造出色，将情色类型的魅力展现得淋漓尽致。本片值得反复品味，获得了观众的一致好评。
喧嚣的现实的传说 Our Death from the Past,https://movie.douban.com/subject/1000610/,王辉辉,小林次郎 / Peter Rodriguez,黄龙伟 / James Jones / Robert Miller / ...,动作,波兰,日语,1988-05-12(戛纳电影节) / 1988-08-09(国际),115分钟,喧嚣的现实的传说(马) / 喧嚣的现实的传说加长版,tt1488623,7.7,84864,52.50%,29.70%,10.00%,4.50%,3.30%,《喧嚣的现实的传说》是一部探讨友谊的力量的震撼电影。故事发生在战火纷飞的年代，一对相爱的恋人揭开了一个深藏多年的秘密。在王辉辉的执导下，情感表达细腻，配乐动人心弦，将动作类型的魅力展现得淋漓尽致。本片温暖而治愈，获得了观众的一致好评。
天空束缚之下 First Hope,https://movie.douban.com/subject/1000611/,陈强平,斋藤凉平,铃木凉平 / 黄辉鹏 / 金恩浩 / ...,爱情,法国,法语,2004-01-17(戛纳电影节) / 2004-01-26(国际),250分钟,天空束缚之下(新),tt8795639,6.9,36931,46.30%,31.30%,12.10%,5.90%,4.40%,《天空束缚之下》是一部探讨自然的敬畏的感人电影。故事发生在虚拟的网络空间，一名失意的作家踏上了一段改变命运的旅程。在陈强平的执导下，配乐动人心弦，表演真挚感人，将爱情类型的魅力展现得淋漓尽致。本片值得推荐给所有人，获得了观众的一致好评。
太阳光明的边缘 First Death to the Future,https://movie.douban.com/subject/1000612/,吴平明,铃木次郎 / Michael Rodriguez,赵珍承 / 吴辉明 / 渡边健一 / ...,动作 / 脱口秀,以色列,英语,1991-09-18(威尼斯电影节) / 1991-10-16(国际),150分钟,太阳光明的边缘4K修复版,tt3845101,6.5,11787,31.30%,47.20%,13.50%,4.30%,3.70%,《太阳光明的边缘》是一部探讨家庭的温暖的深刻电影。故事发生在末日后的废墟，一位孤独的老人战胜了内心的恐惧。在吴平明的执导下，细节处理到位，情感表达细腻，将动作类型的魅力展现得淋漓尽致。本片会成为经典之作，展现了电影艺术的无限可能。
黎明绝望的回声 Our Love from the Past,https://movie.douban.com/subject/1000613/,赵承英,杨军军 / 郑贤哲 / 张军峰,Michael Garcia / Steven Garcia / 小林凉平 / ...,科幻 / 传记,中国香港 / 新西兰 / 挪威,粤语 / 英语 / 西班牙语,1973-01-06(柏林电影节) / 1973-01-18(国际),155分钟,黎明绝望的回声加长版,tt4530762,7.5,66777,66.00%,22.80%,6.20%,2.90%,2.10%,《黎明绝望的回声》是一部探讨真相的揭露的深刻电影。故事发生在奇幻的魔法世界，一对失散多年的兄弟实现了曾经的梦想。在赵承英的执导下，影片画面精美，导演手法独特，将科幻类型的魅力展现得淋漓尽致。本片温暖而治愈，展现了电影艺术的无限可能。
月光梦想之上 A Love at Dusk,https://movie.douban.com/subject/1000614/,尹恩恩,黄文华,黄文峰 / 金恩秀 / Christopher Smith / ...,科幻 / 短片 / 灾难,伊朗,英语,1993-03-21(戛纳电影节) / 1993-05-05(国际),145分钟,月光梦想之上(马),tt9588057,6.2,18090,28.30%,43.50%,19.70%,3.60%,4.90%,《月光梦想之上》是一部探讨家庭的温暖的深刻电影。故事发生在一个遥远的小镇，一位坚强的女性找到了生命的真谛。在尹恩恩的执导下，配乐动人心弦，视觉效果震撼，将科幻类型的魅力展现得淋漓尽致。本片展现了电影的魅力，展现了电影艺术的无限可能。
未来的黑暗的誓言 Our Life of the Soul,https://movie.douban.com/subject/1000615/,姜敏秀,王鹏杰 / 王强明,杨辉军 / Steven Davis / 杨辉文 / ...,剧情,日本,日语 / 英语,1978-03-26(莫斯科电影节) / 1978-04-23(国际),180分钟,未来的黑暗的誓言(马),tt6613770,7.9,133712,60.20%,23.20%,9.80%,3.70%,3.10%,《未来的黑暗的誓言》是一部探讨自由的渴望的感人电影。故事发生在虚拟的网络空间，一位智慧的导师揭开了一个深藏多年的秘密。在姜敏秀的执导下，思想内涵深刻，剧情扣人心弦，将剧情类型的魅力展现得淋漓尽致。本片展现了电影的魅力，在国际影展上备受瞩目。
温暖的自由的歌声 A Promise at Dawn,https://movie.douban.com/subject/1000616/,Paul Williams,杨杰强,尹贤恩 / 王志鹏 / Robert Rodriguez / ...,剧情,印度,印地语 / 英语,1972-06-25(伦敦电影节) / 1972-07-10(国际),165分钟,温暖的自由的歌声(日),tt9082735,7.3,72829,42.60%,37.40%,10.70%,4.40%,4.90%,《温暖的自由的歌声》是一部探讨记忆的珍贵的震撼电影。故事发生在宁静的乡村，一个破碎的家庭完成了一次自我的救赎。在Paul的执导下，情感表达细腻，思想内涵深刻，将剧情类型的魅力展现得淋漓尽致。本片是一部不可多得的佳作，展现了电影艺术的无限可能。
午夜故乡的传说 Your Hate in the Dark,https://movie.douban.com/subject/1000617/,斋藤诚,James Rodriguez / James Jones,黄龙华 / Paul Johnson / 金承秀 / ...,科幻 / 战争,葡萄牙,汉语普通话,1982-10-11(金棕榈奖) / 1982-10-17(国际),165分钟,午夜故乡的传说(港),tt2940493,9.4,1991347,79.80%,10.20%,5.00%,2.40%,2.60%,《午夜故乡的传说》是一部探讨人性的探索的细腻电影。故事发生在虚拟的网络空间，一个破碎的家庭面对了一场前所未有的挑战。在斋藤诚的执导下，配乐动人心弦，节奏把控精准，将科幻类型的魅力展现得淋漓尽致。本片值得推荐给所有人，在国际影展上备受瞩目。
现在的肉体的约定 My Life in the Dark,https://movie.douban.com/subject/1000618/,Christopher Davis,崔俊浩 / 王华鹏 / 田中次郎,王强峰 / 王军文 / 刘国龙 / ...,动作 / 真人秀 / 古装,伊朗,法语,2006-01-28(釜山电影节) / 2006-04-09(国际),250分钟,现在的肉体的约定(韩) / 现在的肉体的约定4K修复版,tt7878488,8.1,219027,62.20%,19.30%,11.40%,3.70%,3.40%,《现在的肉体的约定》是一部探讨空间的奥秘的深刻电影。故事发生在深邃的海洋，一位坚强的女性实现了曾经的梦想。在Christopher的执导下，配乐动人心弦，影片画面精美，将动作类型的魅力展现得淋漓尽致。本片触动人心深处，展现了电影艺术的无限可能。
风雨家庭的中心 A Hope of the Soul,https://movie.douban.com/subject/1000619/,刘志志,尹珍俊 / Michael Williams / George Garcia,杨志强 / 高桥诚 / 高桥健一 / ...,剧情,印度,印地语,1999-05-13(圣丹斯电影节) / 1999-05-21(国际),140分钟,风雨家庭的中心(新),tt9533302,7.5,120434,49.10%,29.70%,12.50%,4.30%,4.40%,《风雨家庭的中心》是一部探讨和平的珍贵的深刻电影。故事发生在浪漫的海边小镇，一个天真的孩子发现了一个惊人的真相。在刘志志的执导下，细节处理到位，导演手法独特，将剧情类型的魅力展现得淋漓尽致。本片是一部不可多得的佳作，获得了观众的一致好评。
午夜时间之内 Final Death to the Future,https://movie.douban.com/subject/1000620/,赵英智,David Garcia / 金秀俊,佐藤三郎 / 田中大辅 / 张伟鹏 / ...,喜剧 / 灾难,中国香港 / 泰国,粤语 / 汉语普通话,1974-01-21(威尼斯电影节) / 1974-04-20(国际),105分钟,午夜时间之内(新) / 午夜时间之内加长版,tt7680765,8.1,438869,70.60%,19.40%,5.00%,2.70%,2.30%,《午夜时间之内》是一部探讨梦想的追求的细腻电影。故事发生在古代的王朝，一位坚强的女性揭开了一个深藏多年的秘密。在赵英智的执导下，导演手法独特，配乐动人心弦，将喜剧类型的魅力展现得淋漓尽致。本片是一部不可多得的佳作，展现了电影艺术的无限可能。
眼前的英雄的审判 The Promise of the Soul,https://movie.douban.com/subject/1000621/,黄辉强,吴峰志 / 杨华辉 / 赵伟平,Peter Smith / 赵龙国 / 张平国 / ...,儿童 / 科幻 / 动画,新西兰,日语,1986-07-11(柏林电影节) / 1986-09-04(国际),210分钟,眼前的英雄的审判导演剪辑版 / Hero,tt3213539,8.5,852292,77.10%,12.30%,5.60%,3.30%,1.70%,《眼前的英雄的审判》是一部探讨成长的烦恼的细腻电影。故事发生在古代的王朝，一对失散多年的兄弟完成了一次自我的救赎。在黄辉强的执导下，节奏把控精准，视觉效果震撼，将儿童类型的魅力展现得淋漓尽致。本片充满了希望与力量，在国际影展上备受瞩目。
黄昏肉体的边缘 My Fear to the Future,https://movie.douban.com/subject/1000622/,杨峰鹏,山田次郎 / Robert Davis / George Brown,David Smith / 赵恩贤 / Steven Miller / ...,喜剧 / 悬疑,葡萄牙,英语,2010-07-11(戛纳电影节) / 2010-09-16(国际),125分钟,黄昏肉体的边缘(日) / 黄昏肉体的边缘4K修复版,tt4896676,6.6,22126,35.20%,35.30%,14.90%,7.50%,7.10%,《黄昏肉体的边缘》是一部探讨家庭的温暖的深刻电影。故事发生在极地的冰雪世界，一位孤独的老人揭开了一个深藏多年的秘密。在杨峰鹏的执导下，剧情扣人心弦，影片画面精美，将喜剧类型的魅力展现得淋漓尽致。本片会成为经典之作，在国际影展上备受瞩目。
现在的命运的证明 Last Love to the Future,https://movie.douban.com/subject/1000623/,周国华,伊藤太郎,陈鹏龙 / Paul Jones / James Garcia / ...,喜剧 / 情色,意大利,意大利语 / 英语,2008-11-06(金棕榈奖) / 2008-12-05(国际),145分钟,现在的命运的证明加长版,tt5726168,8.2,227775,70.80%,18.30%,5.90%,3.20%,1.80%,《现在的命运的证明》是一部探讨时间的意义的深刻电影。故事发生在未来的世界，一对相爱的恋人突破了自我的极限。在周国华的执导下，剧情扣人心弦，影片画面精美，将喜剧类型的魅力展现得淋漓尽致。本片充满了希望与力量，获得了观众的一致好评。
冰冷的希望的约定 Their Journey to the Future,https://movie.douban.com/subject/1000624/,John Williams,David Rodriguez / 赵龙平 / 伊藤健一,刘鹏建 / 陈华超 / James Johnson / ...,家庭 / 爱情 / 剧情,越南,西班牙语,1990-04-13(伦敦电影节) / 1990-06-04(国际),195分钟,,tt1921118,7.5,187160,57.80%,22.90%,13.10%,2.70%,3.50%,《冰冷的希望的约定》是一部探讨梦想的追求的细腻电影。故事发生在神秘的异域，一个破碎的家庭守护了珍贵的东西。在John的执导下，视觉效果震撼，气氛营造出色，将家庭类型的魅力展现得淋漓尽致。本片让人思考良久，在国际影展上备受瞩目。
过去的和平之下 Our Hate to the Future,https://movie.douban.com/subject/1000625/,James Smith,中村翔太 / 伊藤健一,李志鹏 / 伊藤诚 / James Jones / ...,剧情 / 真人秀,希腊,英语,2003-09-07(金棕榈奖) / 2003-09-13(国际),110分钟,过去的和平之下特别版,tt1567154,7,53969,39.30%,32.20%,17.00%,4.70%,6.80%,《过去的和平之下》是一部探讨人性的探索的宏大电影。故事发生在古代的王朝，一名神秘的陌生人战胜了内心的恐惧。在James的执导下，剧情扣人心弦，思想内涵深刻，将剧情类型的魅力展现得淋漓尽致。本片会成为经典之作，展现了电影艺术的无限可能。
月光光明之内 Our Secret to the Future,https://movie.douban.com/subject/1000626/,杨平华,黄辉平 / 李峰龙 / 张文强,刘峰国 / Christopher Williams / John Brown / ...,科幻 / 运动,中国香港 / 法国 / 比利时,粤语 / 英语 / 汉语普通话,2017-12-12(釜山电影节) / 2017-12-12(国际),175分钟,,tt4665530,9.7,1721163,82.80%,7.20%,5.00%,3.40%,1.60%,《月光光明之内》是一部探讨和平的珍贵的细腻电影。故事发生在极地的冰雪世界，一名神秘的陌生人守护了珍贵的东西。在杨平华的执导下，视觉效果震撼，表演真挚感人，将科幻类型的魅力展现得淋漓尽致。本片充满了希望与力量，展现了电影艺术的无限可能。
黄昏起点的抉择 A Hope from the Past,https://movie.douban.com/subject/1000627/,赵俊敏,金秀俊 / 小林凉平,Robert Johnson / 李伟建 / 王强辉 / ...,科幻,澳大利亚,英语,2019-10-06(奥斯卡金像奖) / 2019-11-01(国际),110分钟,黄昏起点的抉择(陆),tt3063427,7.6,120009,55.80%,25.00%,10.60%,5.10%,3.50%,《黄昏起点的抉择》是一部探讨友谊的力量的感人电影。故事发生在奇幻的魔法世界，一位孤独的老人找到了生命的真谛。在赵俊敏的执导下，视觉效果震撼，剧情扣人心弦，将科幻类型的魅力展现得淋漓尽致。本片展现了人性的光辉，展现了电影艺术的无限可能。
星辰家庭的故事 The Journey from the Past,https://movie.douban.com/subject/1000628/,Christopher Jones,赵志平 / Robert Jones,Steven Jones / 中村翔太 / 黄军建 / ...,动作 / 武侠,中国香港 / 埃及 / 印度,粤语 / 西班牙语,1997-11-17(金球奖) / 1997-12-10(国际),165分钟,星辰家庭的故事4K修复版,tt5058224,9.3,2963270,92.40%,5%,2%,0.50%,0.10%,《星辰家庭的故事》是一部探讨自然的敬畏的震撼电影。故事发生在战火纷飞的年代，一位坚强的女性坚守了一个重要的承诺。在Christopher的执导下，配乐动人心弦，表演真挚感人，将动作类型的魅力展现得淋漓尽致。本片展现了人性的光辉，展现了电影艺术的无限可能。
温暖的绝望之上 Last Hate,https://movie.douban.com/subject/1000629/,George Davis,Peter Rodriguez / Paul Smith,郑哲敏 / 陈强国 / John Johnson / ...,科幻,奥地利,法语,2019-01-25(圣丹斯电影节) / 2019-03-11(国际),120分钟,温暖的绝望之上(台) / 温暖的绝望之上导演剪辑版 / Despair,tt8000864,8.3,420815,67.10%,18.10%,8.20%,4.10%,2.50%,《温暖的绝望之上》是一部探讨真相的揭露的深刻电影。故事发生在虚拟的网络空间，一名神秘的陌生人发现了一个惊人的真相。在George的执导下，情感表达细腻，影片画面精美，将科幻类型的魅力展现得淋漓尽致。本片是一部不可多得的佳作，获得了观众的一致好评。
海洋记忆的传说 Our Promise from the Past,https://movie.douban.com/subject/1000630/,Steven Davis,Christopher Garcia / 铃木拓也,陈明峰 / John Davis / James Jones / ...,科幻,埃及,日语,2024-03-22(釜山电影节) / 2024-04-19(国际),120分钟,海洋记忆的传说(陆) / 海洋记忆的传说修复版,tt5237046,8.2,498707,66.90%,23.10%,5.00%,2.90%,2.10%,《海洋记忆的传说》是一部探讨生命的价值的细腻电影。故事发生在宁静的乡村，一对相爱的恋人战胜了内心的恐惧。在Steven的执导下，导演手法独特，节奏把控精准，将科幻类型的魅力展现得淋漓尽致。本片充满了希望与力量，获得了观众的一致好评。
永恒的梦想的回声 Final Promise at Dawn,https://movie.douban.com/subject/1000631/,George Miller,David Brown,李国文 / James Miller / 刘文杰 / ...,剧情 / 古装,中国香港 / 中国台湾,粤语 / 汉语普通话,1970-01-22(奥斯卡金像奖) / 1970-02-12(国际),180分钟,永恒的梦想的回声(新) / 永恒的梦想的回声4K修复版,tt4894489,6.7,29388,40.20%,31.90%,19.40%,3.80%,4.70%,《永恒的梦想的回声》是一部探讨自由的渴望的震撼电影。故事发生在雨林的深处，一名失意的作家战胜了内心的恐惧。在George的执导下，细节处理到位，思想内涵深刻，将剧情类型的魅力展现得淋漓尽致。本片温暖而治愈，展现了电影艺术的无限可能。
月光终点之上 My Love at Dusk,https://movie.douban.com/subject/1000632/,周龙超,George Brown / George Miller,周伟龙 / John Rodriguez / 杨伟超 / ...,喜剧,加拿大,英语 / 法语,1971-09-24(东京电影节) / 1971-11-21(国际),220分钟,月光终点之上(陆) / 月光终点之上特别版,tt7363012,9.6,1883539,91.50%,5%,2%,0.80%,0.70%,《月光终点之上》是一部探讨人性的探索的宏大电影。故事发生在广袤的沙漠，一对相爱的恋人坚守了一个重要的承诺。在周龙超的执导下，影片画面精美，剧情扣人心弦，将喜剧类型的魅力展现得淋漓尽致。本片温暖而治愈，展现了电影艺术的无限可能。
永恒的敌人的旅程 Their Life of the Soul,https://movie.douban.com/subject/1000633/,张珍英,David Williams / 陈鹏伟 / Paul Brown,张杰军 / Christopher Davis / Michael Miller / ...,动作 / 脱口秀,美国,英语,1992-08-05(金棕榈奖) / 1992-10-25(国际),120分钟,永恒的敌人的旅程(台) / 永恒的敌人的旅程特别版,tt5018973,8.5,858667,70.00%,15.60%,9.40%,2.30%,2.70%,《永恒的敌人的旅程》是一部探讨人性的探索的细腻电影。故事发生在宁静的乡村，一位坚强的女性跨越了时空的界限。在张珍英的执导下，寓意深远悠长，配乐动人心弦，将动作类型的魅力展现得淋漓尽致。本片值得推荐给所有人，展现了电影艺术的无限可能。
海洋终点之下 Our Secret to the Future,https://movie.douban.com/subject/1000634/,Christopher Davis,Michael Wilson,赵俊贤 / George Jones / 佐藤太郎 / ...,喜剧 / 情色,法国,法语 / 英语,1974-08-12(多伦多电影节) / 1974-09-26(国际),220分钟,海洋终点之下(韩) / 海洋终点之下特别版,tt6872301,8.9,602962,77.60%,11.30%,6.10%,2.40%,2.60%,《海洋终点之下》是一部探讨家庭的温暖的震撼电影。故事发生在雨林的深处，一个破碎的家庭跨越了时空的界限。在Christopher的执导下，思想内涵深刻，视觉效果震撼，将喜剧类型的魅力展现得淋漓尽致。本片温暖而治愈，在国际影展上备受瞩目。
荒野远方的回声 My Dream,https://movie.douban.com/subject/1000635/,杨龙华,Steven Garcia / Steven Davis,赵鹏国 / 张平峰 / 姜珍俊 / ...,动作,挪威,汉语普通话,2023-02-05(金球奖) / 2023-05-21(国际),135分钟,荒野远方的回声(陆) / 荒野远方的回声加长版,tt8557599,7.6,67745,58.50%,24.20%,10.40%,3.50%,3.40%,《荒野远方的回声》是一部探讨正义的坚守的细腻电影。故事发生在神秘的异域，一位坚强的女性发现了一个惊人的真相。在杨龙华的执导下，导演手法独特，情感表达细腻，将动作类型的魅力展现得淋漓尽致。本片是一部不可多得的佳作，获得了观众的一致好评。
远方的梦想的证明 Found Journey to the Future,https://movie.douban.com/subject/1000636/,王辉伟,杨强龙,James Miller / David Wilson / 铃木诚 / ...,爱情,中国台湾 / 丹麦 / 瑞士,汉语普通话 / 法语,1986-10-03(罗马电影节) / 1986-10-11(国际),230分钟,远方的梦想的证明(陆) / 远方的梦想的证明4K修复版 / Dream,tt8329815,7.9,98115,60.60%,20.00%,12.20%,4.50%,2.70%,《远方的梦想的证明》是一部探讨战争的残酷的深刻电影。故事发生在战火纷飞的年代，一位智慧的导师面对了一场前所未有的挑战。在王辉伟的执导下，情感表达细腻，配乐动人心弦，将爱情类型的魅力展现得淋漓尽致。本片展现了人性的光辉，展现了电影艺术的无限可能。
未来的死亡之外 A Lie at Dusk,https://movie.douban.com/subject/1000637/,张军建,周峰军,高桥拓也 / James Davis / 郑承英 / ...,剧情,奥地利,西班牙语,2007-10-26(柏林电影节) / 2007-12-18(国际),110分钟,未来的死亡之外(马) / 未来的死亡之外导演剪辑版,tt7708867,6.6,16402,36.30%,38.80%,13.80%,7.60%,3.50%,《未来的死亡之外》是一部探讨真相的揭露的宏大电影。故事发生在深邃的海洋，一个破碎的家庭经历了一次深刻的心灵洗礼。在张军建的执导下，导演手法独特，表演真挚感人，将剧情类型的魅力展现得淋漓尽致。本片会成为经典之作，展现了电影艺术的无限可能。
现在的远方的抉择 Lost Life to the Future,https://movie.douban.com/subject/1000638/,吴杰军,中村健一 / 周伟辉,周文伟 / 赵文杰 / 铃木凉平 / ...,动作,瑞士,汉语普通话,2009-05-20(上海电影节) / 2009-06-15(国际),145分钟,,tt9518618,6.6,37025,40.50%,30.70%,17.50%,4.90%,6.40%,《现在的远方的抉择》是一部探讨时间的意义的细腻电影。故事发生在浪漫的海边小镇，一个天真的孩子实现了曾经的梦想。在吴杰军的执导下，配乐动人心弦，节奏把控精准，将动作类型的魅力展现得淋漓尽致。本片是一部不可多得的佳作，获得了观众的一致好评。
远方的爱情的抉择 Our Truth of the Soul,https://movie.douban.com/subject/1000639/,崔哲哲,郑敏贤 / Steven Miller / 王峰鹏,李峰超 / 山田健一 / David Wilson / ...,动作,巴西 / 捷克 / 阿根廷,葡萄牙语,2015-10-25(釜山电影节) / 2015-10-17(国际),90分钟,远方的爱情的抉择(新) / 远方的爱情的抉择加长版 / Love,tt7933432,8.4,154774,66.30%,17.70%,9.50%,2.90%,3.60%,《远方的爱情的抉择》是一部探讨生命的价值的感人电影。故事发生在浪漫的海边小镇，一对失散多年的兄弟经历了一次深刻的心灵洗礼。在崔哲哲的执导下，剧情扣人心弦，气氛营造出色，将动作类型的魅力展现得淋漓尽致。本片具有很高的艺术价值，展现了电影艺术的无限可能。
温暖的真相的回声 Their Promise at Dusk,https://movie.douban.com/subject/1000640/,刘明伟,山田大辅 / 周杰辉,田中凉平 / 山田健一 / 山田翔太 / ...,剧情,中国台湾,闽南语 / 汉语普通话,2016-04-13(奥斯卡金像奖) / 2016-06-06(国际),90分钟,温暖的真相的回声(台) / 温暖的真相的回声导演剪辑版,tt7922714,6.6,38652,30.40%,43.50%,13.30%,5.80%,7.00%,《温暖的真相的回声》是一部探讨人性的探索的深刻电影。故事发生在深邃的太空，一对相爱的恋人战胜了内心的恐惧。在刘明伟的执导下，情感表达细腻，思想内涵深刻，将剧情类型的魅力展现得淋漓尽致。本片触动人心深处，获得了观众的一致好评。
晨曦起点 My Life from the Past,https://movie.douban.com/subject/1000641/,周国强,斋藤诚,郑秀贤 / Peter Johnson / 赵贤承 / ...,剧情,阿根廷 / 美国 / 韩国,英语,2000-01-15(巴黎电影节) / 2000-02-06(国际),230分钟,晨曦起点(韩),tt4748548,6.2,5084,32.20%,43.00%,14.60%,5.10%,5.10%,《晨曦起点》是一部探讨命运的挑战的宏大电影。故事发生在古代的王朝，一对失散多年的兄弟突破了自我的极限。在周国强的执导下，思想内涵深刻，剧情扣人心弦，将剧情类型的魅力展现得淋漓尽致。本片会成为经典之作，获得了观众的一致好评。
追寻谎言的审判 Your Lie of the Soul,https://movie.douban.com/subject/1000642/,佐藤翔太,赵伟华 / John Garcia,张明志 / Steven Jones / 高桥健一 / ...,科幻 / 神话 / 战争,比利时,日语,2003-01-04(伦敦电影节) / 2003-03-24(国际),240分钟,追寻谎言的审判(日),tt6998018,7.4,27010,56.40%,24.90%,11.40%,3.20%,4.10%,《追寻谎言的审判》是一部探讨战争的残酷的细腻电影。故事发生在奇幻的魔法世界，一位年轻的冒险家突破了自我的极限。在佐藤翔太的执导下，情感表达细腻，表演真挚感人，将科幻类型的魅力展现得淋漓尽致。本片温暖而治愈，获得了观众的一致好评。
温暖的遗忘的歌声 Your Hate of the Soul,https://movie.douban.com/subject/1000643/,Paul Jones,杨辉伟,李贤珍 / 赵智英 / George Garcia / ...,喜剧 / 纪录片,意大利 / 阿根廷 / 土耳其,意大利语 / 英语 / 西班牙语,1990-05-13(奥斯卡金像奖) / 1990-06-13(国际),110分钟,温暖的遗忘的歌声(港) / 温暖的遗忘的歌声特别版,tt2041819,6.3,6439,35.90%,37.60%,14.50%,8.20%,3.80%,《温暖的遗忘的歌声》是一部探讨梦想的追求的细腻电影。故事发生在繁华的都市，一名神秘的陌生人踏上了一段改变命运的旅程。在Paul的执导下，导演手法独特，视觉效果震撼，将喜剧类型的魅力展现得淋漓尽致。本片值得反复品味，获得了观众的一致好评。
沉默的起点之外 A Journey at Dusk,https://movie.douban.com/subject/1000644/,崔智英,赵军志 / Steven Johnson,刘杰华 / 李志峰 / Christopher Brown / ...,科幻 / 战争,捷克,英语,1996-08-22(莫斯科电影节) / 1996-11-11(国际),150分钟,沉默的起点之外(港),tt9519922,8.3,115321,69.10%,18.50%,7.40%,2.20%,2.80%,《沉默的起点之外》是一部探讨爱情的真谛的宏大电影。故事发生在宁静的乡村，一位坚强的女性找到了生命的真谛。在崔智英的执导下，思想内涵深刻，情感表达细腻，将科幻类型的魅力展现得淋漓尽致。本片充满了希望与力量，展现了电影艺术的无限可能。
记忆中的自由的痕迹 Our Lie to the Future,https://movie.douban.com/subject/1000645/,John Williams,周伟杰,郑俊承 / 郑秀俊 / 陈伟华 / ...,爱情,西班牙,日语,1989-04-21(金棕榈奖) / 1989-04-17(国际),100分钟,记忆中的自由的痕迹(日) / 记忆中的自由的痕迹4K修复版,tt1930084,9.4,1965510,85.20%,5%,4.80%,2.90%,2.10%,《记忆中的自由的痕迹》是一部探讨家庭的温暖的震撼电影。故事发生在末日后的废墟，一对相爱的恋人守护了珍贵的东西。在John的执导下，剧情扣人心弦，影片画面精美，将爱情类型的魅力展现得淋漓尽致。本片触动人心深处，获得了观众的一致好评。
迷失的起点的回声 First Truth at Dusk,https://movie.douban.com/subject/1000646/,郑哲承,Michael Wilson,杨志平 / Michael Miller / James Garcia / ...,爱情 / 舞台艺术,俄罗斯,俄语,1971-09-28(巴黎电影节) / 1971-09-15(国际),105分钟,迷失的起点的回声特别版,tt7168603,6.9,15878,38.20%,35.10%,14.70%,7.70%,4.30%,《迷失的起点的回声》是一部探讨命运的挑战的震撼电影。故事发生在末日后的废墟，一对失散多年的兄弟实现了曾经的梦想。在郑哲承的执导下，剧情扣人心弦，表演真挚感人，将爱情类型的魅力展现得淋漓尽致。本片充满了希望与力量，获得了观众的一致好评。
沉默的敌人的回声 Last Dream,https://movie.douban.com/subject/1000647/,王华龙,中村翔太 / 吴强文,Robert Wilson / 刘军平 / George Miller / ...,科幻,韩国,韩语 / 英语,2014-09-01(罗马电影节) / 2014-10-27(国际),210分钟,,tt9689845,9.2,2735525,92.40%,5%,2%,0.50%,0.10%,《沉默的敌人的回声》是一部探讨战争的残酷的宏大电影。故事发生在末日后的废墟，一名勇敢的战士经历了一次深刻的心灵洗礼。在王华龙的执导下，影片画面精美，导演手法独特，将科幻类型的魅力展现得淋漓尽致。本片具有很高的艺术价值，获得了观众的一致好评。
现在的选择的证明 Last Life from the Past,https://movie.douban.com/subject/1000648/,Robert Davis,杨国龙,李秀承 / Robert Jones / George Jones / ...,科幻,意大利 / 澳大利亚,意大利语,1988-02-26(釜山电影节) / 1988-04-21(国际),130分钟,现在的选择的证明(日) / 现在的选择的证明特别版,tt6534598,6.9,34495,42.30%,32.20%,17.70%,3.20%,4.60%,《现在的选择的证明》是一部探讨人性的探索的感人电影。故事发生在虚拟的网络空间，一名神秘的陌生人发现了一个惊人的真相。在Robert的执导下，思想内涵深刻，剧情扣人心弦，将科幻类型的魅力展现得淋漓尽致。本片令人难以忘怀，在国际影展上备受瞩目。
月光恐惧的中心 Our Dream to the Future,https://movie.douban.com/subject/1000649/,杨志超,杨强平 / Michael Davis,李国华 / 斋藤凉平 / 山田翔太 / ...,剧情 / 音乐,阿根廷,汉语普通话,2001-10-03(伦敦电影节) / 2001-12-13(国际),165分钟,月光恐惧的中心(陆) / 月光恐惧的中心特别版,tt6260329,9.1,762962,82.40%,7.60%,5.00%,2.90%,2.10%,《月光恐惧的中心》是一部探讨身份的认同的宏大电影。故事发生在古代的王朝，一个破碎的家庭踏上了一段改变命运的旅程。在杨志超的执导下，寓意深远悠长，影片画面精美，将剧情类型的魅力展现得淋漓尽致。本片触动人心深处，在国际影展上备受瞩目。
燃烧的恐惧的传说 A Lie at Dawn,https://movie.douban.com/subject/1000650/,James Miller,George Davis / 朴浩智,陈龙建 / 尹浩承 / 郑珍哲 / ...,喜剧 / 脱口秀 / 歌舞,比利时 / 中国大陆 / 波兰,日语,2010-02-26(罗马电影节) / 2010-05-23(国际),95分钟,,tt7570370,8.7,512528,69.90%,19.60%,5.50%,3.10%,1.90%,《燃烧的恐惧的传说》是一部探讨人性的探索的震撼电影。故事发生在末日后的废墟，一位年轻的冒险家实现了曾经的梦想。在James的执导下，表演真挚感人，影片画面精美，将喜剧类型的魅力展现得淋漓尽致。本片值得推荐给所有人，获得了观众的一致好评。
沉默的梦境的传说 First Dream at Dusk,https://movie.douban.com/subject/1000651/,崔恩敏,吴鹏超 / Michael Smith / John Smith,Robert Johnson / James Jones / 金珍智 / ...,剧情,中国台湾,汉语普通话,2008-12-13(柏林电影节) / 2008-12-26(国际),145分钟,,tt5286893,8,465654,65.20%,20.20%,7.60%,3.30%,3.70%,《沉默的梦境的传说》是一部探讨家庭的温暖的宏大电影。故事发生在宁静的乡村，一位坚强的女性踏上了一段改变命运的旅程。在崔恩敏的执导下，气氛营造出色，寓意深远悠长，将剧情类型的魅力展现得淋漓尽致。本片让人思考良久，获得了观众的一致好评。
未来的选择的约定 Our Life,https://movie.douban.com/subject/1000652/,David Miller,周强强,赵哲贤 / Steven Garcia / 吴龙峰 / ...,动作 / 音乐 / 恐怖,美国 / 巴西,英语 / 法语 / 日语,1999-02-22(金球奖) / 1999-04-11(国际),155分钟,未来的选择的约定(港) / Choice,tt3225375,8.2,330421,59.90%,27.50%,7.60%,2.50%,2.50%,《未来的选择的约定》是一部探讨自然的敬畏的深刻电影。故事发生在未来的世界，一个破碎的家庭经历了一次深刻的心灵洗礼。在David的执导下，细节处理到位，气氛营造出色，将动作类型的魅力展现得淋漓尽致。本片充满了希望与力量，展现了电影艺术的无限可能。
星辰终点之内 Found Truth at Dawn,https://movie.douban.com/subject/1000653/,陈辉明,赵珍智,Michael Smith / 陈辉志 / 杨强建 / ...,科幻 / 悬疑,挪威,英语,2003-02-11(金球奖) / 2003-02-27(国际),200分钟,星辰终点之内(韩),tt1247063,8,148394,68.30%,17.30%,7.50%,4.10%,2.80%,《星辰终点之内》是一部探讨真相的揭露的细腻电影。故事发生在恐怖的黑暗领域，一位坚强的女性经历了一次深刻的心灵洗礼。在陈辉明的执导下，情感表达细腻，影片画面精美，将科幻类型的魅力展现得淋漓尽致。本片展现了电影的魅力，获得了观众的一致好评。
城市承诺的誓言 My Hate to the Future,https://movie.douban.com/subject/1000654/,Christopher Rodriguez,吴平军,赵强平 / 黄明文 / Michael Rodriguez / ...,科幻 / 舞台艺术 / 运动,意大利,意大利语,1975-01-01(东京电影节) / 1975-02-01(国际),190分钟,Promise,tt7747335,8.6,532481,81.00%,9.00%,5.00%,3.00%,2.00%,《城市承诺的誓言》是一部探讨生命的价值的感人电影。故事发生在神秘的异域，一位智慧的导师实现了曾经的梦想。在Christopher的执导下，节奏把控精准，寓意深远悠长，将科幻类型的魅力展现得淋漓尽致。本片值得反复品味，获得了观众的一致好评。
黎明生命的中心 Their Truth,https://movie.douban.com/subject/1000655/,Steven Brown,吴杰杰 / James Miller / David Miller,Robert Davis / 刘超明 / Paul Jones / ...,爱情 / 家庭 / 战争,爱尔兰,西班牙语,1988-07-06(威尼斯电影节) / 1988-09-12(国际),120分钟,黎明生命的中心修复版,tt9597711,7.8,129070,55.50%,22.90%,14.20%,3.10%,4.30%,《黎明生命的中心》是一部探讨成长的烦恼的细腻电影。故事发生在奇幻的魔法世界，一对失散多年的兄弟完成了一次自我的救赎。在Steven的执导下，导演手法独特，气氛营造出色，将爱情类型的魅力展现得淋漓尽致。本片令人难以忘怀，获得了观众的一致好评。
孤独的真相的痕迹 Their Secret at Dawn,https://movie.douban.com/subject/1000656/,黄强建,周辉鹏,黄强志 / Paul Miller / 渡边凉平 / ...,爱情 / 短片 / 惊悚,南非 / 德国,汉语普通话,1979-04-09(莫斯科电影节) / 1979-05-02(国际),145分钟,孤独的真相的痕迹纪念版,tt1607764,8.2,248967,74.30%,15.70%,5.00%,3.40%,1.60%,《孤独的真相的痕迹》是一部探讨真相的揭露的细腻电影。故事发生在未来的世界，一个破碎的家庭面对了一场前所未有的挑战。在黄强建的执导下，情感表达细腻，剧情扣人心弦，将爱情类型的魅力展现得淋漓尽致。本片值得推荐给所有人，在国际影展上备受瞩目。
未来的遗忘之间 Lost Promise to the Future,https://movie.douban.com/subject/1000657/,渡边三郎,渡边太郎 / 郑珍敏,Robert Garcia / 吴鹏军 / Steven Williams / ...,喜剧 / 悬疑 / 真人秀,日本,日语 / 英语,1990-05-01(戛纳电影节) / 1990-06-12(国际),240分钟,未来的遗忘之间(马),tt8282097,8.3,460620,58.90%,22.40%,9.70%,6.30%,2.70%,《未来的遗忘之间》是一部探讨家庭的温暖的宏大电影。故事发生在未来的世界，一对失散多年的兄弟实现了曾经的梦想。在渡边三郎的执导下，配乐动人心弦，气氛营造出色，将喜剧类型的魅力展现得淋漓尽致。本片会成为经典之作，展现了电影艺术的无限可能。
未来的时间的证明 Your Death to the Future,https://movie.douban.com/subject/1000658/,Michael Jones,刘强华 / 刘建明 / 赵军强,刘华强 / Robert Davis / 周平华 / ...,短片 / 剧情 / 情色,荷兰,汉语普通话,2008-02-12(圣丹斯电影节) / 2008-04-05(国际),130分钟,未来的时间的证明(台) / 未来的时间的证明特别版,tt2002096,6.5,20203,37.80%,41.20%,13.50%,4.30%,3.20%,《未来的时间的证明》是一部探讨家庭的温暖的感人电影。故事发生在恐怖的黑暗领域，一群志同道合的朋友守护了珍贵的东西。在Michael的执导下，视觉效果震撼，情感表达细腻，将短片类型的魅力展现得淋漓尽致。本片令人难以忘怀，在国际影展上备受瞩目。
海洋梦想之外 Last Life to the Future,https://movie.douban.com/subject/1000659/,渡边太郎,佐藤凉平 / 周华华 / John Jones,周明伟 / 李平建 / 林俊敏 / ...,喜剧 / 古装 / 脱口秀,巴西,葡萄牙语 / 英语,1996-02-20(金棕榈奖) / 1996-02-05(国际),210分钟,海洋梦想之外(新) / 海洋梦想之外纪念版,tt3377192,6.6,28002,30.50%,43.50%,16.10%,5.00%,4.90%,《海洋梦想之外》是一部探讨文化的碰撞的细腻电影。故事发生在极地的冰雪世界，一名勇敢的战士揭开了一个深藏多年的秘密。在渡边太郎的执导下，表演真挚感人，导演手法独特，将喜剧类型的魅力展现得淋漓尽致。本片触动人心深处，在国际影展上备受瞩目。
海洋命运的传说 My Life to the Future,https://movie.douban.com/subject/1000660/,Michael Garcia,陈平辉 / 陈超文 / 赵珍智,李辉龙 / 朴贤智 / David Rodriguez / ...,武侠 / 科幻 / 恐怖,波兰,汉语普通话,2006-09-13(伦敦电影节) / 2006-11-05(国际),140分钟,海洋命运的传说导演剪辑版,tt9243153,8,452611,74.40%,15.60%,5.00%,2.70%,2.30%,《海洋命运的传说》是一部探讨真相的揭露的震撼电影。故事发生在深邃的海洋，一名勇敢的战士坚守了一个重要的承诺。在Michael的执导下，思想内涵深刻，导演手法独特，将武侠类型的魅力展现得淋漓尽致。本片是一部不可多得的佳作，展现了电影艺术的无限可能。
迷失的绝望之间 The Truth from the Past,https://movie.douban.com/subject/1000661/,David Garcia,黄明华,小林凉平 / 赵平鹏 / 陈军伟 / ...,科幻,以色列 / 匈牙利,英语,1972-12-27(上海电影节) / 1972-12-16(国际),185分钟,迷失的绝望之间(港) / 迷失的绝望之间纪念版,tt8398497,8.9,825700,75.90%,14.10%,5.00%,3.40%,1.60%,《迷失的绝望之间》是一部探讨战争的残酷的细腻电影。故事发生在古代的王朝，一位智慧的导师经历了一次深刻的心灵洗礼。在David的执导下，思想内涵深刻，情感表达细腻，将科幻类型的魅力展现得淋漓尽致。本片是一部不可多得的佳作，在国际影展上备受瞩目。
风雨绝望的边缘 A Love in the Dark,https://movie.douban.com/subject/1000662/,杨辉文,黄明军 / 田中拓也,李峰强 / 斋藤三郎 / 刘文建 / ...,爱情 / 古装,埃及,法语,2006-08-27(伦敦电影节) / 2006-09-04(国际),95分钟,风雨绝望的边缘(陆) / 风雨绝望的边缘特别版,tt2635943,8.7,460745,75.90%,14.10%,5.00%,3.10%,1.90%,《风雨绝望的边缘》是一部探讨家庭的温暖的震撼电影。故事发生在一个遥远的小镇，一名失意的作家揭开了一个深藏多年的秘密。在杨辉文的执导下，表演真挚感人，节奏把控精准，将爱情类型的魅力展现得淋漓尽致。本片充满了希望与力量，展现了电影艺术的无限可能。
过去的家庭之外 Last Journey at Dusk,https://movie.douban.com/subject/1000663/,黄杰伟,中村诚,赵鹏峰 / 伊藤大辅 / 伊藤大辅 / ...,爱情 / 西部,希腊,汉语普通话,2007-02-14(圣丹斯电影节) / 2007-04-08(国际),125分钟,过去的家庭之外加长版,tt4800101,8.3,104150,66.00%,18.90%,9.50%,2.90%,2.70%,《过去的家庭之外》是一部探讨命运的挑战的细腻电影。故事发生在广袤的沙漠，一个天真的孩子经历了一次深刻的心灵洗礼。在黄杰伟的执导下，情感表达细腻，节奏把控精准，将爱情类型的魅力展现得淋漓尽致。本片充满了希望与力量，在国际影展上备受瞩目。
过去的生命之外 Found Lie to the Future,https://movie.douban.com/subject/1000664/,郑秀敏,王建鹏,朴贤恩 / 杨辉建 / 张珍恩 / ...,犯罪 / 奇幻 / 科幻,意大利,意大利语,2009-01-21(釜山电影节) / 2009-04-01(国际),115分钟,过去的生命之外修复版,tt9359776,6.1,5017,40.30%,40.80%,10.60%,4.50%,3.80%,《过去的生命之外》是一部探讨家庭的温暖的宏大电影。故事发生在极地的冰雪世界，一位坚强的女性找到了生命的真谛。在郑秀敏的执导下，细节处理到位，情感表达细腻，将犯罪类型的魅力展现得淋漓尽致。本片值得推荐给所有人，展现了电影艺术的无限可能。
荒野远方的审判 Our Hate at Dusk,https://movie.douban.com/subject/1000665/,杨文峰,崔智哲,李龙文 / 黄军华 / James Miller / ...,爱情,泰国,日语,1977-05-23(上海电影节) / 1977-05-16(国际),185分钟,荒野远方的审判(马) / 荒野远方的审判加长版,tt2020751,7.9,56216,52.80%,25.70%,12.90%,5.50%,3.10%,《荒野远方的审判》是一部探讨身份的认同的感人电影。故事发生在广袤的沙漠，一名失意的作家改变了世界的格局。在杨文峰的执导下，表演真挚感人，影片画面精美，将爱情类型的魅力展现得淋漓尽致。本片是一部不可多得的佳作，展现了电影艺术的无限可能。
风雨梦想的歌声 A Promise from the Past,https://movie.douban.com/subject/1000666/,张超伟,刘明龙 / 朴承贤,王杰杰 / 小林三郎 / 伊藤健一 / ...,科幻 / 黑色电影 / 儿童,瑞士,汉语普通话,2017-04-09(东京电影节) / 2017-05-08(国际),185分钟,风雨梦想的歌声(台),tt6165022,7.3,96942,44.70%,29.40%,17.00%,4.80%,4.10%,《风雨梦想的歌声》是一部探讨文化的碰撞的震撼电影。故事发生在繁华的都市，一名勇敢的战士发现了一个惊人的真相。在张超伟的执导下，节奏把控精准，视觉效果震撼，将科幻类型的魅力展现得淋漓尽致。本片会成为经典之作，展现了电影艺术的无限可能。
眼前的信念之上 Last Truth in the Dark,https://movie.douban.com/subject/1000667/,Christopher Rodriguez,Peter Rodriguez,赵强伟 / Peter Garcia / 郑恩智 / ...,爱情,中国台湾,闽南语 / 汉语普通话,2019-03-15(巴黎电影节) / 2019-05-09(国际),220分钟,眼前的信念之上(新),tt4569444,9.2,2937245,89.70%,5%,2%,1.50%,1.80%,《眼前的信念之上》是一部探讨记忆的珍贵的震撼电影。故事发生在繁华的都市，一对失散多年的兄弟发现了一个惊人的真相。在Christopher的执导下，视觉效果震撼，表演真挚感人，将爱情类型的魅力展现得淋漓尽致。本片触动人心深处，获得了观众的一致好评。
风雨陌生人之下 Found Life in the Dark,https://movie.douban.com/subject/1000668/,吴强建,Robert Brown / George Garcia / Robert Davis,赵明鹏 / 刘龙伟 / 张平辉 / ...,喜剧 / 黑色电影 / 奇幻,瑞士,西班牙语,2020-10-24(金棕榈奖) / 2020-11-02(国际),200分钟,风雨陌生人之下导演剪辑版,tt4062693,9.2,2838253,90.70%,5%,2%,1.30%,1.00%,《风雨陌生人之下》是一部探讨记忆的珍贵的感人电影。故事发生在深邃的太空，一对相爱的恋人发现了一个惊人的真相。在吴强建的执导下，思想内涵深刻，影片画面精美，将喜剧类型的魅力展现得淋漓尽致。本片值得推荐给所有人，获得了观众的一致好评。
海洋生命的边缘 A Secret,https://movie.douban.com/subject/1000669/,赵英哲,朴英承,Steven Garcia / 铃木大辅 / George Miller / ...,科幻,西班牙,西班牙语,1989-02-03(罗马电影节) / 1989-04-13(国际),170分钟,海洋生命的边缘(新),tt5036018,7.4,94103,43.00%,29.30%,17.10%,7.10%,3.50%,《海洋生命的边缘》是一部探讨记忆的珍贵的感人电影。故事发生在奇幻的魔法世界，一位坚强的女性经历了一次深刻的心灵洗礼。在赵英哲的执导下，思想内涵深刻，表演真挚感人，将科幻类型的魅力展现得淋漓尽致。本片令人难以忘怀，在国际影展上备受瞩目。
城市承诺 Their Death at Dusk,https://movie.douban.com/subject/1000670/,吴峰杰,Robert Miller / 王文平,Michael Brown / 李建国 / 黄强鹏 / ...,动作 / 儿童,瑞士,日语,1992-06-01(圣丹斯电影节) / 1992-07-16(国际),110分钟,城市承诺纪念版,tt9836996,7.4,65933,54.20%,25.80%,10.20%,6.10%,3.70%,《城市承诺》是一部探讨和平的珍贵的感人电影。故事发生在恐怖的黑暗领域，一名神秘的陌生人揭开了一个深藏多年的秘密。在吴峰杰的执导下，情感表达细腻，影片画面精美，将动作类型的魅力展现得淋漓尽致。本片具有很高的艺术价值，获得了观众的一致好评。
远方的起点的誓言 Last Lie of the Soul,https://movie.douban.com/subject/1000671/,李浩英,Robert Davis / 尹恩哲,John Jones / 朴恩俊 / Robert Brown / ...,爱情,伊朗,西班牙语,1992-03-01(威尼斯电影节) / 1992-03-18(国际),95分钟,,tt6555748,8.5,601296,75.10%,14.90%,5.00%,3.50%,1.50%,《远方的起点的誓言》是一部探讨身份的认同的震撼电影。故事发生在古代的王朝，一个破碎的家庭实现了曾经的梦想。在李浩英的执导下，导演手法独特，配乐动人心弦，将爱情类型的魅力展现得淋漓尽致。本片展现了电影的魅力，获得了观众的一致好评。
冰冷的光明之内 My Truth,https://movie.douban.com/subject/1000672/,李华龙,周建辉,Christopher Brown / Michael Johnson / 周龙伟 / ...,动作 / 武侠 / 短片,美国 / 南非,英语,1991-08-01(伦敦电影节) / 1991-11-17(国际),125分钟,冰冷的光明之内加长版,tt9470127,6.5,13060,33.60%,44.10%,15.00%,4.20%,3.10%,《冰冷的光明之内》是一部探讨空间的奥秘的震撼电影。故事发生在未来的世界，一对失散多年的兄弟发现了一个惊人的真相。在李华龙的执导下，情感表达细腻，剧情扣人心弦，将动作类型的魅力展现得淋漓尽致。本片展现了电影的魅力，展现了电影艺术的无限可能。
海洋光明的誓言 Your Secret at Dusk,https://movie.douban.com/subject/1000673/,郑敏智,郑承恩 / 张俊浩,Paul Smith / 中村雄大 / David Jones / ...,爱情 / 恐怖 / 家庭,韩国,韩语,2019-07-07(威尼斯电影节) / 2019-10-13(国际),145分钟,海洋光明的誓言(台) / 海洋光明的誓言特别版,tt8852629,8.2,272183,59.10%,23.80%,11.70%,3.40%,2.00%,《海洋光明的誓言》是一部探讨家庭的温暖的深刻电影。故事发生在浪漫的海边小镇，一群志同道合的朋友改变了世界的格局。在郑敏智的执导下，影片画面精美，寓意深远悠长，将爱情类型的魅力展现得淋漓尽致。本片温暖而治愈，展现了电影艺术的无限可能。
喧嚣的遗忘的誓言 Found Promise from the Past,https://movie.douban.com/subject/1000674/,斋藤三郎,赵杰建 / 赵龙峰,Steven Jones / 刘明华 / 铃木凉平 / ...,悬疑 / 科幻,瑞典 / 巴西 / 比利时,日语,2018-06-17(奥斯卡金像奖) / 2018-09-24(国际),100分钟,,tt6226248,9.7,1724737,84.90%,5.10%,5.00%,3.00%,2.00%,《喧嚣的遗忘的誓言》是一部探讨人性的探索的细腻电影。故事发生在深邃的海洋，一位智慧的导师突破了自我的极限。在斋藤三郎的执导下，节奏把控精准，细节处理到位，将悬疑类型的魅力展现得淋漓尽致。本片展现了电影的魅力，在国际影展上备受瞩目。
孤独的旅程之内 Last Hope to the Future,https://movie.douban.com/subject/1000675/,Christopher Davis,Steven Jones / Michael Davis / 李杰军,赵文国 / 陈平伟 / 李强文 / ...,武侠 / 传记 / 爱情,意大利 / 新西兰,意大利语 / 英语 / 日语,2007-03-01(金球奖) / 2007-05-24(国际),175分钟,,tt7102829,7.2,34843,45.40%,27.70%,14.20%,7.80%,4.90%,《孤独的旅程之内》是一部探讨人性的探索的感人电影。故事发生在险峻的高山之巅，一对相爱的恋人跨越了时空的界限。在Christopher的执导下，思想内涵深刻，寓意深远悠长，将武侠类型的魅力展现得淋漓尽致。本片值得推荐给所有人，在国际影展上备受瞩目。
黎明爱情的痕迹 A Life in the Dark,https://movie.douban.com/subject/1000676/,杨杰华,Robert Miller / Paul Johnson,Robert Jones / 赵超平 / James Brown / ...,科幻,捷克,英语,1984-03-19(圣丹斯电影节) / 1984-06-08(国际),150分钟,黎明爱情的痕迹(日) / Love,tt7669120,6.5,40873,37.60%,39.70%,14.40%,3.70%,4.60%,《黎明爱情的痕迹》是一部探讨科技的边界的深刻电影。故事发生在深邃的海洋，一群志同道合的朋友踏上了一段改变命运的旅程。在杨杰华的执导下，情感表达细腻，思想内涵深刻，将科幻类型的魅力展现得淋漓尽致。本片令人难以忘怀，在国际影展上备受瞩目。
太阳绝望的约定 Final Love in the Dark,https://movie.douban.com/subject/1000677/,George Jones,David Smith / 山田健一 / 黄志鹏,渡边健一 / 杨建建 / Robert Garcia / ...,喜剧,法国,法语,2014-11-06(上海电影节) / 2014-11-27(国际),110分钟,太阳绝望的约定(马),tt6232299,6.2,18008,34.30%,36.70%,18.90%,6.40%,3.70%,《太阳绝望的约定》是一部探讨时间的意义的感人电影。故事发生在末日后的废墟，一名勇敢的战士面对了一场前所未有的挑战。在George的执导下，节奏把控精准，配乐动人心弦，将喜剧类型的魅力展现得淋漓尽致。本片让人思考良久，在国际影展上备受瞩目。
天空灵魂之外 Our Secret of the Soul,https://movie.douban.com/subject/1000678/,斋藤三郎,渡边太郎 / John Brown / 姜恩贤,陈志军 / Paul Rodriguez / 赵文伟 / ...,喜剧 / 灾难 / 黑色电影,伊朗 / 加拿大,英语,2003-02-14(釜山电影节) / 2003-03-27(国际),250分钟,天空灵魂之外(日) / 天空灵魂之外特别版,tt1815454,8.1,429547,63.80%,20.70%,7.90%,3.30%,4.30%,《天空灵魂之外》是一部探讨科技的边界的宏大电影。故事发生在宁静的乡村，一位年轻的冒险家坚守了一个重要的承诺。在斋藤三郎的执导下，节奏把控精准，视觉效果震撼，将喜剧类型的魅力展现得淋漓尽致。本片让人思考良久，获得了观众的一致好评。
远方的时间的誓言 Last Journey from the Past,https://movie.douban.com/subject/1000679/,郑俊承,佐藤三郎 / 杨鹏明,姜敏俊 / 赵建华 / 刘鹏军 / ...,爱情,以色列,英语,2008-03-08(巴黎电影节) / 2008-03-12(国际),230分钟,,tt3285856,7.8,160919,59.00%,21.30%,12.60%,4.60%,2.50%,《远方的时间的誓言》是一部探讨战争的残酷的震撼电影。故事发生在繁华的都市，一个天真的孩子坚守了一个重要的承诺。在郑俊承的执导下，影片画面精美，细节处理到位，将爱情类型的魅力展现得淋漓尽致。本片令人难以忘怀，展现了电影艺术的无限可能。
遗忘的和平的抉择 Last Journey to the Future,https://movie.douban.com/subject/1000680/,陈建超,刘峰龙 / Steven Williams,林哲哲 / 张杰军 / James Brown / ...,动作 / 黑色电影 / 歌舞,意大利,意大利语,2022-11-15(釜山电影节) / 2022-12-04(国际),155分钟,遗忘的和平的抉择(港) / 遗忘的和平的抉择导演剪辑版,tt9964078,9.2,1445783,92.40%,5%,2%,0.50%,0.10%,《遗忘的和平的抉择》是一部探讨梦想的追求的宏大电影。故事发生在古代的王朝，一群志同道合的朋友踏上了一段改变命运的旅程。在陈建超的执导下，寓意深远悠长，影片画面精美，将动作类型的魅力展现得淋漓尽致。本片展现了电影的魅力，展现了电影艺术的无限可能。
遗忘的信念之内 The Death at Dawn,https://movie.douban.com/subject/1000681/,Steven Brown,李鹏华 / 林哲敏 / 杨建军,尹智敏 / Steven Brown / Peter Wilson / ...,喜剧,法国 / 瑞典 / 捷克,法语 / 英语 / 日语,2006-09-17(金棕榈奖) / 2006-12-13(国际),195分钟,遗忘的信念之内(日),tt5955706,8.5,968542,76.90%,11.70%,5.80%,3.10%,2.50%,《遗忘的信念之内》是一部探讨家庭的温暖的感人电影。故事发生在险峻的高山之巅，一位智慧的导师完成了一次自我的救赎。在Steven的执导下，细节处理到位，思想内涵深刻，将喜剧类型的魅力展现得淋漓尽致。本片值得推荐给所有人，展现了电影艺术的无限可能。
燃烧的故乡的中心 Your Death at Dawn,https://movie.douban.com/subject/1000682/,赵峰明,高桥凉平,Christopher Jones / 张龙志 / 张国志 / ...,爱情 / 武侠,中国大陆 / 意大利,汉语普通话 / 方言,2000-01-03(金棕榈奖) / 2000-04-01(国际),250分钟,,tt6776172,8,158472,71.40%,18.60%,5.00%,2.10%,2.90%,《燃烧的故乡的中心》是一部探讨科技的边界的细腻电影。故事发生在深邃的海洋，一位年轻的冒险家揭开了一个深藏多年的秘密。在赵峰明的执导下，配乐动人心弦，思想内涵深刻，将爱情类型的魅力展现得淋漓尽致。本片温暖而治愈，获得了观众的一致好评。
城市英雄之上 Found Love of the Soul,https://movie.douban.com/subject/1000683/,赵文文,Michael Wilson / 吴军龙 / James Johnson,李志建 / John Wilson / 赵国国 / ...,爱情,比利时,汉语普通话,2021-05-20(金球奖) / 2021-08-13(国际),130分钟,城市英雄之上(新) / 城市英雄之上纪念版 / Hero,tt2751205,7.2,41167,43.90%,38.50%,9.80%,4.10%,3.70%,《城市英雄之上》是一部探讨爱情的真谛的深刻电影。故事发生在一个遥远的小镇，一群志同道合的朋友改变了世界的格局。在赵文文的执导下，节奏把控精准，导演手法独特，将爱情类型的魅力展现得淋漓尽致。本片令人难以忘怀，展现了电影艺术的无限可能。
太阳命运的歌声 Final Hope at Dawn,https://movie.douban.com/subject/1000684/,李志志,Christopher Jones / 李贤珍 / Peter Brown,Michael Williams / 斋藤雄大 / 田中健一 / ...,喜剧,奥地利,西班牙语,1970-08-17(罗马电影节) / 1970-11-24(国际),120分钟,太阳命运的歌声修复版,tt7938290,7.5,71328,57.50%,25.00%,9.80%,3.90%,3.80%,《太阳命运的歌声》是一部探讨成长的烦恼的深刻电影。故事发生在未来的世界，一位智慧的导师守护了珍贵的东西。在李志志的执导下，表演真挚感人，影片画面精美，将喜剧类型的魅力展现得淋漓尽致。本片会成为经典之作，在国际影展上备受瞩目。
海洋战争的誓言 Last Journey from the Past,https://movie.douban.com/subject/1000685/,Michael Jones,王鹏建,Robert Johnson / David Williams / David Johnson / ...,剧情 / 神话,奥地利,日语,1979-04-28(金球奖) / 1979-07-03(国际),90分钟,海洋战争的誓言(马),tt8552648,8.4,224329,60.50%,23.80%,10.30%,3.10%,2.30%,《海洋战争的誓言》是一部探讨命运的挑战的震撼电影。故事发生在虚拟的网络空间，一群志同道合的朋友找到了生命的真谛。在Michael的执导下，寓意深远悠长，情感表达细腻，将剧情类型的魅力展现得淋漓尽致。本片充满了希望与力量，展现了电影艺术的无限可能。
城市承诺的审判 First Love,https://movie.douban.com/subject/1000686/,Robert Garcia,吴龙超 / 尹英俊 / 杨超龙,朴秀珍 / 朴哲俊 / 李龙文 / ...,爱情 / 恐怖,葡萄牙,法语,1972-06-02(圣丹斯电影节) / 1972-09-21(国际),250分钟,城市承诺的审判(韩) / 城市承诺的审判导演剪辑版,tt2382255,6.4,6726,36.50%,32.30%,17.10%,6.70%,7.40%,《城市承诺的审判》是一部探讨家庭的温暖的细腻电影。故事发生在神秘的异域，一名失意的作家踏上了一段改变命运的旅程。在Robert的执导下，气氛营造出色，表演真挚感人，将爱情类型的魅力展现得淋漓尽致。本片具有很高的艺术价值，在国际影展上备受瞩目。
过去的绝望的旅程 Your Lie at Dusk,https://movie.douban.com/subject/1000687/,Christopher Smith,James Johnson,郑敏恩 / George Davis / Michael Garcia / ...,剧情,俄罗斯,俄语 / 英语,1990-01-09(伦敦电影节) / 1990-04-17(国际),220分钟,过去的绝望的旅程(马) / 过去的绝望的旅程导演剪辑版,tt3616026,8.3,126808,62.60%,25.90%,6.50%,2.80%,2.20%,《过去的绝望的旅程》是一部探讨爱情的真谛的宏大电影。故事发生在古代的王朝，一名失意的作家找到了生命的真谛。在Christopher的执导下，思想内涵深刻，寓意深远悠长，将剧情类型的魅力展现得淋漓尽致。本片是一部不可多得的佳作，获得了观众的一致好评。
喧嚣的梦境的传说 The Dream to the Future,https://movie.douban.com/subject/1000688/,周强辉,金秀敏 / 张杰平,金浩贤 / 王强龙 / David Miller / ...,喜剧,巴西,葡萄牙语,2019-07-21(釜山电影节) / 2019-10-21(国际),140分钟,喧嚣的梦境的传说(日) / 喧嚣的梦境的传说纪念版,tt2271548,7.8,183453,60.10%,26.90%,8.00%,2.40%,2.60%,《喧嚣的梦境的传说》是一部探讨科技的边界的深刻电影。故事发生在神秘的异域，一群志同道合的朋友揭开了一个深藏多年的秘密。在周强辉的执导下，气氛营造出色，寓意深远悠长，将喜剧类型的魅力展现得淋漓尽致。本片是一部不可多得的佳作，展现了电影艺术的无限可能。
现在的绝望之内 A Death of the Soul,https://movie.douban.com/subject/1000689/,Robert Johnson,田中凉平 / John Williams / 赵浩敏,张珍智 / Peter Miller / Steven Johnson / ...,脱口秀 / 犯罪 / 科幻,越南,西班牙语,2003-01-07(柏林电影节) / 2003-03-06(国际),140分钟,现在的绝望之内(韩),tt9254195,9.2,1800273,87.10%,5%,2.90%,3.20%,1.80%,《现在的绝望之内》是一部探讨科技的边界的感人电影。故事发生在古代的王朝，一名失意的作家实现了曾经的梦想。在Robert的执导下，气氛营造出色，影片画面精美，将脱口秀类型的魅力展现得淋漓尽致。本片让人思考良久，获得了观众的一致好评。
燃烧的梦境的抉择 Last Death at Dusk,https://movie.douban.com/subject/1000690/,黄峰峰,黄强鹏,Robert Johnson / 杨辉军 / 吴华国 / ...,歌舞 / 爱情,巴西,葡萄牙语 / 英语,2006-02-03(柏林电影节) / 2006-02-04(国际),115分钟,,tt8883760,8.5,938743,77.70%,12.30%,5.00%,3.10%,1.90%,《燃烧的梦境的抉择》是一部探讨家庭的温暖的深刻电影。故事发生在神秘的异域，一位孤独的老人实现了曾经的梦想。在黄峰峰的执导下，视觉效果震撼，细节处理到位，将歌舞类型的魅力展现得淋漓尽致。本片充满了希望与力量，获得了观众的一致好评。
过去的陌生人的传说 Lost Love at Dawn,https://movie.douban.com/subject/1000691/,刘伟峰,John Rodriguez / 吴峰强 / James Rodriguez,Steven Garcia / Michael Wilson / 刘平峰 / ...,战争 / 剧情,澳大利亚,英语,1981-07-23(罗马电影节) / 1981-10-15(国际),145分钟,过去的陌生人的传说(韩),tt8724892,6.3,15394,43.00%,30.50%,16.50%,5.90%,4.10%,《过去的陌生人的传说》是一部探讨身份的认同的震撼电影。故事发生在未来的世界，一个破碎的家庭坚守了一个重要的承诺。在刘伟峰的执导下，导演手法独特，节奏把控精准，将战争类型的魅力展现得淋漓尽致。本片会成为经典之作，获得了观众的一致好评。
远方的终点的中心 Final Hope from the Past,https://movie.douban.com/subject/1000692/,崔承浩,李国明,陈杰文 / James Smith / 林恩珍 / ...,脱口秀 / 动作 / 悬疑,希腊,汉语普通话,2009-08-22(东京电影节) / 2009-09-12(国际),130分钟,远方的终点的中心(韩) / 远方的终点的中心4K修复版,tt4667055,7.6,81078,57.10%,23.70%,12.90%,3.60%,2.70%,《远方的终点的中心》是一部探讨自由的渴望的震撼电影。故事发生在古代的王朝，一对失散多年的兄弟完成了一次自我的救赎。在崔承浩的执导下，配乐动人心弦，情感表达细腻，将脱口秀类型的魅力展现得淋漓尽致。本片会成为经典之作，在国际影展上备受瞩目。
眼前的英雄的抉择 Our Dream of the Soul,https://movie.douban.com/subject/1000693/,Michael Johnson,David Williams,小林拓也 / 杨华辉 / 黄峰建 / ...,科幻 / 爱情 / 恐怖,捷克 / 俄罗斯,日语,2002-07-04(上海电影节) / 2002-07-24(国际),155分钟,,tt4805775,7.8,120115,50.40%,33.70%,8.70%,3.10%,4.10%,《眼前的英雄的抉择》是一部探讨自然的敬畏的深刻电影。故事发生在战火纷飞的年代，一位孤独的老人找到了生命的真谛。在Michael的执导下，情感表达细腻，思想内涵深刻，将科幻类型的魅力展现得淋漓尽致。本片具有很高的艺术价值，在国际影展上备受瞩目。
月光希望 Our Death at Dusk,https://movie.douban.com/subject/1000694/,刘建建,George Rodriguez / George Johnson,周国国 / 李建辉 / 陈伟辉 / ...,喜剧,泰国,汉语普通话,2013-03-20(罗马电影节) / 2013-05-08(国际),240分钟,月光希望(陆),tt8311721,7.7,153771,53.10%,26.00%,10.60%,5.70%,4.60%,《月光希望》是一部探讨命运的挑战的宏大电影。故事发生在险峻的高山之巅，一群志同道合的朋友经历了一次深刻的心灵洗礼。在刘建建的执导下，配乐动人心弦，气氛营造出色，将喜剧类型的魅力展现得淋漓尽致。本片温暖而治愈，展现了电影艺术的无限可能。
荒野空间之外 Our Journey at Dawn,https://movie.douban.com/subject/1000695/,张恩俊,山田雄大,李杰平 / 黄辉超 / Paul Johnson / ...,脱口秀 / 家庭 / 爱情,墨西哥,西班牙语,1986-04-21(圣丹斯电影节) / 1986-07-04(国际),180分钟,,tt8348574,8,134759,69.00%,18.90%,6.40%,3.90%,1.80%,《荒野空间之外》是一部探讨科技的边界的震撼电影。故事发生在战火纷飞的年代，一名勇敢的战士发现了一个惊人的真相。在张恩俊的执导下，节奏把控精准，细节处理到位，将脱口秀类型的魅力展现得淋漓尽致。本片值得推荐给所有人，在国际影展上备受瞩目。
最后的恐惧的抉择 Final Truth at Dawn,https://movie.douban.com/subject/1000696/,郑恩秀,George Garcia / 张杰文 / Michael Jones,Steven Garcia / Steven Garcia / Paul Brown / ...,科幻 / 奇幻 / 家庭,波兰,西班牙语,1972-05-06(罗马电影节) / 1972-06-03(国际),95分钟,最后的恐惧的抉择(韩),tt5155543,6.5,26728,34.90%,34.80%,17.70%,8.20%,4.40%,《最后的恐惧的抉择》是一部探讨正义的坚守的震撼电影。故事发生在奇幻的魔法世界，一名神秘的陌生人实现了曾经的梦想。在郑恩秀的执导下，导演手法独特，剧情扣人心弦，将科幻类型的魅力展现得淋漓尽致。本片是一部不可多得的佳作，获得了观众的一致好评。
星辰远方的中心 First Fear at Dusk,https://movie.douban.com/subject/1000697/,Michael Jones,斋藤三郎,尹英智 / 斋藤健一 / 赵贤秀 / ...,爱情 / 黑色电影,土耳其,法语,1996-02-05(金球奖) / 1996-02-11(国际),140分钟,星辰远方的中心(新),tt9341208,9.2,729517,83.10%,6.90%,5.00%,2.80%,2.20%,《星辰远方的中心》是一部探讨身份的认同的深刻电影。故事发生在浪漫的海边小镇，一个破碎的家庭面对了一场前所未有的挑战。在Michael的执导下，情感表达细腻，思想内涵深刻，将爱情类型的魅力展现得淋漓尽致。本片温暖而治愈，获得了观众的一致好评。
远方的陌生人之外 Their Promise at Dusk,https://movie.douban.com/subject/1000698/,张辉文,周鹏峰 / 渡边雄大,黄志强 / 黄伟鹏 / 郑敏秀 / ...,爱情,埃及,汉语普通话,2017-01-25(圣丹斯电影节) / 2017-01-18(国际),180分钟,远方的陌生人之外(台) / 远方的陌生人之外修复版,tt5578013,6,8041,37.90%,34.60%,13.90%,6.80%,6.80%,《远方的陌生人之外》是一部探讨正义的坚守的细腻电影。故事发生在奇幻的魔法世界，一名失意的作家突破了自我的极限。在张辉文的执导下，剧情扣人心弦，节奏把控精准，将爱情类型的魅力展现得淋漓尽致。本片温暖而治愈，获得了观众的一致好评。
孤独的真相的抉择 A Hope of the Soul,https://movie.douban.com/subject/1000699/,佐藤诚,渡边次郎 / 周明伟,Peter Johnson / 陈峰强 / Christopher Brown / ...,动作 / 情色,意大利,意大利语 / 英语,2022-09-24(上海电影节) / 2022-10-07(国际),125分钟,孤独的真相的抉择(马) / 孤独的真相的抉择特别版,tt6731188,8.3,301381,69.60%,17.20%,8.20%,3.50%,1.50%,《孤独的真相的抉择》是一部探讨文化的碰撞的宏大电影。故事发生在未来的世界，一位智慧的导师面对了一场前所未有的挑战。在佐藤诚的执导下，表演真挚感人，配乐动人心弦，将动作类型的魅力展现得淋漓尽致。本片是一部不可多得的佳作，获得了观众的一致好评。
太阳束缚的故事 The Hope to the Future,https://movie.douban.com/subject/1000700/,田中诚,尹贤珍,中村三郎 / 吴伟峰 / James Brown / ...,动作 / 传记,瑞士,日语,2004-01-25(多伦多电影节) / 2004-01-17(国际),210分钟,太阳束缚的故事(日),tt6153709,6.9,25177,41.00%,31.70%,16.80%,6.00%,4.50%,《太阳束缚的故事》是一部探讨科技的边界的细腻电影。故事发生在雨林的深处，一位坚强的女性坚守了一个重要的承诺。在田中诚的执导下，配乐动人心弦，影片画面精美，将动作类型的魅力展现得淋漓尽致。本片让人思考良久，展现了电影艺术的无限可能。
过去的和平之下 A Secret at Dawn,https://movie.douban.com/subject/1000701/,杨华鹏,John Smith,杨建明 / 陈志明 / 张鹏华 / ...,喜剧 / 武侠 / 犯罪,法国,法语,2024-06-11(釜山电影节) / 2024-09-04(国际),90分钟,过去的和平之下修复版,tt3217712,7.1,24616,47.60%,33.50%,12.70%,4.10%,2.10%,《过去的和平之下》是一部探讨空间的奥秘的震撼电影。故事发生在一个遥远的小镇，一个天真的孩子跨越了时空的界限。在杨华鹏的执导下，影片画面精美，表演真挚感人，将喜剧类型的魅力展现得淋漓尽致。本片会成为经典之作，展现了电影艺术的无限可能。
冰冷的旅程的回声 The Death of the Soul,https://movie.douban.com/subject/1000702/,Paul Garcia,John Williams,Robert Miller / 伊藤雄大 / 黄明军 / ...,剧情 / 真人秀,以色列,法语,1995-05-24(威尼斯电影节) / 1995-08-17(国际),180分钟,冰冷的旅程的回声(日),tt5934378,7.4,73122,46.40%,29.60%,14.50%,4.40%,5.10%,《冰冷的旅程的回声》是一部探讨成长的烦恼的深刻电影。故事发生在奇幻的魔法世界，一名失意的作家实现了曾经的梦想。在Paul的执导下，表演真挚感人，节奏把控精准，将剧情类型的魅力展现得淋漓尽致。本片温暖而治愈，获得了观众的一致好评。
黎明现实的约定 First Journey in the Dark,https://movie.douban.com/subject/1000703/,杨峰军,杨平华 / 李秀浩 / 李平辉,Robert Williams / James Smith / 陈强华 / ...,爱情 / 灾难,美国 / 印度 / 荷兰,英语,1986-01-15(东京电影节) / 1986-02-20(国际),145分钟,黎明现实的约定(陆) / 黎明现实的约定导演剪辑版,tt4744233,8.2,412634,70.40%,18.20%,6.40%,3.30%,1.70%,《黎明现实的约定》是一部探讨正义的坚守的震撼电影。故事发生在古代的王朝，一群志同道合的朋友跨越了时空的界限。在杨峰军的执导下，寓意深远悠长，剧情扣人心弦，将爱情类型的魅力展现得淋漓尽致。本片让人思考良久，在国际影展上备受瞩目。
迷失的陌生人之上 Last Lie to the Future,https://movie.douban.com/subject/1000704/,刘明文,Christopher Davis / Michael Johnson,林秀哲 / 吴华志 / 陈鹏鹏 / ...,动作 / 悬疑 / 冒险,阿根廷,法语,1997-10-18(伦敦电影节) / 1997-12-02(国际),120分钟,,tt9274517,8.2,492635,68.90%,19.20%,6.50%,2.30%,3.10%,《迷失的陌生人之上》是一部探讨梦想的追求的细腻电影。故事发生在神秘的异域，一个破碎的家庭守护了珍贵的东西。在刘明文的执导下，气氛营造出色，思想内涵深刻，将动作类型的魅力展现得淋漓尽致。本片具有很高的艺术价值，展现了电影艺术的无限可能。
燃烧的恐惧之上 Found Truth at Dusk,https://movie.douban.com/subject/1000705/,郑秀秀,吴辉军,Christopher Davis / Michael Williams / Peter Davis / ...,科幻 / 儿童 / 悬疑,德国,德语,2013-09-09(巴黎电影节) / 2013-11-15(国际),190分钟,燃烧的恐惧之上(台) / 燃烧的恐惧之上加长版,tt6149562,7,87350,40.70%,32.80%,16.50%,5.20%,4.80%,《燃烧的恐惧之上》是一部探讨家庭的温暖的深刻电影。故事发生在奇幻的魔法世界，一位孤独的老人跨越了时空的界限。在郑秀秀的执导下，配乐动人心弦，情感表达细腻，将科幻类型的魅力展现得淋漓尽致。本片温暖而治愈，在国际影展上备受瞩目。
最后的旅程的回声 Our Fear in the Dark,https://movie.douban.com/subject/1000706/,Paul Wilson,杨明龙 / 张俊智,David Williams / 张珍恩 / 佐藤诚 / ...,剧情,俄罗斯 / 越南,俄语 / 英语,1989-08-26(罗马电影节) / 1989-10-23(国际),110分钟,,tt1633260,6.8,24509,39.30%,36.70%,14.00%,6.60%,3.40%,《最后的旅程的回声》是一部探讨真相的揭露的宏大电影。故事发生在恐怖的黑暗领域，一对失散多年的兄弟改变了世界的格局。在Paul的执导下，表演真挚感人，剧情扣人心弦，将剧情类型的魅力展现得淋漓尽致。本片触动人心深处，获得了观众的一致好评。
风雨绝望的边缘 Final Hate of the Soul,https://movie.douban.com/subject/1000707/,黄强杰,Robert Johnson / 吴杰建 / 杨志峰,渡边三郎 / 王华文 / 佐藤翔太 / ...,动作 / 家庭 / 战争,中国香港,粤语 / 英语,1981-01-05(金球奖) / 1981-01-16(国际),125分钟,风雨绝望的边缘(台) / 风雨绝望的边缘纪念版 / Despair,tt8155975,9.4,2755484,88.20%,5%,2%,3.30%,1.50%,《风雨绝望的边缘》是一部探讨正义的坚守的感人电影。故事发生在战火纷飞的年代，一名勇敢的战士战胜了内心的恐惧。在黄强杰的执导下，寓意深远悠长，导演手法独特，将动作类型的魅力展现得淋漓尽致。本片展现了电影的魅力，展现了电影艺术的无限可能。
城市起点之外 A Lie at Dusk,https://movie.douban.com/subject/1000708/,李珍浩,Michael Miller / James Miller,郑智珍 / 李鹏华 / 张俊敏 / ...,剧情 / 冒险 / 纪录片,爱尔兰,汉语普通话,2005-04-16(柏林电影节) / 2005-07-28(国际),135分钟,城市起点之外(港) / 城市起点之外加长版,tt8847288,9.6,624678,83.30%,6.70%,5.00%,2.40%,2.60%,《城市起点之外》是一部探讨成长的烦恼的宏大电影。故事发生在雨林的深处，一对失散多年的兄弟实现了曾经的梦想。在李珍浩的执导下，配乐动人心弦，气氛营造出色，将剧情类型的魅力展现得淋漓尽致。本片是一部不可多得的佳作，展现了电影艺术的无限可能。
迷失的旅程的旅程 My Love in the Dark,https://movie.douban.com/subject/1000709/,John Wilson,James Jones,崔珍恩 / 刘强文 / Robert Williams / ...,冒险 / 音乐 / 剧情,南非,西班牙语,1971-11-12(伦敦电影节) / 1971-11-03(国际),145分钟,迷失的旅程的旅程(港),tt7611430,7.9,157250,62.10%,24.70%,7.40%,3.50%,2.30%,《迷失的旅程的旅程》是一部探讨家庭的温暖的宏大电影。故事发生在广袤的沙漠，一名勇敢的战士揭开了一个深藏多年的秘密。在John的执导下，导演手法独特，寓意深远悠长，将冒险类型的魅力展现得淋漓尽致。本片触动人心深处，展现了电影艺术的无限可能。
月光陌生人之外 The Life of the Soul,https://movie.douban.com/subject/1000710/,Robert Miller,吴平军 / 张贤珍 / James Garcia,伊藤健一 / Steven Smith / David Rodriguez / ...,传记 / 科幻 / 运动,印度 / 匈牙利,印地语 / 法语,1990-08-02(巴黎电影节) / 1990-11-09(国际),220分钟,月光陌生人之外导演剪辑版,tt6589593,7.6,76586,49.70%,33.70%,8.80%,5.20%,2.60%,《月光陌生人之外》是一部探讨家庭的温暖的细腻电影。故事发生在一个遥远的小镇，一群志同道合的朋友揭开了一个深藏多年的秘密。在Robert的执导下，细节处理到位，影片画面精美，将传记类型的魅力展现得淋漓尽致。本片是一部不可多得的佳作，获得了观众的一致好评。
黎明自由之间 Final Secret at Dusk,https://movie.douban.com/subject/1000711/,斋藤大辅,刘鹏军 / 赵珍俊,George Jones / 陈强强 / 张文平 / ...,剧情,埃及 / 瑞士 / 比利时,英语,1980-11-28(金球奖) / 1980-12-03(国际),95分钟,,tt5275518,7.9,114491,58.00%,26.00%,10.10%,3.00%,2.90%,《黎明自由之间》是一部探讨空间的奥秘的深刻电影。故事发生在险峻的高山之巅，一对相爱的恋人发现了一个惊人的真相。在斋藤大辅的执导下，导演手法独特，配乐动人心弦，将剧情类型的魅力展现得淋漓尽致。本片触动人心深处，在国际影展上备受瞩目。
风雨光明的旅程 Last Truth at Dusk,https://movie.douban.com/subject/1000712/,吴军华,林秀俊 / 周超明,James Garcia / 斋藤凉平 / James Johnson / ...,动作,中国台湾,闽南语 / 汉语普通话,2005-10-24(多伦多电影节) / 2005-12-05(国际),155分钟,风雨光明的旅程(新),tt9265601,7.7,160466,56.70%,22.40%,10.60%,5.10%,5.20%,《风雨光明的旅程》是一部探讨空间的奥秘的细腻电影。故事发生在浪漫的海边小镇，一个破碎的家庭跨越了时空的界限。在吴军华的执导下，情感表达细腻，表演真挚感人，将动作类型的魅力展现得淋漓尽致。本片令人难以忘怀，展现了电影艺术的无限可能。
追寻怀疑的誓言 Our Love to the Future,https://movie.douban.com/subject/1000713/,陈平文,陈文军 / 铃木大辅 / 王军平,王鹏国 / 张贤敏 / James Brown / ...,悬疑 / 科幻 / 传记,意大利 / 捷克,意大利语,1992-10-14(金棕榈奖) / 1992-10-07(国际),180分钟,追寻怀疑的誓言特别版,tt7727014,8.1,276495,61.60%,21.00%,8.70%,4.10%,4.60%,《追寻怀疑的誓言》是一部探讨命运的挑战的震撼电影。故事发生在险峻的高山之巅，一个破碎的家庭跨越了时空的界限。在陈平文的执导下，视觉效果震撼，配乐动人心弦，将悬疑类型的魅力展现得淋漓尽致。本片展现了电影的魅力，展现了电影艺术的无限可能。
喧嚣的光明之外 Final Life of the Soul,https://movie.douban.com/subject/1000714/,Steven Williams,吴辉强 / 杨峰明,吴华文 / John Williams / 斋藤拓也 / ...,剧情,伊朗,法语,2008-03-02(多伦多电影节) / 2008-05-21(国际),230分钟,喧嚣的光明之外(韩),tt2976323,8.9,642309,74.50%,13.20%,7.30%,2.90%,2.10%,《喧嚣的光明之外》是一部探讨命运的挑战的细腻电影。故事发生在险峻的高山之巅，一位坚强的女性改变了世界的格局。在Steven的执导下，节奏把控精准，影片画面精美，将剧情类型的魅力展现得淋漓尽致。本片具有很高的艺术价值，展现了电影艺术的无限可能。
月光梦境之上 First Hate to the Future,https://movie.douban.com/subject/1000715/,周建超,小林诚,赵峰强 / Peter Rodriguez / Paul Brown / ...,动作,芬兰,西班牙语,1984-07-05(罗马电影节) / 1984-10-08(国际),140分钟,月光梦境之上(马),tt7223711,8.1,349269,60.30%,23.20%,8.70%,5.10%,2.70%,《月光梦境之上》是一部探讨文化的碰撞的震撼电影。故事发生在未来的世界，一位坚强的女性发现了一个惊人的真相。在周建超的执导下，情感表达细腻，导演手法独特，将动作类型的魅力展现得淋漓尽致。本片温暖而治愈，展现了电影艺术的无限可能。
沉默的遗忘的救赎 Found Truth from the Past,https://movie.douban.com/subject/1000716/,黄峰平,周峰平,小林拓也 / 赵强军 / John Rodriguez / ...,纪录片 / 爱情,埃及,日语,1978-01-27(上海电影节) / 1978-03-01(国际),120分钟,沉默的遗忘的救赎(马),tt6432766,8.1,491973,73.60%,15.70%,5.70%,3.20%,1.80%,《沉默的遗忘的救赎》是一部探讨家庭的温暖的深刻电影。故事发生在虚拟的网络空间，一位智慧的导师完成了一次自我的救赎。在黄峰平的执导下，寓意深远悠长，导演手法独特，将纪录片类型的魅力展现得淋漓尽致。本片令人难以忘怀，在国际影展上备受瞩目。
远方的终点的中心 Found Death,https://movie.douban.com/subject/1000717/,John Miller,佐藤次郎,佐藤三郎 / 李志军 / 林贤敏 / ...,神话 / 爱情 / 历史,韩国,韩语,2000-08-02(圣丹斯电影节) / 2000-08-09(国际),175分钟,远方的终点的中心4K修复版,tt6181827,6.7,25280,40.20%,38.30%,11.00%,7.20%,3.30%,《远方的终点的中心》是一部探讨爱情的真谛的感人电影。故事发生在极地的冰雪世界，一名失意的作家踏上了一段改变命运的旅程。在John的执导下，情感表达细腻，影片画面精美，将神话类型的魅力展现得淋漓尽致。本片值得推荐给所有人，在国际影展上备受瞩目。
冻结的灵魂的边缘 Found Truth of the Soul,https://movie.douban.com/subject/1000718/,李峰强,赵明建 / 杨伟国,伊藤三郎 / Steven Johnson / 王鹏明 / ...,喜剧,中国香港,粤语 / 英语,2004-01-15(圣丹斯电影节) / 2004-03-08(国际),135分钟,冻结的灵魂的边缘(港) / 冻结的灵魂的边缘特别版,tt8079531,7.2,49308,53.80%,30.00%,10.70%,3.70%,1.80%,《冻结的灵魂的边缘》是一部探讨真相的揭露的感人电影。故事发生在虚拟的网络空间，一位孤独的老人找到了生命的真谛。在李峰强的执导下，寓意深远悠长，节奏把控精准，将喜剧类型的魅力展现得淋漓尽致。本片触动人心深处，在国际影展上备受瞩目。
荒野空间的救赎 Their Truth at Dusk,https://movie.douban.com/subject/1000719/,田中翔太,吴杰华 / 陈国辉 / 王明平,Robert Garcia / 王龙超 / 吴龙伟 / ...,爱情,丹麦 / 越南,汉语普通话,1986-08-08(金棕榈奖) / 1986-09-26(国际),200分钟,荒野空间的救赎特别版,tt2321446,8.9,292090,68.40%,17.60%,9.00%,3.00%,2.00%,《荒野空间的救赎》是一部探讨时间的意义的宏大电影。故事发生在虚拟的网络空间，一名勇敢的战士战胜了内心的恐惧。在田中翔太的执导下，情感表达细腻，寓意深远悠长，将爱情类型的魅力展现得淋漓尽致。本片具有很高的艺术价值，在国际影展上备受瞩目。
现在的选择之上 Final Secret from the Past,https://movie.douban.com/subject/1000720/,张华文,刘国国,斋藤翔太 / Michael Jones / Peter Rodriguez / ...,喜剧,葡萄牙,英语,2017-05-01(伦敦电影节) / 2017-08-05(国际),175分钟,现在的选择之上(马),tt3977662,8.8,549456,82.90%,7.10%,5.00%,2.90%,2.10%,《现在的选择之上》是一部探讨人性的探索的细腻电影。故事发生在雨林的深处，一位智慧的导师跨越了时空的界限。在张华文的执导下，节奏把控精准，气氛营造出色，将喜剧类型的魅力展现得淋漓尽致。本片展现了电影的魅力，获得了观众的一致好评。
喧嚣的英雄的约定 Final Love from the Past,https://movie.douban.com/subject/1000721/,张辉建,James Jones,渡边大辅 / David Smith / 赵英哲 / ...,剧情 / 传记 / 歌舞,澳大利亚,英语,1996-10-18(莫斯科电影节) / 1996-11-20(国际),230分钟,喧嚣的英雄的约定(韩),tt1089929,8.1,173233,73.10%,14.70%,7.20%,3.30%,1.70%,《喧嚣的英雄的约定》是一部探讨时间的意义的震撼电影。故事发生在神秘的异域，一位智慧的导师完成了一次自我的救赎。在张辉建的执导下，配乐动人心弦，导演手法独特，将剧情类型的魅力展现得淋漓尽致。本片值得反复品味，在国际影展上备受瞩目。
黎明恐惧的故事 A Promise,https://movie.douban.com/subject/1000722/,赵峰明,James Brown / 小林雄大 / John Johnson,杨志文 / Michael Wilson / 张强峰 / ...,爱情,英国,英语,1996-03-07(多伦多电影节) / 1996-04-02(国际),250分钟,黎明恐惧的故事(陆) / 黎明恐惧的故事4K修复版,tt4424800,6.9,48779,46.10%,32.80%,11.00%,5.40%,4.70%,《黎明恐惧的故事》是一部探讨战争的残酷的震撼电影。故事发生在险峻的高山之巅，一名神秘的陌生人坚守了一个重要的承诺。在赵峰明的执导下，影片画面精美，视觉效果震撼，将爱情类型的魅力展现得淋漓尽致。本片触动人心深处，展现了电影艺术的无限可能。
孤独的恐惧之下 Our Love at Dusk,https://movie.douban.com/subject/1000723/,周伟建,张明峰 / 陈平建,张国辉 / 朴恩秀 / 周明文 / ...,爱情 / 神话,以色列,法语,1999-04-18(巴黎电影节) / 1999-04-07(国际),145分钟,孤独的恐惧之下特别版,tt6239419,8.4,498426,68.90%,15.60%,9.00%,3.50%,3.00%,《孤独的恐惧之下》是一部探讨梦想的追求的细腻电影。故事发生在古代的王朝，一位智慧的导师守护了珍贵的东西。在周伟建的执导下，配乐动人心弦，表演真挚感人，将爱情类型的魅力展现得淋漓尽致。本片展现了电影的魅力，展现了电影艺术的无限可能。
冻结的战争的审判 Our Promise in the Dark,https://movie.douban.com/subject/1000724/,杨杰平,姜恩哲 / 斋藤拓也,铃木雄大 / 赵志伟 / 刘伟华 / ...,动作 / 历史 / 灾难,韩国,韩语 / 英语,1998-01-15(金棕榈奖) / 1998-03-13(国际),190分钟,冻结的战争的审判特别版,tt6518702,7.5,82947,63.30%,21.80%,8.80%,3.70%,2.40%,《冻结的战争的审判》是一部探讨爱情的真谛的震撼电影。故事发生在一个遥远的小镇，一名失意的作家突破了自我的极限。在杨杰平的执导下，气氛营造出色，节奏把控精准，将动作类型的魅力展现得淋漓尽致。本片会成为经典之作，展现了电影艺术的无限可能。
太阳真相的中心 Their Fear from the Past,https://movie.douban.com/subject/1000725/,金浩恩,Robert Jones,Robert Brown / 李平鹏 / Michael Brown / ...,儿童 / 科幻,印度 / 挪威 / 土耳其,泰米尔语 / 印地语,2013-04-24(伦敦电影节) / 2013-04-27(国际),190分钟,太阳真相的中心(日),tt9327224,8.3,311744,57.70%,23.00%,13.20%,2.90%,3.20%,《太阳真相的中心》是一部探讨友谊的力量的震撼电影。故事发生在繁华的都市，一个破碎的家庭踏上了一段改变命运的旅程。在金浩恩的执导下，配乐动人心弦，表演真挚感人，将儿童类型的魅力展现得淋漓尽致。本片具有很高的艺术价值，在国际影展上备受瞩目。
午夜远方的抉择 Final Hate at Dawn,https://movie.douban.com/subject/1000726/,朴哲承,陈鹏华,李平超 / Steven Smith / 林俊珍 / ...,科幻 / 家庭,墨西哥,西班牙语 / 英语,2000-07-03(金棕榈奖) / 2000-07-23(国际),90分钟,午夜远方的抉择(韩) / 午夜远方的抉择加长版,tt9257079,8.7,500175,74.10%,13.10%,6.50%,3.20%,3.10%,《午夜远方的抉择》是一部探讨自由的渴望的宏大电影。故事发生在战火纷飞的年代，一位年轻的冒险家实现了曾经的梦想。在朴哲承的执导下，导演手法独特，气氛营造出色，将科幻类型的魅力展现得淋漓尽致。本片充满了希望与力量，获得了观众的一致好评。
冻结的遗忘之上 Lost Death at Dusk,https://movie.douban.com/subject/1000727/,山田次郎,吴华华 / 王伟强 / 渡边三郎,Robert Williams / 赵承珍 / 李国明 / ...,喜剧,西班牙 / 波兰 / 比利时,西班牙语,1976-10-15(威尼斯电影节) / 1976-11-27(国际),240分钟,冻结的遗忘之上纪念版,tt1086965,7.8,57935,56.90%,28.80%,9.20%,2.10%,3.00%,《冻结的遗忘之上》是一部探讨生命的价值的宏大电影。故事发生在广袤的沙漠，一位年轻的冒险家完成了一次自我的救赎。在山田次郎的执导下，气氛营造出色，剧情扣人心弦，将喜剧类型的魅力展现得淋漓尽致。本片展现了人性的光辉，展现了电影艺术的无限可能。
冰冷的自由的约定 First Life at Dawn,https://movie.douban.com/subject/1000728/,赵恩智,George Johnson,周龙伟 / 郑敏俊 / 赵峰杰 / ...,科幻 / 短片,中国大陆,汉语普通话 / 方言,1971-04-10(戛纳电影节) / 1971-05-28(国际),175分钟,冰冷的自由的约定(台) / 冰冷的自由的约定修复版,tt5646013,6.6,44671,32.80%,39.30%,18.40%,4.00%,5.50%,《冰冷的自由的约定》是一部探讨友谊的力量的细腻电影。故事发生在雨林的深处，一个破碎的家庭揭开了一个深藏多年的秘密。在赵恩智的执导下，气氛营造出色，影片画面精美，将科幻类型的魅力展现得淋漓尽致。本片触动人心深处，获得了观众的一致好评。
沉默的希望之间 Your Life to the Future,https://movie.douban.com/subject/1000729/,黄志杰,陈国强 / 伊藤健一 / Michael Johnson,黄平峰 / James Williams / 林珍敏 / ...,动作,中国台湾,汉语普通话,1974-08-05(东京电影节) / 1974-10-26(国际),185分钟,沉默的希望之间(马),tt9021135,8.8,655393,83.40%,6.60%,5.00%,2.50%,2.50%,《沉默的希望之间》是一部探讨空间的奥秘的震撼电影。故事发生在末日后的废墟，一名神秘的陌生人面对了一场前所未有的挑战。在黄志杰的执导下，气氛营造出色，导演手法独特，将动作类型的魅力展现得淋漓尽致。本片值得反复品味，获得了观众的一致好评。
星辰终点的约定 Last Love in the Dark,https://movie.douban.com/subject/1000730/,赵文志,陈文建 / David Rodriguez,张鹏超 / 斋藤次郎 / 周伟华 / ...,喜剧,越南,西班牙语,1994-06-02(罗马电影节) / 1994-06-16(国际),135分钟,星辰终点的约定(陆) / 星辰终点的约定修复版,tt2376176,6.8,39084,30.20%,37.80%,18.60%,7.80%,5.60%,《星辰终点的约定》是一部探讨梦想的追求的宏大电影。故事发生在奇幻的魔法世界，一个天真的孩子突破了自我的极限。在赵文志的执导下，思想内涵深刻，寓意深远悠长，将喜剧类型的魅力展现得淋漓尽致。本片触动人心深处，获得了观众的一致好评。
午夜和平的中心 A Life,https://movie.douban.com/subject/1000731/,George Brown,王文华 / 李平超,黄明超 / George Davis / 李超龙 / ...,科幻 / 动作 / 儿童,奥地利 / 匈牙利,英语,1997-10-01(金棕榈奖) / 1997-12-08(国际),155分钟,午夜和平的中心导演剪辑版,tt9074865,6.9,27260,32.30%,44.50%,14.10%,5.50%,3.60%,《午夜和平的中心》是一部探讨空间的奥秘的细腻电影。故事发生在古代的王朝，一个破碎的家庭找到了生命的真谛。在George的执导下，配乐动人心弦，表演真挚感人，将科幻类型的魅力展现得淋漓尽致。本片是一部不可多得的佳作，展现了电影艺术的无限可能。
冰冷的选择的证明 Found Fear of the Soul,https://movie.douban.com/subject/1000732/,中村三郎,周国军 / 陈国辉,陈军伟 / 山田健一 / 赵英浩 / ...,喜剧,芬兰,法语,2008-07-03(罗马电影节) / 2008-08-16(国际),170分钟,冰冷的选择的证明(韩) / Choice,tt3617306,6.4,13130,35.60%,41.70%,15.60%,3.10%,4.00%,《冰冷的选择的证明》是一部探讨生命的价值的深刻电影。故事发生在一个遥远的小镇，一位坚强的女性实现了曾经的梦想。在中村三郎的执导下，气氛营造出色，配乐动人心弦，将喜剧类型的魅力展现得淋漓尽致。本片温暖而治愈，获得了观众的一致好评。
冰冷的绝望的回声 Found Hope,https://movie.douban.com/subject/1000733/,李鹏建,David Wilson / Christopher Johnson / 刘华强,Robert Rodriguez / Robert Miller / Paul Smith / ...,爱情 / 舞台艺术,巴西,葡萄牙语 / 英语,1971-03-24(戛纳电影节) / 1971-03-03(国际),140分钟,冰冷的绝望的回声(港) / 冰冷的绝望的回声特别版,tt2908234,9.4,2444283,92.40%,5%,2%,0.50%,0.10%,《冰冷的绝望的回声》是一部探讨爱情的真谛的宏大电影。故事发生在浪漫的海边小镇，一名勇敢的战士坚守了一个重要的承诺。在李鹏建的执导下，寓意深远悠长，影片画面精美，将爱情类型的魅力展现得淋漓尽致。本片令人难以忘怀，获得了观众的一致好评。
星辰现实的传说 Found Lie of the Soul,https://movie.douban.com/subject/1000734/,David Davis,佐藤凉平 / James Davis,铃木次郎 / 吴伟鹏 / 黄超文 / ...,剧情,芬兰 / 日本 / 澳大利亚,法语,1975-06-12(东京电影节) / 1975-07-19(国际),210分钟,星辰现实的传说(韩),tt2982723,6.9,48340,36.30%,41.30%,11.90%,4.80%,5.70%,《星辰现实的传说》是一部探讨战争的残酷的深刻电影。故事发生在极地的冰雪世界，一名勇敢的战士揭开了一个深藏多年的秘密。在David的执导下，配乐动人心弦，情感表达细腻，将剧情类型的魅力展现得淋漓尽致。本片会成为经典之作，在国际影展上备受瞩目。
记忆中的和平之下 Your Death,https://movie.douban.com/subject/1000735/,铃木雄大,David Johnson / 吴强华,黄建伟 / James Rodriguez / Robert Johnson / ...,剧情 / 纪录片,中国香港,粤语 / 汉语普通话,1999-05-09(金棕榈奖) / 1999-07-18(国际),200分钟,记忆中的和平之下(新),tt7274640,8.3,440580,69.90%,19.40%,5.70%,2.70%,2.30%,《记忆中的和平之下》是一部探讨生命的价值的宏大电影。故事发生在虚拟的网络空间，一位智慧的导师改变了世界的格局。在铃木雄大的执导下，细节处理到位，导演手法独特，将剧情类型的魅力展现得淋漓尽致。本片值得反复品味，在国际影展上备受瞩目。
过去的战争的故事 The Dream of the Soul,https://movie.douban.com/subject/1000736/,周国国,刘明明 / George Jones / Peter Wilson,崔秀浩 / 李辉军 / George Wilson / ...,科幻,奥地利 / 芬兰,汉语普通话,1994-05-19(多伦多电影节) / 1994-05-04(国际),220分钟,过去的战争的故事(新),tt9735843,8.3,451203,70.90%,18.50%,5.60%,3.10%,1.90%,《过去的战争的故事》是一部探讨科技的边界的宏大电影。故事发生在末日后的废墟，一名勇敢的战士踏上了一段改变命运的旅程。在周国国的执导下，节奏把控精准，思想内涵深刻，将科幻类型的魅力展现得淋漓尽致。本片展现了人性的光辉，在国际影展上备受瞩目。
黄昏光明的抉择 Lost Life,https://movie.douban.com/subject/1000737/,佐藤雄大,田中凉平,李恩敏 / 刘国龙 / Robert Smith / ...,剧情 / 歌舞,墨西哥,西班牙语 / 英语,2015-10-24(罗马电影节) / 2015-10-16(国际),250分钟,黄昏光明的抉择(韩),tt5829166,7.5,154568,58.80%,23.80%,10.70%,3.50%,3.20%,《黄昏光明的抉择》是一部探讨真相的揭露的深刻电影。故事发生在深邃的太空，一位孤独的老人守护了珍贵的东西。在佐藤雄大的执导下，情感表达细腻，配乐动人心弦，将剧情类型的魅力展现得淋漓尽致。本片是一部不可多得的佳作，在国际影展上备受瞩目。
现在的怀疑之下 Final Death in the Dark,https://movie.douban.com/subject/1000738/,周强志,李强华,Steven Garcia / 王华辉 / James Brown / ...,喜剧 / 儿童 / 传记,南非,西班牙语,1979-01-11(威尼斯电影节) / 1979-04-20(国际),220分钟,,tt4438965,8.2,284362,62.50%,25.70%,6.80%,2.60%,2.40%,《现在的怀疑之下》是一部探讨时间的意义的宏大电影。故事发生在战火纷飞的年代，一位坚强的女性揭开了一个深藏多年的秘密。在周强志的执导下，配乐动人心弦，寓意深远悠长，将喜剧类型的魅力展现得淋漓尽致。本片展现了电影的魅力，获得了观众的一致好评。
永恒的英雄的传说 A Lie of the Soul,https://movie.douban.com/subject/1000739/,刘平鹏,小林拓也,Robert Davis / 李辉军 / 陈辉军 / ...,科幻 / 家庭,中国香港 / 土耳其 / 俄罗斯,粤语 / 汉语普通话,2018-07-20(奥斯卡金像奖) / 2018-10-27(国际),155分钟,永恒的英雄的传说修复版,tt6989967,7.4,95769,44.30%,35.30%,12.40%,4.80%,3.20%,《永恒的英雄的传说》是一部探讨身份的认同的宏大电影。故事发生在深邃的海洋，一名勇敢的战士实现了曾经的梦想。在刘平鹏的执导下，视觉效果震撼，剧情扣人心弦，将科幻类型的魅力展现得淋漓尽致。本片展现了电影的魅力，在国际影展上备受瞩目。
月光勇气之间 The Love at Dusk,https://movie.douban.com/subject/1000740/,小林三郎,张俊承,王志强 / 吴伟龙 / Steven Garcia / ...,科幻,波兰,英语,2010-03-17(东京电影节) / 2010-04-12(国际),95分钟,,tt3869329,7.5,191896,56.50%,22.20%,12.80%,4.00%,4.50%,《月光勇气之间》是一部探讨友谊的力量的细腻电影。故事发生在恐怖的黑暗领域，一对失散多年的兄弟面对了一场前所未有的挑战。在小林三郎的执导下，寓意深远悠长，导演手法独特，将科幻类型的魅力展现得淋漓尽致。本片展现了人性的光辉，在国际影展上备受瞩目。
过去的战争的救赎 First Secret from the Past,https://movie.douban.com/subject/1000741/,黄华建,Robert Davis / 山田太郎 / 赵华杰,铃木健一 / John Rodriguez / 朴秀智 / ...,喜剧 / 恐怖,泰国 / 德国,西班牙语,2016-08-07(釜山电影节) / 2016-11-03(国际),165分钟,过去的战争的救赎(韩) / 过去的战争的救赎4K修复版,tt7004736,6.6,46125,33.80%,36.40%,15.20%,6.00%,8.60%,《过去的战争的救赎》是一部探讨和平的珍贵的宏大电影。故事发生在奇幻的魔法世界，一名勇敢的战士跨越了时空的界限。在黄华建的执导下，表演真挚感人，思想内涵深刻，将喜剧类型的魅力展现得淋漓尽致。本片展现了人性的光辉，获得了观众的一致好评。
荒野承诺的痕迹 My Hope to the Future,https://movie.douban.com/subject/1000742/,姜英智,周建强 / 陈超军 / 李鹏超,杨强平 / 李龙平 / Peter Jones / ...,爱情 / 剧情,意大利,意大利语 / 英语,2024-06-28(戛纳电影节) / 2024-08-22(国际),210分钟,荒野承诺的痕迹(马) / 荒野承诺的痕迹修复版 / Promise,tt8577508,7.1,32939,48.20%,32.60%,12.70%,3.20%,3.30%,《荒野承诺的痕迹》是一部探讨时间的意义的感人电影。故事发生在深邃的太空，一名失意的作家实现了曾经的梦想。在姜英智的执导下，导演手法独特，节奏把控精准，将爱情类型的魅力展现得淋漓尽致。本片具有很高的艺术价值，在国际影展上备受瞩目。
迷失的爱情之上 Last Secret in the Dark,https://movie.douban.com/subject/1000743/,Peter Smith,尹恩俊,George Garcia / Paul Rodriguez / 李龙建 / ...,武侠 / 动作 / 传记,泰国,西班牙语,1991-01-28(金棕榈奖) / 1991-01-14(国际),150分钟,迷失的爱情之上(马) / 迷失的爱情之上4K修复版,tt3429009,9.5,2022006,91.60%,5%,2%,0.70%,0.70%,《迷失的爱情之上》是一部探讨真相的揭露的深刻电影。故事发生在奇幻的魔法世界，一名失意的作家经历了一次深刻的心灵洗礼。在Peter的执导下，剧情扣人心弦，情感表达细腻，将武侠类型的魅力展现得淋漓尽致。本片充满了希望与力量，展现了电影艺术的无限可能。
天空肉体的边缘 Your Dream from the Past,https://movie.douban.com/subject/1000744/,小林健一,Steven Wilson / 李强龙 / James Davis,小林健一 / 刘明国 / 李峰明 / ...,喜剧 / 情色,埃及 / 比利时 / 日本,西班牙语,1976-06-02(圣丹斯电影节) / 1976-09-17(国际),180分钟,天空肉体的边缘(台) / 天空肉体的边缘4K修复版,tt9363513,6.5,48508,37.00%,40.80%,13.30%,5.50%,3.40%,《天空肉体的边缘》是一部探讨爱情的真谛的宏大电影。故事发生在神秘的异域，一群志同道合的朋友跨越了时空的界限。在小林健一的执导下，导演手法独特，气氛营造出色，将喜剧类型的魅力展现得淋漓尽致。本片触动人心深处，获得了观众的一致好评。
过去的敌人的审判 Lost Death at Dawn,https://movie.douban.com/subject/1000745/,Robert Wilson,Peter Wilson,周杰志 / Paul Garcia / 李俊俊 / ...,动作,伊朗,汉语普通话,1992-09-17(东京电影节) / 1992-12-14(国际),115分钟,过去的敌人的审判(韩),tt9764992,8.3,431088,59.60%,26.20%,7.40%,3.60%,3.20%,《过去的敌人的审判》是一部探讨文化的碰撞的细腻电影。故事发生在末日后的废墟，一个破碎的家庭揭开了一个深藏多年的秘密。在Robert的执导下，视觉效果震撼，寓意深远悠长，将动作类型的魅力展现得淋漓尽致。本片展现了电影的魅力，展现了电影艺术的无限可能。
远方的梦想的旅程 Found Journey at Dusk,https://movie.douban.com/subject/1000746/,李志明,刘建杰,John Miller / 尹敏哲 / John Miller / ...,喜剧 / 运动,荷兰,英语,1970-01-25(奥斯卡金像奖) / 1970-01-03(国际),140分钟,远方的梦想的旅程纪念版,tt1658391,6.2,11552,40.90%,38.30%,14.20%,4.00%,2.60%,《远方的梦想的旅程》是一部探讨家庭的温暖的感人电影。故事发生在神秘的异域，一位年轻的冒险家完成了一次自我的救赎。在李志明的执导下，气氛营造出色，表演真挚感人，将喜剧类型的魅力展现得淋漓尽致。本片温暖而治愈，展现了电影艺术的无限可能。
迷失的战争的故事 Lost Promise from the Past,https://movie.douban.com/subject/1000747/,刘文强,James Davis,吴华平 / 赵杰辉 / 张强强 / ...,纪录片 / 剧情,爱尔兰 / 澳大利亚,英语,1975-08-19(柏林电影节) / 1975-10-26(国际),230分钟,迷失的战争的故事(新) / 迷失的战争的故事加长版,tt4293440,7,63165,43.40%,37.90%,11.80%,4.60%,2.30%,《迷失的战争的故事》是一部探讨自然的敬畏的感人电影。故事发生在繁华的都市，一位坚强的女性发现了一个惊人的真相。在刘文强的执导下，表演真挚感人，情感表达细腻，将纪录片类型的魅力展现得淋漓尽致。本片是一部不可多得的佳作，在国际影展上备受瞩目。
永恒的敌人的旅程 Last Lie in the Dark,https://movie.douban.com/subject/1000748/,Christopher Jones,山田诚 / 张文伟 / 陈华辉,张强国 / 渡边拓也 / David Rodriguez / ...,运动 / 神话 / 动作,波兰,法语,2020-05-18(东京电影节) / 2020-06-25(国际),115分钟,永恒的敌人的旅程(马) / 永恒的敌人的旅程导演剪辑版 / Journey,tt9488506,8.3,237567,65.00%,23.60%,6.40%,3.40%,1.60%,《永恒的敌人的旅程》是一部探讨正义的坚守的深刻电影。故事发生在未来的世界，一对相爱的恋人突破了自我的极限。在Christopher的执导下，表演真挚感人，导演手法独特，将运动类型的魅力展现得淋漓尽致。本片值得推荐给所有人，获得了观众的一致好评。
黎明生命的证明 Lost Promise of the Soul,https://movie.douban.com/subject/1000749/,张国建,Steven Rodriguez / 王杰志 / 李伟峰,James Smith / 田中凉平 / 李龙文 / ...,纪录片 / 西部 / 剧情,土耳其,汉语普通话,2010-01-12(东京电影节) / 2010-04-03(国际),230分钟,,tt7984679,9.8,1022386,82.20%,7.80%,5.00%,3.20%,1.80%,《黎明生命的证明》是一部探讨文化的碰撞的细腻电影。故事发生在未来的世界，一群志同道合的朋友找到了生命的真谛。在张国建的执导下，思想内涵深刻，细节处理到位，将纪录片类型的魅力展现得淋漓尽致。本片温暖而治愈，在国际影展上备受瞩目。
天空绝望的中心 Lost Journey at Dawn,https://movie.douban.com/subject/1000750/,田中诚,姜秀承,Robert Williams / 斋藤诚 / Christopher Smith / ...,剧情,西班牙,西班牙语,2022-07-06(多伦多电影节) / 2022-09-10(国际),135分钟,天空绝望的中心(陆) / 天空绝望的中心导演剪辑版,tt5247279,8.3,281054,64.50%,22.10%,8.40%,2.60%,2.40%,《天空绝望的中心》是一部探讨身份的认同的感人电影。故事发生在未来的世界，一位智慧的导师踏上了一段改变命运的旅程。在田中诚的执导下，节奏把控精准，表演真挚感人，将剧情类型的魅力展现得淋漓尽致。本片让人思考良久，在国际影展上备受瞩目。
温暖的起点的传说 Final Truth of the Soul,https://movie.douban.com/subject/1000751/,周伟志,王华鹏 / 斋藤太郎,黄龙平 / John Miller / 黄杰鹏 / ...,剧情,印度,泰米尔语 / 印地语,1971-08-06(戛纳电影节) / 1971-10-12(国际),100分钟,温暖的起点的传说(日),tt6558173,8.4,298503,63.10%,19.50%,9.50%,3.20%,4.70%,《温暖的起点的传说》是一部探讨正义的坚守的震撼电影。故事发生在繁华的都市，一位智慧的导师跨越了时空的界限。在周伟志的执导下，影片画面精美，节奏把控精准，将剧情类型的魅力展现得淋漓尽致。本片值得推荐给所有人，在国际影展上备受瞩目。
荒野命运之间 First Fear in the Dark,https://movie.douban.com/subject/1000752/,张峰明,刘志超 / 吴军杰,张俊敏 / 李鹏强 / Michael Wilson / ...,科幻 / 音乐 / 神话,土耳其 / 南非,法语,1980-06-19(罗马电影节) / 1980-06-21(国际),150分钟,荒野命运之间4K修复版,tt9817499,6,13059,44.70%,28.10%,13.90%,7.80%,5.50%,《荒野命运之间》是一部探讨真相的揭露的感人电影。故事发生在繁华的都市，一位智慧的导师揭开了一个深藏多年的秘密。在张峰明的执导下，表演真挚感人，细节处理到位，将科幻类型的魅力展现得淋漓尽致。本片温暖而治愈，在国际影展上备受瞩目。
沉默的黑暗的歌声 The Love at Dusk,https://movie.douban.com/subject/1000753/,David Wilson,田中大辅 / Paul Wilson,郑敏承 / George Brown / John Johnson / ...,科幻 / 情色,荷兰,日语,2002-08-19(釜山电影节) / 2002-09-15(国际),190分钟,沉默的黑暗的歌声(陆) / 沉默的黑暗的歌声修复版,tt3387697,7.2,86640,50.90%,30.60%,11.80%,3.40%,3.30%,《沉默的黑暗的歌声》是一部探讨自然的敬畏的感人电影。故事发生在奇幻的魔法世界，一对相爱的恋人跨越了时空的界限。在David的执导下，配乐动人心弦，思想内涵深刻，将科幻类型的魅力展现得淋漓尽致。本片值得反复品味，展现了电影艺术的无限可能。
记忆中的灵魂的抉择 Your Life at Dawn,https://movie.douban.com/subject/1000754/,金浩秀,斋藤三郎,王军国 / 杨峰辉 / 佐藤诚 / ...,爱情,英国 / 爱尔兰 / 中国大陆,英语 / 汉语普通话,2015-05-16(圣丹斯电影节) / 2015-08-19(国际),185分钟,记忆中的灵魂的抉择4K修复版,tt8640632,7.5,178881,53.20%,28.10%,11.00%,3.40%,4.30%,《记忆中的灵魂的抉择》是一部探讨真相的揭露的细腻电影。故事发生在战火纷飞的年代，一位坚强的女性改变了世界的格局。在金浩秀的执导下，细节处理到位，导演手法独特，将爱情类型的魅力展现得淋漓尽致。本片让人思考良久，在国际影展上备受瞩目。
星辰记忆的旅程 Their Hate in the Dark,https://movie.douban.com/subject/1000755/,黄强建,杨龙伟 / George Garcia / 黄建华,Peter Wilson / Peter Wilson / Christopher Rodriguez / ...,喜剧 / 儿童 / 西部,瑞士 / 阿根廷,汉语普通话,1995-01-03(伦敦电影节) / 1995-02-28(国际),170分钟,星辰记忆的旅程导演剪辑版,tt9580382,8.8,677433,78.70%,11.30%,5.00%,2.00%,3.00%,《星辰记忆的旅程》是一部探讨家庭的温暖的深刻电影。故事发生在虚拟的网络空间，一位坚强的女性跨越了时空的界限。在黄强建的执导下，表演真挚感人，剧情扣人心弦，将喜剧类型的魅力展现得淋漓尽致。本片值得反复品味，获得了观众的一致好评。
城市肉体的中心 Lost Hate,https://movie.douban.com/subject/1000756/,田中大辅,小林太郎 / 尹浩承,赵英英 / Christopher Brown / 陈峰鹏 / ...,剧情 / 歌舞,美国 / 新西兰,英语 / 西班牙语 / 汉语普通话,1982-02-07(奥斯卡金像奖) / 1982-02-01(国际),170分钟,城市肉体的中心(韩) / 城市肉体的中心加长版,tt9332352,6.2,11835,31.80%,34.90%,19.20%,6.90%,7.20%,《城市肉体的中心》是一部探讨人性的探索的深刻电影。故事发生在繁华的都市，一个破碎的家庭经历了一次深刻的心灵洗礼。在田中大辅的执导下，情感表达细腻，影片画面精美，将剧情类型的魅力展现得淋漓尽致。本片展现了电影的魅力，在国际影展上备受瞩目。
冰冷的勇气之上 Found Fear to the Future,https://movie.douban.com/subject/1000757/,陈鹏伟,朴浩英 / 张珍英 / 赵建平,John Garcia / 黄伟国 / 吴建军 / ...,动作 / 脱口秀 / 情色,奥地利,汉语普通话,1995-09-19(莫斯科电影节) / 1995-11-21(国际),195分钟,冰冷的勇气之上(港) / 冰冷的勇气之上导演剪辑版,tt4795526,7.8,132804,56.10%,30.10%,8.60%,3.20%,2.00%,《冰冷的勇气之上》是一部探讨真相的揭露的宏大电影。故事发生在宁静的乡村，一位年轻的冒险家揭开了一个深藏多年的秘密。在陈鹏伟的执导下，配乐动人心弦，情感表达细腻，将动作类型的魅力展现得淋漓尽致。本片具有很高的艺术价值，获得了观众的一致好评。
远方的绝望的审判 My Life,https://movie.douban.com/subject/1000758/,黄平辉,Christopher Jones / 高桥太郎 / 吴辉建,张华杰 / 吴文国 / Peter Wilson / ...,西部 / 犯罪 / 动作,伊朗 / 澳大利亚,英语,1991-04-09(圣丹斯电影节) / 1991-04-19(国际),130分钟,远方的绝望的审判纪念版,tt7186613,6.8,21417,37.70%,41.80%,11.60%,5.40%,3.50%,《远方的绝望的审判》是一部探讨空间的奥秘的宏大电影。故事发生在繁华的都市，一名勇敢的战士跨越了时空的界限。在黄平辉的执导下，影片画面精美，配乐动人心弦，将西部类型的魅力展现得淋漓尽致。本片值得推荐给所有人，展现了电影艺术的无限可能。
月光承诺的证明 My Journey from the Past,https://movie.douban.com/subject/1000759/,杨国龙,杨辉峰 / 李平杰 / Peter Brown,黄军国 / John Williams / Christopher Smith / ...,动作 / 西部,芬兰 / 捷克 / 南非,法语,2024-04-03(罗马电影节) / 2024-06-23(国际),105分钟,Promise,tt2287735,7.6,100546,56.70%,27.30%,8.80%,3.90%,3.30%,《月光承诺的证明》是一部探讨梦想的追求的细腻电影。故事发生在繁华的都市，一位坚强的女性守护了珍贵的东西。在杨国龙的执导下，气氛营造出色，情感表达细腻，将动作类型的魅力展现得淋漓尽致。本片展现了人性的光辉，展现了电影艺术的无限可能。
晨曦敌人 Their Truth to the Future,https://movie.douban.com/subject/1000760/,George Davis,James Davis,Robert Garcia / John Williams / 张强强 / ...,喜剧 / 舞台艺术 / 纪录片,澳大利亚,英语,1998-10-25(奥斯卡金像奖) / 1998-12-01(国际),185分钟,晨曦敌人(新) / 晨曦敌人导演剪辑版,tt8005318,7.6,86569,65.40%,24.00%,5.60%,3.10%,1.90%,《晨曦敌人》是一部探讨人性的探索的深刻电影。故事发生在深邃的海洋，一个天真的孩子突破了自我的极限。在George的执导下，细节处理到位，导演手法独特，将喜剧类型的魅力展现得淋漓尽致。本片值得反复品味，展现了电影艺术的无限可能。
孤独的记忆的抉择 Final Death of the Soul,https://movie.douban.com/subject/1000761/,James Brown,渡边太郎 / 陈志龙,张承贤 / 黄文军 / 朴智恩 / ...,科幻 / 儿童 / 战争,挪威,英语,1984-08-19(圣丹斯电影节) / 1984-08-18(国际),175分钟,孤独的记忆的抉择特别版,tt5597359,7.6,150712,51.50%,32.60%,9.90%,3.10%,2.90%,《孤独的记忆的抉择》是一部探讨梦想的追求的震撼电影。故事发生在一个遥远的小镇，一对相爱的恋人揭开了一个深藏多年的秘密。在James的执导下，配乐动人心弦，影片画面精美，将科幻类型的魅力展现得淋漓尽致。本片展现了人性的光辉，展现了电影艺术的无限可能。
现在的家庭的歌声 Final Fear at Dawn,https://movie.douban.com/subject/1000762/,朴英贤,王军明,杨龙辉 / 渡边次郎 / 陈鹏军 / ...,剧情,比利时,法语,1992-05-05(戛纳电影节) / 1992-07-07(国际),125分钟,现在的家庭的歌声(新) / 现在的家庭的歌声4K修复版,tt1947374,7.1,28834,54.80%,31.20%,7.40%,2.90%,3.70%,《现在的家庭的歌声》是一部探讨友谊的力量的深刻电影。故事发生在恐怖的黑暗领域，一个破碎的家庭完成了一次自我的救赎。在朴英贤的执导下，寓意深远悠长，节奏把控精准，将剧情类型的魅力展现得淋漓尽致。本片具有很高的艺术价值，获得了观众的一致好评。
城市真相的审判 Final Death in the Dark,https://movie.douban.com/subject/1000763/,姜恩智,Steven Miller,田中翔太 / 陈辉杰 / James Brown / ...,科幻 / 动画,西班牙,法语,1976-11-04(金球奖) / 1976-11-10(国际),105分钟,城市真相的审判(港) / 城市真相的审判加长版,tt5508609,6.6,45079,39.20%,38.50%,12.70%,5.50%,4.10%,《城市真相的审判》是一部探讨人性的探索的宏大电影。故事发生在神秘的异域，一位坚强的女性发现了一个惊人的真相。在姜恩智的执导下，情感表达细腻，导演手法独特，将科幻类型的魅力展现得淋漓尽致。本片触动人心深处，展现了电影艺术的无限可能。
温暖的勇气的边缘 A Death in the Dark,https://movie.douban.com/subject/1000764/,中村太郎,赵明文 / George Jones,黄强军 / 斋藤大辅 / George Brown / ...,剧情,印度,泰米尔语 / 印地语,1992-08-07(金棕榈奖) / 1992-09-13(国际),125分钟,温暖的勇气的边缘(陆),tt6860744,6.5,47962,41.80%,35.10%,13.80%,5.70%,3.60%,《温暖的勇气的边缘》是一部探讨成长的烦恼的感人电影。故事发生在末日后的废墟，一位孤独的老人经历了一次深刻的心灵洗礼。在中村太郎的执导下，节奏把控精准，影片画面精美，将剧情类型的魅力展现得淋漓尽致。本片展现了电影的魅力，获得了观众的一致好评。
海洋黑暗的旅程 Last Fear,https://movie.douban.com/subject/1000765/,张秀英,张珍敏 / 山田太郎 / 吴明建,铃木翔太 / 陈超志 / 张伟伟 / ...,爱情 / 脱口秀,英国 / 中国大陆,英语,1999-08-27(威尼斯电影节) / 1999-08-17(国际),250分钟,海洋黑暗的旅程(港),tt3932918,9.5,1114252,83.00%,7.00%,5.00%,3.20%,1.80%,《海洋黑暗的旅程》是一部探讨时间的意义的宏大电影。故事发生在雨林的深处，一名勇敢的战士守护了珍贵的东西。在张秀英的执导下，配乐动人心弦，思想内涵深刻，将爱情类型的魅力展现得淋漓尽致。本片会成为经典之作，展现了电影艺术的无限可能。
未来的终点的边缘 My Fear,https://movie.douban.com/subject/1000766/,周峰华,赵恩贤,黄志志 / David Williams / 张国华 / ...,爱情,英国 / 波兰,英语,1978-09-06(罗马电影节) / 1978-12-01(国际),90分钟,未来的终点的边缘(陆) / 未来的终点的边缘导演剪辑版,tt6535326,8.3,444044,70.80%,16.70%,7.10%,3.30%,2.10%,《未来的终点的边缘》是一部探讨自由的渴望的感人电影。故事发生在古代的王朝，一名失意的作家战胜了内心的恐惧。在周峰华的执导下，影片画面精美，思想内涵深刻，将爱情类型的魅力展现得淋漓尽致。本片温暖而治愈，获得了观众的一致好评。
遗忘的束缚之内 Last Promise at Dusk,https://movie.douban.com/subject/1000767/,赵峰龙,尹哲浩 / Peter Garcia,George Williams / 张恩贤 / 赵超峰 / ...,科幻,挪威,英语,2017-12-28(金棕榈奖) / 2017-12-27(国际),110分钟,遗忘的束缚之内(韩) / 遗忘的束缚之内4K修复版,tt4223911,8.3,141726,68.40%,17.60%,7.30%,4.00%,2.70%,《遗忘的束缚之内》是一部探讨记忆的珍贵的细腻电影。故事发生在雨林的深处，一个破碎的家庭战胜了内心的恐惧。在赵峰龙的执导下，表演真挚感人，节奏把控精准，将科幻类型的魅力展现得淋漓尽致。本片充满了希望与力量，展现了电影艺术的无限可能。
午夜爱情的旅程 Final Life from the Past,https://movie.douban.com/subject/1000768/,吴华伟,林承英 / 高桥太郎,渡边翔太 / 杨明鹏 / 渡边大辅 / ...,动作,波兰,法语,2000-03-20(柏林电影节) / 2000-03-28(国际),200分钟,午夜爱情的旅程(台) / Love,tt5471200,7.6,176918,55.00%,30.00%,10.00%,2.40%,2.60%,《午夜爱情的旅程》是一部探讨和平的珍贵的细腻电影。故事发生在极地的冰雪世界，一对相爱的恋人战胜了内心的恐惧。在吴华伟的执导下，影片画面精美，节奏把控精准，将动作类型的魅力展现得淋漓尽致。本片具有很高的艺术价值，在国际影展上备受瞩目。
冰冷的谎言的边缘 Your Fear from the Past,https://movie.douban.com/subject/1000769/,Peter Rodriguez,小林大辅 / 李明辉,杨平杰 / 张文强 / George Miller / ...,西部 / 喜剧,西班牙,西班牙语,1982-01-13(柏林电影节) / 1982-02-17(国际),105分钟,,tt7488897,8,486238,62.90%,19.90%,12.00%,2.70%,2.50%,《冰冷的谎言的边缘》是一部探讨自由的渴望的宏大电影。故事发生在奇幻的魔法世界，一个天真的孩子经历了一次深刻的心灵洗礼。在Peter的执导下，配乐动人心弦，导演手法独特，将西部类型的魅力展现得淋漓尽致。本片值得反复品味，在国际影展上备受瞩目。
远方的现实之上 Lost Hate in the Dark,https://movie.douban.com/subject/1000770/,James Garcia,中村诚 / 周军鹏,Robert Garcia / David Davis / David Smith / ...,科幻 / 纪录片 / 惊悚,韩国,韩语,2017-07-27(威尼斯电影节) / 2017-10-19(国际),155分钟,远方的现实之上(港),tt9713862,8.1,264067,66.30%,20.60%,7.60%,2.20%,3.30%,《远方的现实之上》是一部探讨家庭的温暖的感人电影。故事发生在深邃的太空，一对相爱的恋人经历了一次深刻的心灵洗礼。在James的执导下，情感表达细腻，表演真挚感人，将科幻类型的魅力展现得淋漓尽致。本片是一部不可多得的佳作，在国际影展上备受瞩目。
眼前的勇气的誓言 Their Love to the Future,https://movie.douban.com/subject/1000771/,Michael Garcia,赵国杰,赵珍智 / 山田雄大 / 崔英英 / ...,动作,韩国,韩语,1970-02-14(伦敦电影节) / 1970-04-13(国际),120分钟,眼前的勇气的誓言(日),tt9280410,9.8,1440110,84.50%,5.50%,5.00%,2.70%,2.30%,《眼前的勇气的誓言》是一部探讨自然的敬畏的宏大电影。故事发生在深邃的太空，一位智慧的导师跨越了时空的界限。在Michael的执导下，思想内涵深刻，视觉效果震撼，将动作类型的魅力展现得淋漓尽致。本片令人难以忘怀，获得了观众的一致好评。
未来的遗忘的故事 Found Truth from the Past,https://movie.douban.com/subject/1000772/,黄华峰,Michael Miller,郑浩恩 / Robert Rodriguez / 李建军 / ...,西部 / 剧情 / 儿童,中国台湾,闽南语 / 汉语普通话,2008-08-19(多伦多电影节) / 2008-08-10(国际),105分钟,未来的遗忘的故事(港) / 未来的遗忘的故事纪念版,tt4627082,7.4,25220,41.50%,38.80%,11.70%,4.40%,3.60%,《未来的遗忘的故事》是一部探讨友谊的力量的深刻电影。故事发生在古代的王朝，一名勇敢的战士揭开了一个深藏多年的秘密。在黄华峰的执导下，情感表达细腻，影片画面精美，将西部类型的魅力展现得淋漓尽致。本片具有很高的艺术价值，展现了电影艺术的无限可能。
晨曦记忆的回声 Found Death,https://movie.douban.com/subject/1000773/,赵军文,尹恩贤 / 周平军,张鹏辉 / 高桥翔太 / Peter Johnson / ...,动作,比利时,日语,2021-11-18(上海电影节) / 2021-12-23(国际),165分钟,晨曦记忆的回声(日),tt9821957,7.1,55239,43.60%,28.60%,15.60%,7.10%,5.10%,《晨曦记忆的回声》是一部探讨身份的认同的震撼电影。故事发生在虚拟的网络空间，一对失散多年的兄弟发现了一个惊人的真相。在赵军文的执导下，寓意深远悠长，剧情扣人心弦，将动作类型的魅力展现得淋漓尽致。本片展现了电影的魅力，在国际影展上备受瞩目。
记忆中的爱情的中心 Our Truth from the Past,https://movie.douban.com/subject/1000774/,李珍承,赵伟峰,姜智哲 / David Garcia / 黄明国 / ...,真人秀 / 喜剧,韩国,韩语,1995-01-25(伦敦电影节) / 1995-03-11(国际),95分钟,记忆中的爱情的中心(马) / 记忆中的爱情的中心导演剪辑版 / Love,tt9257652,7.7,67059,56.60%,24.70%,11.50%,3.00%,4.20%,《记忆中的爱情的中心》是一部探讨梦想的追求的震撼电影。故事发生在恐怖的黑暗领域，一对失散多年的兄弟突破了自我的极限。在李珍承的执导下，导演手法独特，表演真挚感人，将真人秀类型的魅力展现得淋漓尽致。本片值得反复品味，获得了观众的一致好评。
眼前的家庭 Their Truth of the Soul,https://movie.douban.com/subject/1000775/,张龙国,张辉军 / 刘华伟 / David Smith,Peter Rodriguez / Steven Brown / 杨华伟 / ...,动作 / 奇幻 / 儿童,印度,泰米尔语 / 印地语,2009-04-15(东京电影节) / 2009-06-24(国际),175分钟,眼前的家庭(港) / 眼前的家庭4K修复版,tt5475350,8.6,518586,81.60%,8.40%,5.00%,2.90%,2.10%,《眼前的家庭》是一部探讨文化的碰撞的震撼电影。故事发生在奇幻的魔法世界，一名神秘的陌生人找到了生命的真谛。在张龙国的执导下，剧情扣人心弦，配乐动人心弦，将动作类型的魅力展现得淋漓尽致。本片触动人心深处，获得了观众的一致好评。
遗忘的朋友 Lost Death at Dawn,https://movie.douban.com/subject/1000776/,李伟平,Peter Brown / 高桥翔太 / George Smith,王军伟 / 吴明峰 / 李珍秀 / ...,科幻,伊朗,汉语普通话,2020-03-03(罗马电影节) / 2020-06-02(国际),95分钟,,tt8652215,8.1,274701,70.50%,19.20%,5.30%,2.00%,3.00%,《遗忘的朋友》是一部探讨友谊的力量的宏大电影。故事发生在浪漫的海边小镇，一对相爱的恋人找到了生命的真谛。在李伟平的执导下，表演真挚感人，细节处理到位，将科幻类型的魅力展现得淋漓尽致。本片值得推荐给所有人，在国际影展上备受瞩目。
未来的自由之内 My Death to the Future,https://movie.douban.com/subject/1000777/,佐藤凉平,郑浩恩 / 姜英浩 / 杨华杰,渡边大辅 / 吴文辉 / 吴超强 / ...,动作,加拿大 / 英国 / 美国,英语,2016-08-23(上海电影节) / 2016-09-28(国际),180分钟,未来的自由之内导演剪辑版,tt9789451,6.8,15625,33.30%,42.00%,16.40%,5.20%,3.10%,《未来的自由之内》是一部探讨空间的奥秘的深刻电影。故事发生在虚拟的网络空间，一位智慧的导师面对了一场前所未有的挑战。在佐藤凉平的执导下，思想内涵深刻，剧情扣人心弦，将动作类型的魅力展现得淋漓尽致。本片温暖而治愈，在国际影展上备受瞩目。
追寻承诺的约定 Our Journey of the Soul,https://movie.douban.com/subject/1000778/,陈龙龙,John Davis / 李强杰 / 伊藤凉平,杨军辉 / 周国国 / 郑浩俊 / ...,剧情,日本,日语,1988-02-19(金球奖) / 1988-04-02(国际),180分钟,追寻承诺的约定(韩) / 追寻承诺的约定特别版,tt6747515,8.4,452624,68.80%,17.90%,8.00%,3.70%,1.60%,《追寻承诺的约定》是一部探讨家庭的温暖的感人电影。故事发生在广袤的沙漠，一位年轻的冒险家跨越了时空的界限。在陈龙龙的执导下，情感表达细腻，气氛营造出色，将剧情类型的魅力展现得淋漓尽致。本片充满了希望与力量，获得了观众的一致好评。
孤独的故乡 Lost Life,https://movie.douban.com/subject/1000779/,金敏敏,陈文伟,杨建超 / Steven Jones / 渡边翔太 / ...,武侠 / 剧情,俄罗斯,俄语,1978-02-07(莫斯科电影节) / 1978-03-14(国际),160分钟,孤独的故乡(新),tt3221392,7.9,147061,60.80%,21.80%,10.20%,4.80%,2.40%,《孤独的故乡》是一部探讨科技的边界的感人电影。故事发生在宁静的乡村，一个破碎的家庭守护了珍贵的东西。在金敏敏的执导下，表演真挚感人，情感表达细腻，将武侠类型的魅力展现得淋漓尽致。本片温暖而治愈，获得了观众的一致好评。
永恒的怀疑的誓言 First Fear in the Dark,https://movie.douban.com/subject/1000780/,佐藤诚,张哲敏,王平志 / 王辉明 / 陈文龙 / ...,爱情,爱尔兰,英语,2011-11-05(莫斯科电影节) / 2011-11-26(国际),140分钟,永恒的怀疑的誓言(台),tt5643700,8.3,490420,67.90%,21.70%,5.40%,3.40%,1.60%,《永恒的怀疑的誓言》是一部探讨成长的烦恼的宏大电影。故事发生在未来的世界，一对失散多年的兄弟揭开了一个深藏多年的秘密。在佐藤诚的执导下，剧情扣人心弦，配乐动人心弦，将爱情类型的魅力展现得淋漓尽致。本片展现了人性的光辉，在国际影展上备受瞩目。
冰冷的故乡的歌声 Final Dream of the Soul,https://movie.douban.com/subject/1000781/,刘辉杰,伊藤次郎 / 田中凉平,李文明 / 赵浩智 / 杨建辉 / ...,科幻,巴西 / 芬兰,葡萄牙语 / 英语,1993-04-07(莫斯科电影节) / 1993-07-03(国际),125分钟,冰冷的故乡的歌声(韩) / 冰冷的故乡的歌声特别版,tt2466900,7.4,57090,55.10%,29.00%,9.00%,4.80%,2.10%,《冰冷的故乡的歌声》是一部探讨友谊的力量的深刻电影。故事发生在末日后的废墟，一位坚强的女性突破了自我的极限。在刘辉杰的执导下，气氛营造出色，寓意深远悠长，将科幻类型的魅力展现得淋漓尽致。本片温暖而治愈，展现了电影艺术的无限可能。
眼前的绝望的审判 Their Love,https://movie.douban.com/subject/1000782/,张华超,周超龙,Paul Miller / James Davis / 佐藤诚 / ...,剧情,韩国,韩语,1990-08-26(罗马电影节) / 1990-08-02(国际),135分钟,,tt8425593,8.3,207644,65.20%,18.00%,9.90%,4.00%,2.90%,《眼前的绝望的审判》是一部探讨人性的探索的震撼电影。故事发生在恐怖的黑暗领域，一名勇敢的战士改变了世界的格局。在张华超的执导下，影片画面精美，气氛营造出色，将剧情类型的魅力展现得淋漓尽致。本片让人思考良久，获得了观众的一致好评。
眼前的和平的传说 Their Death in the Dark,https://movie.douban.com/subject/1000783/,杨鹏文,杨建辉 / 陈强华,铃木拓也 / 金珍恩 / 姜哲敏 / ...,剧情 / 传记 / 冒险,阿根廷,日语,1995-04-21(东京电影节) / 1995-06-04(国际),110分钟,,tt6670493,7.7,185095,50.60%,26.30%,14.40%,5.90%,2.80%,《眼前的和平的传说》是一部探讨记忆的珍贵的宏大电影。故事发生在深邃的太空，一个天真的孩子跨越了时空的界限。在杨鹏文的执导下，影片画面精美，视觉效果震撼，将剧情类型的魅力展现得淋漓尽致。本片触动人心深处，获得了观众的一致好评。
沉默的起点之外 A Lie,https://movie.douban.com/subject/1000784/,Steven Williams,刘文杰,朴贤俊 / 山田雄大 / 斋藤三郎 / ...,爱情 / 犯罪 / 真人秀,匈牙利 / 加拿大,法语,1989-05-25(柏林电影节) / 1989-07-24(国际),105分钟,,tt9746767,7.7,118688,51.40%,29.10%,13.10%,3.20%,3.20%,《沉默的起点之外》是一部探讨空间的奥秘的感人电影。故事发生在宁静的乡村，一位年轻的冒险家找到了生命的真谛。在Steven的执导下，视觉效果震撼，导演手法独特，将爱情类型的魅力展现得淋漓尽致。本片值得反复品味，在国际影展上备受瞩目。
荒野黑暗的证明 Last Hope,https://movie.douban.com/subject/1000785/,吴军国,张鹏鹏 / 张志建 / 小林凉平,张国明 / Steven Davis / 吴志志 / ...,喜剧,俄罗斯 / 泰国 / 匈牙利,俄语 / 英语 / 日语,2016-01-13(威尼斯电影节) / 2016-01-20(国际),240分钟,荒野黑暗的证明(韩) / 荒野黑暗的证明纪念版,tt6472884,8.3,435267,70.30%,16.20%,8.10%,2.70%,2.70%,《荒野黑暗的证明》是一部探讨文化的碰撞的感人电影。故事发生在奇幻的魔法世界，一群志同道合的朋友面对了一场前所未有的挑战。在吴军国的执导下，剧情扣人心弦，气氛营造出色，将喜剧类型的魅力展现得淋漓尽致。本片值得推荐给所有人，获得了观众的一致好评。
天空遗忘的故事 A Lie to the Future,https://movie.douban.com/subject/1000786/,吴鹏伟,George Rodriguez / 郑承俊 / 佐藤翔太,赵智承 / James Smith / 周鹏超 / ...,家庭 / 科幻,爱尔兰,汉语普通话,2003-05-19(罗马电影节) / 2003-05-11(国际),140分钟,天空遗忘的故事(港),tt9630274,7.1,29723,41.20%,36.50%,11.40%,4.60%,6.30%,《天空遗忘的故事》是一部探讨和平的珍贵的感人电影。故事发生在一个遥远的小镇，一位孤独的老人实现了曾经的梦想。在吴鹏伟的执导下，影片画面精美，配乐动人心弦，将家庭类型的魅力展现得淋漓尽致。本片展现了人性的光辉，获得了观众的一致好评。
星辰谎言之内 My Dream of the Soul,https://movie.douban.com/subject/1000787/,王峰建,吴志龙,Peter Jones / Christopher Wilson / 陈杰志 / ...,剧情 / 传记,英国 / 芬兰,英语 / 法语,2001-07-15(上海电影节) / 2001-08-08(国际),100分钟,,tt5143051,6.1,12383,42.30%,33.60%,16.30%,4.60%,3.20%,《星辰谎言之内》是一部探讨梦想的追求的深刻电影。故事发生在虚拟的网络空间，一名失意的作家守护了珍贵的东西。在王峰建的执导下，视觉效果震撼，表演真挚感人，将剧情类型的魅力展现得淋漓尽致。本片值得推荐给所有人，在国际影展上备受瞩目。
温暖的梦境之内 A Fear of the Soul,https://movie.douban.com/subject/1000788/,崔秀贤,Paul Wilson,Michael Brown / Peter Brown / 王超文 / ...,喜剧,越南,英语,1974-06-24(莫斯科电影节) / 1974-06-24(国际),180分钟,温暖的梦境之内修复版,tt6120794,6.8,46229,35.80%,41.00%,15.60%,3.60%,4.00%,《温暖的梦境之内》是一部探讨命运的挑战的震撼电影。故事发生在深邃的太空，一位坚强的女性战胜了内心的恐惧。在崔秀贤的执导下，视觉效果震撼，表演真挚感人，将喜剧类型的魅力展现得淋漓尽致。本片展现了人性的光辉，获得了观众的一致好评。
天空自由的回声 Last Truth at Dawn,https://movie.douban.com/subject/1000789/,铃木雄大,姜珍智,斋藤次郎 / 周鹏伟 / 杨鹏鹏 / ...,爱情 / 音乐 / 动画,伊朗 / 意大利,日语,1970-02-13(罗马电影节) / 1970-03-18(国际),140分钟,天空自由的回声(新),tt3089277,8.3,148560,62.70%,19.50%,11.60%,4.10%,2.10%,《天空自由的回声》是一部探讨生命的价值的震撼电影。故事发生在未来的世界，一位年轻的冒险家实现了曾经的梦想。在铃木雄大的执导下，剧情扣人心弦，视觉效果震撼，将爱情类型的魅力展现得淋漓尽致。本片会成为经典之作，在国际影展上备受瞩目。
燃烧的承诺的抉择 Our Life in the Dark,https://movie.douban.com/subject/1000790/,James Garcia,朴俊敏 / Peter Jones,周平强 / 赵伟峰 / 田中大辅 / ...,科幻 / 西部,意大利,意大利语,1995-01-13(戛纳电影节) / 1995-02-03(国际),185分钟,燃烧的承诺的抉择(港) / 燃烧的承诺的抉择导演剪辑版,tt7590935,6.2,16635,28.10%,48.20%,15.70%,3.60%,4.40%,《燃烧的承诺的抉择》是一部探讨梦想的追求的宏大电影。故事发生在虚拟的网络空间，一对失散多年的兄弟经历了一次深刻的心灵洗礼。在James的执导下，配乐动人心弦，导演手法独特，将科幻类型的魅力展现得淋漓尽致。本片具有很高的艺术价值，在国际影展上备受瞩目。
城市旅程的约定 My Love at Dusk,https://movie.douban.com/subject/1000791/,郑英哲,佐藤拓也 / George Johnson,Michael Williams / 黄鹏强 / Michael Brown / ...,动作 / 儿童,日本,日语 / 英语,1985-11-10(奥斯卡金像奖) / 1985-12-02(国际),105分钟,城市旅程的约定(日) / 城市旅程的约定4K修复版,tt6013941,7.8,94524,53.10%,24.60%,14.40%,4.60%,3.30%,《城市旅程的约定》是一部探讨成长的烦恼的震撼电影。故事发生在神秘的异域，一个天真的孩子突破了自我的极限。在郑英哲的执导下，节奏把控精准，导演手法独特，将动作类型的魅力展现得淋漓尽致。本片具有很高的艺术价值，展现了电影艺术的无限可能。
城市梦想的传说 Our Fear to the Future,https://movie.douban.com/subject/1000792/,George Miller,郑秀珍,George Williams / 朴珍英 / 张军军 / ...,爱情 / 神话 / 纪录片,墨西哥,西班牙语 / 英语,2023-01-06(金棕榈奖) / 2023-01-13(国际),155分钟,城市梦想的传说(港) / 城市梦想的传说导演剪辑版,tt1960775,7.2,82479,39.10%,34.10%,18.30%,5.40%,3.10%,《城市梦想的传说》是一部探讨记忆的珍贵的震撼电影。故事发生在广袤的沙漠，一个天真的孩子突破了自我的极限。在George的执导下，寓意深远悠长，气氛营造出色，将爱情类型的魅力展现得淋漓尽致。本片展现了电影的魅力，获得了观众的一致好评。
天空战争之上 Final Hope from the Past,https://movie.douban.com/subject/1000793/,黄军杰,尹恩英,Steven Davis / 杨杰龙 / 李贤承 / ...,喜剧,西班牙,汉语普通话,1971-04-09(上海电影节) / 1971-07-20(国际),120分钟,天空战争之上(马),tt3853205,6.1,17608,36.30%,44.10%,13.50%,4.10%,2.00%,《天空战争之上》是一部探讨科技的边界的震撼电影。故事发生在极地的冰雪世界，一名失意的作家发现了一个惊人的真相。在黄军杰的执导下，配乐动人心弦，寓意深远悠长，将喜剧类型的魅力展现得淋漓尽致。本片让人思考良久，展现了电影艺术的无限可能。
永恒的勇气的救赎 Our Death in the Dark,https://movie.douban.com/subject/1000794/,郑俊敏,James Brown,高桥健一 / 王志龙 / 张龙龙 / ...,剧情,埃及,法语,1999-01-14(戛纳电影节) / 1999-02-02(国际),160分钟,,tt4063464,7.4,77216,49.30%,33.40%,11.80%,2.20%,3.30%,《永恒的勇气的救赎》是一部探讨人性的探索的感人电影。故事发生在古代的王朝，一位坚强的女性完成了一次自我的救赎。在郑俊敏的执导下，表演真挚感人，导演手法独特，将剧情类型的魅力展现得淋漓尽致。本片是一部不可多得的佳作，在国际影展上备受瞩目。
记忆中的信念的痕迹 Our Fear in the Dark,https://movie.douban.com/subject/1000795/,渡边翔太,Michael Williams,周文峰 / 金敏秀 / 黄建文 / ...,科幻 / 神话,日本 / 加拿大,日语 / 法语,1997-08-04(罗马电影节) / 1997-08-19(国际),190分钟,记忆中的信念的痕迹(港) / 记忆中的信念的痕迹纪念版,tt4308623,9.3,746691,92.40%,5%,2%,0.50%,0.10%,《记忆中的信念的痕迹》是一部探讨空间的奥秘的细腻电影。故事发生在一个遥远的小镇，一名神秘的陌生人战胜了内心的恐惧。在渡边翔太的执导下，剧情扣人心弦，气氛营造出色，将科幻类型的魅力展现得淋漓尽致。本片充满了希望与力量，展现了电影艺术的无限可能。
追寻选择的故事 The Life in the Dark,https://movie.douban.com/subject/1000796/,Peter Rodriguez,Michael Rodriguez / Christopher Jones / James Smith,Paul Rodriguez / Paul Rodriguez / 高桥拓也 / ...,动作 / 运动 / 音乐,爱尔兰 / 瑞典 / 巴西,汉语普通话,1998-10-21(釜山电影节) / 1998-11-14(国际),110分钟,追寻选择的故事(台) / 追寻选择的故事加长版,tt3384087,6.4,13737,43.60%,38.00%,11.70%,4.50%,2.20%,《追寻选择的故事》是一部探讨文化的碰撞的深刻电影。故事发生在宁静的乡村，一位智慧的导师坚守了一个重要的承诺。在Peter的执导下，视觉效果震撼，导演手法独特，将动作类型的魅力展现得淋漓尽致。本片值得反复品味，获得了观众的一致好评。
午夜选择 Your Lie of the Soul,https://movie.douban.com/subject/1000797/,山田大辅,Michael Smith / 高桥次郎,金智秀 / 李军志 / Peter Miller / ...,科幻,印度,印地语 / 英语,2013-02-22(奥斯卡金像奖) / 2013-05-09(国际),250分钟,午夜选择(韩),tt4270639,8.2,231710,75.60%,12.50%,6.00%,2.60%,3.30%,《午夜选择》是一部探讨自然的敬畏的感人电影。故事发生在极地的冰雪世界，一位坚强的女性完成了一次自我的救赎。在山田大辅的执导下，导演手法独特，配乐动人心弦，将科幻类型的魅力展现得淋漓尽致。本片让人思考良久，展现了电影艺术的无限可能。
黄昏家庭的旅程 Lost Fear,https://movie.douban.com/subject/1000798/,周平平,刘军龙 / 王明辉,Peter Rodriguez / 王国平 / 王建明 / ...,动作,挪威,法语,1983-02-07(巴黎电影节) / 1983-04-04(国际),190分钟,黄昏家庭的旅程(马) / Journey,tt2262893,8.3,253922,63.50%,25.00%,6.50%,2.10%,2.90%,《黄昏家庭的旅程》是一部探讨和平的珍贵的宏大电影。故事发生在一个遥远的小镇，一对相爱的恋人坚守了一个重要的承诺。在周平平的执导下，情感表达细腻，剧情扣人心弦，将动作类型的魅力展现得淋漓尽致。本片温暖而治愈，展现了电影艺术的无限可能。
城市选择之外 Your Secret,https://movie.douban.com/subject/1000799/,王国鹏,陈伟志,黄龙龙 / 杨辉建 / 黄军伟 / ...,爱情,德国 / 捷克,德语 / 汉语普通话,1970-05-20(巴黎电影节) / 1970-07-27(国际),115分钟,城市选择之外(日),tt9035761,9.3,1139557,82.00%,8.00%,5.00%,3.20%,1.80%,《城市选择之外》是一部探讨记忆的珍贵的宏大电影。故事发生在深邃的海洋，一位坚强的女性战胜了内心的恐惧。在王国鹏的执导下，配乐动人心弦，表演真挚感人，将爱情类型的魅力展现得淋漓尽致。本片具有很高的艺术价值，在国际影展上备受瞩目。
天空空间之外 Found Truth to the Future,https://movie.douban.com/subject/1000800/,斋藤雄大,黄文伟 / 周明超 / 朴恩哲,James Rodriguez / 崔承智 / 朴敏秀 / ...,爱情 / 黑色电影 / 冒险,阿根廷,汉语普通话,2007-01-19(巴黎电影节) / 2007-01-01(国际),115分钟,天空空间之外(日) / 天空空间之外特别版,tt4160389,7.5,89159,61.20%,25.80%,7.40%,3.90%,1.70%,《天空空间之外》是一部探讨人性的探索的细腻电影。故事发生在深邃的海洋，一位智慧的导师揭开了一个深藏多年的秘密。在斋藤雄大的执导下，节奏把控精准，寓意深远悠长，将爱情类型的魅力展现得淋漓尽致。本片令人难以忘怀，展现了电影艺术的无限可能。
燃烧的故乡的回声 Lost Dream at Dusk,https://movie.douban.com/subject/1000801/,李明峰,渡边大辅,Christopher Johnson / 刘强超 / John Rodriguez / ...,剧情,瑞士,日语,2012-05-01(威尼斯电影节) / 2012-06-18(国际),105分钟,,tt3643919,8.3,374885,63.30%,19.00%,10.60%,4.80%,2.30%,《燃烧的故乡的回声》是一部探讨人性的探索的细腻电影。故事发生在恐怖的黑暗领域，一名神秘的陌生人踏上了一段改变命运的旅程。在李明峰的执导下，视觉效果震撼，气氛营造出色，将剧情类型的魅力展现得淋漓尽致。本片充满了希望与力量，展现了电影艺术的无限可能。
追寻真相之外 First Death in the Dark,https://movie.douban.com/subject/1000802/,吴龙国,尹珍敏 / Robert Jones / 林智浩,李志志 / 赵俊哲 / 周文辉 / ...,动作 / 儿童,瑞典,汉语普通话,2015-02-07(釜山电影节) / 2015-03-02(国际),105分钟,追寻真相之外(台),tt9764614,8.5,733365,72.20%,14.00%,8.80%,2.40%,2.60%,《追寻真相之外》是一部探讨战争的残酷的深刻电影。故事发生在雨林的深处，一个破碎的家庭找到了生命的真谛。在吴龙国的执导下，节奏把控精准，导演手法独特，将动作类型的魅力展现得淋漓尽致。本片展现了人性的光辉，展现了电影艺术的无限可能。
天空旅程的边缘 Your Secret at Dusk,https://movie.douban.com/subject/1000803/,黄龙伟,山田三郎 / 朴恩恩,李文鹏 / 崔英承 / 姜智贤 / ...,剧情,捷克,法语,2019-10-20(罗马电影节) / 2019-11-05(国际),100分钟,天空旅程的边缘(马) / 天空旅程的边缘4K修复版,tt6646170,9,2763278,86.20%,5%,3.80%,2.90%,2.10%,《天空旅程的边缘》是一部探讨正义的坚守的宏大电影。故事发生在深邃的太空，一群志同道合的朋友突破了自我的极限。在黄龙伟的执导下，表演真挚感人，情感表达细腻，将剧情类型的魅力展现得淋漓尽致。本片温暖而治愈，获得了观众的一致好评。
远方的陌生人的约定 First Promise from the Past,https://movie.douban.com/subject/1000804/,George Rodriguez,林恩敏,金秀英 / 周超志 / David Miller / ...,喜剧,瑞典,汉语普通话,1994-11-18(金球奖) / 1994-11-01(国际),120分钟,远方的陌生人的约定(日) / 远方的陌生人的约定4K修复版,tt5464759,8.4,309143,67.10%,18.00%,8.20%,3.50%,3.20%,《远方的陌生人的约定》是一部探讨家庭的温暖的细腻电影。故事发生在古代的王朝，一位智慧的导师坚守了一个重要的承诺。在George的执导下，视觉效果震撼，气氛营造出色，将喜剧类型的魅力展现得淋漓尽致。本片具有很高的艺术价值，获得了观众的一致好评。
远方的绝望的中心 Lost Hate at Dawn,https://movie.douban.com/subject/1000805/,刘峰文,杨龙明,陈建强 / 尹智秀 / 王平鹏 / ...,科幻 / 动画,爱尔兰,法语,1977-01-11(东京电影节) / 1977-01-13(国际),95分钟,远方的绝望的中心(新),tt8980123,8.2,294514,65.20%,18.30%,8.90%,3.10%,4.50%,《远方的绝望的中心》是一部探讨记忆的珍贵的震撼电影。故事发生在一个遥远的小镇，一位坚强的女性守护了珍贵的东西。在刘峰文的执导下，寓意深远悠长，气氛营造出色，将科幻类型的魅力展现得淋漓尽致。本片值得推荐给所有人，获得了观众的一致好评。
记忆中的爱情的传说 Lost Journey from the Past,https://movie.douban.com/subject/1000806/,中村太郎,陈军文 / 赵建强 / 林浩承,Christopher Rodriguez / David Garcia / Peter Garcia / ...,科幻 / 纪录片,英国,英语,1999-01-02(罗马电影节) / 1999-02-13(国际),150分钟,记忆中的爱情的传说(马),tt7722331,7.2,56729,45.70%,28.30%,13.10%,5.90%,7.00%,《记忆中的爱情的传说》是一部探讨正义的坚守的宏大电影。故事发生在虚拟的网络空间，一位年轻的冒险家面对了一场前所未有的挑战。在中村太郎的执导下，气氛营造出色，表演真挚感人，将科幻类型的魅力展现得淋漓尽致。本片展现了人性的光辉，在国际影展上备受瞩目。
黄昏黑暗之间 Your Truth at Dusk,https://movie.douban.com/subject/1000807/,刘强明,李伟龙 / Michael Brown / 赵哲智,陈文文 / 王平鹏 / 黄龙军 / ...,动作 / 惊悚,英国,英语,1991-01-25(东京电影节) / 1991-01-24(国际),190分钟,,tt4820400,7.6,76129,61.70%,19.50%,11.50%,3.80%,3.50%,《黄昏黑暗之间》是一部探讨家庭的温暖的感人电影。故事发生在广袤的沙漠，一个天真的孩子面对了一场前所未有的挑战。在刘强明的执导下，导演手法独特，剧情扣人心弦，将动作类型的魅力展现得淋漓尽致。本片触动人心深处，在国际影展上备受瞩目。
黄昏梦境的证明 Lost Secret,https://movie.douban.com/subject/1000808/,Paul Smith,周峰杰 / 赵强伟 / 佐藤翔太,张辉峰 / 吴强华 / David Garcia / ...,科幻,芬兰 / 挪威,法语,1973-09-03(釜山电影节) / 1973-09-02(国际),175分钟,黄昏梦境的证明导演剪辑版,tt7366296,6.8,27246,33.00%,40.90%,14.10%,5.50%,6.50%,《黄昏梦境的证明》是一部探讨空间的奥秘的细腻电影。故事发生在战火纷飞的年代，一位年轻的冒险家改变了世界的格局。在Paul的执导下，气氛营造出色，情感表达细腻，将科幻类型的魅力展现得淋漓尽致。本片值得推荐给所有人，获得了观众的一致好评。
远方的灵魂的回声 A Promise,https://movie.douban.com/subject/1000809/,刘峰龙,James Garcia,中村大辅 / 吴杰龙 / 李强龙 / ...,爱情,韩国,韩语,1976-05-08(圣丹斯电影节) / 1976-07-14(国际),175分钟,,tt1286592,7.8,80689,55.10%,23.90%,13.00%,4.20%,3.80%,《远方的灵魂的回声》是一部探讨人性的探索的感人电影。故事发生在战火纷飞的年代，一位年轻的冒险家改变了世界的格局。在刘峰龙的执导下，气氛营造出色，配乐动人心弦，将爱情类型的魅力展现得淋漓尽致。本片会成为经典之作，获得了观众的一致好评。
黎明英雄之外 Found Journey,https://movie.douban.com/subject/1000810/,Paul Garcia,金英智,周辉强 / George Brown / 刘伟峰 / ...,科幻,俄罗斯 / 捷克,俄语 / 英语 / 汉语普通话,1998-01-26(莫斯科电影节) / 1998-02-04(国际),130分钟,黎明英雄之外(陆) / 黎明英雄之外导演剪辑版 / Hero,tt2835351,8.5,836784,77.60%,12.40%,5.00%,2.20%,2.80%,《黎明英雄之外》是一部探讨生命的价值的深刻电影。故事发生在广袤的沙漠，一名失意的作家守护了珍贵的东西。在Paul的执导下，节奏把控精准，细节处理到位，将科幻类型的魅力展现得淋漓尽致。本片展现了人性的光辉，在国际影展上备受瞩目。
沉默的空间之外 Lost Life of the Soul,https://movie.douban.com/subject/1000811/,杨辉峰,David Garcia / 伊藤三郎 / 周辉平,杨平伟 / 刘建明 / John Garcia / ...,科幻,爱尔兰,西班牙语,2008-07-06(金棕榈奖) / 2008-09-20(国际),145分钟,沉默的空间之外(日) / 沉默的空间之外导演剪辑版,tt4694663,8.2,324592,68.70%,21.30%,5.00%,2.00%,3.00%,《沉默的空间之外》是一部探讨爱情的真谛的细腻电影。故事发生在恐怖的黑暗领域，一个天真的孩子跨越了时空的界限。在杨辉峰的执导下，表演真挚感人，视觉效果震撼，将科幻类型的魅力展现得淋漓尽致。本片值得推荐给所有人，获得了观众的一致好评。
沉默的生命的中心 Their Truth of the Soul,https://movie.douban.com/subject/1000812/,刘龙文,陈明文 / 朴贤哲,James Jones / David Rodriguez / 黄龙超 / ...,动作,芬兰 / 俄罗斯,汉语普通话,1994-07-28(东京电影节) / 1994-07-10(国际),240分钟,沉默的生命的中心(马),tt3949984,6.3,7535,36.30%,43.10%,11.10%,3.90%,5.60%,《沉默的生命的中心》是一部探讨科技的边界的震撼电影。故事发生在古代的王朝，一位智慧的导师发现了一个惊人的真相。在刘龙文的执导下，影片画面精美，思想内涵深刻，将动作类型的魅力展现得淋漓尽致。本片展现了人性的光辉，获得了观众的一致好评。
孤独的终点的歌声 Final Fear at Dusk,https://movie.douban.com/subject/1000813/,Michael Rodriguez,Paul Williams / 杨超强,小林健一 / 陈超杰 / 陈明辉 / ...,剧情 / 悬疑 / 神话,芬兰,日语,1976-01-19(奥斯卡金像奖) / 1976-01-13(国际),200分钟,孤独的终点的歌声(日),tt2888916,8,207477,74.80%,15.20%,5.00%,3.10%,1.90%,《孤独的终点的歌声》是一部探讨梦想的追求的感人电影。故事发生在深邃的海洋，一对失散多年的兄弟跨越了时空的界限。在Michael的执导下，影片画面精美，剧情扣人心弦，将剧情类型的魅力展现得淋漓尽致。本片值得反复品味，在国际影展上备受瞩目。
记忆中的旅程之内 Lost Life in the Dark,https://movie.douban.com/subject/1000814/,George Williams,Peter Garcia / 高桥诚 / 小林健一,刘文文 / Michael Smith / Michael Johnson / ...,运动 / 喜剧 / 儿童,芬兰,西班牙语,1987-01-25(伦敦电影节) / 1987-01-03(国际),120分钟,记忆中的旅程之内(韩),tt4641411,8.5,693322,73.70%,16.30%,5.00%,2.70%,2.30%,《记忆中的旅程之内》是一部探讨人性的探索的震撼电影。故事发生在一个遥远的小镇，一对相爱的恋人揭开了一个深藏多年的秘密。在George的执导下，节奏把控精准，气氛营造出色，将运动类型的魅力展现得淋漓尽致。本片是一部不可多得的佳作，获得了观众的一致好评。
冰冷的梦境的中心 Lost Promise at Dusk,https://movie.douban.com/subject/1000815/,王鹏志,Paul Johnson,山田拓也 / Robert Jones / 田中太郎 / ...,爱情 / 奇幻 / 纪录片,埃及 / 西班牙 / 荷兰,英语,1986-01-21(金球奖) / 1986-01-13(国际),180分钟,冰冷的梦境的中心(马) / 冰冷的梦境的中心加长版,tt3749431,8.1,321517,70.00%,15.60%,7.30%,4.20%,2.90%,《冰冷的梦境的中心》是一部探讨人性的探索的深刻电影。故事发生在奇幻的魔法世界，一名失意的作家找到了生命的真谛。在王鹏志的执导下，配乐动人心弦，情感表达细腻，将爱情类型的魅力展现得淋漓尽致。本片展现了电影的魅力，展现了电影艺术的无限可能。
沉默的秘密之上 My Secret at Dusk,https://movie.douban.com/subject/1000816/,渡边翔太,David Miller / 张龙超 / 田中拓也,Christopher Williams / 周鹏平 / Paul Williams / ...,喜剧,埃及 / 中国台湾,汉语普通话,1984-06-15(金棕榈奖) / 1984-09-07(国际),250分钟,沉默的秘密之上导演剪辑版,tt2563730,8.4,168286,62.10%,21.10%,11.60%,2.50%,2.70%,《沉默的秘密之上》是一部探讨成长的烦恼的细腻电影。故事发生在深邃的海洋，一位孤独的老人跨越了时空的界限。在渡边翔太的执导下，寓意深远悠长，气氛营造出色，将喜剧类型的魅力展现得淋漓尽致。本片触动人心深处，获得了观众的一致好评。
燃烧的梦想的旅程 Last Hate at Dawn,https://movie.douban.com/subject/1000817/,Christopher Williams,George Miller / James Rodriguez,山田诚 / George Davis / Steven Miller / ...,喜剧 / 西部,巴西 / 捷克 / 挪威,葡萄牙语 / 西班牙语,1983-06-03(威尼斯电影节) / 1983-07-06(国际),140分钟,Dream,tt9643853,8.3,131606,62.20%,19.10%,12.70%,3.80%,2.20%,《燃烧的梦想的旅程》是一部探讨真相的揭露的震撼电影。故事发生在深邃的海洋，一位年轻的冒险家完成了一次自我的救赎。在Christopher的执导下，表演真挚感人，节奏把控精准，将喜剧类型的魅力展现得淋漓尽致。本片让人思考良久，获得了观众的一致好评。
晨曦终点之外 Lost Journey at Dusk,https://movie.douban.com/subject/1000818/,赵辉志,George Rodriguez / 金秀承,李鹏伟 / 张建华 / Peter Wilson / ...,科幻 / 古装,埃及 / 韩国,法语,1975-01-18(金球奖) / 1975-02-17(国际),170分钟,晨曦终点之外(马) / 晨曦终点之外加长版,tt9843630,9.6,1503019,92.40%,5%,2%,0.50%,0.10%,《晨曦终点之外》是一部探讨家庭的温暖的感人电影。故事发生在虚拟的网络空间，一群志同道合的朋友面对了一场前所未有的挑战。在赵辉志的执导下，剧情扣人心弦，影片画面精美，将科幻类型的魅力展现得淋漓尽致。本片值得推荐给所有人，在国际影展上备受瞩目。
海洋家庭的约定 Their Lie,https://movie.douban.com/subject/1000819/,黄鹏军,王军平 / Steven Wilson,赵华志 / 张华龙 / 李敏智 / ...,动作 / 真人秀,墨西哥 / 德国 / 越南,西班牙语 / 英语,2005-04-12(上海电影节) / 2005-04-21(国际),190分钟,海洋家庭的约定(陆) / 海洋家庭的约定特别版,tt9710553,9,1790387,87.10%,5%,2.90%,2.50%,2.50%,《海洋家庭的约定》是一部探讨成长的烦恼的细腻电影。故事发生在神秘的异域，一个天真的孩子经历了一次深刻的心灵洗礼。在黄鹏军的执导下，配乐动人心弦，视觉效果震撼，将动作类型的魅力展现得淋漓尽致。本片具有很高的艺术价值，获得了观众的一致好评。
迷失的远方的歌声 Your Journey,https://movie.douban.com/subject/1000820/,郑俊承,David Miller,山田太郎 / 王龙国 / Peter Rodriguez / ...,犯罪 / 爱情,以色列 / 中国台湾 / 新西兰,英语,2011-05-28(莫斯科电影节) / 2011-07-16(国际),170分钟,迷失的远方的歌声(日),tt4228957,7.9,131251,50.20%,29.90%,12.20%,4.90%,2.80%,《迷失的远方的歌声》是一部探讨战争的残酷的细腻电影。故事发生在宁静的乡村，一对相爱的恋人突破了自我的极限。在郑俊承的执导下，气氛营造出色，情感表达细腻，将犯罪类型的魅力展现得淋漓尽致。本片展现了人性的光辉，获得了观众的一致好评。
追寻英雄的证明 Your Fear to the Future,https://movie.douban.com/subject/1000821/,Paul Davis,周军文 / Paul Brown,张辉平 / 刘军建 / 吴峰建 / ...,爱情 / 短片 / 惊悚,泰国,英语,1977-01-18(莫斯科电影节) / 1977-02-15(国际),210分钟,追寻英雄的证明(日) / 追寻英雄的证明导演剪辑版,tt6120280,8.4,250521,65.50%,20.50%,9.00%,2.40%,2.60%,《追寻英雄的证明》是一部探讨空间的奥秘的宏大电影。故事发生在浪漫的海边小镇，一位坚强的女性战胜了内心的恐惧。在Paul的执导下，细节处理到位，剧情扣人心弦，将爱情类型的魅力展现得淋漓尽致。本片展现了电影的魅力，在国际影展上备受瞩目。
冰冷的时间的审判 The Hope at Dusk,https://movie.douban.com/subject/1000822/,吴平平,陈明伟 / 周杰龙,李建建 / 李军明 / 周建鹏 / ...,科幻 / 脱口秀 / 动画,日本 / 泰国,日语 / 英语 / 西班牙语,2020-01-05(东京电影节) / 2020-01-16(国际),145分钟,,tt8758671,9.1,2882920,78.60%,11.40%,5.00%,3.40%,1.60%,《冰冷的时间的审判》是一部探讨战争的残酷的深刻电影。故事发生在未来的世界，一位智慧的导师突破了自我的极限。在吴平平的执导下，情感表达细腻，思想内涵深刻，将科幻类型的魅力展现得淋漓尽致。本片触动人心深处，展现了电影艺术的无限可能。
月光束缚的旅程 Your Love at Dusk,https://movie.douban.com/subject/1000823/,David Davis,Robert Garcia / John Rodriguez / George Brown,王强平 / Paul Brown / 张建平 / ...,动作,加拿大,英语,1998-01-08(奥斯卡金像奖) / 1998-03-24(国际),125分钟,月光束缚的旅程(新) / 月光束缚的旅程4K修复版,tt7799671,9.6,2424665,82.20%,7.80%,5.00%,2.80%,2.20%,《月光束缚的旅程》是一部探讨人性的探索的震撼电影。故事发生在虚拟的网络空间，一位智慧的导师揭开了一个深藏多年的秘密。在David的执导下，剧情扣人心弦，视觉效果震撼，将动作类型的魅力展现得淋漓尽致。本片具有很高的艺术价值，展现了电影艺术的无限可能。
海洋终点的故事 Lost Truth at Dusk,https://movie.douban.com/subject/1000824/,Paul Jones,张辉文 / 刘峰辉,田中健一 / 刘国军 / 刘明超 / ...,剧情,瑞典 / 芬兰,英语,2009-03-13(莫斯科电影节) / 2009-04-22(国际),135分钟,海洋终点的故事(马),tt2276590,7.6,165860,53.20%,24.00%,14.50%,4.80%,3.50%,《海洋终点的故事》是一部探讨家庭的温暖的宏大电影。故事发生在广袤的沙漠，一群志同道合的朋友发现了一个惊人的真相。在Paul的执导下，表演真挚感人，视觉效果震撼，将剧情类型的魅力展现得淋漓尽致。本片温暖而治愈，在国际影展上备受瞩目。
黎明英雄的回声 Your Lie at Dusk,https://movie.douban.com/subject/1000825/,铃木太郎,David Miller,James Smith / 李超超 / Paul Brown / ...,喜剧 / 儿童,土耳其 / 伊朗 / 阿根廷,法语,1986-01-26(戛纳电影节) / 1986-03-10(国际),135分钟,,tt9060187,7.1,75126,51.70%,33.30%,9.90%,2.40%,2.70%,《黎明英雄的回声》是一部探讨自然的敬畏的宏大电影。故事发生在繁华的都市，一个天真的孩子完成了一次自我的救赎。在铃木太郎的执导下，视觉效果震撼，剧情扣人心弦，将喜剧类型的魅力展现得淋漓尽致。本片值得反复品味，在国际影展上备受瞩目。
荒野家庭之上 Final Secret,https://movie.douban.com/subject/1000826/,郑珍俊,田中拓也 / 张强明 / 铃木三郎,姜承贤 / Christopher Johnson / 金俊智 / ...,爱情 / 短片,巴西,葡萄牙语,1998-08-08(上海电影节) / 1998-10-22(国际),150分钟,,tt1942930,8,462312,68.20%,16.90%,9.70%,2.10%,3.10%,《荒野家庭之上》是一部探讨命运的挑战的震撼电影。故事发生在奇幻的魔法世界，一位年轻的冒险家完成了一次自我的救赎。在郑珍俊的执导下，表演真挚感人，情感表达细腻，将爱情类型的魅力展现得淋漓尽致。本片具有很高的艺术价值，展现了电影艺术的无限可能。
现在的记忆之间 A Promise at Dusk,https://movie.douban.com/subject/1000827/,黄杰鹏,伊藤雄大,伊藤次郎 / 高桥雄大 / 李军龙 / ...,科幻 / 音乐,南非,汉语普通话,1997-01-25(圣丹斯电影节) / 1997-04-03(国际),210分钟,现在的记忆之间(港) / 现在的记忆之间纪念版,tt9652596,6.7,10857,42.20%,36.10%,12.70%,3.90%,5.10%,《现在的记忆之间》是一部探讨正义的坚守的深刻电影。故事发生在极地的冰雪世界，一对相爱的恋人改变了世界的格局。在黄杰鹏的执导下，剧情扣人心弦，配乐动人心弦，将科幻类型的魅力展现得淋漓尽致。本片值得反复品味，在国际影展上备受瞩目。
冻结的希望之间 My Promise from the Past,https://movie.douban.com/subject/1000828/,杨国文,周强华 / 黄平明,周建峰 / Robert Brown / 张承贤 / ...,爱情,荷兰,日语,2005-03-18(柏林电影节) / 2005-04-12(国际),175分钟,冻结的希望之间(港) / 冻结的希望之间导演剪辑版,tt1760069,7.3,37255,39.70%,36.80%,13.20%,5.30%,5.00%,《冻结的希望之间》是一部探讨科技的边界的深刻电影。故事发生在深邃的海洋，一位坚强的女性战胜了内心的恐惧。在杨国文的执导下，寓意深远悠长，剧情扣人心弦，将爱情类型的魅力展现得淋漓尽致。本片让人思考良久，在国际影展上备受瞩目。
过去的遗忘之下 Last Fear of the Soul,https://movie.douban.com/subject/1000829/,John Wilson,Steven Smith,Peter Miller / John Davis / 杨国华 / ...,喜剧 / 短片,中国香港,粤语 / 英语,2009-01-14(罗马电影节) / 2009-01-03(国际),95分钟,过去的遗忘之下(日),tt3099637,8.6,846603,75.50%,13.00%,6.20%,3.10%,2.20%,《过去的遗忘之下》是一部探讨战争的残酷的震撼电影。故事发生在古代的王朝，一位坚强的女性踏上了一段改变命运的旅程。在John的执导下，表演真挚感人，配乐动人心弦，将喜剧类型的魅力展现得淋漓尽致。本片值得推荐给所有人，展现了电影艺术的无限可能。
最后的遗忘之上 Their Hate to the Future,https://movie.douban.com/subject/1000830/,James Smith,斋藤太郎,高桥雄大 / 刘华明 / 刘文志 / ...,动作 / 悬疑 / 惊悚,法国,法语 / 英语,2012-09-26(莫斯科电影节) / 2012-12-08(国际),135分钟,最后的遗忘之上(陆),tt3561989,9,1591701,84.00%,6.00%,5.00%,2.40%,2.60%,《最后的遗忘之上》是一部探讨时间的意义的细腻电影。故事发生在深邃的海洋，一个破碎的家庭跨越了时空的界限。在James的执导下，导演手法独特，表演真挚感人，将动作类型的魅力展现得淋漓尽致。本片展现了人性的光辉，获得了观众的一致好评。
风雨遗忘之间 My Lie at Dawn,https://movie.douban.com/subject/1000831/,James Jones,吴文建,高桥健一 / 崔珍珍 / 张平志 / ...,剧情 / 歌舞,中国台湾 / 越南 / 捷克,闽南语 / 汉语普通话,2020-09-08(釜山电影节) / 2020-12-05(国际),195分钟,风雨遗忘之间纪念版,tt5569839,8.5,293109,80.90%,9.10%,5.00%,3.10%,1.90%,《风雨遗忘之间》是一部探讨自然的敬畏的宏大电影。故事发生在极地的冰雪世界，一对相爱的恋人守护了珍贵的东西。在James的执导下，情感表达细腻，影片画面精美，将剧情类型的魅力展现得淋漓尽致。本片令人难以忘怀，在国际影展上备受瞩目。
太阳绝望的回声 My Dream to the Future,https://movie.douban.com/subject/1000832/,Peter Williams,John Brown / 中村雄大,林秀英 / 金哲敏 / 李平伟 / ...,动作 / 奇幻,美国,英语 / 西班牙语,1988-06-18(伦敦电影节) / 1988-07-26(国际),195分钟,太阳绝望的回声导演剪辑版,tt1378808,7,92885,52.60%,29.70%,11.00%,4.40%,2.30%,《太阳绝望的回声》是一部探讨生命的价值的细腻电影。故事发生在神秘的异域，一群志同道合的朋友战胜了内心的恐惧。在Peter的执导下，细节处理到位，寓意深远悠长，将动作类型的魅力展现得淋漓尽致。本片展现了人性的光辉，在国际影展上备受瞩目。
冻结的绝望之下 Your Hope of the Soul,https://movie.douban.com/subject/1000833/,陈华华,Peter Jones,张龙建 / 李智智 / 杨辉明 / ...,剧情 / 舞台艺术,以色列,汉语普通话,1991-03-12(柏林电影节) / 1991-04-04(国际),220分钟,冻结的绝望之下纪念版,tt8883111,8,361672,76.90%,13.10%,5.00%,3.50%,1.50%,《冻结的绝望之下》是一部探讨友谊的力量的宏大电影。故事发生在奇幻的魔法世界，一对相爱的恋人守护了珍贵的东西。在陈华华的执导下，情感表达细腻，影片画面精美，将剧情类型的魅力展现得淋漓尽致。本片是一部不可多得的佳作，在国际影展上备受瞩目。
荒野勇气之内 Lost Truth at Dusk,https://movie.douban.com/subject/1000834/,David Rodriguez,陈建鹏 / 小林大辅,李峰杰 / James Brown / George Smith / ...,喜剧 / 悬疑 / 神话,新西兰 / 以色列 / 荷兰,英语,2007-05-22(柏林电影节) / 2007-07-25(国际),210分钟,荒野勇气之内(陆),tt7882783,7.5,182214,63.00%,24.20%,6.50%,4.30%,2.00%,《荒野勇气之内》是一部探讨梦想的追求的感人电影。故事发生在雨林的深处，一对相爱的恋人战胜了内心的恐惧。在David的执导下，情感表达细腻，节奏把控精准，将喜剧类型的魅力展现得淋漓尽致。本片展现了人性的光辉，展现了电影艺术的无限可能。
追寻遗忘的审判 Found Love to the Future,https://movie.douban.com/subject/1000835/,中村诚,Michael Rodriguez / 周辉华,吴龙龙 / 李辉明 / George Smith / ...,科幻 / 历史 / 奇幻,中国大陆,汉语普通话,1974-01-19(伦敦电影节) / 1974-02-26(国际),140分钟,追寻遗忘的审判(新) / 追寻遗忘的审判纪念版,tt4456223,8.4,166079,59.00%,25.60%,9.10%,3.00%,3.30%,《追寻遗忘的审判》是一部探讨自由的渴望的宏大电影。故事发生在战火纷飞的年代，一群志同道合的朋友改变了世界的格局。在中村诚的执导下，影片画面精美，表演真挚感人，将科幻类型的魅力展现得淋漓尽致。本片令人难以忘怀，展现了电影艺术的无限可能。
午夜爱情的誓言 Final Journey at Dawn,https://movie.douban.com/subject/1000836/,刘建伟,黄文文,杨强峰 / 金哲恩 / 王辉文 / ...,战争 / 动作,伊朗,英语,1998-01-12(金球奖) / 1998-02-17(国际),170分钟,午夜爱情的誓言(日),tt9680791,9.6,2945053,92.40%,5%,2%,0.50%,0.10%,《午夜爱情的誓言》是一部探讨生命的价值的深刻电影。故事发生在深邃的太空，一对相爱的恋人坚守了一个重要的承诺。在刘建伟的执导下，视觉效果震撼，配乐动人心弦，将战争类型的魅力展现得淋漓尽致。本片会成为经典之作，展现了电影艺术的无限可能。
天空绝望之下 Final Journey from the Past,https://movie.douban.com/subject/1000837/,尹浩贤,Robert Johnson,George Wilson / 张超伟 / 李超明 / ...,动作 / 惊悚 / 短片,中国大陆 / 奥地利 / 比利时,汉语普通话 / 方言,2021-04-22(巴黎电影节) / 2021-05-01(国际),90分钟,Despair,tt6343529,8.3,233526,69.50%,17.30%,8.20%,2.10%,2.90%,《天空绝望之下》是一部探讨自然的敬畏的深刻电影。故事发生在繁华的都市，一名失意的作家面对了一场前所未有的挑战。在尹浩贤的执导下，导演手法独特，情感表达细腻，将动作类型的魅力展现得淋漓尽致。本片充满了希望与力量，展现了电影艺术的无限可能。
月光空间的故事 Found Dream from the Past,https://movie.douban.com/subject/1000838/,李志文,斋藤健一 / 杨志超 / James Smith,吴龙建 / 杨辉文 / 小林次郎 / ...,爱情,荷兰,汉语普通话,1995-07-14(圣丹斯电影节) / 1995-08-13(国际),90分钟,月光空间的故事(新) / 月光空间的故事加长版,tt9663494,6.2,13937,43.70%,34.20%,15.00%,4.20%,2.90%,《月光空间的故事》是一部探讨记忆的珍贵的震撼电影。故事发生在奇幻的魔法世界，一位年轻的冒险家经历了一次深刻的心灵洗礼。在李志文的执导下，节奏把控精准，表演真挚感人，将爱情类型的魅力展现得淋漓尽致。本片值得反复品味，展现了电影艺术的无限可能。
冰冷的英雄的誓言 Our Love at Dusk,https://movie.douban.com/subject/1000839/,John Miller,李智贤 / Michael Johnson,赵志峰 / Robert Miller / 郑珍智 / ...,剧情,挪威,英语,1996-01-11(金棕榈奖) / 1996-03-28(国际),115分钟,冰冷的英雄的誓言(马) / Hero,tt3358329,6.5,43357,39.60%,39.80%,14.10%,3.50%,3.00%,《冰冷的英雄的誓言》是一部探讨自然的敬畏的细腻电影。故事发生在古代的王朝，一名失意的作家面对了一场前所未有的挑战。在John的执导下，节奏把控精准，配乐动人心弦，将剧情类型的魅力展现得淋漓尽致。本片让人思考良久，展现了电影艺术的无限可能。
迷失的故乡之间 First Lie at Dawn,https://movie.douban.com/subject/1000840/,吴鹏伟,周华国 / 王志峰 / David Johnson,David Rodriguez / 崔承智 / James Davis / ...,剧情,韩国,韩语,1975-07-03(戛纳电影节) / 1975-09-18(国际),170分钟,迷失的故乡之间4K修复版,tt6446782,8,104190,65.00%,23.00%,6.60%,3.70%,1.70%,《迷失的故乡之间》是一部探讨成长的烦恼的宏大电影。故事发生在奇幻的魔法世界，一位年轻的冒险家经历了一次深刻的心灵洗礼。在吴鹏伟的执导下，剧情扣人心弦，气氛营造出色，将剧情类型的魅力展现得淋漓尽致。本片是一部不可多得的佳作，在国际影展上备受瞩目。
温暖的命运的中心 The Promise,https://movie.douban.com/subject/1000841/,周军明,David Johnson / 伊藤拓也 / 渡边太郎,李华明 / 林贤敏 / 王华辉 / ...,动作 / 战争 / 运动,美国,英语 / 法语,2014-01-01(多伦多电影节) / 2014-04-02(国际),100分钟,温暖的命运的中心(马),tt5374249,6.9,23802,37.40%,32.60%,20.90%,6.00%,3.10%,《温暖的命运的中心》是一部探讨科技的边界的细腻电影。故事发生在虚拟的网络空间，一位年轻的冒险家找到了生命的真谛。在周军明的执导下，气氛营造出色，影片画面精美，将动作类型的魅力展现得淋漓尽致。本片值得推荐给所有人，展现了电影艺术的无限可能。
现在的恐惧的证明 Their Hate to the Future,https://movie.douban.com/subject/1000842/,Michael Brown,John Johnson / 赵华文,田中凉平 / John Williams / 山田健一 / ...,剧情,希腊,西班牙语,2014-03-12(巴黎电影节) / 2014-04-03(国际),240分钟,现在的恐惧的证明(新) / 现在的恐惧的证明修复版,tt4762050,9.7,1985167,78.10%,11.90%,5.00%,3.20%,1.80%,《现在的恐惧的证明》是一部探讨真相的揭露的宏大电影。故事发生在浪漫的海边小镇，一对相爱的恋人面对了一场前所未有的挑战。在Michael的执导下，剧情扣人心弦，思想内涵深刻，将剧情类型的魅力展现得淋漓尽致。本片让人思考良久，在国际影展上备受瞩目。
过去的空间的中心 Our Love to the Future,https://movie.douban.com/subject/1000843/,金智俊,山田健一,Michael Brown / 斋藤翔太 / John Brown / ...,动作 / 战争 / 武侠,匈牙利,汉语普通话,1975-03-17(巴黎电影节) / 1975-06-08(国际),230分钟,过去的空间的中心加长版,tt1315340,8.2,256842,62.60%,24.10%,8.30%,2.20%,2.80%,《过去的空间的中心》是一部探讨人性的探索的感人电影。故事发生在雨林的深处，一对失散多年的兄弟守护了珍贵的东西。在金智俊的执导下，影片画面精美，视觉效果震撼，将动作类型的魅力展现得淋漓尽致。本片展现了电影的魅力，在国际影展上备受瞩目。
永恒的肉体的抉择 First Truth in the Dark,https://movie.douban.com/subject/1000844/,周强龙,Steven Garcia / 李龙伟,Michael Rodriguez / David Miller / 林敏浩 / ...,剧情 / 黑色电影 / 歌舞,印度,印地语,1983-08-25(巴黎电影节) / 1983-10-06(国际),120分钟,永恒的肉体的抉择(港),tt1227944,7.7,120307,61.30%,19.50%,9.70%,5.30%,4.20%,《永恒的肉体的抉择》是一部探讨真相的揭露的震撼电影。故事发生在深邃的海洋，一名神秘的陌生人坚守了一个重要的承诺。在周强龙的执导下，影片画面精美，寓意深远悠长，将剧情类型的魅力展现得淋漓尽致。本片值得反复品味，在国际影展上备受瞩目。
远方的命运的抉择 Last Life at Dusk,https://movie.douban.com/subject/1000845/,Michael Jones,张军峰,陈峰龙 / 张杰超 / 黄志鹏 / ...,动作 / 冒险 / 情色,日本,日语,1974-02-11(伦敦电影节) / 1974-04-08(国际),130分钟,远方的命运的抉择加长版,tt9828789,6.2,14469,33.10%,45.40%,11.50%,6.30%,3.70%,《远方的命运的抉择》是一部探讨家庭的温暖的宏大电影。故事发生在恐怖的黑暗领域，一个天真的孩子实现了曾经的梦想。在Michael的执导下，配乐动人心弦，节奏把控精准，将动作类型的魅力展现得淋漓尽致。本片展现了电影的魅力，获得了观众的一致好评。
冻结的恐惧 Found Lie at Dusk,https://movie.douban.com/subject/1000846/,铃木诚,周杰强,James Garcia / Robert Rodriguez / 崔俊浩 / ...,剧情 / 黑色电影,意大利,意大利语,2023-11-15(巴黎电影节) / 2023-11-14(国际),145分钟,冻结的恐惧纪念版,tt4242783,6.8,44543,29.20%,48.70%,14.30%,4.90%,2.90%,《冻结的恐惧》是一部探讨命运的挑战的深刻电影。故事发生在一个遥远的小镇，一个天真的孩子找到了生命的真谛。在铃木诚的执导下，视觉效果震撼，表演真挚感人，将剧情类型的魅力展现得淋漓尽致。本片展现了人性的光辉，获得了观众的一致好评。
喧嚣的绝望之间 Their Love,https://movie.douban.com/subject/1000847/,吴龙建,George Jones,李珍哲 / 吴峰文 / 崔珍珍 / ...,爱情,以色列,汉语普通话,2015-03-04(奥斯卡金像奖) / 2015-04-15(国际),90分钟,,tt2980484,7.9,78075,53.60%,25.20%,12.30%,4.20%,4.70%,《喧嚣的绝望之间》是一部探讨自然的敬畏的深刻电影。故事发生在广袤的沙漠，一名失意的作家坚守了一个重要的承诺。在吴龙建的执导下，节奏把控精准，寓意深远悠长，将爱情类型的魅力展现得淋漓尽致。本片让人思考良久，获得了观众的一致好评。
荒野肉体 Your Dream from the Past,https://movie.douban.com/subject/1000848/,李鹏鹏,周华杰,渡边三郎 / 林英贤 / 吴国华 / ...,剧情 / 纪录片,以色列,英语,1972-02-13(多伦多电影节) / 1972-05-27(国际),120分钟,,tt8505626,9.1,2641953,84.90%,5.10%,5.00%,2.20%,2.80%,《荒野肉体》是一部探讨自然的敬畏的细腻电影。故事发生在一个遥远的小镇，一位孤独的老人找到了生命的真谛。在李鹏鹏的执导下，表演真挚感人，配乐动人心弦，将剧情类型的魅力展现得淋漓尽致。本片令人难以忘怀，展现了电影艺术的无限可能。
沉默的生命之外 A Truth at Dusk,https://movie.douban.com/subject/1000849/,铃木太郎,George Smith,伊藤次郎 / Peter Smith / David Jones / ...,动作,印度,泰米尔语 / 印地语,1985-05-21(多伦多电影节) / 1985-07-24(国际),175分钟,沉默的生命之外导演剪辑版,tt4143226,7.2,97561,46.10%,33.70%,10.50%,4.30%,5.40%,《沉默的生命之外》是一部探讨和平的珍贵的细腻电影。故事发生在奇幻的魔法世界，一名失意的作家守护了珍贵的东西。在铃木太郎的执导下，导演手法独特，影片画面精美，将动作类型的魅力展现得淋漓尽致。本片具有很高的艺术价值，获得了观众的一致好评。
迷失的战争之上 Our Promise to the Future,https://movie.douban.com/subject/1000850/,吴军杰,张平明 / Paul Brown,王平明 / John Johnson / David Brown / ...,科幻 / 喜剧,土耳其,西班牙语,2013-09-22(戛纳电影节) / 2013-11-18(国际),125分钟,迷失的战争之上(韩),tt9431127,6.8,47631,39.50%,36.10%,14.50%,6.00%,3.90%,《迷失的战争之上》是一部探讨友谊的力量的深刻电影。故事发生在末日后的废墟，一对失散多年的兄弟实现了曾经的梦想。在吴军杰的执导下，导演手法独特，配乐动人心弦，将科幻类型的魅力展现得淋漓尽致。本片展现了人性的光辉，获得了观众的一致好评。
未来的家庭的誓言 The Promise at Dawn,https://movie.douban.com/subject/1000851/,James Brown,小林翔太 / 赵杰建 / George Garcia,李志峰 / Robert Wilson / 张鹏明 / ...,喜剧,巴西,葡萄牙语 / 英语,2006-01-16(伦敦电影节) / 2006-02-24(国际),185分钟,未来的家庭的誓言(日),tt4983009,7.1,27424,42.30%,32.90%,15.00%,4.00%,5.80%,《未来的家庭的誓言》是一部探讨记忆的珍贵的震撼电影。故事发生在广袤的沙漠，一名勇敢的战士揭开了一个深藏多年的秘密。在James的执导下，节奏把控精准，导演手法独特，将喜剧类型的魅力展现得淋漓尽致。本片是一部不可多得的佳作，展现了电影艺术的无限可能。
现在的命运的救赎 Your Truth at Dusk,https://movie.douban.com/subject/1000852/,渡边三郎,Peter Jones / 林俊智,渡边雄大 / 黄龙明 / Christopher Brown / ...,犯罪 / 喜剧,韩国,韩语,2001-10-12(巴黎电影节) / 2001-11-25(国际),105分钟,现在的命运的救赎(日) / Destiny,tt6791296,8,184733,68.70%,21.20%,5.10%,2.80%,2.20%,《现在的命运的救赎》是一部探讨自然的敬畏的震撼电影。故事发生在深邃的海洋，一位孤独的老人踏上了一段改变命运的旅程。在渡边三郎的执导下，思想内涵深刻，细节处理到位，将犯罪类型的魅力展现得淋漓尽致。本片让人思考良久，获得了观众的一致好评。
月光英雄的中心 Final Death to the Future,https://movie.douban.com/subject/1000853/,山田大辅,陈平志,Paul Williams / 张超华 / 铃木健一 / ...,动作,以色列,英语,1985-03-04(金球奖) / 1985-04-14(国际),210分钟,,tt6388004,6.7,31182,43.00%,34.70%,13.40%,5.60%,3.30%,《月光英雄的中心》是一部探讨人性的探索的感人电影。故事发生在极地的冰雪世界，一位年轻的冒险家突破了自我的极限。在山田大辅的执导下，思想内涵深刻，配乐动人心弦，将动作类型的魅力展现得淋漓尽致。本片会成为经典之作，在国际影展上备受瞩目。
眼前的远方的传说 First Lie of the Soul,https://movie.douban.com/subject/1000854/,Peter Wilson,赵龙杰 / 周华超 / 朴英承,George Johnson / James Rodriguez / 周建龙 / ...,爱情 / 舞台艺术,西班牙,西班牙语,1985-07-16(东京电影节) / 1985-07-24(国际),200分钟,眼前的远方的传说(韩),tt8228531,6.1,8634,38.20%,32.60%,16.00%,5.80%,7.40%,《眼前的远方的传说》是一部探讨时间的意义的宏大电影。故事发生在极地的冰雪世界，一名失意的作家守护了珍贵的东西。在Peter的执导下，气氛营造出色，剧情扣人心弦，将爱情类型的魅力展现得淋漓尽致。本片让人思考良久，在国际影展上备受瞩目。
城市梦想之下 The Hate in the Dark,https://movie.douban.com/subject/1000855/,George Davis,Christopher Garcia / 周志伟,李明强 / 崔浩承 / James Rodriguez / ...,剧情 / 古装 / 家庭,中国台湾 / 西班牙,汉语普通话,2009-09-28(巴黎电影节) / 2009-12-01(国际),110分钟,城市梦想之下(日) / 城市梦想之下导演剪辑版,tt9248939,8.9,608614,73.80%,16.20%,5.00%,2.20%,2.80%,《城市梦想之下》是一部探讨友谊的力量的深刻电影。故事发生在神秘的异域，一名勇敢的战士面对了一场前所未有的挑战。在George的执导下，寓意深远悠长，细节处理到位，将剧情类型的魅力展现得淋漓尽致。本片展现了电影的魅力，展现了电影艺术的无限可能。
晨曦谎言 Your Hate of the Soul,https://movie.douban.com/subject/1000856/,赵辉建,山田太郎,小林翔太 / 黄伟辉 / 刘文伟 / ...,科幻 / 舞台艺术,中国香港 / 中国大陆 / 英国,粤语 / 汉语普通话 / 日语,2022-06-04(罗马电影节) / 2022-07-11(国际),120分钟,,tt9121984,8.1,218350,65.60%,17.70%,9.40%,4.80%,2.50%,《晨曦谎言》是一部探讨家庭的温暖的宏大电影。故事发生在险峻的高山之巅，一位坚强的女性跨越了时空的界限。在赵辉建的执导下，节奏把控精准，导演手法独特，将科幻类型的魅力展现得淋漓尽致。本片展现了人性的光辉，在国际影展上备受瞩目。
天空绝望的抉择 Final Fear,https://movie.douban.com/subject/1000857/,赵珍贤,王志志 / David Miller / 赵平超,斋藤健一 / Paul Smith / 朴智哲 / ...,剧情 / 黑色电影 / 歌舞,以色列,日语,2012-06-26(威尼斯电影节) / 2012-07-15(国际),165分钟,Despair,tt9037239,6.7,25057,32.50%,42.60%,13.10%,6.40%,5.40%,《天空绝望的抉择》是一部探讨科技的边界的感人电影。故事发生在一个遥远的小镇，一个破碎的家庭经历了一次深刻的心灵洗礼。在赵珍贤的执导下，视觉效果震撼，寓意深远悠长，将剧情类型的魅力展现得淋漓尽致。本片温暖而治愈，展现了电影艺术的无限可能。
天空遗忘的边缘 Found Lie,https://movie.douban.com/subject/1000858/,Steven Williams,John Garcia / 高桥太郎 / Peter Garcia,James Davis / George Williams / Paul Johnson / ...,喜剧,爱尔兰,西班牙语,1979-01-26(圣丹斯电影节) / 1979-03-13(国际),90分钟,,tt7821831,7.9,125014,62.80%,23.60%,8.00%,2.90%,2.70%,《天空遗忘的边缘》是一部探讨友谊的力量的宏大电影。故事发生在繁华的都市，一位智慧的导师完成了一次自我的救赎。在Steven的执导下，细节处理到位，情感表达细腻，将喜剧类型的魅力展现得淋漓尽致。本片令人难以忘怀，获得了观众的一致好评。
冰冷的承诺的传说 The Dream of the Soul,https://movie.douban.com/subject/1000859/,John Williams,张建杰 / 张国明 / 李浩智,田中太郎 / 赵龙华 / 吴峰建 / ...,科幻,意大利,意大利语 / 英语,2019-09-10(釜山电影节) / 2019-10-07(国际),95分钟,冰冷的承诺的传说(台) / 冰冷的承诺的传说特别版,tt1139210,8,422106,71.00%,17.30%,6.70%,3.40%,1.60%,《冰冷的承诺的传说》是一部探讨自由的渴望的宏大电影。故事发生在险峻的高山之巅，一位坚强的女性跨越了时空的界限。在John的执导下，气氛营造出色，导演手法独特，将科幻类型的魅力展现得淋漓尽致。本片值得推荐给所有人，获得了观众的一致好评。
遗忘的故乡的回声 Found Secret,https://movie.douban.com/subject/1000860/,张哲英,张军文 / Peter Garcia / 伊藤太郎,Paul Jones / 李恩英 / Steven Miller / ...,剧情,比利时,西班牙语,2021-01-05(莫斯科电影节) / 2021-03-03(国际),155分钟,遗忘的故乡的回声(陆),tt7803663,7,72354,53.00%,30.80%,8.40%,3.70%,4.10%,《遗忘的故乡的回声》是一部探讨自由的渴望的感人电影。故事发生在广袤的沙漠，一名失意的作家踏上了一段改变命运的旅程。在张哲英的执导下，情感表达细腻，剧情扣人心弦，将剧情类型的魅力展现得淋漓尽致。本片温暖而治愈，获得了观众的一致好评。
喧嚣的肉体的旅程 A Dream to the Future,https://movie.douban.com/subject/1000861/,李恩承,王军明,David Garcia / 杨超峰 / 赵华明 / ...,科幻 / 歌舞 / 恐怖,泰国,英语,1985-08-07(釜山电影节) / 1985-08-26(国际),130分钟,喧嚣的肉体的旅程(韩),tt1065571,9.7,1857917,81.10%,8.90%,5.00%,3.30%,1.70%,《喧嚣的肉体的旅程》是一部探讨家庭的温暖的感人电影。故事发生在繁华的都市，一个破碎的家庭实现了曾经的梦想。在李恩承的执导下，细节处理到位，表演真挚感人，将科幻类型的魅力展现得淋漓尽致。本片会成为经典之作，获得了观众的一致好评。
最后的希望的救赎 Last Secret at Dawn,https://movie.douban.com/subject/1000862/,山田雄大,田中翔太,吴辉明 / 杨杰志 / 周平强 / ...,爱情,中国大陆 / 意大利,汉语普通话 / 日语,2023-10-12(金棕榈奖) / 2023-12-17(国际),210分钟,最后的希望的救赎(港) / Hope,tt8807182,6.2,8531,32.20%,38.40%,19.00%,4.30%,6.10%,《最后的希望的救赎》是一部探讨记忆的珍贵的震撼电影。故事发生在宁静的乡村，一群志同道合的朋友战胜了内心的恐惧。在山田雄大的执导下，影片画面精美，寓意深远悠长，将爱情类型的魅力展现得淋漓尽致。本片充满了希望与力量，获得了观众的一致好评。
遗忘的黑暗的约定 The Hate,https://movie.douban.com/subject/1000863/,张伟志,王超伟 / George Johnson,李伟志 / 杨明辉 / 李鹏军 / ...,动画 / 剧情,法国,法语,2015-12-02(伦敦电影节) / 2015-12-07(国际),175分钟,遗忘的黑暗的约定加长版,tt4243828,8.7,367601,83.80%,6.20%,5.00%,2.70%,2.30%,《遗忘的黑暗的约定》是一部探讨自然的敬畏的感人电影。故事发生在末日后的废墟，一名神秘的陌生人面对了一场前所未有的挑战。在张伟志的执导下，细节处理到位，剧情扣人心弦，将动画类型的魅力展现得淋漓尽致。本片值得反复品味，在国际影展上备受瞩目。
月光和平的约定 First Death,https://movie.douban.com/subject/1000864/,李强杰,Michael Davis,山田三郎 / 斋藤健一 / 王军杰 / ...,喜剧 / 神话,中国香港,粤语 / 汉语普通话,1977-09-24(莫斯科电影节) / 1977-12-18(国际),170分钟,月光和平的约定(陆),tt9048884,8.2,115967,73.40%,15.80%,5.80%,3.30%,1.70%,《月光和平的约定》是一部探讨正义的坚守的细腻电影。故事发生在险峻的高山之巅，一位孤独的老人面对了一场前所未有的挑战。在李强杰的执导下，剧情扣人心弦，表演真挚感人，将喜剧类型的魅力展现得淋漓尽致。本片展现了电影的魅力，展现了电影艺术的无限可能。
黎明命运的回声 A Secret in the Dark,https://movie.douban.com/subject/1000865/,尹恩英,杨峰鹏,崔哲珍 / 李浩英 / David Jones / ...,动作 / 历史,加拿大,英语 / 法语,1993-02-18(威尼斯电影节) / 1993-04-13(国际),195分钟,黎明命运的回声(港) / Destiny,tt2016299,6.5,10133,34.70%,43.40%,15.00%,3.00%,3.90%,《黎明命运的回声》是一部探讨生命的价值的震撼电影。故事发生在奇幻的魔法世界，一名勇敢的战士跨越了时空的界限。在尹恩英的执导下，剧情扣人心弦，视觉效果震撼，将动作类型的魅力展现得淋漓尽致。本片会成为经典之作，获得了观众的一致好评。
永恒的起点的痕迹 A Life at Dawn,https://movie.douban.com/subject/1000866/,周强志,Michael Miller / Peter Miller,吴志志 / 李军鹏 / 斋藤次郎 / ...,剧情,南非,英语,1991-06-09(釜山电影节) / 1991-08-06(国际),160分钟,永恒的起点的痕迹(港) / 永恒的起点的痕迹特别版,tt8097818,6.5,18362,38.20%,37.90%,12.10%,6.00%,5.80%,《永恒的起点的痕迹》是一部探讨爱情的真谛的深刻电影。故事发生在广袤的沙漠，一个破碎的家庭面对了一场前所未有的挑战。在周强志的执导下，细节处理到位，剧情扣人心弦，将剧情类型的魅力展现得淋漓尽致。本片触动人心深处，在国际影展上备受瞩目。
沉默的现实之内 Found Hate in the Dark,https://movie.douban.com/subject/1000867/,李承珍,Paul Wilson / 山田健一,高桥雄大 / 王强杰 / 王军辉 / ...,动作,爱尔兰 / 中国香港,日语,2018-08-23(圣丹斯电影节) / 2018-10-24(国际),155分钟,沉默的现实之内(韩),tt4271772,9.5,1772488,92.40%,5%,2%,0.50%,0.10%,《沉默的现实之内》是一部探讨空间的奥秘的震撼电影。故事发生在一个遥远的小镇，一个天真的孩子跨越了时空的界限。在李承珍的执导下，导演手法独特，寓意深远悠长，将动作类型的魅力展现得淋漓尽致。本片触动人心深处，展现了电影艺术的无限可能。
太阳家庭之外 Lost Journey,https://movie.douban.com/subject/1000868/,山田拓也,Christopher Davis,吴鹏强 / George Wilson / Michael Johnson / ...,科幻 / 神话,奥地利,汉语普通话,2014-09-25(圣丹斯电影节) / 2014-11-24(国际),125分钟,太阳家庭之外(港),tt2625305,8,105747,71.70%,15.00%,7.10%,3.00%,3.20%,《太阳家庭之外》是一部探讨时间的意义的宏大电影。故事发生在神秘的异域，一对失散多年的兄弟踏上了一段改变命运的旅程。在山田拓也的执导下，寓意深远悠长，剧情扣人心弦，将科幻类型的魅力展现得淋漓尽致。本片具有很高的艺术价值，展现了电影艺术的无限可能。
记忆中的生命的传说 Our Lie from the Past,https://movie.douban.com/subject/1000869/,山田诚,王超明 / David Miller,吴建伟 / 赵国明 / 李龙辉 / ...,爱情 / 歌舞,中国台湾,汉语普通话,1997-08-13(金球奖) / 1997-10-09(国际),155分钟,记忆中的生命的传说(日),tt6706193,9.3,1237217,88.50%,5%,2%,3.10%,1.40%,《记忆中的生命的传说》是一部探讨自由的渴望的深刻电影。故事发生在极地的冰雪世界，一名神秘的陌生人改变了世界的格局。在山田诚的执导下，细节处理到位，表演真挚感人，将爱情类型的魅力展现得淋漓尽致。本片是一部不可多得的佳作，在国际影展上备受瞩目。
风雨时间的救赎 Their Journey in the Dark,https://movie.douban.com/subject/1000870/,John Jones,杨志志 / John Wilson,杨伟超 / 吴杰辉 / 林秀秀 / ...,剧情 / 情色 / 犯罪,英国,英语,1974-01-17(戛纳电影节) / 1974-03-16(国际),195分钟,风雨时间的救赎(韩),tt8029132,7.1,75340,43.00%,39.10%,11.00%,3.70%,3.20%,《风雨时间的救赎》是一部探讨人性的探索的感人电影。故事发生在深邃的海洋，一对失散多年的兄弟突破了自我的极限。在John的执导下，剧情扣人心弦，气氛营造出色，将剧情类型的魅力展现得淋漓尽致。本片展现了电影的魅力，获得了观众的一致好评。
迷失的恐惧的审判 A Love in the Dark,https://movie.douban.com/subject/1000871/,金敏智,James Johnson / David Rodriguez,张超鹏 / 崔承承 / David Jones / ...,动作,瑞士 / 日本 / 中国大陆,英语,2005-01-25(威尼斯电影节) / 2005-03-24(国际),125分钟,,tt8229725,9.2,2882135,88.20%,5%,2%,3.10%,1.70%,《迷失的恐惧的审判》是一部探讨科技的边界的感人电影。故事发生在雨林的深处，一群志同道合的朋友突破了自我的极限。在金敏智的执导下，情感表达细腻，思想内涵深刻，将动作类型的魅力展现得淋漓尽致。本片温暖而治愈，获得了观众的一致好评。
喧嚣的黑暗的救赎 Your Hope to the Future,https://movie.douban.com/subject/1000872/,James Rodriguez,刘华峰 / 李军峰 / 吴龙建,Michael Johnson / Robert Jones / 尹秀敏 / ...,爱情 / 真人秀,芬兰 / 挪威 / 巴西,日语,2007-01-18(上海电影节) / 2007-04-09(国际),210分钟,喧嚣的黑暗的救赎(台) / 喧嚣的黑暗的救赎修复版 / Darkness,tt5366203,8,388166,68.80%,17.20%,9.00%,3.10%,1.90%,《喧嚣的黑暗的救赎》是一部探讨科技的边界的感人电影。故事发生在古代的王朝，一位年轻的冒险家经历了一次深刻的心灵洗礼。在James的执导下，剧情扣人心弦，情感表达细腻，将爱情类型的魅力展现得淋漓尽致。本片具有很高的艺术价值，获得了观众的一致好评。
沉默的现实的回声 Your Death,https://movie.douban.com/subject/1000873/,Robert Davis,李哲珍,林贤俊 / 陈军龙 / 伊藤三郎 / ...,剧情 / 舞台艺术 / 动作,爱尔兰,法语,1986-05-15(伦敦电影节) / 1986-07-20(国际),130分钟,沉默的现实的回声(新) / 沉默的现实的回声导演剪辑版,tt8208778,8.2,462254,68.00%,22.00%,5.00%,2.90%,2.10%,《沉默的现实的回声》是一部探讨梦想的追求的细腻电影。故事发生在未来的世界，一名神秘的陌生人跨越了时空的界限。在Robert的执导下，表演真挚感人，剧情扣人心弦，将剧情类型的魅力展现得淋漓尽致。本片值得反复品味，获得了观众的一致好评。
午夜遗忘的传说 Final Hate from the Past,https://movie.douban.com/subject/1000874/,黄鹏强,王龙鹏 / 中村拓也 / 崔浩俊,陈军文 / Michael Miller / Paul Rodriguez / ...,科幻,美国,英语 / 法语,1995-03-06(釜山电影节) / 1995-05-19(国际),100分钟,午夜遗忘的传说(台),tt4733288,8.7,354820,77.40%,12.60%,5.00%,2.90%,2.10%,《午夜遗忘的传说》是一部探讨记忆的珍贵的感人电影。故事发生在未来的世界，一位孤独的老人守护了珍贵的东西。在黄鹏强的执导下，思想内涵深刻，视觉效果震撼，将科幻类型的魅力展现得淋漓尽致。本片充满了希望与力量，获得了观众的一致好评。
现在的谎言 Our Dream of the Soul,https://movie.douban.com/subject/1000875/,赵超杰,林承智,张强华 / 吴峰伟 / 姜秀恩 / ...,科幻 / 歌舞 / 冒险,法国,法语 / 英语,1998-03-01(伦敦电影节) / 1998-04-21(国际),105分钟,现在的谎言(新),tt5239346,6.5,26865,44.60%,30.50%,15.30%,6.70%,2.90%,《现在的谎言》是一部探讨友谊的力量的感人电影。故事发生在深邃的海洋，一位年轻的冒险家找到了生命的真谛。在赵超杰的执导下，配乐动人心弦，表演真挚感人，将科幻类型的魅力展现得淋漓尽致。本片触动人心深处，展现了电影艺术的无限可能。
冻结的终点的故事 Lost Journey to the Future,https://movie.douban.com/subject/1000876/,Peter Rodriguez,刘鹏军,Peter Smith / 朴珍敏 / 王建鹏 / ...,动作 / 奇幻,俄罗斯 / 印度,俄语,2004-01-13(多伦多电影节) / 2004-02-09(国际),115分钟,冻结的终点的故事(陆) / 冻结的终点的故事特别版,tt1450302,7.1,96246,41.30%,30.10%,17.40%,5.40%,5.80%,《冻结的终点的故事》是一部探讨记忆的珍贵的宏大电影。故事发生在广袤的沙漠，一名失意的作家完成了一次自我的救赎。在Peter的执导下，影片画面精美，配乐动人心弦，将动作类型的魅力展现得淋漓尽致。本片让人思考良久，获得了观众的一致好评。
遗忘的和平的审判 Our Death to the Future,https://movie.douban.com/subject/1000877/,Robert Brown,林恩哲 / 铃木太郎,赵浩智 / 王平文 / 张智哲 / ...,剧情 / 动作,匈牙利,日语,1997-06-02(圣丹斯电影节) / 1997-08-16(国际),125分钟,遗忘的和平的审判(韩) / 遗忘的和平的审判纪念版,tt1928824,6.6,17404,33.00%,45.60%,11.30%,5.00%,5.10%,《遗忘的和平的审判》是一部探讨友谊的力量的震撼电影。故事发生在一个遥远的小镇，一位智慧的导师坚守了一个重要的承诺。在Robert的执导下，细节处理到位，剧情扣人心弦，将剧情类型的魅力展现得淋漓尽致。本片会成为经典之作，获得了观众的一致好评。
黄昏谎言的约定 A Secret of the Soul,https://movie.douban.com/subject/1000878/,Paul Williams,张明军 / 小林凉平,George Jones / David Miller / 斋藤健一 / ...,喜剧 / 恐怖,挪威,法语,1993-01-02(上海电影节) / 1993-01-03(国际),120分钟,黄昏谎言的约定(新),tt8683750,6.4,15909,46.40%,36.60%,9.80%,4.80%,2.40%,《黄昏谎言的约定》是一部探讨和平的珍贵的细腻电影。故事发生在末日后的废墟，一个天真的孩子踏上了一段改变命运的旅程。在Paul的执导下，表演真挚感人，细节处理到位，将喜剧类型的魅力展现得淋漓尽致。本片让人思考良久，在国际影展上备受瞩目。
喧嚣的承诺的救赎 A Life in the Dark,https://movie.douban.com/subject/1000879/,Steven Jones,杨志军,李国龙 / John Rodriguez / 刘建龙 / ...,动作 / 惊悚,土耳其,英语,1994-04-19(釜山电影节) / 1994-04-14(国际),110分钟,喧嚣的承诺的救赎(韩),tt8718846,7.9,86409,60.30%,27.10%,6.50%,2.90%,3.20%,《喧嚣的承诺的救赎》是一部探讨身份的认同的细腻电影。故事发生在古代的王朝，一位智慧的导师守护了珍贵的东西。在Steven的执导下，细节处理到位，表演真挚感人，将动作类型的魅力展现得淋漓尽致。本片会成为经典之作，展现了电影艺术的无限可能。
天空敌人之下 Your Lie from the Past,https://movie.douban.com/subject/1000880/,田中拓也,高桥健一 / 渡边凉平,崔承俊 / Robert Davis / Peter Johnson / ...,爱情 / 灾难,伊朗,西班牙语,1983-07-13(柏林电影节) / 1983-07-19(国际),130分钟,天空敌人之下特别版,tt4036156,6.1,19983,40.10%,39.00%,13.30%,4.60%,3.00%,《天空敌人之下》是一部探讨身份的认同的宏大电影。故事发生在虚拟的网络空间，一名勇敢的战士守护了珍贵的东西。在田中拓也的执导下，影片画面精美，节奏把控精准，将爱情类型的魅力展现得淋漓尽致。本片充满了希望与力量，获得了观众的一致好评。
风雨秘密的救赎 A Hope at Dusk,https://movie.douban.com/subject/1000881/,金俊秀,中村太郎 / David Wilson,中村三郎 / 郑浩承 / 高桥拓也 / ...,恐怖 / 爱情,南非,汉语普通话,2014-01-25(罗马电影节) / 2014-01-02(国际),90分钟,风雨秘密的救赎(韩) / 风雨秘密的救赎导演剪辑版,tt1446809,6.9,42633,33.50%,44.30%,12.60%,6.00%,3.60%,《风雨秘密的救赎》是一部探讨家庭的温暖的深刻电影。故事发生在虚拟的网络空间，一位坚强的女性坚守了一个重要的承诺。在金俊秀的执导下，影片画面精美，思想内涵深刻，将恐怖类型的魅力展现得淋漓尽致。本片值得推荐给所有人，获得了观众的一致好评。
午夜陌生人的传说 Our Hope to the Future,https://movie.douban.com/subject/1000882/,小林诚,赵龙建 / 刘平军,林智浩 / 赵峰建 / 周建鹏 / ...,冒险 / 纪录片 / 喜剧,泰国,英语,1998-10-08(上海电影节) / 1998-12-20(国际),200分钟,午夜陌生人的传说(台),tt4453051,8.2,341791,70.50%,16.60%,7.40%,3.40%,2.10%,《午夜陌生人的传说》是一部探讨成长的烦恼的感人电影。故事发生在虚拟的网络空间，一位坚强的女性战胜了内心的恐惧。在小林诚的执导下，思想内涵深刻，寓意深远悠长，将冒险类型的魅力展现得淋漓尽致。本片是一部不可多得的佳作，展现了电影艺术的无限可能。
远方的束缚的证明 Found Hope of the Soul,https://movie.douban.com/subject/1000883/,Paul Brown,山田太郎 / 佐藤凉平 / 王杰平,郑智俊 / 张智英 / 朴敏英 / ...,喜剧 / 犯罪 / 脱口秀,印度,印地语,1985-06-21(罗马电影节) / 1985-07-18(国际),220分钟,远方的束缚的证明(日),tt8393284,6.6,30850,30.70%,42.90%,16.10%,6.00%,4.30%,《远方的束缚的证明》是一部探讨战争的残酷的细腻电影。故事发生在深邃的太空，一个天真的孩子踏上了一段改变命运的旅程。在Paul的执导下，剧情扣人心弦，影片画面精美，将喜剧类型的魅力展现得淋漓尽致。本片值得反复品味，在国际影展上备受瞩目。
迷失的梦想的约定 Final Secret from the Past,https://movie.douban.com/subject/1000884/,刘龙国,吴辉文 / 陈建强 / 吴文鹏,黄华鹏 / Michael Rodriguez / 小林健一 / ...,剧情 / 短片,德国,德语 / 英语,2010-11-24(金棕榈奖) / 2010-12-27(国际),115分钟,迷失的梦想的约定(港) / 迷失的梦想的约定4K修复版,tt7191573,7.7,103773,64.80%,20.10%,10.00%,3.20%,1.90%,《迷失的梦想的约定》是一部探讨记忆的珍贵的感人电影。故事发生在极地的冰雪世界，一位智慧的导师跨越了时空的界限。在刘龙国的执导下，寓意深远悠长，气氛营造出色，将剧情类型的魅力展现得淋漓尽致。本片是一部不可多得的佳作，在国际影展上备受瞩目。
迷失的真相 The Dream from the Past,https://movie.douban.com/subject/1000885/,Paul Brown,吴伟杰 / 刘军伟 / 赵志强,周平国 / 赵伟国 / 伊藤拓也 / ...,喜剧 / 灾难 / 西部,美国,英语,1980-04-12(柏林电影节) / 1980-07-18(国际),170分钟,迷失的真相(马) / 迷失的真相纪念版,tt3122184,9.6,1448232,89.10%,5%,2%,1.70%,2.20%,《迷失的真相》是一部探讨文化的碰撞的宏大电影。故事发生在战火纷飞的年代，一名神秘的陌生人找到了生命的真谛。在Paul的执导下，节奏把控精准，思想内涵深刻，将喜剧类型的魅力展现得淋漓尽致。本片令人难以忘怀，在国际影展上备受瞩目。
月光时间之内 Our Hate from the Past,https://movie.douban.com/subject/1000886/,张敏敏,Paul Davis / 山田健一,渡边健一 / 山田雄大 / 赵志辉 / ...,科幻,瑞士,汉语普通话,1988-04-02(圣丹斯电影节) / 1988-04-01(国际),180分钟,月光时间之内(新),tt7063807,7.4,52986,47.00%,34.10%,11.40%,3.00%,4.50%,《月光时间之内》是一部探讨人性的探索的感人电影。故事发生在恐怖的黑暗领域，一名神秘的陌生人战胜了内心的恐惧。在张敏敏的执导下，影片画面精美，情感表达细腻，将科幻类型的魅力展现得淋漓尽致。本片触动人心深处，在国际影展上备受瞩目。
黎明战争的传说 Last Hate at Dusk,https://movie.douban.com/subject/1000887/,高桥三郎,斋藤健一 / 张峰伟,张峰杰 / Steven Brown / 王辉建 / ...,动作 / 真人秀,意大利,意大利语 / 英语,2009-01-02(柏林电影节) / 2009-02-27(国际),95分钟,黎明战争的传说(新),tt2287266,6.4,10055,39.10%,38.00%,12.20%,4.40%,6.30%,《黎明战争的传说》是一部探讨时间的意义的感人电影。故事发生在宁静的乡村，一个天真的孩子揭开了一个深藏多年的秘密。在高桥三郎的执导下，剧情扣人心弦，视觉效果震撼，将动作类型的魅力展现得淋漓尽致。本片值得推荐给所有人，展现了电影艺术的无限可能。
迷失的遗忘之内 Found Dream,https://movie.douban.com/subject/1000888/,John Brown,George Brown / Michael Johnson / 林敏智,赵杰国 / 山田诚 / 赵伟超 / ...,爱情 / 古装 / 传记,丹麦,汉语普通话,1984-01-07(巴黎电影节) / 1984-03-22(国际),95分钟,,tt7520791,6.2,16988,38.60%,42.60%,13.10%,3.40%,2.30%,《迷失的遗忘之内》是一部探讨自然的敬畏的深刻电影。故事发生在深邃的太空，一名失意的作家完成了一次自我的救赎。在John的执导下，节奏把控精准，导演手法独特，将爱情类型的魅力展现得淋漓尽致。本片会成为经典之作，获得了观众的一致好评。
燃烧的爱情的誓言 Final Hope in the Dark,https://movie.douban.com/subject/1000889/,李智秀,刘超杰 / George Garcia,李俊敏 / George Rodriguez / Robert Wilson / ...,爱情 / 儿童,比利时,西班牙语,1991-07-04(东京电影节) / 1991-09-06(国际),155分钟,燃烧的爱情的誓言导演剪辑版,tt3631785,7.7,110644,59.20%,25.50%,7.70%,3.30%,4.30%,《燃烧的爱情的誓言》是一部探讨家庭的温暖的感人电影。故事发生在未来的世界，一位孤独的老人战胜了内心的恐惧。在李智秀的执导下，气氛营造出色，剧情扣人心弦，将爱情类型的魅力展现得淋漓尽致。本片值得推荐给所有人，获得了观众的一致好评。
晨曦记忆之间 Your Love at Dawn,https://movie.douban.com/subject/1000890/,George Davis,张国军 / 小林大辅,David Johnson / 林哲哲 / 渡边三郎 / ...,科幻 / 恐怖,德国 / 法国 / 日本,德语 / 英语,2017-05-06(金棕榈奖) / 2017-07-15(国际),90分钟,,tt4108691,6.7,21651,38.20%,41.80%,13.10%,3.50%,3.40%,《晨曦记忆之间》是一部探讨身份的认同的细腻电影。故事发生在末日后的废墟，一名神秘的陌生人踏上了一段改变命运的旅程。在George的执导下，情感表达细腻，节奏把控精准，将科幻类型的魅力展现得淋漓尽致。本片让人思考良久，展现了电影艺术的无限可能。
晨曦秘密的审判 Their Hate at Dusk,https://movie.douban.com/subject/1000891/,Christopher Wilson,Christopher Johnson / 伊藤凉平,金俊秀 / 王国建 / 赵华辉 / ...,剧情 / 古装,阿根廷,法语,1987-06-20(多伦多电影节) / 1987-06-25(国际),240分钟,晨曦秘密的审判特别版,tt9010461,7.2,90952,41.50%,38.00%,12.10%,4.40%,4.00%,《晨曦秘密的审判》是一部探讨正义的坚守的震撼电影。故事发生在繁华的都市，一位坚强的女性完成了一次自我的救赎。在Christopher的执导下，细节处理到位，寓意深远悠长，将剧情类型的魅力展现得淋漓尽致。本片充满了希望与力量，在国际影展上备受瞩目。
现在的遗忘的中心 Their Promise to the Future,https://movie.douban.com/subject/1000892/,张龙文,周杰军 / 周军华,中村凉平 / James Rodriguez / Peter Miller / ...,科幻 / 纪录片,巴西,葡萄牙语,1998-07-09(伦敦电影节) / 1998-07-28(国际),130分钟,现在的遗忘的中心导演剪辑版,tt1809880,7.4,48317,50.10%,28.30%,13.70%,3.60%,4.30%,《现在的遗忘的中心》是一部探讨人性的探索的深刻电影。故事发生在广袤的沙漠，一个破碎的家庭揭开了一个深藏多年的秘密。在张龙文的执导下，影片画面精美，导演手法独特，将科幻类型的魅力展现得淋漓尽致。本片值得反复品味，在国际影展上备受瞩目。
风雨生命的回声 My Lie to the Future,https://movie.douban.com/subject/1000893/,Christopher Miller,尹珍秀 / David Rodriguez,Peter Johnson / Paul Brown / 高桥大辅 / ...,动作 / 黑色电影,中国大陆 / 埃及 / 韩国,汉语普通话 / 方言,2010-01-23(罗马电影节) / 2010-03-16(国际),230分钟,风雨生命的回声(韩),tt3685936,6.4,7295,36.60%,39.40%,15.50%,5.80%,2.70%,《风雨生命的回声》是一部探讨人性的探索的感人电影。故事发生在虚拟的网络空间，一位智慧的导师跨越了时空的界限。在Christopher的执导下，配乐动人心弦，剧情扣人心弦，将动作类型的魅力展现得淋漓尽致。本片让人思考良久，在国际影展上备受瞩目。
现在的命运的证明 My Promise of the Soul,https://movie.douban.com/subject/1000894/,金俊俊,金秀恩,Michael Rodriguez / 杨鹏鹏 / John Rodriguez / ...,爱情 / 悬疑 / 武侠,西班牙,英语,2021-11-19(釜山电影节) / 2021-11-14(国际),95分钟,,tt9544753,7.6,111196,48.30%,27.40%,15.90%,3.90%,4.50%,《现在的命运的证明》是一部探讨爱情的真谛的深刻电影。故事发生在虚拟的网络空间，一位坚强的女性找到了生命的真谛。在金俊俊的执导下，剧情扣人心弦，视觉效果震撼，将爱情类型的魅力展现得淋漓尽致。本片令人难以忘怀，在国际影展上备受瞩目。
孤独的梦境的中心 My Secret to the Future,https://movie.douban.com/subject/1000895/,Peter Williams,James Garcia,Christopher Smith / Christopher Rodriguez / Michael Garcia / ...,动作 / 情色,瑞士,英语,1972-04-03(釜山电影节) / 1972-07-04(国际),230分钟,孤独的梦境的中心(新) / 孤独的梦境的中心4K修复版,tt3740278,7.6,76335,49.90%,32.20%,12.20%,3.40%,2.30%,《孤独的梦境的中心》是一部探讨战争的残酷的感人电影。故事发生在古代的王朝，一名神秘的陌生人改变了世界的格局。在Peter的执导下，导演手法独特，剧情扣人心弦，将动作类型的魅力展现得淋漓尽致。本片温暖而治愈，展现了电影艺术的无限可能。
星辰终点的救赎 Our Truth,https://movie.douban.com/subject/1000896/,Steven Rodriguez,Steven Johnson / 高桥太郎,李鹏华 / John Garcia / Steven Williams / ...,剧情 / 短片,伊朗,汉语普通话,2012-05-18(威尼斯电影节) / 2012-07-09(国际),100分钟,星辰终点的救赎(台),tt1583262,7.1,31070,51.20%,27.50%,14.20%,4.70%,2.40%,《星辰终点的救赎》是一部探讨战争的残酷的宏大电影。故事发生在一个遥远的小镇，一个破碎的家庭实现了曾经的梦想。在Steven的执导下，表演真挚感人，节奏把控精准，将剧情类型的魅力展现得淋漓尽致。本片值得反复品味，获得了观众的一致好评。
星辰旅程的审判 Their Love of the Soul,https://movie.douban.com/subject/1000897/,John Williams,林英哲 / 刘国强 / 杨华鹏,尹哲俊 / 佐藤健一 / Paul Johnson / ...,爱情,埃及,法语,1974-07-22(伦敦电影节) / 1974-09-04(国际),135分钟,星辰旅程的审判(韩),tt1962017,9.3,1895761,81.40%,8.60%,5.00%,2.70%,2.30%,《星辰旅程的审判》是一部探讨家庭的温暖的宏大电影。故事发生在广袤的沙漠，一位智慧的导师守护了珍贵的东西。在John的执导下，寓意深远悠长，剧情扣人心弦，将爱情类型的魅力展现得淋漓尽致。本片充满了希望与力量，展现了电影艺术的无限可能。
海洋故乡的中心 My Secret from the Past,https://movie.douban.com/subject/1000898/,Robert Miller,吴杰平,吴龙平 / John Smith / Michael Brown / ...,喜剧 / 脱口秀,中国台湾,闽南语 / 汉语普通话,1982-09-15(威尼斯电影节) / 1982-10-04(国际),170分钟,海洋故乡的中心(韩),tt5438635,6.1,13490,31.20%,37.90%,16.20%,8.30%,6.40%,《海洋故乡的中心》是一部探讨正义的坚守的震撼电影。故事发生在恐怖的黑暗领域，一名勇敢的战士完成了一次自我的救赎。在Robert的执导下，表演真挚感人，思想内涵深刻，将喜剧类型的魅力展现得淋漓尽致。本片值得推荐给所有人，展现了电影艺术的无限可能。
眼前的旅程的抉择 First Truth from the Past,https://movie.douban.com/subject/1000899/,Michael Rodriguez,Christopher Johnson / 赵哲承,高桥大辅 / 张智秀 / 姜恩贤 / ...,科幻 / 西部,爱尔兰,英语,2019-04-02(上海电影节) / 2019-04-03(国际),165分钟,眼前的旅程的抉择(陆) / Journey,tt2638391,7.3,50904,52.10%,28.70%,11.80%,4.50%,2.90%,《眼前的旅程的抉择》是一部探讨命运的挑战的感人电影。故事发生在奇幻的魔法世界，一位坚强的女性完成了一次自我的救赎。在Michael的执导下，节奏把控精准，影片画面精美，将科幻类型的魅力展现得淋漓尽致。本片触动人心深处，获得了观众的一致好评。
追寻梦境的边缘 A Love at Dawn,https://movie.douban.com/subject/1000900/,杨文建,黄超文,崔贤贤 / 赵贤珍 / 黄鹏伟 / ...,科幻,法国,法语,1973-09-21(奥斯卡金像奖) / 1973-10-12(国际),150分钟,追寻梦境的边缘(新) / 追寻梦境的边缘导演剪辑版,tt5078403,8.6,670632,67.20%,20.40%,7.10%,3.10%,2.20%,《追寻梦境的边缘》是一部探讨身份的认同的深刻电影。故事发生在一个遥远的小镇，一位智慧的导师面对了一场前所未有的挑战。在杨文建的执导下，节奏把控精准，配乐动人心弦，将科幻类型的魅力展现得淋漓尽致。本片触动人心深处，展现了电影艺术的无限可能。
远方的陌生人的旅程 Your Fear of the Soul,https://movie.douban.com/subject/1000901/,Paul Johnson,姜秀敏 / 杨鹏强,陈国华 / Steven Miller / 杨平建 / ...,科幻 / 悬疑,英国,英语,2018-01-11(罗马电影节) / 2018-01-28(国际),130分钟,远方的陌生人的旅程4K修复版,tt5602241,8.2,117815,61.10%,26.60%,6.30%,3.90%,2.10%,《远方的陌生人的旅程》是一部探讨人性的探索的震撼电影。故事发生在深邃的海洋，一位坚强的女性找到了生命的真谛。在Paul的执导下，思想内涵深刻，剧情扣人心弦，将科幻类型的魅力展现得淋漓尽致。本片是一部不可多得的佳作，展现了电影艺术的无限可能。
喧嚣的谎言的回声 My Truth at Dusk,https://movie.douban.com/subject/1000902/,小林诚,赵龙志 / Michael Davis / Michael Smith,Peter Wilson / Christopher Rodriguez / 金贤敏 / ...,爱情 / 犯罪 / 家庭,新西兰 / 奥地利 / 英国,英语,2017-04-10(圣丹斯电影节) / 2017-04-27(国际),115分钟,,tt8921890,7.7,183323,51.20%,28.20%,10.80%,5.60%,4.20%,《喧嚣的谎言的回声》是一部探讨生命的价值的深刻电影。故事发生在深邃的海洋，一位智慧的导师坚守了一个重要的承诺。在小林诚的执导下，影片画面精美，细节处理到位，将爱情类型的魅力展现得淋漓尽致。本片温暖而治愈，获得了观众的一致好评。
海洋束缚的约定 My Hate,https://movie.douban.com/subject/1000903/,朴哲哲,陈志志 / 周国文 / 姜哲秀,Robert Jones / 张鹏鹏 / 王明军 / ...,冒险 / 神话 / 科幻,比利时,英语,2019-04-25(金球奖) / 2019-05-05(国际),120分钟,海洋束缚的约定(马) / 海洋束缚的约定纪念版,tt9023161,6.1,11341,33.10%,43.90%,11.70%,4.80%,6.50%,《海洋束缚的约定》是一部探讨真相的揭露的细腻电影。故事发生在广袤的沙漠，一个天真的孩子改变了世界的格局。在朴哲哲的执导下，配乐动人心弦，节奏把控精准，将冒险类型的魅力展现得淋漓尽致。本片是一部不可多得的佳作，展现了电影艺术的无限可能。
午夜绝望的救赎 Last Death to the Future,https://movie.douban.com/subject/1000904/,刘伟军,中村拓也 / David Miller / 周明伟,杨强志 / 赵超超 / George Davis / ...,科幻 / 家庭 / 短片,澳大利亚,英语,2011-10-02(莫斯科电影节) / 2011-12-11(国际),240分钟,午夜绝望的救赎(港) / Despair,tt8273683,8.5,969145,74.20%,15.60%,5.20%,2.30%,2.70%,《午夜绝望的救赎》是一部探讨时间的意义的宏大电影。故事发生在广袤的沙漠，一名神秘的陌生人突破了自我的极限。在刘伟军的执导下，导演手法独特，情感表达细腻，将科幻类型的魅力展现得淋漓尽致。本片会成为经典之作，在国际影展上备受瞩目。
迷失的真相的救赎 Last Love of the Soul,https://movie.douban.com/subject/1000905/,铃木太郎,刘辉文 / Michael Smith,张文华 / 林恩秀 / 渡边雄大 / ...,科幻,南非 / 印度,西班牙语,1991-10-19(巴黎电影节) / 1991-11-04(国际),230分钟,迷失的真相的救赎(韩) / 迷失的真相的救赎特别版,tt3933744,6.9,19970,34.70%,34.10%,20.50%,5.60%,5.10%,《迷失的真相的救赎》是一部探讨梦想的追求的深刻电影。故事发生在雨林的深处，一位孤独的老人发现了一个惊人的真相。在铃木太郎的执导下，表演真挚感人，细节处理到位，将科幻类型的魅力展现得淋漓尽致。本片是一部不可多得的佳作，获得了观众的一致好评。
孤独的现实 My Love to the Future,https://movie.douban.com/subject/1000906/,杨伟辉,李哲秀 / 金恩英,陈军建 / Christopher Wilson / 田中太郎 / ...,科幻 / 黑色电影 / 歌舞,伊朗,法语,2022-08-23(伦敦电影节) / 2022-09-01(国际),190分钟,孤独的现实(马),tt3062822,8.3,267789,65.40%,22.50%,7.10%,2.20%,2.80%,《孤独的现实》是一部探讨爱情的真谛的宏大电影。故事发生在极地的冰雪世界，一对相爱的恋人突破了自我的极限。在杨伟辉的执导下，情感表达细腻，节奏把控精准，将科幻类型的魅力展现得淋漓尽致。本片充满了希望与力量，获得了观众的一致好评。
冻结的梦想的抉择 A Dream,https://movie.douban.com/subject/1000907/,Michael Wilson,James Davis / 黄杰峰 / John Miller,Paul Jones / George Smith / 朴敏哲 / ...,科幻,德国,德语,1976-09-11(柏林电影节) / 1976-10-09(国际),135分钟,冻结的梦想的抉择4K修复版,tt6097300,8.1,305163,60.70%,20.70%,11.40%,4.50%,2.70%,《冻结的梦想的抉择》是一部探讨科技的边界的宏大电影。故事发生在广袤的沙漠，一个破碎的家庭找到了生命的真谛。在Michael的执导下，影片画面精美，配乐动人心弦，将科幻类型的魅力展现得淋漓尽致。本片展现了人性的光辉，展现了电影艺术的无限可能。
温暖的记忆的痕迹 Final Hope,https://movie.douban.com/subject/1000908/,Christopher Williams,李强军 / George Jones / James Davis,李军超 / Steven Garcia / 山田次郎 / ...,爱情 / 真人秀,日本,日语,1999-01-23(戛纳电影节) / 1999-03-17(国际),180分钟,温暖的记忆的痕迹(港) / 温暖的记忆的痕迹加长版,tt8355547,9.8,2812637,84.80%,5.20%,5.00%,2.80%,2.20%,《温暖的记忆的痕迹》是一部探讨家庭的温暖的感人电影。故事发生在广袤的沙漠，一群志同道合的朋友改变了世界的格局。在Christopher的执导下，表演真挚感人，配乐动人心弦，将爱情类型的魅力展现得淋漓尽致。本片展现了电影的魅力，获得了观众的一致好评。
晨曦旅程的痕迹 Final Truth from the Past,https://movie.douban.com/subject/1000909/,王明超,Peter Jones,陈鹏强 / 山田大辅 / 张峰建 / ...,喜剧,以色列 / 比利时,法语,2014-06-07(伦敦电影节) / 2014-07-05(国际),140分钟,晨曦旅程的痕迹(新),tt7704097,7.1,21496,53.70%,32.20%,8.10%,3.20%,2.80%,《晨曦旅程的痕迹》是一部探讨梦想的追求的细腻电影。故事发生在古代的王朝，一名勇敢的战士踏上了一段改变命运的旅程。在王明超的执导下，影片画面精美，情感表达细腻，将喜剧类型的魅力展现得淋漓尽致。本片展现了人性的光辉，在国际影展上备受瞩目。
喧嚣的命运之上 Found Dream at Dawn,https://movie.douban.com/subject/1000910/,黄超文,尹贤智,周超国 / 周明伟 / Christopher Brown / ...,科幻 / 歌舞,印度,印地语,2018-06-05(莫斯科电影节) / 2018-06-08(国际),115分钟,喧嚣的命运之上(韩),tt1668214,7.8,84494,51.00%,25.60%,12.80%,5.70%,4.90%,《喧嚣的命运之上》是一部探讨空间的奥秘的震撼电影。故事发生在繁华的都市，一位智慧的导师经历了一次深刻的心灵洗礼。在黄超文的执导下，细节处理到位，配乐动人心弦，将科幻类型的魅力展现得淋漓尽致。本片值得推荐给所有人，获得了观众的一致好评。
迷失的选择的誓言 Their Life of the Soul,https://movie.douban.com/subject/1000911/,李超超,小林大辅 / 周峰明 / 刘龙峰,Peter Miller / 王明军 / 杨军杰 / ...,科幻,瑞士,法语,1972-01-06(圣丹斯电影节) / 1972-04-08(国际),230分钟,Choice,tt5035075,8.1,289493,65.30%,22.80%,6.90%,3.40%,1.60%,《迷失的选择的誓言》是一部探讨友谊的力量的震撼电影。故事发生在奇幻的魔法世界，一名失意的作家踏上了一段改变命运的旅程。在李超超的执导下，节奏把控精准，气氛营造出色，将科幻类型的魅力展现得淋漓尽致。本片令人难以忘怀，展现了电影艺术的无限可能。
温暖的真相的边缘 Their Lie of the Soul,https://movie.douban.com/subject/1000912/,周超杰,高桥凉平,朴英承 / 斋藤诚 / Robert Wilson / ...,剧情,伊朗 / 韩国 / 加拿大,汉语普通话,2007-01-18(莫斯科电影节) / 2007-02-01(国际),220分钟,温暖的真相的边缘(陆),tt5612358,7.4,51786,53.70%,24.30%,12.50%,5.50%,4.00%,《温暖的真相的边缘》是一部探讨战争的残酷的宏大电影。故事发生在虚拟的网络空间，一位孤独的老人改变了世界的格局。在周超杰的执导下，寓意深远悠长，节奏把控精准，将剧情类型的魅力展现得淋漓尽致。本片触动人心深处，在国际影展上备受瞩目。
温暖的秘密的中心 Our Dream,https://movie.douban.com/subject/1000913/,王国志,中村次郎 / 吴建平,中村诚 / George Williams / 斋藤次郎 / ...,喜剧 / 冒险 / 灾难,南非,日语,2024-09-24(奥斯卡金像奖) / 2024-09-15(国际),115分钟,温暖的秘密的中心(陆) / 温暖的秘密的中心修复版,tt2907268,6.5,22403,41.00%,40.50%,10.60%,4.70%,3.20%,《温暖的秘密的中心》是一部探讨文化的碰撞的深刻电影。故事发生在雨林的深处，一个破碎的家庭突破了自我的极限。在王国志的执导下，寓意深远悠长，导演手法独特，将喜剧类型的魅力展现得淋漓尽致。本片触动人心深处，在国际影展上备受瞩目。
海洋自由的约定 My Hate to the Future,https://movie.douban.com/subject/1000914/,朴珍贤,王华平,周杰建 / 金恩贤 / James Wilson / ...,剧情 / 音乐 / 短片,土耳其,日语,2015-01-26(多伦多电影节) / 2015-03-17(国际),160分钟,海洋自由的约定(陆),tt5465600,7.3,39319,56.30%,27.80%,8.70%,4.70%,2.50%,《海洋自由的约定》是一部探讨人性的探索的细腻电影。故事发生在繁华的都市，一位孤独的老人完成了一次自我的救赎。在朴珍贤的执导下，导演手法独特，细节处理到位，将剧情类型的魅力展现得淋漓尽致。本片展现了人性的光辉，展现了电影艺术的无限可能。
最后的远方的旅程 Found Journey from the Past,https://movie.douban.com/subject/1000915/,铃木三郎,山田凉平 / 伊藤三郎 / 张英贤,杨伟杰 / 李辉明 / 高桥太郎 / ...,爱情 / 武侠,印度,印地语 / 英语,1975-03-14(金棕榈奖) / 1975-05-11(国际),155分钟,最后的远方的旅程(日) / 最后的远方的旅程加长版,tt7238307,7.9,95070,56.60%,23.40%,12.10%,3.40%,4.50%,《最后的远方的旅程》是一部探讨身份的认同的细腻电影。故事发生在神秘的异域，一位孤独的老人战胜了内心的恐惧。在铃木三郎的执导下，细节处理到位，节奏把控精准，将爱情类型的魅力展现得淋漓尽致。本片触动人心深处，获得了观众的一致好评。
眼前的绝望 Found Lie from the Past,https://movie.douban.com/subject/1000916/,Steven Rodriguez,Steven Brown / 高桥大辅,山田凉平 / 佐藤翔太 / Christopher Davis / ...,喜剧 / 歌舞,捷克,汉语普通话,1975-10-22(戛纳电影节) / 1975-10-27(国际),250分钟,眼前的绝望(陆),tt4671974,7.8,51271,62.80%,22.60%,9.10%,3.80%,1.70%,《眼前的绝望》是一部探讨人性的探索的感人电影。故事发生在恐怖的黑暗领域，一个天真的孩子改变了世界的格局。在Steven的执导下，细节处理到位，气氛营造出色，将喜剧类型的魅力展现得淋漓尽致。本片展现了电影的魅力，在国际影展上备受瞩目。
沉默的灵魂的抉择 Last Death of the Soul,https://movie.douban.com/subject/1000917/,铃木大辅,Robert Brown / David Williams / John Garcia,Peter Garcia / 陈龙鹏 / 赵国强 / ...,爱情 / 音乐 / 短片,印度,印地语 / 英语,2003-06-22(伦敦电影节) / 2003-07-25(国际),165分钟,沉默的灵魂的抉择(台) / 沉默的灵魂的抉择特别版,tt2628212,8.5,408442,79.30%,10.70%,5.00%,3.50%,1.50%,《沉默的灵魂的抉择》是一部探讨空间的奥秘的感人电影。故事发生在末日后的废墟，一名神秘的陌生人坚守了一个重要的承诺。在铃木大辅的执导下，导演手法独特，气氛营造出色，将爱情类型的魅力展现得淋漓尽致。本片充满了希望与力量，获得了观众的一致好评。
风雨家庭的约定 Their Death from the Past,https://movie.douban.com/subject/1000918/,赵强华,George Smith / 姜承恩,张智承 / 张哲英 / Robert Smith / ...,战争 / 科幻,美国,英语 / 法语,2002-09-11(莫斯科电影节) / 2002-10-17(国际),120分钟,风雨家庭的约定(陆),tt6149787,8.4,382276,60.40%,26.20%,8.40%,2.90%,2.10%,《风雨家庭的约定》是一部探讨文化的碰撞的宏大电影。故事发生在浪漫的海边小镇，一对失散多年的兄弟改变了世界的格局。在赵强华的执导下，细节处理到位，影片画面精美，将战争类型的魅力展现得淋漓尽致。本片展现了人性的光辉，在国际影展上备受瞩目。
喧嚣的谎言的中心 Last Journey,https://movie.douban.com/subject/1000919/,张志杰,李伟辉,John Jones / 高桥拓也 / George Jones / ...,剧情,南非,西班牙语,1997-07-23(金球奖) / 1997-10-26(国际),125分钟,喧嚣的谎言的中心(陆) / 喧嚣的谎言的中心加长版,tt7279905,9.1,2199000,88.60%,5%,2%,3.00%,1.40%,《喧嚣的谎言的中心》是一部探讨自由的渴望的细腻电影。故事发生在虚拟的网络空间，一对相爱的恋人战胜了内心的恐惧。在张志杰的执导下，剧情扣人心弦，细节处理到位，将剧情类型的魅力展现得淋漓尽致。本片展现了电影的魅力，展现了电影艺术的无限可能。
追寻陌生人的约定 Found Journey at Dusk,https://movie.douban.com/subject/1000920/,James Wilson,刘峰明 / 伊藤翔太,田中翔太 / 王辉建 / David Brown / ...,科幻,南非,英语,1982-02-08(伦敦电影节) / 1982-04-14(国际),180分钟,追寻陌生人的约定(台),tt7445192,6.5,11272,41.00%,39.90%,12.00%,4.10%,3.00%,《追寻陌生人的约定》是一部探讨正义的坚守的细腻电影。故事发生在险峻的高山之巅，一名勇敢的战士改变了世界的格局。在James的执导下，视觉效果震撼，思想内涵深刻，将科幻类型的魅力展现得淋漓尽致。本片值得反复品味，在国际影展上备受瞩目。
海洋勇气的审判 The Hate at Dawn,https://movie.douban.com/subject/1000921/,刘强杰,Michael Jones / 尹敏秀,Robert Jones / 刘超文 / 斋藤太郎 / ...,剧情,匈牙利,西班牙语,2024-02-15(伦敦电影节) / 2024-03-02(国际),250分钟,海洋勇气的审判(港),tt4932956,9,2869991,79.70%,10.30%,5.00%,2.30%,2.70%,《海洋勇气的审判》是一部探讨友谊的力量的宏大电影。故事发生在险峻的高山之巅，一对相爱的恋人实现了曾经的梦想。在刘强杰的执导下，视觉效果震撼，寓意深远悠长，将剧情类型的魅力展现得淋漓尽致。本片充满了希望与力量，获得了观众的一致好评。
黎明陌生人的边缘 The Secret at Dawn,https://movie.douban.com/subject/1000922/,赵建华,张国志,郑珍珍 / Michael Miller / Peter Jones / ...,动作,印度,印地语 / 英语,1983-02-16(柏林电影节) / 1983-04-16(国际),140分钟,黎明陌生人的边缘(马),tt5758335,7.5,136954,55.30%,22.80%,11.30%,6.40%,4.20%,《黎明陌生人的边缘》是一部探讨战争的残酷的深刻电影。故事发生在极地的冰雪世界，一名神秘的陌生人战胜了内心的恐惧。在赵建华的执导下，配乐动人心弦，节奏把控精准，将动作类型的魅力展现得淋漓尽致。本片充满了希望与力量，在国际影展上备受瞩目。
晨曦战争的救赎 The Love to the Future,https://movie.douban.com/subject/1000923/,郑秀贤,李秀哲 / 金秀珍,林贤智 / 斋藤次郎 / 伊藤三郎 / ...,黑色电影 / 动作 / 运动,德国,德语 / 英语,1982-03-21(巴黎电影节) / 1982-06-10(国际),120分钟,晨曦战争的救赎(台),tt7128389,8,485667,70.90%,16.80%,7.30%,2.80%,2.20%,《晨曦战争的救赎》是一部探讨自由的渴望的细腻电影。故事发生在极地的冰雪世界，一位年轻的冒险家找到了生命的真谛。在郑秀贤的执导下，影片画面精美，节奏把控精准，将黑色电影类型的魅力展现得淋漓尽致。本片具有很高的艺术价值，在国际影展上备受瞩目。
遗忘的英雄之下 Lost Love,https://movie.douban.com/subject/1000924/,Paul Rodriguez,黄辉强 / 渡边三郎,王鹏建 / Christopher Williams / 李珍英 / ...,科幻,比利时,汉语普通话,2012-01-08(罗马电影节) / 2012-02-28(国际),105分钟,遗忘的英雄之下特别版 / Hero,tt6632397,8.4,115380,75.80%,14.20%,5.00%,3.00%,2.00%,《遗忘的英雄之下》是一部探讨成长的烦恼的深刻电影。故事发生在恐怖的黑暗领域，一名勇敢的战士突破了自我的极限。在Paul的执导下，影片画面精美，思想内涵深刻，将科幻类型的魅力展现得淋漓尽致。本片温暖而治愈，展现了电影艺术的无限可能。
现在的恐惧之上 Found Truth,https://movie.douban.com/subject/1000925/,佐藤翔太,王军建 / 渡边拓也 / 杨文峰,渡边雄大 / 李辉华 / John Wilson / ...,喜剧,瑞典,英语,1976-09-20(金球奖) / 1976-12-03(国际),185分钟,现在的恐惧之上(陆) / 现在的恐惧之上4K修复版,tt9290919,7.2,90085,43.30%,33.60%,13.00%,4.60%,5.50%,《现在的恐惧之上》是一部探讨和平的珍贵的宏大电影。故事发生在虚拟的网络空间，一位孤独的老人完成了一次自我的救赎。在佐藤翔太的执导下，剧情扣人心弦，气氛营造出色，将喜剧类型的魅力展现得淋漓尽致。本片会成为经典之作，展现了电影艺术的无限可能。
永恒的故乡 Last Lie in the Dark,https://movie.douban.com/subject/1000926/,渡边大辅,金敏承,姜秀智 / 刘辉超 / 吴鹏建 / ...,冒险 / 爱情,波兰,英语,1995-01-12(奥斯卡金像奖) / 1995-01-15(国际),130分钟,永恒的故乡加长版,tt2645944,8.9,503817,73.80%,14.30%,6.90%,2.20%,2.80%,《永恒的故乡》是一部探讨友谊的力量的震撼电影。故事发生在神秘的异域，一位智慧的导师实现了曾经的梦想。在渡边大辅的执导下，细节处理到位，寓意深远悠长，将冒险类型的魅力展现得淋漓尽致。本片充满了希望与力量，获得了观众的一致好评。
眼前的遗忘的故事 The Journey at Dawn,https://movie.douban.com/subject/1000927/,吴龙伟,Steven Williams / 尹浩承,王文峰 / 张辉伟 / Steven Garcia / ...,爱情,葡萄牙 / 埃及,西班牙语,2002-03-20(多伦多电影节) / 2002-05-08(国际),210分钟,,tt2122875,7.7,189413,55.80%,22.20%,13.40%,4.50%,4.10%,《眼前的遗忘的故事》是一部探讨友谊的力量的宏大电影。故事发生在恐怖的黑暗领域，一群志同道合的朋友找到了生命的真谛。在吴龙伟的执导下，思想内涵深刻，导演手法独特，将爱情类型的魅力展现得淋漓尽致。本片温暖而治愈，获得了观众的一致好评。
冻结的旅程之外 Found Hate of the Soul,https://movie.douban.com/subject/1000928/,陈强强,周龙强 / 王志军 / 山田三郎,张华杰 / 张俊敏 / Steven Jones / ...,剧情 / 黑色电影,希腊,法语,1988-01-11(柏林电影节) / 1988-01-22(国际),190分钟,冻结的旅程之外(新),tt3859187,7.1,84502,40.60%,37.80%,13.10%,5.70%,2.80%,《冻结的旅程之外》是一部探讨空间的奥秘的感人电影。故事发生在极地的冰雪世界，一对失散多年的兄弟经历了一次深刻的心灵洗礼。在陈强强的执导下，细节处理到位，气氛营造出色，将剧情类型的魅力展现得淋漓尽致。本片让人思考良久，展现了电影艺术的无限可能。
最后的光明之间 Lost Hope at Dusk,https://movie.douban.com/subject/1000929/,David Wilson,李智俊 / 林英承,林智浩 / George Rodriguez / Michael Wilson / ...,剧情 / 历史,日本,日语 / 英语,2003-06-03(伦敦电影节) / 2003-09-21(国际),125分钟,最后的光明之间(陆),tt8267746,6.7,16864,35.60%,38.00%,17.10%,4.90%,4.40%,《最后的光明之间》是一部探讨空间的奥秘的深刻电影。故事发生在深邃的海洋，一对相爱的恋人踏上了一段改变命运的旅程。在David的执导下，剧情扣人心弦，表演真挚感人，将剧情类型的魅力展现得淋漓尽致。本片充满了希望与力量，获得了观众的一致好评。
风雨生命的痕迹 Your Death from the Past,https://movie.douban.com/subject/1000930/,刘超杰,赵强平,张鹏平 / 斋藤次郎 / Michael Davis / ...,剧情,日本,日语 / 英语,2001-07-28(釜山电影节) / 2001-09-24(国际),190分钟,风雨生命的痕迹(日),tt1912323,8,243722,69.70%,17.20%,8.10%,2.90%,2.10%,《风雨生命的痕迹》是一部探讨文化的碰撞的震撼电影。故事发生在宁静的乡村，一位孤独的老人经历了一次深刻的心灵洗礼。在刘超杰的执导下，寓意深远悠长，影片画面精美，将剧情类型的魅力展现得淋漓尽致。本片触动人心深处，在国际影展上备受瞩目。
太阳生命之间 The Truth to the Future,https://movie.douban.com/subject/1000931/,李英秀,张建军 / 周国华,高桥次郎 / Michael Jones / James Wilson / ...,科幻 / 悬疑,伊朗,日语,1987-05-16(戛纳电影节) / 1987-07-19(国际),160分钟,太阳生命之间(台) / 太阳生命之间纪念版,tt3110525,9.7,1167338,90.10%,5%,2%,1.80%,1.10%,《太阳生命之间》是一部探讨命运的挑战的深刻电影。故事发生在古代的王朝，一对相爱的恋人踏上了一段改变命运的旅程。在李英秀的执导下，视觉效果震撼，导演手法独特，将科幻类型的魅力展现得淋漓尽致。本片触动人心深处，在国际影展上备受瞩目。
午夜勇气之外 Found Fear to the Future,https://movie.douban.com/subject/1000932/,张军龙,John Smith / 周龙华,Michael Davis / 赵珍敏 / Paul Williams / ...,爱情 / 运动 / 悬疑,韩国,韩语 / 英语,2016-07-03(金棕榈奖) / 2016-09-13(国际),140分钟,午夜勇气之外特别版,tt3052925,6.8,27180,42.20%,35.00%,12.70%,4.90%,5.20%,《午夜勇气之外》是一部探讨空间的奥秘的深刻电影。故事发生在险峻的高山之巅，一位智慧的导师守护了珍贵的东西。在张军龙的执导下，表演真挚感人，配乐动人心弦，将爱情类型的魅力展现得淋漓尽致。本片令人难以忘怀，展现了电影艺术的无限可能。
遗忘的光明的传说 The Journey from the Past,https://movie.douban.com/subject/1000933/,张浩浩,Paul Jones / 渡边雄大,吴平峰 / Paul Wilson / 李鹏龙 / ...,喜剧,墨西哥,西班牙语 / 英语,1973-06-13(戛纳电影节) / 1973-09-04(国际),95分钟,遗忘的光明的传说特别版,tt8497992,8.1,322004,65.10%,21.30%,8.60%,3.00%,2.00%,《遗忘的光明的传说》是一部探讨自然的敬畏的细腻电影。故事发生在未来的世界，一位年轻的冒险家战胜了内心的恐惧。在张浩浩的执导下，细节处理到位，剧情扣人心弦，将喜剧类型的魅力展现得淋漓尽致。本片值得推荐给所有人，获得了观众的一致好评。
黎明旅程之内 Your Truth,https://movie.douban.com/subject/1000934/,James Smith,Robert Johnson / 刘龙国 / 赵恩秀,张秀敏 / James Davis / 姜浩秀 / ...,剧情 / 短片 / 真人秀,越南,汉语普通话,1984-04-25(柏林电影节) / 1984-05-24(国际),250分钟,黎明旅程之内(台) / Journey,tt2146924,7.1,36697,53.70%,30.40%,9.30%,3.80%,2.80%,《黎明旅程之内》是一部探讨人性的探索的细腻电影。故事发生在一个遥远的小镇，一群志同道合的朋友踏上了一段改变命运的旅程。在James的执导下，寓意深远悠长，节奏把控精准，将剧情类型的魅力展现得淋漓尽致。本片会成为经典之作，在国际影展上备受瞩目。
现在的光明的誓言 My Truth,https://movie.douban.com/subject/1000935/,Michael Jones,姜贤恩 / George Davis / 周龙建,郑俊贤 / 伊藤诚 / 铃木太郎 / ...,脱口秀 / 剧情,意大利,意大利语 / 英语,2014-04-14(罗马电影节) / 2014-04-24(国际),110分钟,现在的光明的誓言加长版,tt4923337,7.6,154499,49.20%,32.70%,10.40%,4.60%,3.10%,《现在的光明的誓言》是一部探讨空间的奥秘的细腻电影。故事发生在一个遥远的小镇，一对相爱的恋人守护了珍贵的东西。在Michael的执导下，配乐动人心弦，表演真挚感人，将脱口秀类型的魅力展现得淋漓尽致。本片会成为经典之作，在国际影展上备受瞩目。
荒野信念的传说 Your Life of the Soul,https://movie.douban.com/subject/1000936/,黄建杰,赵哲秀 / George Garcia,Paul Garcia / 杨建超 / 林承智 / ...,喜剧,日本,日语,2017-11-09(上海电影节) / 2017-12-07(国际),175分钟,荒野信念的传说导演剪辑版,tt2328034,7.1,98328,51.70%,24.40%,13.60%,5.10%,5.20%,《荒野信念的传说》是一部探讨身份的认同的宏大电影。故事发生在广袤的沙漠，一位智慧的导师战胜了内心的恐惧。在黄建杰的执导下，视觉效果震撼，剧情扣人心弦，将喜剧类型的魅力展现得淋漓尽致。本片充满了希望与力量，在国际影展上备受瞩目。
风雨战争 Your Hope,https://movie.douban.com/subject/1000937/,李鹏强,郑珍敏 / 刘志伟 / Christopher Miller,山田次郎 / 高桥次郎 / John Rodriguez / ...,科幻 / 音乐 / 歌舞,美国,英语 / 法语,1977-04-04(釜山电影节) / 1977-07-16(国际),145分钟,风雨战争(马) / 风雨战争纪念版,tt1823858,7.7,186853,55.20%,30.80%,8.20%,3.70%,2.10%,《风雨战争》是一部探讨命运的挑战的感人电影。故事发生在深邃的海洋，一名失意的作家突破了自我的极限。在李鹏强的执导下，思想内涵深刻，情感表达细腻，将科幻类型的魅力展现得淋漓尽致。本片值得推荐给所有人，在国际影展上备受瞩目。
冰冷的勇气的誓言 The Death of the Soul,https://movie.douban.com/subject/1000938/,George Williams,李伟军 / 杨文伟,John Johnson / Paul Johnson / 佐藤健一 / ...,真人秀 / 悬疑 / 动作,丹麦,日语,1993-01-11(莫斯科电影节) / 1993-04-06(国际),250分钟,冰冷的勇气的誓言(陆) / 冰冷的勇气的誓言特别版,tt2497154,7.1,96809,41.10%,39.80%,10.40%,4.40%,4.30%,《冰冷的勇气的誓言》是一部探讨科技的边界的震撼电影。故事发生在深邃的太空，一对失散多年的兄弟面对了一场前所未有的挑战。在George的执导下，配乐动人心弦，寓意深远悠长，将真人秀类型的魅力展现得淋漓尽致。本片值得反复品味，获得了观众的一致好评。
记忆中的时间之内 Last Hope,https://movie.douban.com/subject/1000939/,李峰强,田中凉平 / 周伟龙 / John Davis,小林太郎 / 山田大辅 / 李杰鹏 / ...,剧情 / 动画 / 歌舞,法国 / 泰国,法语 / 汉语普通话,1977-01-28(上海电影节) / 1977-04-12(国际),125分钟,记忆中的时间之内(韩),tt7792858,7.7,107638,52.20%,29.30%,11.80%,3.60%,3.10%,《记忆中的时间之内》是一部探讨友谊的力量的震撼电影。故事发生在未来的世界，一群志同道合的朋友突破了自我的极限。在李峰强的执导下，配乐动人心弦，节奏把控精准，将剧情类型的魅力展现得淋漓尽致。本片是一部不可多得的佳作，展现了电影艺术的无限可能。
荒野家庭的审判 A Death at Dusk,https://movie.douban.com/subject/1000940/,周伟超,Steven Rodriguez,金敏恩 / 尹俊浩 / Peter Garcia / ...,剧情 / 真人秀 / 歌舞,芬兰,日语,2016-06-18(奥斯卡金像奖) / 2016-08-08(国际),200分钟,,tt5464597,7.4,23362,46.30%,28.90%,15.00%,5.80%,4.00%,《荒野家庭的审判》是一部探讨生命的价值的感人电影。故事发生在宁静的乡村，一对相爱的恋人发现了一个惊人的真相。在周伟超的执导下，思想内涵深刻，剧情扣人心弦，将剧情类型的魅力展现得淋漓尽致。本片值得反复品味，展现了电影艺术的无限可能。
黄昏时间的边缘 Final Truth from the Past,https://movie.douban.com/subject/1000941/,小林大辅,赵秀珍,高桥次郎 / Robert Brown / Michael Miller / ...,动作,瑞士,英语,1996-01-27(金球奖) / 1996-01-14(国际),200分钟,,tt8545926,7,72668,52.40%,24.90%,12.20%,6.70%,3.80%,《黄昏时间的边缘》是一部探讨战争的残酷的感人电影。故事发生在古代的王朝，一位智慧的导师揭开了一个深藏多年的秘密。在小林大辅的执导下，情感表达细腻，配乐动人心弦，将动作类型的魅力展现得淋漓尽致。本片值得推荐给所有人，获得了观众的一致好评。
风雨终点的誓言 Our Fear of the Soul,https://movie.douban.com/subject/1000942/,林俊智,渡边诚,Steven Miller / John Garcia / 吴峰军 / ...,动作 / 音乐,波兰,日语,1979-01-15(多伦多电影节) / 1979-04-02(国际),155分钟,风雨终点的誓言纪念版,tt1918256,8.5,380197,78.70%,11.30%,5.00%,2.10%,2.90%,《风雨终点的誓言》是一部探讨梦想的追求的宏大电影。故事发生在险峻的高山之巅，一对相爱的恋人实现了曾经的梦想。在林俊智的执导下，节奏把控精准，细节处理到位，将动作类型的魅力展现得淋漓尽致。本片值得反复品味，在国际影展上备受瞩目。
月光真相的救赎 Final Death to the Future,https://movie.douban.com/subject/1000943/,Robert Smith,王强杰,Paul Johnson / 刘伟杰 / 陈鹏超 / ...,剧情 / 脱口秀,荷兰,日语,2023-01-10(莫斯科电影节) / 2023-03-02(国际),195分钟,月光真相的救赎(韩),tt5647864,8.2,463505,59.40%,22.30%,12.40%,3.90%,2.00%,《月光真相的救赎》是一部探讨科技的边界的震撼电影。故事发生在古代的王朝，一位智慧的导师改变了世界的格局。在Robert的执导下，导演手法独特，气氛营造出色，将剧情类型的魅力展现得淋漓尽致。本片温暖而治愈，展现了电影艺术的无限可能。
午夜恐惧的回声 The Death at Dusk,https://movie.douban.com/subject/1000944/,斋藤拓也,James Williams / Christopher Brown,张承浩 / 刘龙杰 / 杨鹏伟 / ...,科幻 / 传记,新西兰,日语,1985-07-21(戛纳电影节) / 1985-07-09(国际),160分钟,,tt3232078,8,481507,74.20%,13.90%,6.50%,3.60%,1.80%,《午夜恐惧的回声》是一部探讨真相的揭露的深刻电影。故事发生在神秘的异域，一位年轻的冒险家跨越了时空的界限。在斋藤拓也的执导下，配乐动人心弦，剧情扣人心弦，将科幻类型的魅力展现得淋漓尽致。本片具有很高的艺术价值，获得了观众的一致好评。
午夜黑暗的传说 First Death at Dusk,https://movie.douban.com/subject/1000945/,Michael Smith,Michael Davis / 吴鹏明,山田三郎 / 林恩浩 / 小林翔太 / ...,喜剧 / 脱口秀,波兰,法语,2019-10-27(圣丹斯电影节) / 2019-10-05(国际),150分钟,午夜黑暗的传说(日) / 午夜黑暗的传说特别版 / Darkness,tt2309108,6.5,24968,32.70%,40.60%,16.70%,6.00%,4.00%,《午夜黑暗的传说》是一部探讨时间的意义的感人电影。故事发生在恐怖的黑暗领域，一位智慧的导师踏上了一段改变命运的旅程。在Michael的执导下，情感表达细腻，视觉效果震撼，将喜剧类型的魅力展现得淋漓尽致。本片充满了希望与力量，在国际影展上备受瞩目。
黄昏终点的痕迹 Their Dream at Dusk,https://movie.douban.com/subject/1000946/,John Brown,朴俊恩,赵峰伟 / Michael Jones / 郑贤俊 / ...,动作 / 情色,俄罗斯,俄语 / 英语,1997-11-27(多伦多电影节) / 1997-12-19(国际),210分钟,黄昏终点的痕迹(马),tt3527462,6.4,6614,39.40%,38.80%,12.80%,5.20%,3.80%,《黄昏终点的痕迹》是一部探讨文化的碰撞的深刻电影。故事发生在古代的王朝，一位年轻的冒险家发现了一个惊人的真相。在John的执导下，节奏把控精准，影片画面精美，将动作类型的魅力展现得淋漓尽致。本片是一部不可多得的佳作，获得了观众的一致好评。
最后的梦想的中心 My Hate in the Dark,https://movie.douban.com/subject/1000947/,朴承哲,陈志军 / Paul Johnson,Peter Miller / 田中三郎 / 张秀俊 / ...,爱情 / 儿童,希腊 / 捷克,汉语普通话,1983-06-15(柏林电影节) / 1983-07-20(国际),180分钟,最后的梦想的中心(韩) / 最后的梦想的中心导演剪辑版,tt1158002,7.2,81706,52.40%,25.80%,14.60%,4.30%,2.90%,《最后的梦想的中心》是一部探讨记忆的珍贵的深刻电影。故事发生在一个遥远的小镇，一名失意的作家面对了一场前所未有的挑战。在朴承哲的执导下，思想内涵深刻，节奏把控精准，将爱情类型的魅力展现得淋漓尽致。本片展现了电影的魅力，在国际影展上备受瞩目。
晨曦故乡的约定 Last Life at Dusk,https://movie.douban.com/subject/1000948/,Robert Wilson,黄国峰 / 张平明,Paul Garcia / 周平强 / James Davis / ...,剧情,巴西 / 西班牙,葡萄牙语 / 英语 / 西班牙语,2021-04-05(柏林电影节) / 2021-05-15(国际),90分钟,晨曦故乡的约定(日),tt9824306,6.8,42356,35.10%,45.00%,13.00%,4.80%,2.10%,《晨曦故乡的约定》是一部探讨正义的坚守的细腻电影。故事发生在末日后的废墟，一位年轻的冒险家面对了一场前所未有的挑战。在Robert的执导下，情感表达细腻，视觉效果震撼，将剧情类型的魅力展现得淋漓尽致。本片展现了人性的光辉，展现了电影艺术的无限可能。
海洋自由的誓言 Final Hope at Dusk,https://movie.douban.com/subject/1000949/,张建建,杨建龙 / 张文超,张军军 / 李华国 / John Wilson / ...,剧情 / 动画,伊朗,法语,1977-09-22(釜山电影节) / 1977-11-03(国际),250分钟,海洋自由的誓言(台),tt7170410,6.5,13639,31.20%,39.60%,16.40%,6.50%,6.30%,《海洋自由的誓言》是一部探讨生命的价值的细腻电影。故事发生在繁华的都市，一名神秘的陌生人完成了一次自我的救赎。在张建建的执导下，视觉效果震撼，配乐动人心弦，将剧情类型的魅力展现得淋漓尽致。本片是一部不可多得的佳作，获得了观众的一致好评。
冻结的时间的约定 Your Death of the Soul,https://movie.douban.com/subject/1000950/,Peter Davis,陈平华,Robert Davis / 王军辉 / 渡边大辅 / ...,喜剧,加拿大 / 德国,法语 / 英语 / 汉语普通话,2010-01-01(金棕榈奖) / 2010-02-11(国际),125分钟,冻结的时间的约定4K修复版,tt4136362,7.6,89137,57.90%,26.20%,10.90%,2.40%,2.60%,《冻结的时间的约定》是一部探讨人性的探索的震撼电影。故事发生在宁静的乡村，一名神秘的陌生人经历了一次深刻的心灵洗礼。在Peter的执导下，气氛营造出色，寓意深远悠长，将喜剧类型的魅力展现得淋漓尽致。本片会成为经典之作，在国际影展上备受瞩目。
午夜远方的痕迹 A Life in the Dark,https://movie.douban.com/subject/1000951/,田中次郎,张明伟,伊藤大辅 / Steven Jones / 小林翔太 / ...,剧情 / 黑色电影 / 动画,新西兰,法语,2006-03-16(金棕榈奖) / 2006-04-22(国际),190分钟,,tt3939593,7.9,139366,61.60%,22.40%,8.20%,3.20%,4.60%,《午夜远方的痕迹》是一部探讨记忆的珍贵的震撼电影。故事发生在极地的冰雪世界，一名神秘的陌生人找到了生命的真谛。在田中次郎的执导下，剧情扣人心弦，寓意深远悠长，将剧情类型的魅力展现得淋漓尽致。本片值得推荐给所有人，展现了电影艺术的无限可能。
星辰敌人之上 First Truth of the Soul,https://movie.douban.com/subject/1000952/,伊藤拓也,Peter Rodriguez,高桥大辅 / 林英浩 / 赵伟伟 / ...,喜剧 / 悬疑,印度,泰米尔语 / 印地语,1996-03-16(威尼斯电影节) / 1996-05-17(国际),185分钟,星辰敌人之上(陆) / 星辰敌人之上导演剪辑版,tt9721010,6.6,38355,35.80%,42.30%,12.50%,6.10%,3.30%,《星辰敌人之上》是一部探讨成长的烦恼的感人电影。故事发生在奇幻的魔法世界，一个天真的孩子改变了世界的格局。在伊藤拓也的执导下，气氛营造出色，影片画面精美，将喜剧类型的魅力展现得淋漓尽致。本片让人思考良久，展现了电影艺术的无限可能。
眼前的自由之上 Lost Hate of the Soul,https://movie.douban.com/subject/1000953/,张文龙,杨杰建,田中凉平 / Christopher Wilson / 赵文华 / ...,儿童 / 喜剧,美国,英语 / 西班牙语,2001-05-10(多伦多电影节) / 2001-08-03(国际),115分钟,眼前的自由之上(港) / 眼前的自由之上纪念版,tt7897923,7.4,88910,46.10%,35.30%,10.50%,5.20%,2.90%,《眼前的自由之上》是一部探讨记忆的珍贵的深刻电影。故事发生在神秘的异域，一对失散多年的兄弟改变了世界的格局。在张文龙的执导下，情感表达细腻，配乐动人心弦，将儿童类型的魅力展现得淋漓尽致。本片让人思考良久，在国际影展上备受瞩目。
黎明记忆的审判 Our Death in the Dark,https://movie.douban.com/subject/1000954/,山田翔太,Robert Brown,王辉平 / 李峰华 / Peter Johnson / ...,动作,俄罗斯 / 土耳其 / 美国,俄语 / 西班牙语,1992-02-07(圣丹斯电影节) / 1992-03-19(国际),170分钟,黎明记忆的审判(新) / 黎明记忆的审判导演剪辑版,tt5323548,8.5,630828,74.40%,15.50%,5.10%,2.10%,2.90%,《黎明记忆的审判》是一部探讨正义的坚守的感人电影。故事发生在广袤的沙漠，一对失散多年的兄弟完成了一次自我的救赎。在山田翔太的执导下，配乐动人心弦，情感表达细腻，将动作类型的魅力展现得淋漓尽致。本片让人思考良久，展现了电影艺术的无限可能。
风雨远方的中心 The Hope in the Dark,https://movie.douban.com/subject/1000955/,陈强文,王超建 / 铃木雄大 / 赵明超,杨明建 / John Garcia / 张俊智 / ...,喜剧 / 惊悚,伊朗 / 日本 / 美国,西班牙语,2002-05-04(威尼斯电影节) / 2002-06-24(国际),155分钟,风雨远方的中心(台) / 风雨远方的中心特别版,tt2792116,9.6,896366,92.40%,5%,2%,0.50%,0.10%,《风雨远方的中心》是一部探讨梦想的追求的震撼电影。故事发生在浪漫的海边小镇，一位智慧的导师揭开了一个深藏多年的秘密。在陈强文的执导下，情感表达细腻，剧情扣人心弦，将喜剧类型的魅力展现得淋漓尽致。本片温暖而治愈，获得了观众的一致好评。
现在的光明的约定 First Promise in the Dark,https://movie.douban.com/subject/1000956/,郑珍承,尹秀恩,李军强 / 王平明 / 杨军伟 / ...,科幻 / 西部 / 动作,以色列,英语,1979-06-05(多伦多电影节) / 1979-08-16(国际),105分钟,现在的光明的约定(马) / Light,tt4176624,8.1,415285,69.20%,15.60%,8.70%,4.40%,2.10%,《现在的光明的约定》是一部探讨自由的渴望的细腻电影。故事发生在险峻的高山之巅，一位坚强的女性面对了一场前所未有的挑战。在郑珍承的执导下，思想内涵深刻，影片画面精美，将科幻类型的魅力展现得淋漓尽致。本片值得反复品味，在国际影展上备受瞩目。
风雨旅程的誓言 Your Journey in the Dark,https://movie.douban.com/subject/1000957/,陈杰强,尹俊承 / 张华杰,李龙峰 / Peter Miller / Michael Garcia / ...,剧情 / 脱口秀 / 动画,越南 / 阿根廷,英语,1985-07-09(圣丹斯电影节) / 1985-08-28(国际),155分钟,风雨旅程的誓言(新) / 风雨旅程的誓言纪念版,tt5058584,6.3,6092,44.40%,38.60%,11.90%,2.40%,2.70%,《风雨旅程的誓言》是一部探讨生命的价值的深刻电影。故事发生在末日后的废墟，一名失意的作家战胜了内心的恐惧。在陈杰强的执导下，表演真挚感人，配乐动人心弦，将剧情类型的魅力展现得淋漓尽致。本片展现了电影的魅力，获得了观众的一致好评。
永恒的肉体的审判 Final Hope at Dawn,https://movie.douban.com/subject/1000958/,周龙平,黄建杰 / 张鹏平 / 杨平志,周华龙 / Peter Davis / 李强华 / ...,喜剧 / 纪录片,瑞士,法语,2007-09-17(伦敦电影节) / 2007-09-22(国际),105分钟,永恒的肉体的审判加长版,tt2431906,7.6,98786,53.40%,28.80%,11.90%,3.10%,2.80%,《永恒的肉体的审判》是一部探讨科技的边界的宏大电影。故事发生在雨林的深处，一位年轻的冒险家面对了一场前所未有的挑战。在周龙平的执导下，寓意深远悠长，视觉效果震撼，将喜剧类型的魅力展现得淋漓尽致。本片具有很高的艺术价值，展现了电影艺术的无限可能。
星辰记忆的救赎 Last Hope,https://movie.douban.com/subject/1000959/,王军华,Christopher Smith,尹俊哲 / Christopher Brown / 黄文伟 / ...,动作,西班牙 / 芬兰,汉语普通话,2022-08-22(戛纳电影节) / 2022-08-09(国际),90分钟,星辰记忆的救赎(港),tt8041604,8.2,264615,58.00%,26.60%,9.00%,2.80%,3.60%,《星辰记忆的救赎》是一部探讨记忆的珍贵的震撼电影。故事发生在虚拟的网络空间，一名勇敢的战士实现了曾经的梦想。在王军华的执导下，细节处理到位，表演真挚感人，将动作类型的魅力展现得淋漓尽致。本片触动人心深处，获得了观众的一致好评。
最后的命运之下 First Love at Dawn,https://movie.douban.com/subject/1000960/,周文平,刘鹏平,田中大辅 / 周辉伟 / Christopher Rodriguez / ...,剧情 / 舞台艺术,阿根廷,法语,1975-09-13(圣丹斯电影节) / 1975-09-23(国际),115分钟,最后的命运之下(港) / 最后的命运之下4K修复版,tt6041715,8,416632,60.60%,23.00%,8.50%,5.10%,2.80%,《最后的命运之下》是一部探讨文化的碰撞的细腻电影。故事发生在浪漫的海边小镇，一名勇敢的战士坚守了一个重要的承诺。在周文平的执导下，细节处理到位，视觉效果震撼，将剧情类型的魅力展现得淋漓尽致。本片展现了人性的光辉，在国际影展上备受瞩目。
荒野爱情的歌声 Our Hope from the Past,https://movie.douban.com/subject/1000961/,杨国文,Paul Williams,郑俊承 / 郑恩恩 / 金哲浩 / ...,喜剧 / 纪录片,挪威 / 以色列 / 俄罗斯,西班牙语,1981-03-19(金棕榈奖) / 1981-06-01(国际),90分钟,荒野爱情的歌声(港),tt9911420,8.9,792634,80.00%,10.00%,5.00%,2.50%,2.50%,《荒野爱情的歌声》是一部探讨空间的奥秘的宏大电影。故事发生在虚拟的网络空间，一群志同道合的朋友实现了曾经的梦想。在杨国文的执导下，情感表达细腻，寓意深远悠长，将喜剧类型的魅力展现得淋漓尽致。本片触动人心深处，获得了观众的一致好评。
黎明命运的传说 Found Hope,https://movie.douban.com/subject/1000962/,John Rodriguez,黄明龙 / George Rodriguez,佐藤大辅 / James Williams / 杨峰伟 / ...,喜剧,土耳其,西班牙语,1986-06-06(柏林电影节) / 1986-07-04(国际),230分钟,,tt7655954,6,19792,32.50%,35.50%,17.20%,8.60%,6.20%,《黎明命运的传说》是一部探讨人性的探索的感人电影。故事发生在广袤的沙漠，一位智慧的导师揭开了一个深藏多年的秘密。在John的执导下，导演手法独特，细节处理到位，将喜剧类型的魅力展现得淋漓尽致。本片是一部不可多得的佳作，获得了观众的一致好评。
午夜陌生人的回声 First Fear,https://movie.douban.com/subject/1000963/,刘鹏峰,Michael Johnson,Michael Brown / 王峰强 / 李浩贤 / ...,爱情 / 短片,埃及 / 波兰,法语,2017-09-05(圣丹斯电影节) / 2017-12-10(国际),110分钟,午夜陌生人的回声(港) / 午夜陌生人的回声纪念版,tt6414147,9.4,2085375,88.70%,5%,2%,2.90%,1.40%,《午夜陌生人的回声》是一部探讨成长的烦恼的感人电影。故事发生在末日后的废墟，一群志同道合的朋友发现了一个惊人的真相。在刘鹏峰的执导下，影片画面精美，寓意深远悠长，将爱情类型的魅力展现得淋漓尽致。本片触动人心深处，在国际影展上备受瞩目。
眼前的爱情之间 First Fear at Dawn,https://movie.douban.com/subject/1000964/,黄龙峰,斋藤雄大 / 周强华,刘国文 / 杨鹏伟 / 张恩英 / ...,科幻 / 儿童 / 战争,伊朗 / 新西兰,日语,1988-02-14(威尼斯电影节) / 1988-04-23(国际),175分钟,眼前的爱情之间(马),tt4711598,6.4,9374,44.00%,30.40%,13.20%,6.10%,6.30%,《眼前的爱情之间》是一部探讨友谊的力量的宏大电影。故事发生在虚拟的网络空间，一名失意的作家经历了一次深刻的心灵洗礼。在黄龙峰的执导下，气氛营造出色，情感表达细腻，将科幻类型的魅力展现得淋漓尽致。本片充满了希望与力量，获得了观众的一致好评。
遗忘的勇气之内 Your Death,https://movie.douban.com/subject/1000965/,James Miller,Michael Brown / John Miller,Peter Garcia / 吴国军 / 尹承智 / ...,动作 / 真人秀 / 家庭,捷克 / 意大利 / 西班牙,英语,2023-02-12(奥斯卡金像奖) / 2023-05-07(国际),250分钟,遗忘的勇气之内(台) / 遗忘的勇气之内导演剪辑版,tt6539778,6.5,24700,40.80%,37.30%,11.10%,6.70%,4.10%,《遗忘的勇气之内》是一部探讨真相的揭露的细腻电影。故事发生在广袤的沙漠，一位坚强的女性坚守了一个重要的承诺。在James的执导下，剧情扣人心弦，寓意深远悠长，将动作类型的魅力展现得淋漓尽致。本片充满了希望与力量，获得了观众的一致好评。
追寻现实的故事 Last Truth at Dawn,https://movie.douban.com/subject/1000966/,James Williams,Christopher Brown / 陈华国,黄平鹏 / 黄华杰 / Peter Wilson / ...,喜剧 / 古装,泰国,西班牙语,1996-05-24(伦敦电影节) / 1996-08-14(国际),160分钟,追寻现实的故事(韩) / 追寻现实的故事特别版,tt3019659,8.1,396161,62.60%,24.50%,7.90%,3.10%,1.90%,《追寻现实的故事》是一部探讨自由的渴望的震撼电影。故事发生在雨林的深处，一名神秘的陌生人经历了一次深刻的心灵洗礼。在James的执导下，细节处理到位，剧情扣人心弦，将喜剧类型的魅力展现得淋漓尽致。本片会成为经典之作，展现了电影艺术的无限可能。
天空真相的旅程 Found Love in the Dark,https://movie.douban.com/subject/1000967/,John Garcia,Christopher Garcia,周文龙 / Paul Smith / John Davis / ...,剧情 / 短片 / 儿童,英国,英语 / 法语,1987-08-03(巴黎电影节) / 1987-09-08(国际),220分钟,天空真相的旅程加长版,tt1993756,8.8,917540,86.90%,5%,3.10%,3.50%,1.50%,《天空真相的旅程》是一部探讨自由的渴望的感人电影。故事发生在虚拟的网络空间，一位坚强的女性完成了一次自我的救赎。在John的执导下，表演真挚感人，节奏把控精准，将剧情类型的魅力展现得淋漓尽致。本片具有很高的艺术价值，在国际影展上备受瞩目。
永恒的战争的痕迹 A Fear,https://movie.douban.com/subject/1000968/,Steven Wilson,黄鹏强 / 王杰鹏,周鹏龙 / 周杰文 / Peter Smith / ...,爱情 / 运动 / 传记,南非,日语,2004-02-26(威尼斯电影节) / 2004-04-06(国际),195分钟,永恒的战争的痕迹(马),tt7007115,8.5,378790,76.10%,12.80%,6.10%,2.80%,2.20%,《永恒的战争的痕迹》是一部探讨身份的认同的深刻电影。故事发生在神秘的异域，一对失散多年的兄弟找到了生命的真谛。在Steven的执导下，气氛营造出色，剧情扣人心弦，将爱情类型的魅力展现得淋漓尽致。本片具有很高的艺术价值，获得了观众的一致好评。
未来的真相之外 Your Lie,https://movie.douban.com/subject/1000969/,Michael Jones,Michael Garcia,黄强鹏 / 田中三郎 / 铃木拓也 / ...,喜剧 / 运动,以色列 / 阿根廷,英语,2011-01-20(多伦多电影节) / 2011-02-06(国际),155分钟,未来的真相之外(日) / 未来的真相之外导演剪辑版,tt4636027,8.2,145042,69.80%,18.90%,5.70%,3.40%,2.20%,《未来的真相之外》是一部探讨和平的珍贵的震撼电影。故事发生在奇幻的魔法世界，一位坚强的女性找到了生命的真谛。在Michael的执导下，情感表达细腻，细节处理到位，将喜剧类型的魅力展现得淋漓尽致。本片具有很高的艺术价值，获得了观众的一致好评。
未来的梦境之内 First Promise at Dawn,https://movie.douban.com/subject/1000970/,Steven Rodriguez,斋藤三郎 / 黄华志,赵鹏峰 / 周军峰 / 金敏浩 / ...,动画 / 武侠 / 科幻,南非,西班牙语,1981-01-21(金球奖) / 1981-02-03(国际),110分钟,未来的梦境之内(港) / 未来的梦境之内纪念版,tt8644812,6.5,26238,44.40%,38.10%,9.80%,3.20%,4.50%,《未来的梦境之内》是一部探讨成长的烦恼的宏大电影。故事发生在险峻的高山之巅，一名勇敢的战士踏上了一段改变命运的旅程。在Steven的执导下，气氛营造出色，导演手法独特，将动画类型的魅力展现得淋漓尽致。本片是一部不可多得的佳作，展现了电影艺术的无限可能。
黎明命运的救赎 A Hate at Dawn,https://movie.douban.com/subject/1000971/,李杰志,山田次郎 / 王辉龙 / 刘龙军,中村诚 / 小林雄大 / 斋藤诚 / ...,喜剧,中国香港,粤语,1978-01-23(多伦多电影节) / 1978-01-19(国际),200分钟,Destiny,tt1476309,8.6,845484,69.00%,19.20%,6.80%,2.90%,2.10%,《黎明命运的救赎》是一部探讨家庭的温暖的深刻电影。故事发生在深邃的海洋，一位智慧的导师踏上了一段改变命运的旅程。在李杰志的执导下，寓意深远悠长，视觉效果震撼，将喜剧类型的魅力展现得淋漓尽致。本片值得推荐给所有人，展现了电影艺术的无限可能。
月光梦境的旅程 Found Lie in the Dark,https://movie.douban.com/subject/1000972/,刘伟辉,王军明 / 林敏贤 / 朴珍英,赵鹏华 / Paul Smith / 王军杰 / ...,科幻,匈牙利,汉语普通话,1984-11-25(釜山电影节) / 1984-11-18(国际),135分钟,Journey,tt3297770,7.4,83793,43.00%,28.60%,15.50%,8.10%,4.80%,《月光梦境的旅程》是一部探讨自由的渴望的震撼电影。故事发生在极地的冰雪世界，一群志同道合的朋友面对了一场前所未有的挑战。在刘伟辉的执导下，影片画面精美，导演手法独特，将科幻类型的魅力展现得淋漓尽致。本片充满了希望与力量，在国际影展上备受瞩目。
远方的梦境之外 Our Death at Dusk,https://movie.douban.com/subject/1000973/,陈辉国,陈国平 / James Wilson / 周华伟,郑敏敏 / 赵强鹏 / 赵志志 / ...,喜剧,俄罗斯 / 中国大陆,俄语 / 英语 / 法语,2002-10-14(金棕榈奖) / 2002-10-19(国际),155分钟,远方的梦境之外(马) / 远方的梦境之外导演剪辑版,tt9319405,8.1,356512,69.60%,17.10%,8.30%,3.00%,2.00%,《远方的梦境之外》是一部探讨和平的珍贵的震撼电影。故事发生在浪漫的海边小镇，一名神秘的陌生人跨越了时空的界限。在陈辉国的执导下，配乐动人心弦，视觉效果震撼，将喜剧类型的魅力展现得淋漓尽致。本片充满了希望与力量，在国际影展上备受瞩目。
喧嚣的命运的旅程 The Fear in the Dark,https://movie.douban.com/subject/1000974/,陈国杰,周峰明 / George Smith,朴承珍 / 山田次郎 / James Jones / ...,科幻 / 传记,瑞典,英语,1990-08-05(威尼斯电影节) / 1990-09-05(国际),155分钟,喧嚣的命运的旅程(台),tt5801717,6.8,29330,39.50%,31.20%,15.20%,7.80%,6.30%,《喧嚣的命运的旅程》是一部探讨文化的碰撞的宏大电影。故事发生在雨林的深处，一对失散多年的兄弟经历了一次深刻的心灵洗礼。在陈国杰的执导下，气氛营造出色，配乐动人心弦，将科幻类型的魅力展现得淋漓尽致。本片充满了希望与力量，展现了电影艺术的无限可能。
海洋现实之下 Final Journey of the Soul,https://movie.douban.com/subject/1000975/,李军建,Christopher Brown / Christopher Rodriguez / James Williams,朴珍承 / 郑秀恩 / 刘峰伟 / ...,动作,中国台湾,汉语普通话,2007-01-07(巴黎电影节) / 2007-01-12(国际),110分钟,海洋现实之下(新),tt2060429,9.5,2529258,83.80%,6.20%,5.00%,2.20%,2.80%,《海洋现实之下》是一部探讨成长的烦恼的震撼电影。故事发生在深邃的太空，一名失意的作家完成了一次自我的救赎。在李军建的执导下，视觉效果震撼，节奏把控精准，将动作类型的魅力展现得淋漓尽致。本片具有很高的艺术价值，在国际影展上备受瞩目。
荒野选择的审判 The Dream of the Soul,https://movie.douban.com/subject/1000976/,刘杰伟,刘峰平 / 山田拓也,Robert Smith / Peter Brown / 刘建志 / ...,科幻 / 动作,希腊,西班牙语,1977-05-24(伦敦电影节) / 1977-08-27(国际),100分钟,荒野选择的审判(新) / 荒野选择的审判导演剪辑版,tt9553406,8.4,347008,68.90%,21.10%,5.00%,2.90%,2.10%,《荒野选择的审判》是一部探讨时间的意义的宏大电影。故事发生在古代的王朝，一群志同道合的朋友踏上了一段改变命运的旅程。在刘杰伟的执导下，剧情扣人心弦，气氛营造出色，将科幻类型的魅力展现得淋漓尽致。本片展现了人性的光辉，在国际影展上备受瞩目。
现在的起点的边缘 First Lie at Dusk,https://movie.douban.com/subject/1000977/,陈杰峰,崔贤哲 / George Davis,杨文峰 / 黄超鹏 / 周平国 / ...,喜剧 / 音乐,捷克,西班牙语,2001-04-16(金棕榈奖) / 2001-05-10(国际),185分钟,现在的起点的边缘(港),tt6939160,9.2,1326600,90.70%,5%,2%,0.90%,1.40%,《现在的起点的边缘》是一部探讨记忆的珍贵的细腻电影。故事发生在宁静的乡村，一位年轻的冒险家面对了一场前所未有的挑战。在陈杰峰的执导下，思想内涵深刻，情感表达细腻，将喜剧类型的魅力展现得淋漓尽致。本片会成为经典之作，展现了电影艺术的无限可能。
眼前的时间的审判 My Life at Dawn,https://movie.douban.com/subject/1000978/,Christopher Garcia,Christopher Davis / Christopher Brown,张俊浩 / 佐藤健一 / 吴伟建 / ...,动作,英国,英语,2018-11-10(东京电影节) / 2018-11-15(国际),145分钟,眼前的时间的审判(日) / 眼前的时间的审判导演剪辑版,tt9982267,6,9139,29.80%,38.70%,18.70%,8.80%,4.00%,《眼前的时间的审判》是一部探讨爱情的真谛的深刻电影。故事发生在繁华的都市，一位年轻的冒险家面对了一场前所未有的挑战。在Christopher的执导下，视觉效果震撼，影片画面精美，将动作类型的魅力展现得淋漓尽致。本片展现了人性的光辉，展现了电影艺术的无限可能。
太阳承诺的抉择 The Fear of the Soul,https://movie.douban.com/subject/1000979/,吴龙峰,张杰志 / Michael Rodriguez / John Brown,Peter Smith / Peter Rodriguez / 刘军辉 / ...,动作 / 悬疑,越南,汉语普通话,2003-01-21(奥斯卡金像奖) / 2003-01-25(国际),165分钟,太阳承诺的抉择(马) / 太阳承诺的抉择特别版,tt8603593,7.6,142342,58.10%,24.90%,10.20%,3.10%,3.70%,《太阳承诺的抉择》是一部探讨和平的珍贵的震撼电影。故事发生在深邃的海洋，一个破碎的家庭改变了世界的格局。在吴龙峰的执导下，气氛营造出色，情感表达细腻，将动作类型的魅力展现得淋漓尽致。本片温暖而治愈，在国际影展上备受瞩目。
冰冷的终点之上 Last Death at Dawn,https://movie.douban.com/subject/1000980/,赵贤哲,李浩英 / 张敏珍,李鹏建 / 吴龙杰 / John Rodriguez / ...,动作 / 舞台艺术 / 情色,越南,法语,1995-06-21(柏林电影节) / 1995-09-18(国际),135分钟,冰冷的终点之上(日) / 冰冷的终点之上加长版,tt6689767,6,19392,31.10%,44.00%,15.50%,5.10%,4.30%,《冰冷的终点之上》是一部探讨爱情的真谛的震撼电影。故事发生在神秘的异域，一位孤独的老人守护了珍贵的东西。在赵贤哲的执导下，配乐动人心弦，气氛营造出色，将动作类型的魅力展现得淋漓尽致。本片温暖而治愈，在国际影展上备受瞩目。
喧嚣的自由的歌声 Found Dream in the Dark,https://movie.douban.com/subject/1000981/,周鹏伟,尹珍贤,铃木次郎 / George Brown / 赵贤英 / ...,喜剧 / 传记 / 纪录片,埃及 / 美国,西班牙语,1982-06-20(莫斯科电影节) / 1982-08-02(国际),180分钟,喧嚣的自由的歌声(港) / 喧嚣的自由的歌声纪念版,tt9259722,8,470302,70.40%,17.90%,6.60%,3.10%,2.00%,《喧嚣的自由的歌声》是一部探讨时间的意义的震撼电影。故事发生在未来的世界，一位智慧的导师改变了世界的格局。在周鹏伟的执导下，导演手法独特，寓意深远悠长，将喜剧类型的魅力展现得淋漓尽致。本片充满了希望与力量，获得了观众的一致好评。
月光朋友的旅程 My Fear at Dawn,https://movie.douban.com/subject/1000982/,周龙明,Robert Rodriguez / 吴龙军 / 尹智浩,George Williams / 吴超峰 / 斋藤太郎 / ...,剧情 / 西部,中国台湾,汉语普通话,1999-05-10(金球奖) / 1999-07-19(国际),190分钟,月光朋友的旅程(日) / 月光朋友的旅程特别版 / Journey,tt1674806,6.2,11301,38.60%,35.40%,13.10%,7.00%,5.90%,《月光朋友的旅程》是一部探讨空间的奥秘的深刻电影。故事发生在极地的冰雪世界，一位孤独的老人找到了生命的真谛。在周龙明的执导下，影片画面精美，气氛营造出色，将剧情类型的魅力展现得淋漓尽致。本片展现了电影的魅力，在国际影展上备受瞩目。
午夜束缚之外 Found Life at Dusk,https://movie.douban.com/subject/1000983/,James Jones,Steven Johnson / 尹智恩,David Wilson / 陈军文 / Michael Davis / ...,喜剧,以色列,英语,2019-08-04(东京电影节) / 2019-09-15(国际),105分钟,午夜束缚之外(港) / 午夜束缚之外纪念版,tt1371599,9.7,1445030,88.90%,5%,2%,2.00%,2.10%,《午夜束缚之外》是一部探讨人性的探索的震撼电影。故事发生在深邃的太空，一对失散多年的兄弟突破了自我的极限。在James的执导下，剧情扣人心弦，情感表达细腻，将喜剧类型的魅力展现得淋漓尽致。本片令人难以忘怀，获得了观众的一致好评。
记忆中的和平的歌声 A Love from the Past,https://movie.douban.com/subject/1000984/,伊藤凉平,王鹏军,吴明辉 / 黄建志 / 吴平志 / ...,爱情 / 舞台艺术 / 儿童,泰国,西班牙语,1981-12-28(金球奖) / 1981-12-28(国际),155分钟,,tt8673817,7.9,161375,53.30%,27.90%,11.70%,4.30%,2.80%,《记忆中的和平的歌声》是一部探讨自由的渴望的宏大电影。故事发生在虚拟的网络空间，一位智慧的导师突破了自我的极限。在伊藤凉平的执导下，视觉效果震撼，影片画面精美，将爱情类型的魅力展现得淋漓尽致。本片充满了希望与力量，在国际影展上备受瞩目。
星辰爱情之内 First Hate to the Future,https://movie.douban.com/subject/1000985/,Michael Wilson,赵超超 / Peter Wilson / 张强杰,赵承珍 / 李珍浩 / 小林诚 / ...,动作 / 传记,法国,法语,1973-07-19(东京电影节) / 1973-09-21(国际),190分钟,星辰爱情之内(日),tt6206810,6.1,8910,33.10%,43.50%,11.90%,7.80%,3.70%,《星辰爱情之内》是一部探讨命运的挑战的宏大电影。故事发生在深邃的海洋，一位孤独的老人实现了曾经的梦想。在Michael的执导下，节奏把控精准，情感表达细腻，将动作类型的魅力展现得淋漓尽致。本片展现了电影的魅力，展现了电影艺术的无限可能。
未来的真相的故事 Lost Fear,https://movie.douban.com/subject/1000986/,赵平杰,Steven Wilson / 佐藤大辅,山田三郎 / 中村大辅 / 李军峰 / ...,动作,土耳其,法语,1977-02-02(戛纳电影节) / 1977-04-05(国际),210分钟,未来的真相的故事(韩) / 未来的真相的故事纪念版,tt1925230,9.1,2826920,89.40%,5%,2%,2.50%,1.10%,《未来的真相的故事》是一部探讨科技的边界的宏大电影。故事发生在奇幻的魔法世界，一群志同道合的朋友经历了一次深刻的心灵洗礼。在赵平杰的执导下，气氛营造出色，视觉效果震撼，将动作类型的魅力展现得淋漓尽致。本片触动人心深处，获得了观众的一致好评。
过去的英雄的约定 The Secret from the Past,https://movie.douban.com/subject/1000987/,李峰辉,王强志,Robert Davis / 李明华 / 林俊哲 / ...,动作,荷兰,汉语普通话,2009-05-01(多伦多电影节) / 2009-07-17(国际),200分钟,过去的英雄的约定(马) / Hero,tt4600603,9.5,1038289,77.60%,12.40%,5.00%,2.70%,2.30%,《过去的英雄的约定》是一部探讨成长的烦恼的细腻电影。故事发生在雨林的深处，一位孤独的老人跨越了时空的界限。在李峰辉的执导下，气氛营造出色，情感表达细腻，将动作类型的魅力展现得淋漓尽致。本片值得反复品味，在国际影展上备受瞩目。
冻结的自由的救赎 Your Life of the Soul,https://movie.douban.com/subject/1000988/,高桥三郎,Paul Davis / 张文伟,周鹏峰 / Christopher Wilson / 李伟伟 / ...,剧情,德国 / 比利时,德语,1974-11-24(莫斯科电影节) / 1974-12-13(国际),210分钟,,tt2283864,8.4,440933,70.90%,19.10%,5.00%,2.50%,2.50%,《冻结的自由的救赎》是一部探讨自由的渴望的宏大电影。故事发生在神秘的异域，一位孤独的老人完成了一次自我的救赎。在高桥三郎的执导下，寓意深远悠长，视觉效果震撼，将剧情类型的魅力展现得淋漓尽致。本片充满了希望与力量，获得了观众的一致好评。
城市承诺的边缘 My Hope of the Soul,https://movie.douban.com/subject/1000989/,张浩秀,吴峰辉 / 周超强 / Robert Brown,Robert Wilson / 刘文华 / 张浩智 / ...,传记 / 剧情,墨西哥,西班牙语 / 英语,2019-04-19(圣丹斯电影节) / 2019-05-05(国际),145分钟,城市承诺的边缘(台),tt1599822,8.5,381720,73.50%,15.50%,6.00%,2.80%,2.20%,《城市承诺的边缘》是一部探讨命运的挑战的细腻电影。故事发生在宁静的乡村，一个破碎的家庭经历了一次深刻的心灵洗礼。在张浩秀的执导下，思想内涵深刻，表演真挚感人，将传记类型的魅力展现得淋漓尽致。本片展现了电影的魅力，在国际影展上备受瞩目。
永恒的和平的痕迹 Final Secret at Dusk,https://movie.douban.com/subject/1000990/,张明明,张志杰 / 刘峰辉,赵英珍 / 周超伟 / 杨峰超 / ...,科幻 / 真人秀 / 奇幻,以色列,英语,1983-09-21(伦敦电影节) / 1983-11-17(国际),100分钟,永恒的和平的痕迹(港) / 永恒的和平的痕迹加长版,tt1098005,6.4,7462,39.60%,34.00%,17.00%,5.60%,3.80%,《永恒的和平的痕迹》是一部探讨记忆的珍贵的震撼电影。故事发生在未来的世界，一位智慧的导师发现了一个惊人的真相。在张明明的执导下，气氛营造出色，影片画面精美，将科幻类型的魅力展现得淋漓尽致。本片值得反复品味，获得了观众的一致好评。
海洋英雄的痕迹 The Promise,https://movie.douban.com/subject/1000991/,山田健一,中村凉平,George Smith / Michael Rodriguez / Christopher Garcia / ...,动作 / 短片,波兰,英语,2006-08-25(莫斯科电影节) / 2006-11-14(国际),180分钟,,tt7598596,6.4,12890,32.20%,39.70%,17.80%,4.40%,5.90%,《海洋英雄的痕迹》是一部探讨时间的意义的感人电影。故事发生在战火纷飞的年代，一位孤独的老人踏上了一段改变命运的旅程。在山田健一的执导下，视觉效果震撼，影片画面精美，将动作类型的魅力展现得淋漓尽致。本片令人难以忘怀，展现了电影艺术的无限可能。
冰冷的朋友的歌声 Last Journey of the Soul,https://movie.douban.com/subject/1000992/,铃木翔太,James Rodriguez,张文军 / 刘志国 / 张辉国 / ...,动作 / 音乐 / 短片,伊朗,英语,1982-06-12(上海电影节) / 1982-08-18(国际),175分钟,,tt9544179,6.5,14030,39.30%,38.10%,13.70%,5.90%,3.00%,《冰冷的朋友的歌声》是一部探讨成长的烦恼的宏大电影。故事发生在浪漫的海边小镇，一对相爱的恋人改变了世界的格局。在铃木翔太的执导下，配乐动人心弦，细节处理到位，将动作类型的魅力展现得淋漓尽致。本片具有很高的艺术价值，获得了观众的一致好评。
晨曦时间的中心 First Hope at Dawn,https://movie.douban.com/subject/1000993/,崔智敏,陈伟杰 / 铃木拓也,黄志华 / 郑智贤 / James Smith / ...,科幻 / 儿童 / 纪录片,伊朗,法语,2023-03-04(金棕榈奖) / 2023-04-01(国际),120分钟,晨曦时间的中心(日) / 晨曦时间的中心导演剪辑版,tt2951412,9,1667509,85.20%,5%,4.80%,2.90%,2.10%,《晨曦时间的中心》是一部探讨文化的碰撞的深刻电影。故事发生在一个遥远的小镇，一名失意的作家揭开了一个深藏多年的秘密。在崔智敏的执导下，节奏把控精准，影片画面精美，将科幻类型的魅力展现得淋漓尽致。本片令人难以忘怀，在国际影展上备受瞩目。
天空恐惧之外 My Love of the Soul,https://movie.douban.com/subject/1000994/,David Wilson,Paul Miller / 斋藤三郎,Peter Garcia / 刘超志 / David Brown / ...,动作,爱尔兰,汉语普通话,2006-06-06(巴黎电影节) / 2006-07-13(国际),155分钟,天空恐惧之外(港),tt2415011,8.1,358211,73.60%,14.00%,7.40%,2.00%,3.00%,《天空恐惧之外》是一部探讨时间的意义的宏大电影。故事发生在繁华的都市，一名失意的作家找到了生命的真谛。在David的执导下，视觉效果震撼，节奏把控精准，将动作类型的魅力展现得淋漓尽致。本片值得推荐给所有人，获得了观众的一致好评。
晨曦希望的传说 A Life at Dawn,https://movie.douban.com/subject/1000995/,伊藤三郎,Christopher Miller,黄平国 / 渡边凉平 / 李峰国 / ...,科幻,阿根廷,西班牙语,1986-12-18(东京电影节) / 1986-12-10(国际),190分钟,晨曦希望的传说(陆) / 晨曦希望的传说4K修复版,tt8006800,6.6,10941,32.10%,43.60%,15.00%,6.40%,2.90%,《晨曦希望的传说》是一部探讨时间的意义的宏大电影。故事发生在古代的王朝，一位坚强的女性找到了生命的真谛。在伊藤三郎的执导下，寓意深远悠长，思想内涵深刻，将科幻类型的魅力展现得淋漓尽致。本片温暖而治愈，展现了电影艺术的无限可能。
燃烧的光明的抉择 Final Hate at Dusk,https://movie.douban.com/subject/1000996/,黄华龙,黄国辉,杨伟军 / Michael Williams / David Davis / ...,喜剧 / 西部,俄罗斯,俄语,1976-04-15(金棕榈奖) / 1976-05-01(国际),240分钟,燃烧的光明的抉择(马) / 燃烧的光明的抉择特别版,tt9145874,6.3,13128,45.50%,33.60%,11.10%,5.20%,4.60%,《燃烧的光明的抉择》是一部探讨空间的奥秘的感人电影。故事发生在险峻的高山之巅，一位智慧的导师经历了一次深刻的心灵洗礼。在黄华龙的执导下，情感表达细腻，导演手法独特，将喜剧类型的魅力展现得淋漓尽致。本片具有很高的艺术价值，展现了电影艺术的无限可能。
晨曦现实的救赎 Our Life at Dawn,https://movie.douban.com/subject/1000997/,黄强国,渡边拓也 / 杨辉军 / 周杰龙,中村雄大 / Paul Davis / 吴伟杰 / ...,爱情 / 悬疑,加拿大 / 法国 / 埃及,英语 / 法语 / 日语,1986-08-02(戛纳电影节) / 1986-11-23(国际),130分钟,晨曦现实的救赎(马) / 晨曦现实的救赎纪念版,tt4000717,7.2,32612,50.30%,32.90%,11.50%,3.30%,2.00%,《晨曦现实的救赎》是一部探讨正义的坚守的感人电影。故事发生在广袤的沙漠，一名失意的作家完成了一次自我的救赎。在黄强国的执导下，情感表达细腻，表演真挚感人，将爱情类型的魅力展现得淋漓尽致。本片让人思考良久，展现了电影艺术的无限可能。
最后的敌人的痕迹 My Dream,https://movie.douban.com/subject/1000998/,赵智俊,刘鹏杰 / 李强峰 / Paul Williams,赵承秀 / Robert Brown / Robert Johnson / ...,爱情 / 灾难,土耳其,法语,1973-03-06(东京电影节) / 1973-05-27(国际),195分钟,最后的敌人的痕迹(台),tt9534482,7.6,69433,56.30%,26.20%,10.00%,4.80%,2.70%,《最后的敌人的痕迹》是一部探讨命运的挑战的感人电影。故事发生在战火纷飞的年代，一对失散多年的兄弟坚守了一个重要的承诺。在赵智俊的执导下，情感表达细腻，剧情扣人心弦，将爱情类型的魅力展现得淋漓尽致。本片触动人心深处，获得了观众的一致好评。
永恒的自由的回声 Last Dream at Dawn,https://movie.douban.com/subject/1000999/,中村大辅,赵辉超,李俊俊 / 金恩俊 / 赵文伟 / ...,喜剧 / 犯罪 / 爱情,挪威 / 俄罗斯 / 澳大利亚,日语,2012-09-12(柏林电影节) / 2012-11-13(国际),200分钟,永恒的自由的回声(台),tt6395148,7.8,135328,61.30%,20.00%,12.10%,2.70%,3.90%,《永恒的自由的回声》是一部探讨时间的意义的深刻电影。故事发生在深邃的太空，一对相爱的恋人完成了一次自我的救赎。在中村大辅的执导下，寓意深远悠长，思想内涵深刻，将喜剧类型的魅力展现得淋漓尽致。本片触动人心深处，获得了观众的一致好评。
午夜怀疑的中心 Found Hope at Dusk,https://movie.douban.com/subject/1001000/,Steven Johnson,周鹏强 / George Johnson,Steven Johnson / 周峰建 / Steven Smith / ...,爱情,加拿大,法语 / 英语,2013-02-13(柏林电影节) / 2013-04-16(国际),170分钟,午夜怀疑的中心(台),tt2978456,9.4,2454751,85.00%,5%,5.00%,2.20%,2.80%,《午夜怀疑的中心》是一部探讨空间的奥秘的深刻电影。故事发生在一个遥远的小镇，一个破碎的家庭找到了生命的真谛。在Steven的执导下，情感表达细腻，导演手法独特，将爱情类型的魅力展现得淋漓尽致。本片让人思考良久，展现了电影艺术的无限可能。
月光终点 Your Life to the Future,https://movie.douban.com/subject/1001001/,陈志建,刘国华 / 杨杰超,赵浩承 / 黄超明 / 尹恩智 / ...,爱情 / 脱口秀,瑞士 / 韩国,西班牙语,2001-08-03(金棕榈奖) / 2001-11-05(国际),140分钟,,tt5485222,8.8,607438,76.30%,13.30%,5.40%,3.00%,2.00%,《月光终点》是一部探讨自然的敬畏的感人电影。故事发生在广袤的沙漠，一个天真的孩子找到了生命的真谛。在陈志建的执导下，细节处理到位，节奏把控精准，将爱情类型的魅力展现得淋漓尽致。本片令人难以忘怀，在国际影展上备受瞩目。
过去的信念的约定 The Journey of the Soul,https://movie.douban.com/subject/1001002/,George Brown,渡边健一 / 金哲哲 / 黄伟军,赵龙峰 / Steven Wilson / 王强华 / ...,家庭 / 爱情,南非,汉语普通话,2001-06-20(戛纳电影节) / 2001-09-11(国际),100分钟,,tt1957828,8.3,124899,62.20%,22.90%,9.90%,2.10%,2.90%,《过去的信念的约定》是一部探讨和平的珍贵的宏大电影。故事发生在恐怖的黑暗领域，一名神秘的陌生人揭开了一个深藏多年的秘密。在George的执导下，视觉效果震撼，配乐动人心弦，将家庭类型的魅力展现得淋漓尽致。本片会成为经典之作，在国际影展上备受瞩目。
冻结的爱情的誓言 Found Dream at Dawn,https://movie.douban.com/subject/1001003/,David Garcia,James Williams / 吴峰志,小林健一 / Steven Miller / Christopher Wilson / ...,科幻 / 真人秀 / 神话,南非 / 荷兰 / 丹麦,汉语普通话,2010-01-16(罗马电影节) / 2010-02-21(国际),145分钟,冻结的爱情的誓言(韩) / 冻结的爱情的誓言特别版,tt5891680,6.2,11120,38.90%,40.50%,11.00%,4.90%,4.70%,《冻结的爱情的誓言》是一部探讨自然的敬畏的震撼电影。故事发生在繁华的都市，一位坚强的女性完成了一次自我的救赎。在David的执导下，情感表达细腻，寓意深远悠长，将科幻类型的魅力展现得淋漓尽致。本片令人难以忘怀，在国际影展上备受瞩目。
冻结的恐惧的传说 Their Life from the Past,https://movie.douban.com/subject/1001004/,高桥健一,Peter Williams,Michael Brown / 林英珍 / 王伟文 / ...,爱情,瑞典,西班牙语,2005-07-09(伦敦电影节) / 2005-10-17(国际),145分钟,冻结的恐惧的传说(韩),tt7532296,7.2,27964,49.50%,32.50%,10.80%,3.20%,4.00%,《冻结的恐惧的传说》是一部探讨自然的敬畏的细腻电影。故事发生在深邃的海洋，一名失意的作家战胜了内心的恐惧。在高桥健一的执导下，剧情扣人心弦，气氛营造出色，将爱情类型的魅力展现得淋漓尽致。本片让人思考良久，展现了电影艺术的无限可能。
荒野起点的中心 My Love at Dawn,https://movie.douban.com/subject/1001005/,Christopher Smith,陈建鹏 / Steven Davis / 高桥太郎,David Wilson / David Brown / Robert Williams / ...,黑色电影 / 科幻,伊朗 / 挪威 / 丹麦,法语,2003-10-06(伦敦电影节) / 2003-12-18(国际),250分钟,荒野起点的中心(港) / 荒野起点的中心纪念版,tt5040569,6.8,34651,39.60%,35.80%,12.60%,5.40%,6.60%,《荒野起点的中心》是一部探讨正义的坚守的深刻电影。故事发生在一个遥远的小镇，一名勇敢的战士踏上了一段改变命运的旅程。在Christopher的执导下，视觉效果震撼，气氛营造出色，将黑色电影类型的魅力展现得淋漓尽致。本片触动人心深处，在国际影展上备受瞩目。
燃烧的旅程的救赎 Our Promise of the Soul,https://movie.douban.com/subject/1001006/,李文鹏,赵辉华,周杰鹏 / 杨平军 / 李伟杰 / ...,喜剧 / 音乐,美国,英语 / 法语,2017-09-27(釜山电影节) / 2017-10-23(国际),135分钟,燃烧的旅程的救赎(新) / 燃烧的旅程的救赎加长版 / Journey,tt9397862,8.4,375171,63.50%,22.60%,7.20%,3.00%,3.70%,《燃烧的旅程的救赎》是一部探讨生命的价值的震撼电影。故事发生在深邃的海洋，一个天真的孩子改变了世界的格局。在李文鹏的执导下，气氛营造出色，表演真挚感人，将喜剧类型的魅力展现得淋漓尽致。本片温暖而治愈，在国际影展上备受瞩目。
燃烧的命运的回声 Final Promise,https://movie.douban.com/subject/1001007/,黄强峰,Robert Johnson,Michael Davis / John Brown / 尹秀恩 / ...,科幻,奥地利,西班牙语,2006-01-02(伦敦电影节) / 2006-01-18(国际),195分钟,燃烧的命运的回声(韩) / 燃烧的命运的回声特别版,tt8037219,8.5,977975,74.10%,15.60%,5.30%,2.20%,2.80%,《燃烧的命运的回声》是一部探讨生命的价值的感人电影。故事发生在广袤的沙漠，一位孤独的老人面对了一场前所未有的挑战。在黄强峰的执导下，导演手法独特，配乐动人心弦，将科幻类型的魅力展现得淋漓尽致。本片具有很高的艺术价值，获得了观众的一致好评。
晨曦现实的审判 Last Hate at Dawn,https://movie.douban.com/subject/1001008/,刘建文,李龙超 / John Garcia,John Brown / 黄伟华 / 吴辉伟 / ...,动作 / 灾难 / 武侠,葡萄牙,日语,1971-07-05(东京电影节) / 1971-09-24(国际),110分钟,,tt4345838,7.8,117645,56.30%,29.30%,9.40%,3.00%,2.00%,《晨曦现实的审判》是一部探讨文化的碰撞的宏大电影。故事发生在奇幻的魔法世界，一对失散多年的兄弟完成了一次自我的救赎。在刘建文的执导下，影片画面精美，思想内涵深刻，将动作类型的魅力展现得淋漓尽致。本片温暖而治愈，在国际影展上备受瞩目。
晨曦信念的痕迹 Last Life,https://movie.douban.com/subject/1001009/,李平明,Paul Jones,George Wilson / John Wilson / 黄辉龙 / ...,喜剧,巴西,葡萄牙语 / 英语,2011-03-15(多伦多电影节) / 2011-03-20(国际),95分钟,晨曦信念的痕迹(新),tt5036663,7.4,61211,45.20%,32.40%,11.40%,5.70%,5.30%,《晨曦信念的痕迹》是一部探讨真相的揭露的宏大电影。故事发生在末日后的废墟，一对失散多年的兄弟实现了曾经的梦想。在李平明的执导下，剧情扣人心弦，表演真挚感人，将喜剧类型的魅力展现得淋漓尽致。本片会成为经典之作，获得了观众的一致好评。
喧嚣的承诺的痕迹 Your Truth,https://movie.douban.com/subject/1001010/,周建辉,张哲贤 / 张超龙 / Christopher Brown,杨军强 / John Miller / Steven Wilson / ...,动作,挪威 / 比利时,英语,2020-01-20(东京电影节) / 2020-03-12(国际),105分钟,喧嚣的承诺的痕迹(港),tt4357116,6.8,13887,31.60%,38.00%,15.90%,7.80%,6.70%,《喧嚣的承诺的痕迹》是一部探讨科技的边界的细腻电影。故事发生在恐怖的黑暗领域，一对失散多年的兄弟面对了一场前所未有的挑战。在周建辉的执导下，细节处理到位，视觉效果震撼，将动作类型的魅力展现得淋漓尽致。本片具有很高的艺术价值，在国际影展上备受瞩目。
星辰和平的痕迹 Last Fear,https://movie.douban.com/subject/1001011/,刘峰文,中村翔太,李军志 / 张辉志 / George Garcia / ...,剧情 / 短片 / 歌舞,英国,英语 / 法语,1990-07-15(威尼斯电影节) / 1990-09-09(国际),110分钟,星辰和平的痕迹(韩),tt4174737,8.5,907022,84.20%,5.80%,5.00%,2.10%,2.90%,《星辰和平的痕迹》是一部探讨真相的揭露的深刻电影。故事发生在浪漫的海边小镇，一名神秘的陌生人揭开了一个深藏多年的秘密。在刘峰文的执导下，节奏把控精准，情感表达细腻，将剧情类型的魅力展现得淋漓尽致。本片展现了人性的光辉，在国际影展上备受瞩目。
最后的遗忘之内 The Fear in the Dark,https://movie.douban.com/subject/1001012/,Peter Davis,Christopher Brown / Robert Davis,张明辉 / 陈鹏强 / 杨辉强 / ...,科幻 / 神话,泰国 / 德国 / 韩国,日语,1978-02-04(多伦多电影节) / 1978-05-25(国际),125分钟,,tt8261039,6.3,10224,34.50%,37.60%,18.20%,5.50%,4.20%,《最后的遗忘之内》是一部探讨人性的探索的深刻电影。故事发生在古代的王朝，一对失散多年的兄弟坚守了一个重要的承诺。在Peter的执导下，导演手法独特，视觉效果震撼，将科幻类型的魅力展现得淋漓尽致。本片令人难以忘怀，获得了观众的一致好评。
眼前的敌人的证明 A Promise to the Future,https://movie.douban.com/subject/1001013/,周杰明,George Smith / Paul Johnson / Michael Davis,Robert Jones / Peter Davis / 中村诚 / ...,动作,奥地利,英语,1992-10-22(东京电影节) / 1992-12-24(国际),210分钟,眼前的敌人的证明(日),tt9786340,9.1,2278533,92.40%,5%,2%,0.50%,0.10%,《眼前的敌人的证明》是一部探讨自由的渴望的细腻电影。故事发生在虚拟的网络空间，一位年轻的冒险家突破了自我的极限。在周杰明的执导下，表演真挚感人，导演手法独特，将动作类型的魅力展现得淋漓尽致。本片令人难以忘怀，在国际影展上备受瞩目。
现在的现实之上 Our Death,https://movie.douban.com/subject/1001014/,杨鹏明,黄伟鹏 / 刘明辉 / 高桥拓也,崔珍智 / Robert Williams / John Garcia / ...,剧情 / 儿童,德国,德语 / 英语,1989-10-26(金球奖) / 1989-10-15(国际),210分钟,现在的现实之上(马) / 现在的现实之上修复版,tt7674405,7.5,75178,62.70%,19.40%,9.20%,4.10%,4.60%,《现在的现实之上》是一部探讨战争的残酷的感人电影。故事发生在广袤的沙漠，一位坚强的女性经历了一次深刻的心灵洗礼。在杨鹏明的执导下，情感表达细腻，表演真挚感人，将剧情类型的魅力展现得淋漓尽致。本片展现了人性的光辉，在国际影展上备受瞩目。
月光遗忘之外 Final Secret from the Past,https://movie.douban.com/subject/1001015/,Peter Garcia,Michael Davis / Steven Smith / 陈志国,陈国伟 / 伊藤大辅 / 赵华超 / ...,情色 / 剧情,韩国,韩语,1988-01-12(金球奖) / 1988-02-25(国际),230分钟,月光遗忘之外(马) / 月光遗忘之外导演剪辑版,tt8994965,9.8,2982510,83.60%,6.40%,5.00%,3.50%,1.50%,《月光遗忘之外》是一部探讨生命的价值的震撼电影。故事发生在深邃的海洋，一名勇敢的战士完成了一次自我的救赎。在Peter的执导下，细节处理到位，视觉效果震撼，将情色类型的魅力展现得淋漓尽致。本片让人思考良久，展现了电影艺术的无限可能。
远方的朋友之上 Your Death from the Past,https://movie.douban.com/subject/1001016/,David Garcia,崔俊承,刘杰辉 / Steven Williams / David Williams / ...,情色 / 剧情 / 悬疑,中国大陆,汉语普通话,2013-09-07(多伦多电影节) / 2013-10-25(国际),105分钟,远方的朋友之上(台),tt9871850,7.2,91686,44.40%,38.10%,10.60%,4.60%,2.30%,《远方的朋友之上》是一部探讨战争的残酷的震撼电影。故事发生在广袤的沙漠，一名勇敢的战士守护了珍贵的东西。在David的执导下，影片画面精美，视觉效果震撼，将情色类型的魅力展现得淋漓尽致。本片值得推荐给所有人，展现了电影艺术的无限可能。
迷失的希望的抉择 Their Life at Dawn,https://movie.douban.com/subject/1001017/,周超强,李建伟,Christopher Miller / 斋藤大辅 / Peter Davis / ...,科幻,瑞典 / 伊朗 / 以色列,日语,1971-01-03(金球奖) / 1971-02-02(国际),90分钟,迷失的希望的抉择(陆) / 迷失的希望的抉择4K修复版,tt7372636,9,2750629,91.30%,5%,2%,1.00%,0.70%,《迷失的希望的抉择》是一部探讨记忆的珍贵的深刻电影。故事发生在虚拟的网络空间，一名失意的作家揭开了一个深藏多年的秘密。在周超强的执导下，剧情扣人心弦，气氛营造出色，将科幻类型的魅力展现得淋漓尽致。本片温暖而治愈，获得了观众的一致好评。
黄昏命运 A Life in the Dark,https://movie.douban.com/subject/1001018/,周杰文,林敏承,田中太郎 / 王超建 / 李智恩 / ...,动作 / 儿童 / 冒险,俄罗斯,俄语 / 英语,2023-07-02(上海电影节) / 2023-08-12(国际),120分钟,黄昏命运(日) / 黄昏命运4K修复版,tt1998179,8.9,774739,84.70%,5.30%,5.00%,3.30%,1.70%,《黄昏命运》是一部探讨人性的探索的震撼电影。故事发生在未来的世界，一对失散多年的兄弟找到了生命的真谛。在周杰文的执导下，表演真挚感人，思想内涵深刻，将动作类型的魅力展现得淋漓尽致。本片会成为经典之作，获得了观众的一致好评。
黄昏生命的传说 Last Secret at Dawn,https://movie.douban.com/subject/1001019/,杨超龙,Paul Smith,高桥大辅 / Peter Wilson / 吴超强 / ...,剧情 / 脱口秀 / 舞台艺术,埃及,日语,1971-04-04(金棕榈奖) / 1971-05-27(国际),180分钟,黄昏生命的传说(港) / 黄昏生命的传说纪念版,tt9189893,7.2,51586,56.40%,24.60%,10.30%,5.80%,2.90%,《黄昏生命的传说》是一部探讨自由的渴望的震撼电影。故事发生在深邃的太空，一位孤独的老人坚守了一个重要的承诺。在杨超龙的执导下，思想内涵深刻，剧情扣人心弦，将剧情类型的魅力展现得淋漓尽致。本片温暖而治愈，获得了观众的一致好评。
现在的朋友之外 First Death at Dawn,https://movie.douban.com/subject/1001020/,伊藤诚,Michael Davis / 郑浩英 / Christopher Brown,林恩智 / Michael Jones / 尹哲贤 / ...,爱情,挪威 / 芬兰 / 伊朗,日语,2020-08-20(伦敦电影节) / 2020-08-16(国际),180分钟,现在的朋友之外(陆) / 现在的朋友之外纪念版,tt3121455,7.8,70236,60.90%,27.00%,7.10%,2.80%,2.20%,《现在的朋友之外》是一部探讨记忆的珍贵的深刻电影。故事发生在雨林的深处，一群志同道合的朋友改变了世界的格局。在伊藤诚的执导下，剧情扣人心弦，节奏把控精准，将爱情类型的魅力展现得淋漓尽致。本片展现了电影的魅力，获得了观众的一致好评。
太阳敌人的审判 Lost Dream,https://movie.douban.com/subject/1001021/,David Miller,渡边大辅,小林太郎 / 李军军 / 高桥翔太 / ...,恐怖 / 科幻,比利时,法语,1981-07-18(伦敦电影节) / 1981-08-04(国际),210分钟,太阳敌人的审判(港) / 太阳敌人的审判加长版,tt2821614,8.1,167288,62.70%,25.30%,7.00%,2.10%,2.90%,《太阳敌人的审判》是一部探讨家庭的温暖的细腻电影。故事发生在广袤的沙漠，一群志同道合的朋友揭开了一个深藏多年的秘密。在David的执导下，思想内涵深刻，节奏把控精准，将恐怖类型的魅力展现得淋漓尽致。本片触动人心深处，获得了观众的一致好评。
遗忘的承诺的歌声 First Life at Dawn,https://movie.douban.com/subject/1001022/,George Rodriguez,陈国国 / George Williams / Christopher Jones,Paul Miller / 吴超平 / 赵珍智 / ...,动作,伊朗,汉语普通话,1975-02-16(上海电影节) / 1975-03-08(国际),110分钟,遗忘的承诺的歌声(新) / 遗忘的承诺的歌声4K修复版,tt7380029,6.1,9184,39.30%,34.80%,16.10%,5.90%,3.90%,《遗忘的承诺的歌声》是一部探讨人性的探索的细腻电影。故事发生在末日后的废墟，一名神秘的陌生人跨越了时空的界限。在George的执导下，剧情扣人心弦，节奏把控精准，将动作类型的魅力展现得淋漓尽致。本片会成为经典之作，展现了电影艺术的无限可能。
过去的战争的誓言 Lost Hate at Dawn,https://movie.douban.com/subject/1001023/,周峰文,姜敏承 / 尹俊贤 / Paul Smith,赵贤敏 / Paul Smith / 中村三郎 / ...,传记 / 动作,印度 / 泰国 / 匈牙利,泰米尔语 / 印地语,2019-07-25(柏林电影节) / 2019-10-28(国际),250分钟,,tt8135243,6.8,41058,45.30%,34.10%,10.80%,4.30%,5.50%,《过去的战争的誓言》是一部探讨战争的残酷的震撼电影。故事发生在广袤的沙漠，一群志同道合的朋友改变了世界的格局。在周峰文的执导下，思想内涵深刻，情感表达细腻，将传记类型的魅力展现得淋漓尽致。本片会成为经典之作，获得了观众的一致好评。
黎明爱情的救赎 Your Love at Dusk,https://movie.douban.com/subject/1001024/,周国龙,黄龙建,张智贤 / 周文国 / 王强平 / ...,科幻 / 舞台艺术,德国 / 荷兰,德语 / 英语 / 法语,2013-01-21(罗马电影节) / 2013-02-23(国际),220分钟,黎明爱情的救赎(港) / 黎明爱情的救赎导演剪辑版,tt8746468,8.1,132729,73.70%,13.60%,7.70%,2.30%,2.70%,《黎明爱情的救赎》是一部探讨自由的渴望的深刻电影。故事发生在险峻的高山之巅，一群志同道合的朋友踏上了一段改变命运的旅程。在周国龙的执导下，影片画面精美，气氛营造出色，将科幻类型的魅力展现得淋漓尽致。本片展现了电影的魅力，在国际影展上备受瞩目。
黎明信念的歌声 Found Death from the Past,https://movie.douban.com/subject/1001025/,斋藤拓也,Paul Garcia / 刘平平 / Steven Jones,Steven Jones / 王平峰 / 尹贤恩 / ...,动作,法国,法语 / 英语,2018-03-17(多伦多电影节) / 2018-05-27(国际),210分钟,黎明信念的歌声(韩),tt8806558,6,17619,42.00%,39.80%,11.90%,2.80%,3.50%,《黎明信念的歌声》是一部探讨空间的奥秘的细腻电影。故事发生在奇幻的魔法世界，一对相爱的恋人找到了生命的真谛。在斋藤拓也的执导下，配乐动人心弦，影片画面精美，将动作类型的魅力展现得淋漓尽致。本片让人思考良久，展现了电影艺术的无限可能。
荒野灵魂的证明 Your Life,https://movie.douban.com/subject/1001026/,金英浩,林智承 / George Brown / 田中大辅,渡边翔太 / 黄国志 / Paul Johnson / ...,剧情 / 神话 / 西部,新西兰,西班牙语,1999-03-14(上海电影节) / 1999-05-27(国际),95分钟,荒野灵魂的证明4K修复版,tt7228376,7.3,66166,54.30%,23.20%,14.60%,3.20%,4.70%,《荒野灵魂的证明》是一部探讨空间的奥秘的宏大电影。故事发生在古代的王朝，一位年轻的冒险家完成了一次自我的救赎。在金英浩的执导下，导演手法独特，配乐动人心弦，将剧情类型的魅力展现得淋漓尽致。本片具有很高的艺术价值，在国际影展上备受瞩目。
记忆中的绝望的中心 Our Hope at Dusk,https://movie.douban.com/subject/1001027/,山田诚,吴伟志 / 林智哲 / 张强国,李辉辉 / 铃木三郎 / Michael Brown / ...,剧情 / 脱口秀 / 奇幻,加拿大,英语 / 法语,1975-08-13(罗马电影节) / 1975-10-15(国际),135分钟,,tt3753434,7.4,95155,55.50%,27.60%,10.00%,3.20%,3.70%,《记忆中的绝望的中心》是一部探讨战争的残酷的感人电影。故事发生在一个遥远的小镇，一群志同道合的朋友突破了自我的极限。在山田诚的执导下，细节处理到位，剧情扣人心弦，将剧情类型的魅力展现得淋漓尽致。本片值得反复品味，获得了观众的一致好评。
海洋时间的回声 Your Fear,https://movie.douban.com/subject/1001028/,George Smith,杨军超,George Brown / Peter Smith / 张强强 / ...,爱情 / 音乐,波兰 / 越南,法语,2021-11-21(东京电影节) / 2021-11-10(国际),155分钟,海洋时间的回声(新) / 海洋时间的回声修复版,tt8808529,7.7,145893,56.80%,28.20%,10.00%,2.70%,2.30%,《海洋时间的回声》是一部探讨生命的价值的深刻电影。故事发生在雨林的深处，一个破碎的家庭突破了自我的极限。在George的执导下，情感表达细腻，细节处理到位，将爱情类型的魅力展现得淋漓尽致。本片值得反复品味，在国际影展上备受瞩目。
午夜远方的边缘 A Life at Dawn,https://movie.douban.com/subject/1001029/,金英敏,Peter Johnson / Peter Miller / 张杰鹏,张强超 / 尹俊浩 / 斋藤三郎 / ...,动作,俄罗斯,俄语,1973-08-22(金棕榈奖) / 1973-11-27(国际),220分钟,午夜远方的边缘(马) / 午夜远方的边缘导演剪辑版,tt8437907,6.6,12685,45.60%,34.50%,13.40%,3.50%,3.00%,《午夜远方的边缘》是一部探讨家庭的温暖的深刻电影。故事发生在广袤的沙漠，一位孤独的老人突破了自我的极限。在金英敏的执导下，情感表达细腻，细节处理到位，将动作类型的魅力展现得淋漓尽致。本片令人难以忘怀，在国际影展上备受瞩目。
月光战争之外 First Secret at Dawn,https://movie.douban.com/subject/1001030/,斋藤拓也,David Jones / 杨峰志 / 黄辉明,Paul Smith / 赵伟伟 / James Garcia / ...,科幻 / 黑色电影,瑞典,法语,1972-08-10(金棕榈奖) / 1972-11-05(国际),240分钟,月光战争之外(港),tt6566258,8.4,338013,60.80%,23.10%,10.20%,3.80%,2.10%,《月光战争之外》是一部探讨文化的碰撞的感人电影。故事发生在虚拟的网络空间，一名神秘的陌生人实现了曾经的梦想。在斋藤拓也的执导下，剧情扣人心弦，节奏把控精准，将科幻类型的魅力展现得淋漓尽致。本片会成为经典之作，在国际影展上备受瞩目。
永恒的灵魂的痕迹 Final Hope of the Soul,https://movie.douban.com/subject/1001031/,Paul Brown,李英敏,Peter Miller / David Davis / 张龙峰 / ...,剧情,奥地利,法语,2008-11-05(伦敦电影节) / 2008-11-20(国际),140分钟,永恒的灵魂的痕迹(日),tt1651596,8.9,545901,70.10%,17.50%,7.00%,3.60%,1.80%,《永恒的灵魂的痕迹》是一部探讨空间的奥秘的深刻电影。故事发生在浪漫的海边小镇，一群志同道合的朋友突破了自我的极限。在Paul的执导下，视觉效果震撼，情感表达细腻，将剧情类型的魅力展现得淋漓尽致。本片让人思考良久，展现了电影艺术的无限可能。
追寻肉体的旅程 Our Fear in the Dark,https://movie.douban.com/subject/1001032/,陈鹏华,Paul Johnson / 杨志辉 / 李华鹏,伊藤健一 / Steven Miller / Michael Rodriguez / ...,喜剧 / 黑色电影 / 传记,中国台湾 / 韩国,汉语普通话,2007-02-27(伦敦电影节) / 2007-03-13(国际),240分钟,追寻肉体的旅程(日),tt6013268,8.5,891642,75.70%,14.30%,5.00%,2.60%,2.40%,《追寻肉体的旅程》是一部探讨身份的认同的感人电影。故事发生在奇幻的魔法世界，一位年轻的冒险家守护了珍贵的东西。在陈鹏华的执导下，思想内涵深刻，导演手法独特，将喜剧类型的魅力展现得淋漓尽致。本片温暖而治愈，展现了电影艺术的无限可能。
未来的绝望的故事 Our Journey at Dusk,https://movie.douban.com/subject/1001033/,Michael Jones,李华平 / 陈志华 / George Johnson,王文鹏 / Robert Garcia / 张峰峰 / ...,喜剧,波兰 / 南非 / 比利时,日语,1991-10-09(釜山电影节) / 1991-12-12(国际),180分钟,未来的绝望的故事导演剪辑版,tt4759218,8.8,557808,84.80%,5.20%,5.00%,3.20%,1.80%,《未来的绝望的故事》是一部探讨成长的烦恼的震撼电影。故事发生在繁华的都市，一位孤独的老人守护了珍贵的东西。在Michael的执导下，思想内涵深刻，导演手法独特，将喜剧类型的魅力展现得淋漓尽致。本片触动人心深处，在国际影展上备受瞩目。
迷失的谎言的旅程 Your Fear of the Soul,https://movie.douban.com/subject/1001034/,李杰辉,David Brown / 吴建超 / 王杰明,John Brown / David Miller / Steven Davis / ...,喜剧 / 动画,加拿大,法语 / 英语,2015-11-03(金球奖) / 2015-12-05(国际),105分钟,迷失的谎言的旅程(陆) / 迷失的谎言的旅程导演剪辑版 / Journey,tt7249353,9.7,1415853,86.40%,5%,3.60%,2.10%,2.90%,《迷失的谎言的旅程》是一部探讨人性的探索的震撼电影。故事发生在深邃的太空，一个破碎的家庭跨越了时空的界限。在李杰辉的执导下，表演真挚感人，节奏把控精准，将喜剧类型的魅力展现得淋漓尽致。本片是一部不可多得的佳作，在国际影展上备受瞩目。
晨曦梦想的证明 First Journey from the Past,https://movie.douban.com/subject/1001035/,赵珍恩,李军军 / James Miller / 刘文军,刘平峰 / Peter Garcia / 刘国峰 / ...,剧情,挪威,英语,1986-01-23(圣丹斯电影节) / 1986-01-11(国际),155分钟,晨曦梦想的证明(马) / 晨曦梦想的证明特别版,tt4360752,7,82623,45.50%,31.50%,13.40%,3.90%,5.70%,《晨曦梦想的证明》是一部探讨文化的碰撞的震撼电影。故事发生在宁静的乡村，一位年轻的冒险家守护了珍贵的东西。在赵珍恩的执导下，气氛营造出色，剧情扣人心弦，将剧情类型的魅力展现得淋漓尽致。本片展现了人性的光辉，在国际影展上备受瞩目。
晨曦希望的救赎 Their Promise at Dawn,https://movie.douban.com/subject/1001036/,尹英英,杨峰辉 / James Davis,Peter Davis / David Davis / 周志文 / ...,科幻 / 惊悚 / 情色,波兰 / 匈牙利,英语,2011-07-17(奥斯卡金像奖) / 2011-08-05(国际),120分钟,Hope,tt9548966,6.6,47613,43.60%,34.00%,13.00%,5.00%,4.40%,《晨曦希望的救赎》是一部探讨空间的奥秘的感人电影。故事发生在未来的世界，一位智慧的导师突破了自我的极限。在尹英英的执导下，思想内涵深刻，导演手法独特，将科幻类型的魅力展现得淋漓尽致。本片让人思考良久，展现了电影艺术的无限可能。
眼前的黑暗的故事 Found Promise in the Dark,https://movie.douban.com/subject/1001037/,渡边健一,尹珍恩 / 姜浩英 / 朴承珍,杨超杰 / 朴英敏 / 赵强国 / ...,科幻 / 历史 / 情色,英国 / 挪威 / 韩国,英语 / 西班牙语,2023-01-18(多伦多电影节) / 2023-01-20(国际),90分钟,眼前的黑暗的故事(日) / 眼前的黑暗的故事4K修复版,tt9023665,6.3,12430,28.90%,41.00%,20.90%,4.20%,5.00%,《眼前的黑暗的故事》是一部探讨命运的挑战的宏大电影。故事发生在恐怖的黑暗领域，一位坚强的女性战胜了内心的恐惧。在渡边健一的执导下，配乐动人心弦，气氛营造出色，将科幻类型的魅力展现得淋漓尽致。本片温暖而治愈，获得了观众的一致好评。
黎明死亡的约定 Final Life,https://movie.douban.com/subject/1001038/,高桥雄大,周平文,山田雄大 / 伊藤凉平 / 田中三郎 / ...,爱情 / 武侠 / 剧情,瑞士,西班牙语,2010-04-19(金棕榈奖) / 2010-06-24(国际),110分钟,黎明死亡的约定(台) / 黎明死亡的约定加长版,tt8585809,7.9,71820,55.70%,29.20%,10.10%,3.30%,1.70%,《黎明死亡的约定》是一部探讨记忆的珍贵的深刻电影。故事发生在宁静的乡村，一群志同道合的朋友坚守了一个重要的承诺。在高桥雄大的执导下，影片画面精美，配乐动人心弦，将爱情类型的魅力展现得淋漓尽致。本片值得反复品味，获得了观众的一致好评。
天空怀疑的证明 Final Life of the Soul,https://movie.douban.com/subject/1001039/,黄建明,李杰华,王峰龙 / Robert Miller / 尹承承 / ...,爱情,荷兰,西班牙语,2006-10-11(伦敦电影节) / 2006-10-10(国际),130分钟,天空怀疑的证明(马) / 天空怀疑的证明修复版,tt4246240,7.7,93705,64.80%,20.90%,7.40%,3.60%,3.30%,《天空怀疑的证明》是一部探讨家庭的温暖的宏大电影。故事发生在恐怖的黑暗领域，一名失意的作家经历了一次深刻的心灵洗礼。在黄建明的执导下，表演真挚感人，细节处理到位，将爱情类型的魅力展现得淋漓尽致。本片值得反复品味，在国际影展上备受瞩目。
记忆中的时间之间 First Hate at Dawn,https://movie.douban.com/subject/1001040/,李龙龙,George Davis / 山田雄大 / 杨伟明,山田太郎 / 小林三郎 / 张建强 / ...,喜剧 / 传记 / 神话,中国台湾,汉语普通话,2021-10-28(釜山电影节) / 2021-10-08(国际),120分钟,记忆中的时间之间(马) / 记忆中的时间之间修复版,tt2661059,7.6,141274,62.20%,20.20%,11.40%,2.80%,3.40%,《记忆中的时间之间》是一部探讨文化的碰撞的震撼电影。故事发生在广袤的沙漠，一个破碎的家庭找到了生命的真谛。在李龙龙的执导下，剧情扣人心弦，影片画面精美，将喜剧类型的魅力展现得淋漓尽致。本片令人难以忘怀，在国际影展上备受瞩目。
冻结的和平的约定 My Dream,https://movie.douban.com/subject/1001041/,Paul Davis,George Rodriguez,赵鹏龙 / 杨鹏鹏 / 刘伟强 / ...,爱情 / 历史,捷克,日语,1980-01-18(釜山电影节) / 1980-02-12(国际),135分钟,冻结的和平的约定(新) / 冻结的和平的约定纪念版,tt9021586,7.2,41570,44.80%,35.60%,13.20%,3.00%,3.40%,《冻结的和平的约定》是一部探讨命运的挑战的深刻电影。故事发生在广袤的沙漠，一位孤独的老人踏上了一段改变命运的旅程。在Paul的执导下，情感表达细腻，寓意深远悠长，将爱情类型的魅力展现得淋漓尽致。本片充满了希望与力量，在国际影展上备受瞩目。
眼前的灵魂的旅程 Our Dream at Dusk,https://movie.douban.com/subject/1001042/,田中太郎,佐藤健一 / Michael Williams,刘伟国 / Robert Brown / 吴龙伟 / ...,动作,奥地利,日语,2004-04-05(伦敦电影节) / 2004-05-11(国际),240分钟,眼前的灵魂的旅程(陆) / 眼前的灵魂的旅程纪念版 / Journey,tt1836009,6.5,27198,32.90%,37.50%,20.20%,4.20%,5.20%,《眼前的灵魂的旅程》是一部探讨战争的残酷的宏大电影。故事发生在古代的王朝，一名勇敢的战士经历了一次深刻的心灵洗礼。在田中太郎的执导下，细节处理到位，思想内涵深刻，将动作类型的魅力展现得淋漓尽致。本片令人难以忘怀，在国际影展上备受瞩目。
月光时间的抉择 Your Hope in the Dark,https://movie.douban.com/subject/1001043/,吴国文,Paul Brown / Peter Williams / Paul Smith,Robert Wilson / 李伟军 / John Jones / ...,喜剧 / 灾难 / 儿童,日本 / 奥地利,日语 / 汉语普通话,1999-09-01(戛纳电影节) / 1999-12-19(国际),140分钟,月光时间的抉择(陆),tt5626182,8.2,168632,73.50%,15.90%,5.60%,2.20%,2.80%,《月光时间的抉择》是一部探讨科技的边界的细腻电影。故事发生在浪漫的海边小镇，一对失散多年的兄弟面对了一场前所未有的挑战。在吴国文的执导下，配乐动人心弦，情感表达细腻，将喜剧类型的魅力展现得淋漓尽致。本片让人思考良久，展现了电影艺术的无限可能。
记忆中的黑暗的歌声 Found Truth in the Dark,https://movie.douban.com/subject/1001044/,王伟国,杨龙平 / 山田三郎,赵峰超 / 黄国华 / 李军杰 / ...,喜剧,俄罗斯 / 墨西哥,俄语,2014-10-14(多伦多电影节) / 2014-11-07(国际),165分钟,记忆中的黑暗的歌声(马) / 记忆中的黑暗的歌声4K修复版 / Darkness,tt7631755,7.2,65428,42.40%,33.00%,14.10%,5.60%,4.90%,《记忆中的黑暗的歌声》是一部探讨正义的坚守的震撼电影。故事发生在深邃的海洋，一群志同道合的朋友战胜了内心的恐惧。在王伟国的执导下，配乐动人心弦，细节处理到位，将喜剧类型的魅力展现得淋漓尽致。本片具有很高的艺术价值，展现了电影艺术的无限可能。
月光梦想的约定 Last Dream from the Past,https://movie.douban.com/subject/1001045/,Michael Garcia,Michael Garcia / Robert Brown,吴军建 / George Williams / 吴鹏军 / ...,动作 / 舞台艺术,奥地利,汉语普通话,1970-03-17(金球奖) / 1970-06-08(国际),95分钟,月光梦想的约定(陆),tt2155845,7.7,50263,64.80%,23.50%,6.70%,3.30%,1.70%,《月光梦想的约定》是一部探讨友谊的力量的震撼电影。故事发生在恐怖的黑暗领域，一位孤独的老人找到了生命的真谛。在Michael的执导下，视觉效果震撼，节奏把控精准，将动作类型的魅力展现得淋漓尽致。本片具有很高的艺术价值，获得了观众的一致好评。
黄昏真相之下 Our Promise at Dusk,https://movie.douban.com/subject/1001046/,Robert Wilson,刘超超 / George Rodriguez,张国鹏 / Michael Rodriguez / John Wilson / ...,科幻 / 神话 / 舞台艺术,美国,英语 / 西班牙语,1987-09-25(多伦多电影节) / 1987-09-01(国际),195分钟,黄昏真相之下4K修复版,tt9132570,8.4,192812,68.20%,19.00%,7.60%,3.00%,2.20%,《黄昏真相之下》是一部探讨记忆的珍贵的震撼电影。故事发生在险峻的高山之巅，一位智慧的导师经历了一次深刻的心灵洗礼。在Robert的执导下，影片画面精美，气氛营造出色，将科幻类型的魅力展现得淋漓尽致。本片温暖而治愈，获得了观众的一致好评。
冰冷的朋友的中心 Their Hate at Dusk,https://movie.douban.com/subject/1001047/,John Smith,James Davis,田中诚 / 王超杰 / 王平峰 / ...,科幻,以色列,汉语普通话,2024-01-03(多伦多电影节) / 2024-03-06(国际),120分钟,冰冷的朋友的中心特别版,tt4553349,6.2,8475,42.10%,34.00%,14.90%,5.90%,3.10%,《冰冷的朋友的中心》是一部探讨爱情的真谛的深刻电影。故事发生在神秘的异域，一位年轻的冒险家守护了珍贵的东西。在John的执导下，情感表达细腻，影片画面精美，将科幻类型的魅力展现得淋漓尽致。本片会成为经典之作，展现了电影艺术的无限可能。
太阳肉体之外 Our Secret to the Future,https://movie.douban.com/subject/1001048/,朴俊俊,山田拓也,田中翔太 / 尹秀秀 / 李强鹏 / ...,喜剧,韩国,韩语 / 英语,2019-02-12(罗马电影节) / 2019-02-28(国际),195分钟,太阳肉体之外(日),tt2513106,6.3,8008,38.70%,42.10%,10.10%,6.00%,3.10%,《太阳肉体之外》是一部探讨正义的坚守的宏大电影。故事发生在奇幻的魔法世界，一个破碎的家庭改变了世界的格局。在朴俊俊的执导下，表演真挚感人，细节处理到位，将喜剧类型的魅力展现得淋漓尽致。本片是一部不可多得的佳作，获得了观众的一致好评。
海洋束缚的边缘 Last Secret,https://movie.douban.com/subject/1001049/,斋藤太郎,李伟建,Steven Jones / Steven Smith / 郑俊俊 / ...,科幻,以色列,英语,2000-07-05(威尼斯电影节) / 2000-07-07(国际),105分钟,海洋束缚的边缘(新),tt7518745,6.6,16332,33.00%,33.50%,19.90%,7.10%,6.50%,《海洋束缚的边缘》是一部探讨身份的认同的感人电影。故事发生在虚拟的网络空间，一名勇敢的战士完成了一次自我的救赎。在斋藤太郎的执导下，情感表达细腻，寓意深远悠长，将科幻类型的魅力展现得淋漓尽致。本片让人思考良久，展现了电影艺术的无限可能。
风雨梦想的歌声 The Lie from the Past,https://movie.douban.com/subject/1001050/,David Smith,George Davis / 吴龙文,小林雄大 / 中村次郎 / Paul Smith / ...,爱情,土耳其,西班牙语,1971-03-18(柏林电影节) / 1971-03-21(国际),175分钟,,tt9932265,8,198752,60.30%,20.30%,12.40%,2.90%,4.10%,《风雨梦想的歌声》是一部探讨命运的挑战的震撼电影。故事发生在战火纷飞的年代，一位智慧的导师突破了自我的极限。在David的执导下，视觉效果震撼，气氛营造出色，将爱情类型的魅力展现得淋漓尽致。本片触动人心深处，在国际影展上备受瞩目。
海洋勇气的痕迹 Lost Hope,https://movie.douban.com/subject/1001051/,James Johnson,伊藤雄大 / John Jones / 朴俊贤,Robert Johnson / 李志华 / Steven Miller / ...,剧情 / 奇幻,越南 / 希腊,西班牙语,1989-05-07(罗马电影节) / 1989-07-09(国际),95分钟,,tt2476337,8.1,431982,69.10%,19.50%,6.40%,2.50%,2.50%,《海洋勇气的痕迹》是一部探讨家庭的温暖的深刻电影。故事发生在一个遥远的小镇，一位年轻的冒险家发现了一个惊人的真相。在James的执导下，配乐动人心弦，影片画面精美，将剧情类型的魅力展现得淋漓尽致。本片展现了人性的光辉，在国际影展上备受瞩目。
眼前的真相之外 The Hope of the Soul,https://movie.douban.com/subject/1001052/,David Wilson,George Miller / 李峰军,郑贤承 / Robert Smith / George Garcia / ...,喜剧 / 真人秀,法国,法语 / 英语,1975-01-23(奥斯卡金像奖) / 1975-03-02(国际),170分钟,眼前的真相之外(马) / 眼前的真相之外导演剪辑版,tt1792884,8.5,798835,83.70%,6.30%,5.00%,3.40%,1.60%,《眼前的真相之外》是一部探讨人性的探索的震撼电影。故事发生在浪漫的海边小镇，一个破碎的家庭经历了一次深刻的心灵洗礼。在David的执导下，思想内涵深刻，剧情扣人心弦，将喜剧类型的魅力展现得淋漓尽致。本片充满了希望与力量，获得了观众的一致好评。
城市空间的旅程 Found Life,https://movie.douban.com/subject/1001053/,张恩贤,刘志军 / 赵龙辉 / 郑英浩,山田健一 / 杨鹏志 / Peter Rodriguez / ...,剧情,希腊,法语,1994-10-21(柏林电影节) / 1994-10-25(国际),130分钟,城市空间的旅程加长版 / Journey,tt2976952,9.1,1698752,79.90%,10.10%,5.00%,2.60%,2.40%,《城市空间的旅程》是一部探讨和平的珍贵的感人电影。故事发生在繁华的都市，一名神秘的陌生人战胜了内心的恐惧。在张恩贤的执导下，细节处理到位，寓意深远悠长，将剧情类型的魅力展现得淋漓尽致。本片值得推荐给所有人，获得了观众的一致好评。
温暖的谎言的边缘 Last Hope in the Dark,https://movie.douban.com/subject/1001054/,David Davis,尹秀恩 / Peter Brown,陈志文 / 渡边三郎 / 吴华建 / ...,动作 / 黑色电影 / 真人秀,希腊,西班牙语,1975-04-07(金球奖) / 1975-07-03(国际),200分钟,温暖的谎言的边缘(台) / 温暖的谎言的边缘4K修复版,tt1633151,7.2,77612,46.10%,33.70%,11.20%,6.30%,2.70%,《温暖的谎言的边缘》是一部探讨空间的奥秘的细腻电影。故事发生在浪漫的海边小镇，一名失意的作家守护了珍贵的东西。在David的执导下，导演手法独特，影片画面精美，将动作类型的魅力展现得淋漓尽致。本片展现了电影的魅力，获得了观众的一致好评。
城市旅程之外 Their Lie to the Future,https://movie.douban.com/subject/1001055/,杨辉国,田中翔太 / Paul Williams,吴杰文 / 杨军军 / Robert Brown / ...,剧情 / 音乐,法国,法语,1971-01-19(圣丹斯电影节) / 1971-01-22(国际),145分钟,城市旅程之外(陆),tt7274514,9.2,2796671,79.70%,10.30%,5.00%,2.30%,2.70%,《城市旅程之外》是一部探讨正义的坚守的深刻电影。故事发生在奇幻的魔法世界，一名失意的作家揭开了一个深藏多年的秘密。在杨辉国的执导下，气氛营造出色，细节处理到位，将剧情类型的魅力展现得淋漓尽致。本片令人难以忘怀，获得了观众的一致好评。
孤独的自由之内 Their Hope from the Past,https://movie.douban.com/subject/1001056/,李哲承,张军伟,Paul Garcia / 周伟峰 / 赵龙辉 / ...,动作 / 家庭 / 犯罪,捷克,西班牙语,1989-08-07(多伦多电影节) / 1989-08-01(国际),180分钟,孤独的自由之内修复版,tt5098523,7.9,145489,55.90%,26.80%,9.10%,3.60%,4.60%,《孤独的自由之内》是一部探讨战争的残酷的震撼电影。故事发生在战火纷飞的年代，一个天真的孩子战胜了内心的恐惧。在李哲承的执导下，节奏把控精准，寓意深远悠长，将动作类型的魅力展现得淋漓尽致。本片会成为经典之作，展现了电影艺术的无限可能。
午夜终点的中心 Lost Fear to the Future,https://movie.douban.com/subject/1001057/,李龙强,杨明平,周军军 / Michael Miller / Michael Brown / ...,喜剧,墨西哥,西班牙语,2000-01-20(威尼斯电影节) / 2000-02-05(国际),105分钟,午夜终点的中心(新) / 午夜终点的中心4K修复版,tt9029442,7.5,71296,60.30%,25.50%,9.20%,2.60%,2.40%,《午夜终点的中心》是一部探讨和平的珍贵的深刻电影。故事发生在未来的世界，一位年轻的冒险家完成了一次自我的救赎。在李龙强的执导下，剧情扣人心弦，导演手法独特，将喜剧类型的魅力展现得淋漓尽致。本片值得推荐给所有人，展现了电影艺术的无限可能。
追寻承诺的传说 Your Love from the Past,https://movie.douban.com/subject/1001058/,James Jones,David Rodriguez / 李华国,小林雄大 / James Smith / 赵浩珍 / ...,爱情 / 奇幻 / 动画,瑞典 / 俄罗斯,法语,2019-08-13(巴黎电影节) / 2019-08-07(国际),130分钟,追寻承诺的传说(韩),tt2243263,9.4,1562893,91.50%,5%,2%,0.90%,0.60%,《追寻承诺的传说》是一部探讨生命的价值的感人电影。故事发生在广袤的沙漠，一位孤独的老人发现了一个惊人的真相。在James的执导下，剧情扣人心弦，导演手法独特，将爱情类型的魅力展现得淋漓尽致。本片展现了电影的魅力，获得了观众的一致好评。
黄昏勇气的回声 Our Death in the Dark,https://movie.douban.com/subject/1001059/,崔秀恩,尹承承,铃木凉平 / 李军平 / 王华杰 / ...,科幻 / 情色,墨西哥 / 美国 / 日本,西班牙语 / 英语,1997-04-16(东京电影节) / 1997-06-03(国际),200分钟,黄昏勇气的回声(港) / 黄昏勇气的回声导演剪辑版,tt9961396,6.8,15544,38.10%,34.30%,17.40%,4.70%,5.50%,《黄昏勇气的回声》是一部探讨时间的意义的细腻电影。故事发生在古代的王朝，一名失意的作家经历了一次深刻的心灵洗礼。在崔秀恩的执导下，节奏把控精准，视觉效果震撼，将科幻类型的魅力展现得淋漓尽致。本片展现了电影的魅力，展现了电影艺术的无限可能。
记忆中的终点之下 Your Death at Dusk,https://movie.douban.com/subject/1001060/,赵辉明,张英哲 / David Miller,刘强军 / 杨明志 / David Brown / ...,动作,以色列,法语,2010-02-16(巴黎电影节) / 2010-03-25(国际),200分钟,记忆中的终点之下(陆),tt9882384,8.1,252784,63.90%,19.50%,10.30%,2.70%,3.60%,《记忆中的终点之下》是一部探讨身份的认同的深刻电影。故事发生在繁华的都市，一对相爱的恋人完成了一次自我的救赎。在赵辉明的执导下，情感表达细腻，表演真挚感人，将动作类型的魅力展现得淋漓尽致。本片具有很高的艺术价值，展现了电影艺术的无限可能。
冻结的秘密的誓言 First Truth,https://movie.douban.com/subject/1001061/,铃木健一,张建伟 / 刘龙平 / Robert Williams,George Wilson / Paul Smith / 渡边诚 / ...,动作 / 犯罪 / 纪录片,以色列,西班牙语,1993-08-18(釜山电影节) / 1993-10-26(国际),165分钟,,tt2188296,8.4,309183,74.90%,15.10%,5.00%,3.00%,2.00%,《冻结的秘密的誓言》是一部探讨友谊的力量的深刻电影。故事发生在奇幻的魔法世界，一名失意的作家面对了一场前所未有的挑战。在铃木健一的执导下，剧情扣人心弦，情感表达细腻，将动作类型的魅力展现得淋漓尽致。本片是一部不可多得的佳作，在国际影展上备受瞩目。
未来的空间的传说 The Lie from the Past,https://movie.douban.com/subject/1001062/,周强华,高桥次郎,渡边次郎 / 张华军 / 李志文 / ...,动作,韩国,韩语 / 英语,1976-10-07(釜山电影节) / 1976-11-16(国际),195分钟,,tt6703841,7,96518,45.20%,35.60%,11.20%,4.70%,3.30%,《未来的空间的传说》是一部探讨友谊的力量的震撼电影。故事发生在极地的冰雪世界，一名勇敢的战士坚守了一个重要的承诺。在周强华的执导下，影片画面精美，节奏把控精准，将动作类型的魅力展现得淋漓尽致。本片触动人心深处，在国际影展上备受瞩目。
最后的遗忘之上 The Journey,https://movie.douban.com/subject/1001063/,张志明,朴浩珍,杨杰龙 / 刘强超 / 张强杰 / ...,喜剧 / 儿童 / 情色,新西兰 / 爱尔兰 / 中国台湾,法语,1982-05-27(巴黎电影节) / 1982-07-05(国际),120分钟,最后的遗忘之上(韩) / 最后的遗忘之上导演剪辑版,tt3192940,7.4,73793,54.80%,29.60%,8.10%,4.20%,3.30%,《最后的遗忘之上》是一部探讨成长的烦恼的宏大电影。故事发生在一个遥远的小镇，一名勇敢的战士改变了世界的格局。在张志明的执导下，节奏把控精准，寓意深远悠长，将喜剧类型的魅力展现得淋漓尽致。本片温暖而治愈，在国际影展上备受瞩目。
喧嚣的束缚的证明 Your Dream,https://movie.douban.com/subject/1001064/,金秀秀,小林太郎 / 王鹏建 / 姜智俊,黄超龙 / 李峰峰 / John Smith / ...,动作,爱尔兰,日语,1997-04-07(圣丹斯电影节) / 1997-06-15(国际),170分钟,喧嚣的束缚的证明(港) / 喧嚣的束缚的证明修复版,tt8275924,7.6,110885,59.00%,22.40%,11.60%,4.80%,2.20%,《喧嚣的束缚的证明》是一部探讨梦想的追求的感人电影。故事发生在雨林的深处，一个天真的孩子突破了自我的极限。在金秀秀的执导下，表演真挚感人，导演手法独特，将动作类型的魅力展现得淋漓尽致。本片温暖而治愈，在国际影展上备受瞩目。
沉默的敌人的证明 The Love at Dawn,https://movie.douban.com/subject/1001065/,尹智恩,尹承秀,黄明龙 / 杨文强 / 赵国志 / ...,爱情,新西兰 / 西班牙,日语,1989-11-11(柏林电影节) / 1989-11-16(国际),190分钟,沉默的敌人的证明(韩) / 沉默的敌人的证明特别版,tt5466054,9.7,2920512,89.60%,5%,2%,1.60%,1.80%,《沉默的敌人的证明》是一部探讨科技的边界的深刻电影。故事发生在浪漫的海边小镇，一位年轻的冒险家踏上了一段改变命运的旅程。在尹智恩的执导下，剧情扣人心弦，节奏把控精准，将爱情类型的魅力展现得淋漓尽致。本片温暖而治愈，展现了电影艺术的无限可能。
追寻终点的证明 My Fear in the Dark,https://movie.douban.com/subject/1001066/,Robert Brown,田中诚 / 渡边大辅 / 陈明建,赵杰志 / 崔贤英 / 杨建杰 / ...,动作,捷克,汉语普通话,2023-06-26(釜山电影节) / 2023-06-15(国际),195分钟,追寻终点的证明(韩) / 追寻终点的证明特别版,tt1291730,7.8,124536,62.60%,19.70%,10.60%,3.20%,3.90%,《追寻终点的证明》是一部探讨空间的奥秘的细腻电影。故事发生在极地的冰雪世界，一位智慧的导师经历了一次深刻的心灵洗礼。在Robert的执导下，节奏把控精准，影片画面精美，将动作类型的魅力展现得淋漓尽致。本片是一部不可多得的佳作，展现了电影艺术的无限可能。
追寻真相的证明 A Dream in the Dark,https://movie.douban.com/subject/1001067/,David Wilson,Christopher Davis,Steven Jones / 张秀恩 / 赵伟超 / ...,动作 / 冒险 / 音乐,印度,印地语 / 英语,1979-11-09(奥斯卡金像奖) / 1979-12-13(国际),130分钟,追寻真相的证明(港),tt4187520,9.7,2695932,83.40%,6.60%,5.00%,3.10%,1.90%,《追寻真相的证明》是一部探讨科技的边界的感人电影。故事发生在深邃的太空，一对相爱的恋人踏上了一段改变命运的旅程。在David的执导下，影片画面精美，表演真挚感人，将动作类型的魅力展现得淋漓尽致。本片让人思考良久，获得了观众的一致好评。
孤独的敌人之间 Final Death at Dusk,https://movie.douban.com/subject/1001068/,渡边三郎,Michael Smith / David Davis / 黄超杰,张俊哲 / 赵明华 / 王志龙 / ...,爱情,加拿大,英语 / 法语,1977-11-11(上海电影节) / 1977-11-04(国际),190分钟,,tt5159962,9.5,2996863,83.40%,6.60%,5.00%,2.30%,2.70%,《孤独的敌人之间》是一部探讨梦想的追求的宏大电影。故事发生在雨林的深处，一名失意的作家跨越了时空的界限。在渡边三郎的执导下，影片画面精美，细节处理到位，将爱情类型的魅力展现得淋漓尽致。本片温暖而治愈，在国际影展上备受瞩目。
遗忘的生命之外 Your Lie at Dawn,https://movie.douban.com/subject/1001069/,吴文龙,崔恩恩 / 李英承 / George Rodriguez,陈华军 / 伊藤健一 / 伊藤凉平 / ...,科幻 / 情色,英国,英语 / 法语,2019-01-20(伦敦电影节) / 2019-01-12(国际),90分钟,遗忘的生命之外(港) / 遗忘的生命之外修复版,tt1513155,7.8,91066,64.90%,20.30%,7.90%,4.20%,2.70%,《遗忘的生命之外》是一部探讨记忆的珍贵的震撼电影。故事发生在恐怖的黑暗领域，一位孤独的老人坚守了一个重要的承诺。在吴文龙的执导下，视觉效果震撼，细节处理到位，将科幻类型的魅力展现得淋漓尽致。本片温暖而治愈，在国际影展上备受瞩目。
荒野记忆的旅程 The Journey from the Past,https://movie.douban.com/subject/1001070/,林哲贤,James Garcia / 张峰华,小林健一 / James Wilson / 李平文 / ...,喜剧 / 传记 / 恐怖,西班牙,西班牙语,1987-02-11(伦敦电影节) / 1987-02-07(国际),170分钟,荒野记忆的旅程(台) / 荒野记忆的旅程加长版 / Journey,tt9494876,9,1083864,84.90%,5.10%,5.00%,2.20%,2.80%,《荒野记忆的旅程》是一部探讨友谊的力量的深刻电影。故事发生在战火纷飞的年代，一个天真的孩子面对了一场前所未有的挑战。在林哲贤的执导下，影片画面精美，表演真挚感人，将喜剧类型的魅力展现得淋漓尽致。本片展现了电影的魅力，展现了电影艺术的无限可能。
喧嚣的真相的歌声 Found Death at Dusk,https://movie.douban.com/subject/1001071/,金秀英,吴超杰 / 金承贤,Robert Jones / 刘志辉 / 高桥三郎 / ...,科幻,奥地利,日语,1985-02-22(釜山电影节) / 1985-03-14(国际),130分钟,喧嚣的真相的歌声加长版,tt4380332,6.7,11105,42.50%,33.40%,15.70%,4.80%,3.60%,《喧嚣的真相的歌声》是一部探讨空间的奥秘的感人电影。故事发生在险峻的高山之巅，一对相爱的恋人实现了曾经的梦想。在金秀英的执导下，视觉效果震撼，情感表达细腻，将科幻类型的魅力展现得淋漓尽致。本片会成为经典之作，获得了观众的一致好评。
冻结的绝望的回声 My Promise in the Dark,https://movie.douban.com/subject/1001072/,中村三郎,吴军龙 / George Garcia / 陈志峰,小林拓也 / 吴建平 / 赵国国 / ...,喜剧,荷兰,西班牙语,1994-01-15(伦敦电影节) / 1994-04-05(国际),140分钟,,tt1576173,6.4,10586,42.10%,33.90%,15.00%,5.60%,3.40%,《冻结的绝望的回声》是一部探讨身份的认同的深刻电影。故事发生在古代的王朝，一位孤独的老人面对了一场前所未有的挑战。在中村三郎的执导下，剧情扣人心弦，寓意深远悠长，将喜剧类型的魅力展现得淋漓尽致。本片展现了电影的魅力，展现了电影艺术的无限可能。
过去的真相之外 Lost Promise at Dawn,https://movie.douban.com/subject/1001073/,王建文,周志军,田中翔太 / James Rodriguez / 田中翔太 / ...,战争 / 歌舞 / 爱情,日本,日语,1996-01-13(东京电影节) / 1996-02-13(国际),240分钟,过去的真相之外(陆),tt4730161,9.8,799639,90.40%,5%,2%,1.10%,1.50%,《过去的真相之外》是一部探讨家庭的温暖的细腻电影。故事发生在奇幻的魔法世界，一群志同道合的朋友完成了一次自我的救赎。在王建文的执导下，导演手法独特，影片画面精美，将战争类型的魅力展现得淋漓尽致。本片会成为经典之作，展现了电影艺术的无限可能。
孤独的谎言的救赎 Found Lie in the Dark,https://movie.douban.com/subject/1001074/,刘强军,吴辉峰 / 陈辉伟 / 赵俊英,王明伟 / 吴志伟 / 渡边诚 / ...,爱情,瑞典,日语,1972-03-18(多伦多电影节) / 1972-06-13(国际),220分钟,孤独的谎言的救赎(韩) / 孤独的谎言的救赎纪念版,tt8739139,6,10559,37.90%,42.40%,9.90%,5.10%,4.70%,《孤独的谎言的救赎》是一部探讨成长的烦恼的细腻电影。故事发生在奇幻的魔法世界，一名勇敢的战士实现了曾经的梦想。在刘强军的执导下，视觉效果震撼，细节处理到位，将爱情类型的魅力展现得淋漓尽致。本片具有很高的艺术价值，展现了电影艺术的无限可能。
冰冷的战争之外 Found Truth at Dusk,https://movie.douban.com/subject/1001075/,刘志文,Christopher Brown / 伊藤次郎 / James Davis,Michael Williams / 杨军辉 / 李秀敏 / ...,动作 / 西部 / 家庭,新西兰,日语,1978-01-23(金棕榈奖) / 1978-02-01(国际),125分钟,冰冷的战争之外(新),tt8159070,9.2,1907742,83.00%,7.00%,5.00%,2.00%,3.00%,《冰冷的战争之外》是一部探讨生命的价值的深刻电影。故事发生在古代的王朝，一名勇敢的战士坚守了一个重要的承诺。在刘志文的执导下，思想内涵深刻，导演手法独特，将动作类型的魅力展现得淋漓尽致。本片具有很高的艺术价值，获得了观众的一致好评。
眼前的勇气的传说 Found Life at Dawn,https://movie.douban.com/subject/1001076/,刘志辉,李国辉 / 黄平军 / 赵华杰,John Wilson / Steven Miller / 周杰超 / ...,喜剧 / 动画 / 动作,以色列 / 丹麦,英语,2017-07-06(伦敦电影节) / 2017-10-01(国际),160分钟,,tt7749405,9.2,2135470,82.80%,7.20%,5.00%,2.40%,2.60%,《眼前的勇气的传说》是一部探讨空间的奥秘的感人电影。故事发生在神秘的异域，一名勇敢的战士战胜了内心的恐惧。在刘志辉的执导下，寓意深远悠长，气氛营造出色，将喜剧类型的魅力展现得淋漓尽致。本片展现了电影的魅力，展现了电影艺术的无限可能。
太阳黑暗 Their Death to the Future,https://movie.douban.com/subject/1001077/,James Brown,吴超超 / Peter Williams / 周军鹏,山田大辅 / 王华文 / 铃木翔太 / ...,爱情 / 歌舞 / 家庭,葡萄牙,汉语普通话,1981-01-09(威尼斯电影节) / 1981-03-26(国际),180分钟,太阳黑暗(韩) / 太阳黑暗特别版,tt4340633,7.8,85608,55.30%,25.40%,11.50%,3.90%,3.90%,《太阳黑暗》是一部探讨爱情的真谛的感人电影。故事发生在奇幻的魔法世界，一名神秘的陌生人坚守了一个重要的承诺。在James的执导下，情感表达细腻，视觉效果震撼，将爱情类型的魅力展现得淋漓尽致。本片会成为经典之作，获得了观众的一致好评。
过去的承诺的旅程 Final Dream at Dusk,https://movie.douban.com/subject/1001078/,小林次郎,田中太郎 / 周辉明 / 吴军强,黄伟军 / 佐藤三郎 / 尹浩贤 / ...,爱情,德国 / 瑞士 / 加拿大,德语 / 英语 / 西班牙语,1981-11-19(伦敦电影节) / 1981-11-11(国际),160分钟,过去的承诺的旅程(日) / 过去的承诺的旅程4K修复版,tt6080700,8.3,303588,66.40%,20.50%,7.00%,3.80%,2.30%,《过去的承诺的旅程》是一部探讨人性的探索的深刻电影。故事发生在深邃的太空，一位孤独的老人战胜了内心的恐惧。在小林次郎的执导下，细节处理到位，视觉效果震撼，将爱情类型的魅力展现得淋漓尽致。本片温暖而治愈，获得了观众的一致好评。
过去的故乡之上 First Life at Dusk,https://movie.douban.com/subject/1001079/,张俊哲,陈建强,吴华伟 / 张明志 / 刘明平 / ...,历史 / 动作,匈牙利 / 奥地利 / 葡萄牙,法语,1975-10-15(圣丹斯电影节) / 1975-10-03(国际),250分钟,过去的故乡之上(港),tt7276083,9.3,1817396,83.00%,7.00%,5.00%,2.80%,2.20%,《过去的故乡之上》是一部探讨爱情的真谛的感人电影。故事发生在宁静的乡村，一个天真的孩子改变了世界的格局。在张俊哲的执导下，细节处理到位，思想内涵深刻，将历史类型的魅力展现得淋漓尽致。本片展现了电影的魅力，在国际影展上备受瞩目。
喧嚣的承诺的故事 Their Hate in the Dark,https://movie.douban.com/subject/1001080/,刘建华,刘平超,Robert Wilson / Christopher Brown / 斋藤健一 / ...,喜剧 / 儿童 / 真人秀,澳大利亚 / 加拿大,英语,2018-04-15(伦敦电影节) / 2018-06-15(国际),185分钟,喧嚣的承诺的故事(马) / 喧嚣的承诺的故事加长版,tt7263570,6.8,17120,37.50%,40.60%,11.90%,6.50%,3.50%,《喧嚣的承诺的故事》是一部探讨空间的奥秘的震撼电影。故事发生在雨林的深处，一位年轻的冒险家战胜了内心的恐惧。在刘建华的执导下，寓意深远悠长，配乐动人心弦，将喜剧类型的魅力展现得淋漓尽致。本片具有很高的艺术价值，获得了观众的一致好评。
沉默的遗忘 First Promise from the Past,https://movie.douban.com/subject/1001081/,黄志文,张超志,张俊承 / 李华建 / John Jones / ...,剧情,波兰,汉语普通话,1998-12-21(莫斯科电影节) / 1998-12-26(国际),150分钟,,tt7432790,8.8,795188,79.70%,10.30%,5.00%,2.90%,2.10%,《沉默的遗忘》是一部探讨战争的残酷的感人电影。故事发生在恐怖的黑暗领域，一名勇敢的战士面对了一场前所未有的挑战。在黄志文的执导下，表演真挚感人，影片画面精美，将剧情类型的魅力展现得淋漓尽致。本片展现了电影的魅力，展现了电影艺术的无限可能。
午夜英雄的救赎 My Death from the Past,https://movie.douban.com/subject/1001082/,James Johnson,渡边太郎,Robert Williams / 张龙建 / David Brown / ...,动作 / 动画 / 古装,伊朗,西班牙语,1980-05-22(罗马电影节) / 1980-05-08(国际),130分钟,午夜英雄的救赎(日) / Hero,tt4448708,7.8,83327,60.30%,24.10%,9.20%,4.30%,2.10%,《午夜英雄的救赎》是一部探讨爱情的真谛的宏大电影。故事发生在神秘的异域，一名失意的作家战胜了内心的恐惧。在James的执导下，节奏把控精准，配乐动人心弦，将动作类型的魅力展现得淋漓尽致。本片会成为经典之作，获得了观众的一致好评。
燃烧的陌生人的约定 Lost Fear in the Dark,https://movie.douban.com/subject/1001083/,James Rodriguez,李超强 / 斋藤三郎 / 郑浩哲,Michael Garcia / 刘杰辉 / 朴英珍 / ...,科幻,意大利,意大利语,2003-09-14(东京电影节) / 2003-12-27(国际),200分钟,燃烧的陌生人的约定特别版,tt7430846,9.4,730781,92.40%,5%,2%,0.50%,0.10%,《燃烧的陌生人的约定》是一部探讨自由的渴望的感人电影。故事发生在深邃的太空，一位智慧的导师揭开了一个深藏多年的秘密。在James的执导下，表演真挚感人，影片画面精美，将科幻类型的魅力展现得淋漓尽致。本片展现了人性的光辉，获得了观众的一致好评。
燃烧的遗忘之间 My Journey of the Soul,https://movie.douban.com/subject/1001084/,Michael Brown,Paul Davis / 赵智恩 / 伊藤大辅,中村诚 / David Brown / 小林诚 / ...,喜剧 / 舞台艺术,越南,汉语普通话,1987-09-27(奥斯卡金像奖) / 1987-12-11(国际),240分钟,燃烧的遗忘之间(日) / 燃烧的遗忘之间纪念版,tt7441053,6.6,48074,37.70%,31.20%,21.40%,4.40%,5.30%,《燃烧的遗忘之间》是一部探讨人性的探索的宏大电影。故事发生在极地的冰雪世界，一群志同道合的朋友踏上了一段改变命运的旅程。在Michael的执导下，寓意深远悠长，细节处理到位，将喜剧类型的魅力展现得淋漓尽致。本片令人难以忘怀，在国际影展上备受瞩目。
风雨敌人的约定 Your Dream,https://movie.douban.com/subject/1001085/,George Wilson,张鹏龙 / Steven Garcia,王伟志 / 杨文龙 / 李国峰 / ...,喜剧 / 科幻 / 音乐,埃及 / 意大利,汉语普通话,1978-08-08(上海电影节) / 1978-08-20(国际),220分钟,风雨敌人的约定(港) / 风雨敌人的约定特别版,tt5828161,8.4,342117,68.20%,17.70%,7.50%,3.50%,3.10%,《风雨敌人的约定》是一部探讨和平的珍贵的宏大电影。故事发生在广袤的沙漠，一位坚强的女性坚守了一个重要的承诺。在George的执导下，配乐动人心弦，情感表达细腻，将喜剧类型的魅力展现得淋漓尽致。本片温暖而治愈，展现了电影艺术的无限可能。
眼前的远方之上 A Secret to the Future,https://movie.douban.com/subject/1001086/,赵秀恩,李文峰,高桥凉平 / 陈杰明 / Christopher Garcia / ...,喜剧,英国,英语,2010-01-08(伦敦电影节) / 2010-04-17(国际),175分钟,眼前的远方之上(新),tt7244810,8.8,464573,76.50%,13.50%,5.00%,3.10%,1.90%,《眼前的远方之上》是一部探讨家庭的温暖的感人电影。故事发生在古代的王朝，一对相爱的恋人跨越了时空的界限。在赵秀恩的执导下，影片画面精美，细节处理到位，将喜剧类型的魅力展现得淋漓尽致。本片是一部不可多得的佳作，在国际影展上备受瞩目。
孤独的命运的誓言 The Fear from the Past,https://movie.douban.com/subject/1001087/,田中太郎,周超华 / 姜英秀,David Smith / 铃木雄大 / 黄鹏军 / ...,科幻 / 短片 / 喜剧,希腊 / 埃及,汉语普通话,2001-06-09(柏林电影节) / 2001-06-04(国际),190分钟,孤独的命运的誓言(港) / 孤独的命运的誓言导演剪辑版 / Destiny,tt7417837,9.5,1316108,90.50%,5%,2%,1.70%,0.80%,《孤独的命运的誓言》是一部探讨友谊的力量的感人电影。故事发生在恐怖的黑暗领域，一个天真的孩子坚守了一个重要的承诺。在田中太郎的执导下，寓意深远悠长，思想内涵深刻，将科幻类型的魅力展现得淋漓尽致。本片展现了电影的魅力，在国际影展上备受瞩目。
冻结的命运之内 Last Death at Dawn,https://movie.douban.com/subject/1001088/,小林太郎,Peter Brown / 吴强文,James Williams / 伊藤次郎 / 王鹏伟 / ...,动作 / 家庭,埃及,汉语普通话,1971-04-27(釜山电影节) / 1971-04-20(国际),175分钟,,tt6791934,7.9,153105,55.60%,22.80%,13.60%,5.60%,2.40%,《冻结的命运之内》是一部探讨友谊的力量的震撼电影。故事发生在一个遥远的小镇，一位智慧的导师踏上了一段改变命运的旅程。在小林太郎的执导下，气氛营造出色，思想内涵深刻，将动作类型的魅力展现得淋漓尽致。本片会成为经典之作，在国际影展上备受瞩目。
晨曦信念之外 The Love of the Soul,https://movie.douban.com/subject/1001089/,John Rodriguez,高桥健一 / John Garcia / 黄文华,周强军 / James Davis / Peter Davis / ...,冒险 / 舞台艺术 / 科幻,葡萄牙,法语,1996-10-15(金球奖) / 1996-11-12(国际),135分钟,,tt3865558,8.2,103431,61.10%,20.20%,9.60%,3.80%,5.30%,《晨曦信念之外》是一部探讨时间的意义的宏大电影。故事发生在极地的冰雪世界，一个天真的孩子跨越了时空的界限。在John的执导下，气氛营造出色，节奏把控精准，将冒险类型的魅力展现得淋漓尽致。本片让人思考良久，获得了观众的一致好评。
天空自由的抉择 Final Hope from the Past,https://movie.douban.com/subject/1001090/,黄国强,John Smith,朴浩珍 / Michael Miller / 李建强 / ...,动作 / 冒险 / 武侠,意大利,意大利语 / 英语,2002-08-19(奥斯卡金像奖) / 2002-09-06(国际),135分钟,天空自由的抉择(陆),tt7314184,8.3,118631,68.50%,18.20%,8.30%,2.10%,2.90%,《天空自由的抉择》是一部探讨生命的价值的细腻电影。故事发生在奇幻的魔法世界，一名失意的作家坚守了一个重要的承诺。在黄国强的执导下，表演真挚感人，情感表达细腻，将动作类型的魅力展现得淋漓尽致。本片值得反复品味，获得了观众的一致好评。
喧嚣的选择的传说 A Love from the Past,https://movie.douban.com/subject/1001091/,赵承敏,高桥大辅 / Peter Brown,李哲浩 / 周辉峰 / Christopher Davis / ...,科幻 / 战争,丹麦 / 澳大利亚 / 日本,日语,2016-03-11(金棕榈奖) / 2016-05-01(国际),240分钟,喧嚣的选择的传说(陆) / 喧嚣的选择的传说修复版,tt4050087,9.7,1790816,89.00%,5%,2%,2.70%,1.30%,《喧嚣的选择的传说》是一部探讨生命的价值的震撼电影。故事发生在深邃的海洋，一位年轻的冒险家跨越了时空的界限。在赵承敏的执导下，影片画面精美，情感表达细腻，将科幻类型的魅力展现得淋漓尽致。本片展现了人性的光辉，获得了观众的一致好评。
太阳绝望之外 Found Secret,https://movie.douban.com/subject/1001092/,Steven Miller,山田三郎,James Smith / George Rodriguez / 杨文志 / ...,喜剧,奥地利 / 韩国,法语,1990-02-05(柏林电影节) / 1990-04-08(国际),105分钟,太阳绝望之外(港),tt7171981,9,2969036,87.90%,5%,2.10%,2.30%,2.70%,《太阳绝望之外》是一部探讨科技的边界的细腻电影。故事发生在广袤的沙漠，一位年轻的冒险家面对了一场前所未有的挑战。在Steven的执导下，导演手法独特，视觉效果震撼，将喜剧类型的魅力展现得淋漓尽致。本片是一部不可多得的佳作，获得了观众的一致好评。
现在的命运的抉择 The Dream,https://movie.douban.com/subject/1001093/,杨建超,铃木雄大,中村健一 / 张峰明 / 王志军 / ...,爱情,瑞士,英语,2005-09-18(威尼斯电影节) / 2005-09-24(国际),210分钟,现在的命运的抉择纪念版,tt8370098,7.2,28996,53.80%,29.30%,10.30%,3.30%,3.30%,《现在的命运的抉择》是一部探讨命运的挑战的细腻电影。故事发生在深邃的海洋，一位孤独的老人改变了世界的格局。在杨建超的执导下，节奏把控精准，寓意深远悠长，将爱情类型的魅力展现得淋漓尽致。本片触动人心深处，展现了电影艺术的无限可能。
燃烧的现实之间 Lost Life,https://movie.douban.com/subject/1001094/,朴俊浩,铃木拓也 / 渡边凉平 / 山田雄大,崔秀恩 / 黄超明 / James Williams / ...,音乐 / 爱情,巴西,葡萄牙语,1979-10-09(圣丹斯电影节) / 1979-10-03(国际),150分钟,燃烧的现实之间(台) / 燃烧的现实之间4K修复版,tt2941699,7.4,83991,50.80%,31.70%,9.50%,5.00%,3.00%,《燃烧的现实之间》是一部探讨自然的敬畏的深刻电影。故事发生在深邃的海洋，一位年轻的冒险家揭开了一个深藏多年的秘密。在朴俊浩的执导下，表演真挚感人，导演手法独特，将音乐类型的魅力展现得淋漓尽致。本片让人思考良久，获得了观众的一致好评。
记忆中的死亡之间 A Secret to the Future,https://movie.douban.com/subject/1001095/,伊藤三郎,郑英敏 / 张强鹏 / 李龙明,Christopher Williams / Christopher Rodriguez / 王峰建 / ...,科幻 / 黑色电影 / 真人秀,匈牙利,法语,2007-03-05(金球奖) / 2007-03-10(国际),180分钟,记忆中的死亡之间(新),tt3004472,6.2,6276,40.00%,40.30%,13.40%,3.70%,2.60%,《记忆中的死亡之间》是一部探讨和平的珍贵的深刻电影。故事发生在险峻的高山之巅，一位智慧的导师经历了一次深刻的心灵洗礼。在伊藤三郎的执导下，影片画面精美，节奏把控精准，将科幻类型的魅力展现得淋漓尽致。本片触动人心深处，获得了观众的一致好评。
现在的谎言的救赎 A Death to the Future,https://movie.douban.com/subject/1001096/,杨伟鹏,David Brown / 中村次郎 / 王明龙,崔珍秀 / 小林三郎 / 陈杰超 / ...,剧情 / 纪录片,瑞典,法语,2011-03-27(金球奖) / 2011-04-25(国际),220分钟,现在的谎言的救赎4K修复版,tt3344517,6.2,5976,42.10%,30.30%,15.40%,7.30%,4.90%,《现在的谎言的救赎》是一部探讨自然的敬畏的深刻电影。故事发生在极地的冰雪世界，一对失散多年的兄弟突破了自我的极限。在杨伟鹏的执导下，影片画面精美，气氛营造出色，将剧情类型的魅力展现得淋漓尽致。本片会成为经典之作，获得了观众的一致好评。
温暖的选择的抉择 Final Secret at Dusk,https://movie.douban.com/subject/1001097/,王志鹏,刘华鹏,James Davis / 田中三郎 / 杨国明 / ...,动作 / 悬疑,伊朗 / 埃及 / 捷克,英语,2015-01-24(圣丹斯电影节) / 2015-01-07(国际),150分钟,温暖的选择的抉择(台) / Choice,tt7875711,6.3,6268,44.90%,28.20%,15.40%,7.00%,4.50%,《温暖的选择的抉择》是一部探讨成长的烦恼的细腻电影。故事发生在深邃的太空，一位智慧的导师面对了一场前所未有的挑战。在王志鹏的执导下，配乐动人心弦，影片画面精美，将动作类型的魅力展现得淋漓尽致。本片触动人心深处，获得了观众的一致好评。
午夜爱情的故事 First Promise in the Dark,https://movie.douban.com/subject/1001098/,Steven Brown,郑秀贤 / 张辉志 / 斋藤凉平,王军鹏 / Steven Williams / 斋藤拓也 / ...,剧情 / 舞台艺术,墨西哥,西班牙语,2007-06-09(伦敦电影节) / 2007-06-12(国际),165分钟,午夜爱情的故事(港),tt2201975,8.4,260064,67.20%,20.50%,6.60%,2.50%,3.20%,《午夜爱情的故事》是一部探讨记忆的珍贵的深刻电影。故事发生在恐怖的黑暗领域，一名失意的作家面对了一场前所未有的挑战。在Steven的执导下，导演手法独特，寓意深远悠长，将剧情类型的魅力展现得淋漓尽致。本片展现了电影的魅力，获得了观众的一致好评。
冰冷的自由的旅程 Found Hate to the Future,https://movie.douban.com/subject/1001099/,Robert Jones,黄国强 / 铃木健一 / 张峰平,杨明明 / David Miller / 陈明峰 / ...,喜剧 / 音乐,捷克,汉语普通话,1981-10-15(伦敦电影节) / 1981-11-15(国际),180分钟,冰冷的自由的旅程特别版,tt3980931,7.1,72331,54.40%,24.70%,12.40%,4.50%,4.00%,《冰冷的自由的旅程》是一部探讨爱情的真谛的感人电影。故事发生在雨林的深处，一个天真的孩子实现了曾经的梦想。在Robert的执导下，细节处理到位，影片画面精美，将喜剧类型的魅力展现得淋漓尽致。本片值得推荐给所有人，展现了电影艺术的无限可能。
天空遗忘之上 Last Fear to the Future,https://movie.douban.com/subject/1001100/,李文辉,斋藤次郎 / 张伟强 / 高桥凉平,Christopher Garcia / Steven Davis / Michael Wilson / ...,动作,新西兰,法语,2009-01-19(伦敦电影节) / 2009-02-12(国际),220分钟,天空遗忘之上加长版,tt4997992,8.7,780070,73.60%,15.20%,6.20%,3.50%,1.50%,《天空遗忘之上》是一部探讨自然的敬畏的感人电影。故事发生在恐怖的黑暗领域，一对失散多年的兄弟突破了自我的极限。在李文辉的执导下，剧情扣人心弦，导演手法独特，将动作类型的魅力展现得淋漓尽致。本片温暖而治愈，展现了电影艺术的无限可能。
月光终点的痕迹 Found Dream from the Past,https://movie.douban.com/subject/1001101/,赵明文,周超明 / 李辉志,李哲珍 / 周建超 / 赵伟伟 / ...,爱情 / 悬疑,巴西,葡萄牙语,1991-10-17(金球奖) / 1991-10-04(国际),180分钟,月光终点的痕迹(陆),tt5767494,8,276044,71.60%,14.60%,7.60%,4.10%,2.10%,《月光终点的痕迹》是一部探讨真相的揭露的感人电影。故事发生在恐怖的黑暗领域，一名神秘的陌生人战胜了内心的恐惧。在赵明文的执导下，气氛营造出色，表演真挚感人，将爱情类型的魅力展现得淋漓尽致。本片温暖而治愈，在国际影展上备受瞩目。
未来的遗忘的救赎 First Hate,https://movie.douban.com/subject/1001102/,George Miller,周龙峰,朴恩英 / 吴军辉 / 吴军杰 / ...,喜剧,法国 / 爱尔兰,法语 / 英语,2015-08-06(莫斯科电影节) / 2015-08-13(国际),165分钟,,tt2395534,7.4,66041,53.00%,25.30%,13.40%,5.10%,3.20%,《未来的遗忘的救赎》是一部探讨记忆的珍贵的震撼电影。故事发生在险峻的高山之巅，一位坚强的女性经历了一次深刻的心灵洗礼。在George的执导下，节奏把控精准，细节处理到位，将喜剧类型的魅力展现得淋漓尽致。本片是一部不可多得的佳作，获得了观众的一致好评。
月光自由的约定 My Promise to the Future,https://movie.douban.com/subject/1001103/,张军明,金浩智 / 黄明杰,Steven Jones / 吴建伟 / 张国国 / ...,喜剧 / 西部 / 传记,芬兰,英语,2018-01-08(巴黎电影节) / 2018-01-02(国际),120分钟,,tt3336864,7.9,54407,59.00%,27.20%,8.80%,2.90%,2.10%,《月光自由的约定》是一部探讨文化的碰撞的感人电影。故事发生在古代的王朝，一名失意的作家面对了一场前所未有的挑战。在张军明的执导下，表演真挚感人，气氛营造出色，将喜剧类型的魅力展现得淋漓尽致。本片令人难以忘怀，在国际影展上备受瞩目。
星辰爱情之上 Their Fear,https://movie.douban.com/subject/1001104/,王军国,杨超志 / Christopher Brown,金秀智 / Michael Jones / 张志华 / ...,动作,俄罗斯,俄语,2019-02-17(莫斯科电影节) / 2019-02-23(国际),250分钟,星辰爱情之上(台) / 星辰爱情之上特别版 / Love,tt3905100,8.5,915428,76.90%,12.50%,5.60%,2.30%,2.70%,《星辰爱情之上》是一部探讨命运的挑战的震撼电影。故事发生在浪漫的海边小镇，一名神秘的陌生人实现了曾经的梦想。在王军国的执导下，表演真挚感人，剧情扣人心弦，将动作类型的魅力展现得淋漓尽致。本片温暖而治愈，在国际影展上备受瞩目。
过去的家庭的痕迹 Last Love at Dusk,https://movie.douban.com/subject/1001105/,杨鹏军,高桥诚 / 杨鹏军 / 林哲哲,Peter Williams / 刘龙杰 / 杨龙辉 / ...,喜剧,泰国 / 南非,西班牙语,2016-01-08(金球奖) / 2016-02-24(国际),155分钟,过去的家庭的痕迹(港) / 过去的家庭的痕迹纪念版,tt7411768,6.5,13507,38.70%,35.60%,17.90%,3.40%,4.40%,《过去的家庭的痕迹》是一部探讨真相的揭露的震撼电影。故事发生在广袤的沙漠，一个破碎的家庭战胜了内心的恐惧。在杨鹏军的执导下，气氛营造出色，剧情扣人心弦，将喜剧类型的魅力展现得淋漓尽致。本片让人思考良久，在国际影展上备受瞩目。
荒野自由的传说 Lost Journey at Dawn,https://movie.douban.com/subject/1001106/,John Smith,李英敏,Steven Davis / 山田健一 / 小林太郎 / ...,爱情 / 恐怖,捷克,日语,2004-06-28(釜山电影节) / 2004-06-24(国际),105分钟,荒野自由的传说(韩) / 荒野自由的传说4K修复版,tt1243082,7.8,180846,61.30%,20.50%,9.70%,4.30%,4.20%,《荒野自由的传说》是一部探讨科技的边界的深刻电影。故事发生在深邃的海洋，一群志同道合的朋友面对了一场前所未有的挑战。在John的执导下，气氛营造出色，寓意深远悠长，将爱情类型的魅力展现得淋漓尽致。本片让人思考良久，在国际影展上备受瞩目。
孤独的选择的故事 A Dream from the Past,https://movie.douban.com/subject/1001107/,杨文军,林承哲,张龙伟 / James Rodriguez / 斋藤健一 / ...,喜剧 / 短片 / 西部,法国 / 美国,法语,1970-04-13(伦敦电影节) / 1970-05-22(国际),110分钟,Choice,tt2682834,9.5,1755635,92.40%,5%,2%,0.50%,0.10%,《孤独的选择的故事》是一部探讨真相的揭露的细腻电影。故事发生在末日后的废墟，一位坚强的女性战胜了内心的恐惧。在杨文军的执导下，思想内涵深刻，导演手法独特，将喜剧类型的魅力展现得淋漓尽致。本片展现了电影的魅力，获得了观众的一致好评。
海洋自由之下 Their Fear at Dusk,https://movie.douban.com/subject/1001108/,James Rodriguez,崔敏英 / 杨国军 / 李华峰,朴智俊 / 黄文伟 / David Johnson / ...,科幻,爱尔兰 / 阿根廷,法语,2023-11-01(柏林电影节) / 2023-12-19(国际),110分钟,海洋自由之下(陆),tt9791946,7.3,85946,42.80%,39.70%,9.60%,5.00%,2.90%,《海洋自由之下》是一部探讨家庭的温暖的感人电影。故事发生在古代的王朝，一位年轻的冒险家实现了曾经的梦想。在James的执导下，表演真挚感人，影片画面精美，将科幻类型的魅力展现得淋漓尽致。本片触动人心深处，获得了观众的一致好评。
远方的起点的歌声 Last Hate at Dusk,https://movie.douban.com/subject/1001109/,斋藤健一,陈建龙 / 张英俊 / 崔智秀,黄超辉 / 黄建辉 / 张龙军 / ...,喜剧 / 传记 / 黑色电影,埃及,法语,2018-06-12(釜山电影节) / 2018-06-23(国际),240分钟,远方的起点的歌声(日) / 远方的起点的歌声纪念版,tt5904590,7.1,30074,53.60%,24.00%,13.40%,4.40%,4.60%,《远方的起点的歌声》是一部探讨友谊的力量的细腻电影。故事发生在神秘的异域，一对失散多年的兄弟坚守了一个重要的承诺。在斋藤健一的执导下，节奏把控精准，情感表达细腻，将喜剧类型的魅力展现得淋漓尽致。本片让人思考良久，获得了观众的一致好评。
未来的记忆之上 Final Secret,https://movie.douban.com/subject/1001110/,高桥大辅,Paul Smith / 渡边健一,John Wilson / John Rodriguez / 田中翔太 / ...,西部 / 喜剧,俄罗斯,俄语,1992-02-24(上海电影节) / 1992-04-21(国际),150分钟,未来的记忆之上(新),tt6318668,9.6,835091,92.40%,5%,2%,0.50%,0.10%,《未来的记忆之上》是一部探讨自由的渴望的细腻电影。故事发生在浪漫的海边小镇，一个破碎的家庭发现了一个惊人的真相。在高桥大辅的执导下，剧情扣人心弦，导演手法独特，将西部类型的魅力展现得淋漓尽致。本片会成为经典之作，展现了电影艺术的无限可能。
沉默的爱情的中心 Lost Lie in the Dark,https://movie.douban.com/subject/1001111/,Peter Brown,周伟强,吴军文 / James Davis / 金智敏 / ...,爱情 / 奇幻,阿根廷,日语,1988-07-08(奥斯卡金像奖) / 1988-10-19(国际),210分钟,Love,tt3916317,8.4,480231,75.10%,14.90%,5.00%,2.50%,2.50%,《沉默的爱情的中心》是一部探讨命运的挑战的感人电影。故事发生在虚拟的网络空间，一对失散多年的兄弟改变了世界的格局。在Peter的执导下，配乐动人心弦，节奏把控精准，将爱情类型的魅力展现得淋漓尽致。本片触动人心深处，展现了电影艺术的无限可能。
远方的光明的歌声 Last Life in the Dark,https://movie.douban.com/subject/1001112/,John Garcia,斋藤健一 / 赵龙文 / 渡边次郎,刘杰志 / Paul Brown / 陈军鹏 / ...,爱情 / 西部,丹麦,英语,1999-07-23(柏林电影节) / 1999-10-07(国际),230分钟,远方的光明的歌声(台) / 远方的光明的歌声特别版 / Light,tt9616051,6.3,6975,34.10%,37.70%,15.30%,6.50%,6.40%,《远方的光明的歌声》是一部探讨真相的揭露的震撼电影。故事发生在雨林的深处，一位智慧的导师踏上了一段改变命运的旅程。在John的执导下，导演手法独特，思想内涵深刻，将爱情类型的魅力展现得淋漓尽致。本片展现了电影的魅力，获得了观众的一致好评。
遗忘的命运之外 Lost Journey at Dusk,https://movie.douban.com/subject/1001113/,小林三郎,山田雄大 / 杨强龙,Robert Garcia / 李明志 / Paul Smith / ...,科幻 / 动画,美国,英语,1973-02-23(多伦多电影节) / 1973-03-20(国际),160分钟,遗忘的命运之外(陆),tt1317480,8.4,235558,63.50%,22.90%,7.90%,3.80%,1.90%,《遗忘的命运之外》是一部探讨空间的奥秘的震撼电影。故事发生在神秘的异域，一位年轻的冒险家改变了世界的格局。在小林三郎的执导下，思想内涵深刻，表演真挚感人，将科幻类型的魅力展现得淋漓尽致。本片让人思考良久，展现了电影艺术的无限可能。
冰冷的终点的歌声 My Promise at Dawn,https://movie.douban.com/subject/1001114/,Christopher Davis,吴建国 / Paul Jones,杨建志 / Robert Williams / 陈军辉 / ...,动作 / 恐怖 / 纪录片,中国香港,粤语 / 英语,1992-01-23(金棕榈奖) / 1992-01-15(国际),110分钟,冰冷的终点的歌声(台),tt4395680,6.8,26534,38.70%,34.90%,15.30%,7.70%,3.40%,《冰冷的终点的歌声》是一部探讨梦想的追求的感人电影。故事发生在未来的世界，一位坚强的女性改变了世界的格局。在Christopher的执导下，剧情扣人心弦，思想内涵深刻，将动作类型的魅力展现得淋漓尽致。本片令人难以忘怀，展现了电影艺术的无限可能。
喧嚣的谎言的边缘 Last Death at Dawn,https://movie.douban.com/subject/1001115/,山田翔太,李明超 / 周国建 / 田中雄大,陈明超 / 崔贤哲 / 杨建文 / ...,剧情 / 脱口秀,澳大利亚,英语,1974-09-12(圣丹斯电影节) / 1974-10-27(国际),200分钟,,tt9332115,9.3,1717156,92.40%,5%,2%,0.50%,0.10%,《喧嚣的谎言的边缘》是一部探讨爱情的真谛的深刻电影。故事发生在浪漫的海边小镇，一对相爱的恋人踏上了一段改变命运的旅程。在山田翔太的执导下，影片画面精美，气氛营造出色，将剧情类型的魅力展现得淋漓尽致。本片充满了希望与力量，获得了观众的一致好评。
追寻勇气 Your Life at Dusk,https://movie.douban.com/subject/1001116/,伊藤次郎,Steven Brown / James Davis / 王伟峰,周志文 / 铃木雄大 / 杨龙伟 / ...,爱情 / 战争 / 纪录片,伊朗,汉语普通话,2004-04-12(伦敦电影节) / 2004-04-12(国际),240分钟,追寻勇气(陆) / 追寻勇气修复版,tt1480330,9.7,1040245,88.70%,5%,2%,2.50%,1.80%,《追寻勇气》是一部探讨战争的残酷的深刻电影。故事发生在广袤的沙漠，一位坚强的女性揭开了一个深藏多年的秘密。在伊藤次郎的执导下，配乐动人心弦，细节处理到位，将爱情类型的魅力展现得淋漓尽致。本片展现了人性的光辉，在国际影展上备受瞩目。
黄昏信念的回声 Lost Hate from the Past,https://movie.douban.com/subject/1001117/,John Davis,伊藤太郎 / 王平国,George Smith / 斋藤太郎 / 赵杰国 / ...,喜剧 / 脱口秀 / 惊悚,巴西 / 爱尔兰 / 阿根廷,葡萄牙语 / 英语,1971-01-12(戛纳电影节) / 1971-03-03(国际),195分钟,,tt6430747,6.4,17263,38.10%,42.60%,10.80%,4.00%,4.50%,《黄昏信念的回声》是一部探讨空间的奥秘的感人电影。故事发生在战火纷飞的年代，一名失意的作家坚守了一个重要的承诺。在John的执导下，表演真挚感人，剧情扣人心弦，将喜剧类型的魅力展现得淋漓尽致。本片值得推荐给所有人，展现了电影艺术的无限可能。
永恒的谎言 Lost Fear at Dusk,https://movie.douban.com/subject/1001118/,斋藤太郎,陈国明 / 李辉国 / Paul Smith,田中诚 / John Brown / 伊藤三郎 / ...,剧情,美国,英语 / 西班牙语,2023-01-27(伦敦电影节) / 2023-04-14(国际),90分钟,永恒的谎言(日) / 永恒的谎言修复版,tt5370506,8.4,352110,59.30%,22.90%,10.60%,2.90%,4.30%,《永恒的谎言》是一部探讨成长的烦恼的细腻电影。故事发生在神秘的异域，一位年轻的冒险家面对了一场前所未有的挑战。在斋藤太郎的执导下，视觉效果震撼，节奏把控精准，将剧情类型的魅力展现得淋漓尽致。本片展现了电影的魅力，获得了观众的一致好评。
太阳敌人的审判 Found Death in the Dark,https://movie.douban.com/subject/1001119/,崔哲珍,Christopher Williams / 张伟文 / John Johnson,陈伟国 / 刘军明 / Peter Garcia / ...,喜剧 / 舞台艺术,新西兰,日语,1982-08-07(巴黎电影节) / 1982-10-01(国际),135分钟,太阳敌人的审判(港),tt2609243,8.1,215776,68.50%,17.70%,7.40%,3.70%,2.70%,《太阳敌人的审判》是一部探讨命运的挑战的感人电影。故事发生在广袤的沙漠，一对失散多年的兄弟踏上了一段改变命运的旅程。在崔哲珍的执导下，情感表达细腻，视觉效果震撼，将喜剧类型的魅力展现得淋漓尽致。本片会成为经典之作，展现了电影艺术的无限可能。
午夜谎言之上 My Dream to the Future,https://movie.douban.com/subject/1001120/,李文鹏,Robert Wilson,John Rodriguez / 赵鹏建 / Christopher Jones / ...,动作 / 灾难 / 恐怖,匈牙利,法语,1993-08-19(威尼斯电影节) / 1993-10-19(国际),130分钟,午夜谎言之上(日),tt7342306,6.5,42754,33.30%,33.40%,20.10%,6.50%,6.70%,《午夜谎言之上》是一部探讨空间的奥秘的感人电影。故事发生在古代的王朝，一位孤独的老人坚守了一个重要的承诺。在李文鹏的执导下，配乐动人心弦，思想内涵深刻，将动作类型的魅力展现得淋漓尽致。本片温暖而治愈，展现了电影艺术的无限可能。
远方的终点 The Fear of the Soul,https://movie.douban.com/subject/1001121/,刘建超,Steven Garcia / 赵辉辉 / 李恩英,朴哲英 / 林恩英 / Peter Davis / ...,剧情 / 恐怖,荷兰 / 越南 / 新西兰,法语,1991-02-22(釜山电影节) / 1991-05-24(国际),210分钟,远方的终点(新),tt3918566,7,68234,39.20%,39.10%,14.30%,3.60%,3.80%,《远方的终点》是一部探讨和平的珍贵的细腻电影。故事发生在广袤的沙漠，一位年轻的冒险家守护了珍贵的东西。在刘建超的执导下，情感表达细腻，思想内涵深刻，将剧情类型的魅力展现得淋漓尽致。本片值得反复品味，在国际影展上备受瞩目。
远方的秘密的传说 The Life of the Soul,https://movie.douban.com/subject/1001122/,黄国建,刘国文 / 陈辉杰,Peter Brown / 赵俊珍 / James Smith / ...,爱情 / 武侠 / 灾难,瑞士,汉语普通话,2015-08-24(金棕榈奖) / 2015-10-19(国际),220分钟,远方的秘密的传说(韩) / 远方的秘密的传说加长版 / Secret,tt5173241,6.4,19630,41.10%,31.50%,15.00%,7.90%,4.50%,《远方的秘密的传说》是一部探讨身份的认同的感人电影。故事发生在极地的冰雪世界，一位智慧的导师完成了一次自我的救赎。在黄国建的执导下，配乐动人心弦，细节处理到位，将爱情类型的魅力展现得淋漓尽致。本片展现了人性的光辉，在国际影展上备受瞩目。
孤独的绝望的审判 Lost Secret at Dawn,https://movie.douban.com/subject/1001123/,赵军平,James Miller / 陈杰峰,陈伟建 / Steven Miller / Paul Miller / ...,动作,捷克,汉语普通话,1978-12-08(柏林电影节) / 1978-12-17(国际),130分钟,孤独的绝望的审判纪念版 / Despair,tt7326690,7.8,124144,57.40%,24.80%,9.00%,5.60%,3.20%,《孤独的绝望的审判》是一部探讨时间的意义的感人电影。故事发生在战火纷飞的年代，一位智慧的导师改变了世界的格局。在赵军平的执导下，寓意深远悠长，视觉效果震撼，将动作类型的魅力展现得淋漓尽致。本片触动人心深处，展现了电影艺术的无限可能。
黎明朋友 Our Dream at Dawn,https://movie.douban.com/subject/1001124/,佐藤拓也,吴龙辉 / 山田太郎,Paul Davis / 斋藤次郎 / 田中太郎 / ...,爱情 / 武侠,巴西,葡萄牙语,1976-04-11(上海电影节) / 1976-04-07(国际),105分钟,黎明朋友(陆),tt7358139,7.8,63583,54.00%,24.80%,11.00%,5.50%,4.70%,《黎明朋友》是一部探讨记忆的珍贵的宏大电影。故事发生在末日后的废墟，一名失意的作家突破了自我的极限。在佐藤拓也的执导下，思想内涵深刻，细节处理到位，将爱情类型的魅力展现得淋漓尽致。本片值得反复品味，展现了电影艺术的无限可能。
荒野绝望的回声 My Journey in the Dark,https://movie.douban.com/subject/1001125/,James Johnson,赵峰杰,王伟国 / 尹秀贤 / 铃木次郎 / ...,科幻 / 短片 / 传记,中国大陆 / 越南,汉语普通话 / 方言 / 西班牙语,2001-02-13(釜山电影节) / 2001-03-22(国际),195分钟,荒野绝望的回声(港) / 荒野绝望的回声导演剪辑版,tt9798308,8.9,534931,81.90%,8.10%,5.00%,2.20%,2.80%,《荒野绝望的回声》是一部探讨爱情的真谛的宏大电影。故事发生在繁华的都市，一名神秘的陌生人面对了一场前所未有的挑战。在James的执导下，寓意深远悠长，视觉效果震撼，将科幻类型的魅力展现得淋漓尽致。本片是一部不可多得的佳作，获得了观众的一致好评。
荒野现实之间 A Lie from the Past,https://movie.douban.com/subject/1001126/,朴俊珍,黄杰明 / 陈军平,刘华龙 / Steven Williams / 高桥诚 / ...,剧情,葡萄牙 / 挪威,日语,1976-08-18(金球奖) / 1976-09-12(国际),115分钟,荒野现实之间加长版,tt5666032,7.4,66562,52.70%,29.30%,9.60%,5.10%,3.30%,《荒野现实之间》是一部探讨自由的渴望的感人电影。故事发生在极地的冰雪世界，一名神秘的陌生人面对了一场前所未有的挑战。在朴俊珍的执导下，节奏把控精准，思想内涵深刻，将剧情类型的魅力展现得淋漓尽致。本片充满了希望与力量，在国际影展上备受瞩目。
追寻朋友 Our Lie to the Future,https://movie.douban.com/subject/1001127/,伊藤大辅,张峰辉 / 张建志,黄明志 / George Smith / Christopher Rodriguez / ...,爱情,泰国,日语,1980-02-12(金棕榈奖) / 1980-03-06(国际),95分钟,追寻朋友(韩),tt4493893,8.4,445122,71.50%,15.90%,7.60%,3.50%,1.50%,《追寻朋友》是一部探讨文化的碰撞的深刻电影。故事发生在繁华的都市，一名神秘的陌生人坚守了一个重要的承诺。在伊藤大辅的执导下，影片画面精美，情感表达细腻，将爱情类型的魅力展现得淋漓尽致。本片展现了人性的光辉，在国际影展上备受瞩目。
过去的爱情的回声 Our Hope,https://movie.douban.com/subject/1001128/,李华平,David Garcia / 崔智俊,铃木诚 / Peter Rodriguez / 郑智哲 / ...,动作,巴西 / 西班牙 / 中国台湾,葡萄牙语,2001-12-19(威尼斯电影节) / 2001-12-28(国际),155分钟,过去的爱情的回声(台) / Love,tt8997047,8.6,660089,68.80%,21.10%,5.10%,2.10%,2.90%,《过去的爱情的回声》是一部探讨梦想的追求的震撼电影。故事发生在虚拟的网络空间，一位年轻的冒险家经历了一次深刻的心灵洗礼。在李华平的执导下，剧情扣人心弦，节奏把控精准，将动作类型的魅力展现得淋漓尽致。本片会成为经典之作，展现了电影艺术的无限可能。
最后的记忆的审判 Last Fear from the Past,https://movie.douban.com/subject/1001129/,崔英珍,林贤智,周文明 / Michael Miller / 陈军超 / ...,动作,法国,法语 / 英语,2018-01-01(伦敦电影节) / 2018-02-17(国际),105分钟,最后的记忆的审判(台),tt9702756,6.2,15298,37.40%,33.60%,16.50%,6.80%,5.70%,《最后的记忆的审判》是一部探讨成长的烦恼的细腻电影。故事发生在深邃的海洋，一位智慧的导师跨越了时空的界限。在崔英珍的执导下，表演真挚感人，气氛营造出色，将动作类型的魅力展现得淋漓尽致。本片充满了希望与力量，展现了电影艺术的无限可能。
现在的谎言之下 The Lie in the Dark,https://movie.douban.com/subject/1001130/,崔英恩,尹俊英,田中雄大 / 刘国志 / Michael Davis / ...,剧情,中国台湾,闽南语 / 汉语普通话,2001-01-06(金棕榈奖) / 2001-01-17(国际),125分钟,现在的谎言之下(陆),tt6435453,7.4,92220,42.20%,35.50%,13.30%,3.70%,5.30%,《现在的谎言之下》是一部探讨身份的认同的感人电影。故事发生在繁华的都市，一位坚强的女性完成了一次自我的救赎。在崔英恩的执导下，视觉效果震撼，气氛营造出色，将剧情类型的魅力展现得淋漓尽致。本片让人思考良久，获得了观众的一致好评。
追寻选择的誓言 Lost Life at Dawn,https://movie.douban.com/subject/1001131/,斋藤诚,黄超志,渡边拓也 / 吴国国 / Peter Rodriguez / ...,喜剧 / 歌舞,比利时 / 法国,日语,1991-06-26(戛纳电影节) / 1991-06-12(国际),240分钟,Choice,tt8034829,8.2,297757,73.70%,16.30%,5.00%,3.30%,1.70%,《追寻选择的誓言》是一部探讨战争的残酷的感人电影。故事发生在末日后的废墟，一名神秘的陌生人守护了珍贵的东西。在斋藤诚的执导下，导演手法独特，气氛营造出色，将喜剧类型的魅力展现得淋漓尽致。本片值得反复品味，获得了观众的一致好评。
现在的敌人之下 Lost Life to the Future,https://movie.douban.com/subject/1001132/,杨建鹏,金哲贤 / John Smith,赵建华 / 周强建 / 李鹏伟 / ...,喜剧,日本 / 土耳其 / 匈牙利,日语 / 英语,1993-01-08(圣丹斯电影节) / 1993-01-26(国际),115分钟,现在的敌人之下(陆) / 现在的敌人之下修复版,tt3248277,7.2,89585,46.60%,29.60%,13.00%,5.90%,4.90%,《现在的敌人之下》是一部探讨成长的烦恼的感人电影。故事发生在深邃的海洋，一群志同道合的朋友发现了一个惊人的真相。在杨建鹏的执导下，情感表达细腻，表演真挚感人，将喜剧类型的魅力展现得淋漓尽致。本片充满了希望与力量，展现了电影艺术的无限可能。
星辰陌生人的歌声 My Promise at Dawn,https://movie.douban.com/subject/1001133/,张明军,Paul Rodriguez / 尹哲俊 / Michael Johnson,吴强杰 / John Smith / George Garcia / ...,喜剧 / 奇幻,瑞典 / 越南 / 阿根廷,日语,1988-10-27(东京电影节) / 1988-12-26(国际),90分钟,星辰陌生人的歌声修复版,tt6129299,6.6,30692,33.70%,41.40%,16.10%,6.00%,2.80%,《星辰陌生人的歌声》是一部探讨生命的价值的感人电影。故事发生在极地的冰雪世界，一个破碎的家庭面对了一场前所未有的挑战。在张明军的执导下，细节处理到位，剧情扣人心弦，将喜剧类型的魅力展现得淋漓尽致。本片会成为经典之作，在国际影展上备受瞩目。
太阳命运的传说 Found Truth at Dusk,https://movie.douban.com/subject/1001134/,杨伟军,刘强平 / 周辉华,吴军鹏 / 山田凉平 / 高桥雄大 / ...,科幻 / 惊悚,英国 / 意大利 / 丹麦,英语,2003-01-15(圣丹斯电影节) / 2003-02-07(国际),125分钟,太阳命运的传说(陆) / 太阳命运的传说加长版,tt2459203,7,24673,47.50%,26.90%,17.60%,4.70%,3.30%,《太阳命运的传说》是一部探讨身份的认同的感人电影。故事发生在险峻的高山之巅，一对相爱的恋人改变了世界的格局。在杨伟军的执导下，寓意深远悠长，气氛营造出色，将科幻类型的魅力展现得淋漓尽致。本片值得推荐给所有人，在国际影展上备受瞩目。
现在的终点 The Fear at Dawn,https://movie.douban.com/subject/1001135/,David Jones,Christopher Jones / Paul Williams / John Jones,Michael Jones / Peter Davis / 山田诚 / ...,科幻 / 运动,美国,英语,2000-02-04(莫斯科电影节) / 2000-05-11(国际),150分钟,现在的终点(港) / 现在的终点修复版,tt5023320,8.3,427979,71.00%,14.70%,8.00%,2.70%,3.60%,《现在的终点》是一部探讨生命的价值的细腻电影。故事发生在一个遥远的小镇，一群志同道合的朋友改变了世界的格局。在David的执导下，配乐动人心弦，节奏把控精准，将科幻类型的魅力展现得淋漓尽致。本片具有很高的艺术价值，展现了电影艺术的无限可能。
风雨恐惧的旅程 Their Truth in the Dark,https://movie.douban.com/subject/1001136/,Robert Rodriguez,张敏哲,陈强建 / 伊藤次郎 / 张杰文 / ...,传记 / 奇幻 / 科幻,印度,印地语 / 英语,1974-11-16(莫斯科电影节) / 1974-12-02(国际),180分钟,风雨恐惧的旅程(港) / 风雨恐惧的旅程特别版 / Journey,tt7605534,8.5,408266,75.10%,14.90%,5.00%,3.50%,1.50%,《风雨恐惧的旅程》是一部探讨生命的价值的深刻电影。故事发生在深邃的太空，一群志同道合的朋友跨越了时空的界限。在Robert的执导下，情感表达细腻，导演手法独特，将传记类型的魅力展现得淋漓尽致。本片温暖而治愈，获得了观众的一致好评。
燃烧的陌生人的中心 Final Hate to the Future,https://movie.douban.com/subject/1001137/,John Miller,Robert Brown / 尹秀珍 / Michael Rodriguez,赵敏恩 / 王杰龙 / James Davis / ...,惊悚 / 爱情,匈牙利 / 韩国 / 伊朗,英语,1970-06-28(釜山电影节) / 1970-08-08(国际),175分钟,,tt7400440,6,13078,42.50%,38.00%,11.50%,5.10%,2.90%,《燃烧的陌生人的中心》是一部探讨记忆的珍贵的宏大电影。故事发生在虚拟的网络空间，一位年轻的冒险家守护了珍贵的东西。在John的执导下，视觉效果震撼，情感表达细腻，将惊悚类型的魅力展现得淋漓尽致。本片让人思考良久，在国际影展上备受瞩目。
远方的死亡之间 Lost Hope at Dawn,https://movie.douban.com/subject/1001138/,渡边健一,Robert Smith / 中村健一,张文文 / 刘辉华 / Peter Johnson / ...,科幻 / 惊悚,瑞士 / 墨西哥,西班牙语,1974-04-15(多伦多电影节) / 1974-06-10(国际),200分钟,,tt1001261,7.7,167571,59.60%,25.60%,8.30%,3.10%,3.40%,《远方的死亡之间》是一部探讨人性的探索的深刻电影。故事发生在一个遥远的小镇，一位智慧的导师战胜了内心的恐惧。在渡边健一的执导下，影片画面精美，配乐动人心弦，将科幻类型的魅力展现得淋漓尽致。本片值得推荐给所有人，展现了电影艺术的无限可能。
黄昏遗忘之外 Their Lie at Dusk,https://movie.douban.com/subject/1001139/,Paul Garcia,吴军志,中村大辅 / 陈志建 / Steven Jones / ...,喜剧 / 短片,中国台湾,闽南语 / 汉语普通话,1987-07-26(巴黎电影节) / 1987-09-17(国际),110分钟,黄昏遗忘之外(日),tt6661011,8.2,473485,64.50%,21.70%,7.90%,3.50%,2.40%,《黄昏遗忘之外》是一部探讨科技的边界的宏大电影。故事发生在一个遥远的小镇，一名失意的作家完成了一次自我的救赎。在Paul的执导下，细节处理到位，视觉效果震撼，将喜剧类型的魅力展现得淋漓尽致。本片触动人心深处，获得了观众的一致好评。
天空和平的中心 First Journey at Dusk,https://movie.douban.com/subject/1001140/,王建超,George Davis / Robert Rodriguez / 铃木太郎,赵军杰 / 赵鹏国 / 姜秀哲 / ...,动作,英国,英语 / 法语,2012-01-10(柏林电影节) / 2012-02-20(国际),165分钟,天空和平的中心(新) / 天空和平的中心纪念版,tt8581777,8.6,891982,79.60%,10.40%,5.00%,2.40%,2.60%,《天空和平的中心》是一部探讨记忆的珍贵的宏大电影。故事发生在宁静的乡村，一名失意的作家找到了生命的真谛。在王建超的执导下，视觉效果震撼，气氛营造出色，将动作类型的魅力展现得淋漓尽致。本片展现了电影的魅力，展现了电影艺术的无限可能。
太阳家庭之上 Found Journey at Dusk,https://movie.douban.com/subject/1001141/,Michael Wilson,Robert Brown / David Smith / 田中拓也,Peter Rodriguez / 金浩敏 / 陈峰国 / ...,爱情 / 纪录片 / 音乐,瑞典,西班牙语,2009-01-12(柏林电影节) / 2009-03-18(国际),210分钟,太阳家庭之上(新) / 太阳家庭之上纪念版,tt8463315,6.4,9072,45.30%,35.00%,12.10%,4.80%,2.80%,《太阳家庭之上》是一部探讨人性的探索的震撼电影。故事发生在险峻的高山之巅，一位年轻的冒险家经历了一次深刻的心灵洗礼。在Michael的执导下，思想内涵深刻，细节处理到位，将爱情类型的魅力展现得淋漓尽致。本片是一部不可多得的佳作，展现了电影艺术的无限可能。
最后的朋友的故事 A Death,https://movie.douban.com/subject/1001142/,John Wilson,田中雄大 / 赵贤智 / 崔秀恩,周明文 / 刘军志 / John Miller / ...,爱情 / 西部,丹麦,英语,1971-01-24(柏林电影节) / 1971-02-17(国际),140分钟,最后的朋友的故事(台) / 最后的朋友的故事导演剪辑版,tt3396287,8.4,135531,64.20%,22.80%,8.00%,2.30%,2.70%,《最后的朋友的故事》是一部探讨时间的意义的宏大电影。故事发生在战火纷飞的年代，一位年轻的冒险家发现了一个惊人的真相。在John的执导下，气氛营造出色，剧情扣人心弦，将爱情类型的魅力展现得淋漓尽致。本片充满了希望与力量，获得了观众的一致好评。
遗忘的遗忘的誓言 Our Secret of the Soul,https://movie.douban.com/subject/1001143/,张智敏,李志平 / 黄杰志,Paul Wilson / 吴强龙 / 崔承恩 / ...,科幻 / 犯罪,爱尔兰,法语,2006-05-04(奥斯卡金像奖) / 2006-07-09(国际),145分钟,遗忘的遗忘的誓言(港) / 遗忘的遗忘的誓言4K修复版,tt4754031,8,395168,74.00%,15.40%,5.60%,2.30%,2.70%,《遗忘的遗忘的誓言》是一部探讨文化的碰撞的深刻电影。故事发生在深邃的太空，一名勇敢的战士战胜了内心的恐惧。在张智敏的执导下，细节处理到位，寓意深远悠长，将科幻类型的魅力展现得淋漓尽致。本片具有很高的艺术价值，展现了电影艺术的无限可能。
月光终点之间 Your Journey,https://movie.douban.com/subject/1001144/,赵伟伟,田中翔太 / 伊藤诚,George Brown / Peter Wilson / 郑浩敏 / ...,爱情 / 恐怖 / 犯罪,澳大利亚 / 伊朗 / 以色列,英语 / 日语,1975-08-09(圣丹斯电影节) / 1975-08-03(国际),180分钟,月光终点之间(日) / 月光终点之间修复版,tt7881645,7,95214,45.90%,35.30%,12.40%,4.10%,2.30%,《月光终点之间》是一部探讨人性的探索的震撼电影。故事发生在恐怖的黑暗领域，一个破碎的家庭面对了一场前所未有的挑战。在赵伟伟的执导下，配乐动人心弦，气氛营造出色，将爱情类型的魅力展现得淋漓尽致。本片温暖而治愈，展现了电影艺术的无限可能。
晨曦敌人之外 Your Fear from the Past,https://movie.douban.com/subject/1001145/,崔敏敏,Paul Williams / George Johnson,陈杰伟 / Peter Smith / Christopher Williams / ...,动作 / 悬疑 / 音乐,瑞典,英语,1985-07-01(釜山电影节) / 1985-07-10(国际),160分钟,晨曦敌人之外(日),tt6972982,8.3,152672,60.90%,25.20%,8.80%,3.20%,1.90%,《晨曦敌人之外》是一部探讨和平的珍贵的感人电影。故事发生在雨林的深处，一位孤独的老人守护了珍贵的东西。在崔敏敏的执导下，气氛营造出色，配乐动人心弦，将动作类型的魅力展现得淋漓尽致。本片充满了希望与力量，在国际影展上备受瞩目。
现在的和平的旅程 Their Truth to the Future,https://movie.douban.com/subject/1001146/,伊藤三郎,Paul Miller / 李超明,Peter Brown / 黄超建 / 刘辉志 / ...,动作 / 脱口秀 / 歌舞,埃及 / 挪威,日语,2019-11-06(上海电影节) / 2019-12-11(国际),145分钟,,tt4826054,8.5,428789,73.40%,14.70%,6.60%,2.50%,2.80%,《现在的和平的旅程》是一部探讨自由的渴望的宏大电影。故事发生在险峻的高山之巅，一群志同道合的朋友实现了曾经的梦想。在伊藤三郎的执导下，节奏把控精准，导演手法独特，将动作类型的魅力展现得淋漓尽致。本片展现了人性的光辉，在国际影展上备受瞩目。
晨曦真相之外 Found Love at Dusk,https://movie.douban.com/subject/1001147/,王明文,张平建 / 尹珍承 / 陈超强,赵贤恩 / 刘国平 / 田中凉平 / ...,喜剧 / 真人秀 / 冒险,挪威,西班牙语,1974-08-16(圣丹斯电影节) / 1974-11-15(国际),95分钟,晨曦真相之外(日) / 晨曦真相之外4K修复版,tt9708742,8.7,810632,80.90%,9.10%,5.00%,3.40%,1.60%,《晨曦真相之外》是一部探讨时间的意义的宏大电影。故事发生在雨林的深处，一对失散多年的兄弟改变了世界的格局。在王明文的执导下，影片画面精美，视觉效果震撼，将喜剧类型的魅力展现得淋漓尽致。本片展现了人性的光辉，获得了观众的一致好评。
冻结的真相之外 The Fear to the Future,https://movie.douban.com/subject/1001148/,John Smith,王华华,周辉国 / 杨文文 / Robert Smith / ...,科幻,瑞典 / 爱尔兰 / 越南,西班牙语,1970-12-27(巴黎电影节) / 1970-12-19(国际),170分钟,冻结的真相之外(港),tt7425246,6.1,6032,31.20%,46.60%,12.60%,6.00%,3.60%,《冻结的真相之外》是一部探讨记忆的珍贵的细腻电影。故事发生在虚拟的网络空间，一位智慧的导师发现了一个惊人的真相。在John的执导下，剧情扣人心弦，寓意深远悠长，将科幻类型的魅力展现得淋漓尽致。本片会成为经典之作，获得了观众的一致好评。
孤独的怀疑的中心 Our Promise at Dawn,https://movie.douban.com/subject/1001149/,张国峰,George Miller,Christopher Rodriguez / Paul Wilson / David Smith / ...,动作 / 恐怖 / 科幻,英国 / 墨西哥,英语,2007-01-07(伦敦电影节) / 2007-03-02(国际),140分钟,孤独的怀疑的中心(韩),tt7229567,6.1,19826,40.90%,30.60%,19.90%,4.20%,4.40%,《孤独的怀疑的中心》是一部探讨记忆的珍贵的深刻电影。故事发生在一个遥远的小镇，一个天真的孩子跨越了时空的界限。在张国峰的执导下，细节处理到位，气氛营造出色，将动作类型的魅力展现得淋漓尽致。本片让人思考良久，在国际影展上备受瞩目。
未来的故乡的故事 Found Journey at Dusk,https://movie.douban.com/subject/1001150/,渡边大辅,David Miller / Peter Williams,Christopher Wilson / 陈鹏军 / 尹浩承 / ...,喜剧,巴西,葡萄牙语 / 英语,2013-11-05(罗马电影节) / 2013-12-23(国际),100分钟,未来的故乡的故事(韩),tt4696103,6.2,10938,38.10%,41.40%,11.60%,5.60%,3.30%,《未来的故乡的故事》是一部探讨成长的烦恼的宏大电影。故事发生在繁华的都市，一位年轻的冒险家发现了一个惊人的真相。在渡边大辅的执导下，导演手法独特，思想内涵深刻，将喜剧类型的魅力展现得淋漓尽致。本片值得反复品味，在国际影展上备受瞩目。
荒野陌生人的约定 My Death at Dusk,https://movie.douban.com/subject/1001151/,George Garcia,王志强 / 崔敏俊,杨伟伟 / 杨志国 / 姜英英 / ...,爱情 / 情色 / 冒险,英国 / 捷克 / 南非,英语 / 法语 / 西班牙语,1983-08-07(釜山电影节) / 1983-09-22(国际),135分钟,荒野陌生人的约定(日),tt6887747,8.5,681378,73.40%,16.60%,5.00%,2.00%,3.00%,《荒野陌生人的约定》是一部探讨正义的坚守的细腻电影。故事发生在广袤的沙漠，一对相爱的恋人坚守了一个重要的承诺。在George的执导下，情感表达细腻，视觉效果震撼，将爱情类型的魅力展现得淋漓尽致。本片展现了电影的魅力，展现了电影艺术的无限可能。
温暖的战争的故事 Last Secret at Dawn,https://movie.douban.com/subject/1001152/,周伟鹏,Paul Miller / 赵平明 / 尹贤珍,Michael Wilson / 王伟平 / 吴国超 / ...,喜剧 / 真人秀 / 悬疑,中国香港,粤语 / 英语,1997-01-11(多伦多电影节) / 1997-02-19(国际),160分钟,温暖的战争的故事(马) / 温暖的战争的故事加长版,tt6725891,8,258983,69.50%,16.40%,9.10%,2.40%,2.60%,《温暖的战争的故事》是一部探讨文化的碰撞的震撼电影。故事发生在古代的王朝，一位年轻的冒险家踏上了一段改变命运的旅程。在周伟鹏的执导下，影片画面精美，配乐动人心弦，将喜剧类型的魅力展现得淋漓尽致。本片让人思考良久，获得了观众的一致好评。
风雨陌生人的传说 Last Journey to the Future,https://movie.douban.com/subject/1001153/,杨明强,黄华峰,斋藤诚 / 李建志 / 张文明 / ...,剧情,爱尔兰,法语,1994-06-03(上海电影节) / 1994-09-15(国际),90分钟,风雨陌生人的传说(陆),tt3283608,6.9,41868,36.50%,41.70%,14.00%,3.60%,4.20%,《风雨陌生人的传说》是一部探讨和平的珍贵的细腻电影。故事发生在恐怖的黑暗领域，一对相爱的恋人揭开了一个深藏多年的秘密。在杨明强的执导下，配乐动人心弦，剧情扣人心弦，将剧情类型的魅力展现得淋漓尽致。本片展现了电影的魅力，获得了观众的一致好评。
记忆中的勇气的中心 The Hope from the Past,https://movie.douban.com/subject/1001154/,李珍恩,刘平建 / 王平鹏,渡边大辅 / 张志明 / 伊藤凉平 / ...,爱情 / 黑色电影 / 运动,越南,西班牙语,1981-05-08(金棕榈奖) / 1981-07-25(国际),110分钟,记忆中的勇气的中心(港) / 记忆中的勇气的中心导演剪辑版,tt8249398,6.9,15552,33.50%,43.60%,14.50%,5.50%,2.90%,《记忆中的勇气的中心》是一部探讨身份的认同的细腻电影。故事发生在繁华的都市，一群志同道合的朋友找到了生命的真谛。在李珍恩的执导下，思想内涵深刻，配乐动人心弦，将爱情类型的魅力展现得淋漓尽致。本片是一部不可多得的佳作，在国际影展上备受瞩目。
风雨远方之间 Found Journey of the Soul,https://movie.douban.com/subject/1001155/,王超杰,张明建 / 佐藤拓也,金承俊 / 金贤俊 / 黄华军 / ...,爱情,巴西,葡萄牙语,1978-02-14(柏林电影节) / 1978-04-09(国际),175分钟,,tt6621289,6.1,15155,30.80%,43.60%,13.00%,5.70%,6.90%,《风雨远方之间》是一部探讨记忆的珍贵的宏大电影。故事发生在奇幻的魔法世界，一位孤独的老人完成了一次自我的救赎。在王超杰的执导下，思想内涵深刻，节奏把控精准，将爱情类型的魅力展现得淋漓尽致。本片温暖而治愈，展现了电影艺术的无限可能。
月光绝望的故事 Final Love at Dawn,https://movie.douban.com/subject/1001156/,赵俊秀,杨伟龙,斋藤次郎 / George Davis / 赵敏贤 / ...,动作 / 动画 / 音乐,瑞典,法语,1973-11-17(奥斯卡金像奖) / 1973-12-17(国际),240分钟,月光绝望的故事(台) / 月光绝望的故事导演剪辑版,tt9664001,8.8,824322,76.00%,12.40%,6.30%,2.70%,2.60%,《月光绝望的故事》是一部探讨友谊的力量的细腻电影。故事发生在恐怖的黑暗领域，一个破碎的家庭守护了珍贵的东西。在赵俊秀的执导下，配乐动人心弦，导演手法独特，将动作类型的魅力展现得淋漓尽致。本片值得推荐给所有人，在国际影展上备受瞩目。
风雨承诺 The Life to the Future,https://movie.douban.com/subject/1001157/,李鹏建,刘志鹏 / 黄强文,杨强平 / Michael Davis / 刘龙伟 / ...,科幻,瑞士,日语,2003-09-23(戛纳电影节) / 2003-11-02(国际),95分钟,,tt4066408,8,352093,68.60%,17.90%,7.20%,3.10%,3.20%,《风雨承诺》是一部探讨自由的渴望的细腻电影。故事发生在古代的王朝，一名勇敢的战士揭开了一个深藏多年的秘密。在李鹏建的执导下，配乐动人心弦，剧情扣人心弦，将科幻类型的魅力展现得淋漓尽致。本片值得推荐给所有人，在国际影展上备受瞩目。
城市终点的回声 Final Truth at Dusk,https://movie.douban.com/subject/1001158/,杨强明,Michael Miller / Michael Davis / 佐藤大辅,张浩秀 / Steven Williams / 杨鹏平 / ...,科幻 / 奇幻 / 情色,意大利,意大利语,1975-02-23(多伦多电影节) / 1975-04-23(国际),95分钟,城市终点的回声(陆),tt9494148,7,21173,53.00%,25.70%,11.50%,5.20%,4.60%,《城市终点的回声》是一部探讨爱情的真谛的感人电影。故事发生在宁静的乡村，一群志同道合的朋友改变了世界的格局。在杨强明的执导下，气氛营造出色，配乐动人心弦，将科幻类型的魅力展现得淋漓尽致。本片展现了电影的魅力，在国际影展上备受瞩目。
最后的死亡之间 Our Death at Dusk,https://movie.douban.com/subject/1001159/,杨军伟,Steven Wilson,John Williams / 陈华文 / 中村大辅 / ...,动作 / 战争 / 运动,爱尔兰,西班牙语,1971-02-25(莫斯科电影节) / 1971-03-27(国际),170分钟,最后的死亡之间(港) / 最后的死亡之间加长版,tt2592896,7.8,92995,56.70%,24.80%,9.60%,5.40%,3.50%,《最后的死亡之间》是一部探讨身份的认同的感人电影。故事发生在繁华的都市，一位年轻的冒险家找到了生命的真谛。在杨军伟的执导下，思想内涵深刻，配乐动人心弦，将动作类型的魅力展现得淋漓尽致。本片温暖而治愈，获得了观众的一致好评。
晨曦朋友的旅程 First Fear of the Soul,https://movie.douban.com/subject/1001160/,Michael Wilson,姜哲承 / 佐藤诚 / 山田大辅,山田太郎 / Michael Wilson / 王强志 / ...,爱情,法国,法语,2012-04-08(伦敦电影节) / 2012-06-27(国际),175分钟,晨曦朋友的旅程4K修复版 / Journey,tt6570827,7.7,92705,61.50%,22.70%,9.50%,2.70%,3.60%,《晨曦朋友的旅程》是一部探讨生命的价值的宏大电影。故事发生在古代的王朝，一名勇敢的战士经历了一次深刻的心灵洗礼。在Michael的执导下，导演手法独特，影片画面精美，将爱情类型的魅力展现得淋漓尽致。本片触动人心深处，获得了观众的一致好评。
温暖的承诺的审判 Our Fear in the Dark,https://movie.douban.com/subject/1001161/,刘杰强,张辉峰,李鹏超 / 尹承哲 / 杨明文 / ...,爱情 / 家庭,葡萄牙,日语,2023-11-26(圣丹斯电影节) / 2023-11-17(国际),115分钟,温暖的承诺的审判(马) / 温暖的承诺的审判加长版 / Promise,tt9954148,8.7,857481,81.40%,8.60%,5.00%,2.00%,3.00%,《温暖的承诺的审判》是一部探讨生命的价值的深刻电影。故事发生在未来的世界，一个破碎的家庭发现了一个惊人的真相。在刘杰强的执导下，剧情扣人心弦，影片画面精美，将爱情类型的魅力展现得淋漓尽致。本片展现了电影的魅力，获得了观众的一致好评。
冻结的朋友的证明 Their Fear at Dusk,https://movie.douban.com/subject/1001162/,David Wilson,吴鹏文 / 佐藤凉平,张强明 / 张龙峰 / Paul Garcia / ...,音乐 / 喜剧,中国香港,粤语 / 汉语普通话,2015-10-15(莫斯科电影节) / 2015-12-13(国际),170分钟,冻结的朋友的证明(陆) / 冻结的朋友的证明修复版,tt3766411,8,319205,72.50%,17.50%,5.00%,2.90%,2.10%,《冻结的朋友的证明》是一部探讨空间的奥秘的感人电影。故事发生在古代的王朝，一群志同道合的朋友找到了生命的真谛。在David的执导下，视觉效果震撼，导演手法独特，将音乐类型的魅力展现得淋漓尽致。本片触动人心深处，展现了电影艺术的无限可能。
未来的怀疑的救赎 Your Secret from the Past,https://movie.douban.com/subject/1001163/,John Garcia,李华文,刘建鹏 / 王伟志 / 张伟超 / ...,动作 / 历史 / 冒险,芬兰,日语,1999-02-15(戛纳电影节) / 1999-04-10(国际),210分钟,未来的怀疑的救赎(台),tt8095599,7,47979,48.00%,29.10%,12.90%,5.00%,5.00%,《未来的怀疑的救赎》是一部探讨友谊的力量的细腻电影。故事发生在极地的冰雪世界，一名失意的作家实现了曾经的梦想。在John的执导下，思想内涵深刻，导演手法独特，将动作类型的魅力展现得淋漓尽致。本片让人思考良久，展现了电影艺术的无限可能。
荒野空间的救赎 Your Journey at Dusk,https://movie.douban.com/subject/1001164/,Michael Wilson,吴文辉 / John Wilson,王志辉 / 周建强 / James Garcia / ...,科幻,荷兰,西班牙语,2005-08-14(东京电影节) / 2005-10-03(国际),220分钟,荒野空间的救赎导演剪辑版,tt8438021,7.1,95913,49.80%,30.00%,13.60%,3.40%,3.20%,《荒野空间的救赎》是一部探讨和平的珍贵的细腻电影。故事发生在浪漫的海边小镇，一对失散多年的兄弟改变了世界的格局。在Michael的执导下，节奏把控精准，配乐动人心弦，将科幻类型的魅力展现得淋漓尽致。本片展现了人性的光辉，展现了电影艺术的无限可能。
喧嚣的束缚的回声 First Lie at Dawn,https://movie.douban.com/subject/1001165/,朴智贤,Robert Davis / 李恩贤,Robert Smith / 赵承俊 / 张国强 / ...,爱情 / 儿童,印度,印地语,1995-06-12(上海电影节) / 1995-06-23(国际),170分钟,喧嚣的束缚的回声(港) / 喧嚣的束缚的回声加长版,tt4077472,7.6,97992,54.70%,30.60%,8.10%,3.30%,3.30%,《喧嚣的束缚的回声》是一部探讨战争的残酷的深刻电影。故事发生在战火纷飞的年代，一个天真的孩子经历了一次深刻的心灵洗礼。在朴智贤的执导下，配乐动人心弦，表演真挚感人，将爱情类型的魅力展现得淋漓尽致。本片充满了希望与力量，展现了电影艺术的无限可能。
城市绝望的审判 The Fear to the Future,https://movie.douban.com/subject/1001166/,Christopher Smith,李俊珍 / 山田大辅,赵文峰 / 黄华伟 / 李华超 / ...,动作 / 西部,中国香港 / 巴西 / 澳大利亚,粤语 / 英语,1976-02-18(莫斯科电影节) / 1976-05-27(国际),140分钟,城市绝望的审判(陆) / 城市绝望的审判纪念版 / Despair,tt2692949,6.5,33950,45.70%,34.00%,10.50%,5.80%,4.00%,《城市绝望的审判》是一部探讨和平的珍贵的深刻电影。故事发生在虚拟的网络空间，一名勇敢的战士实现了曾经的梦想。在Christopher的执导下，情感表达细腻，影片画面精美，将动作类型的魅力展现得淋漓尽致。本片具有很高的艺术价值，获得了观众的一致好评。
温暖的战争之间 Their Promise to the Future,https://movie.douban.com/subject/1001167/,李志明,刘超平,Paul Wilson / 郑珍恩 / Paul Williams / ...,喜剧 / 黑色电影 / 传记,西班牙,法语,2022-01-06(多伦多电影节) / 2022-01-16(国际),145分钟,温暖的战争之间(日),tt1453704,8.3,340225,68.90%,19.00%,7.10%,3.30%,1.70%,《温暖的战争之间》是一部探讨成长的烦恼的宏大电影。故事发生在奇幻的魔法世界，一名神秘的陌生人揭开了一个深藏多年的秘密。在李志明的执导下，影片画面精美，节奏把控精准，将喜剧类型的魅力展现得淋漓尽致。本片展现了人性的光辉，在国际影展上备受瞩目。
星辰肉体之内 Our Death in the Dark,https://movie.douban.com/subject/1001168/,Peter Rodriguez,姜恩英,姜浩秀 / 黄龙军 / Paul Johnson / ...,科幻 / 悬疑,印度,印地语 / 英语,1975-06-24(莫斯科电影节) / 1975-07-13(国际),160分钟,星辰肉体之内(港) / 星辰肉体之内导演剪辑版,tt3592729,6.5,19214,31.90%,41.40%,13.40%,7.00%,6.30%,《星辰肉体之内》是一部探讨正义的坚守的深刻电影。故事发生在浪漫的海边小镇，一位坚强的女性改变了世界的格局。在Peter的执导下，表演真挚感人，情感表达细腻，将科幻类型的魅力展现得淋漓尽致。本片充满了希望与力量，展现了电影艺术的无限可能。
黎明陌生人的故事 A Journey from the Past,https://movie.douban.com/subject/1001169/,Paul Garcia,George Rodriguez / Paul Johnson / 张伟明,李恩浩 / Michael Johnson / 尹浩承 / ...,短片 / 爱情,瑞士,英语,1980-05-25(巴黎电影节) / 1980-07-10(国际),135分钟,黎明陌生人的故事(韩) / 黎明陌生人的故事导演剪辑版,tt6142207,9.4,1192441,81.70%,8.30%,5.00%,2.10%,2.90%,《黎明陌生人的故事》是一部探讨文化的碰撞的感人电影。故事发生在险峻的高山之巅，一对失散多年的兄弟改变了世界的格局。在Paul的执导下，细节处理到位，导演手法独特，将短片类型的魅力展现得淋漓尽致。本片是一部不可多得的佳作，在国际影展上备受瞩目。
海洋谎言的证明 Lost Dream to the Future,https://movie.douban.com/subject/1001170/,David Wilson,佐藤诚 / 郑哲智,杨鹏鹏 / 佐藤诚 / 伊藤雄大 / ...,剧情 / 脱口秀,伊朗 / 日本,西班牙语,1984-01-20(金棕榈奖) / 1984-02-08(国际),130分钟,海洋谎言的证明(陆),tt2023551,7.6,126911,61.40%,21.90%,11.70%,2.60%,2.40%,《海洋谎言的证明》是一部探讨自由的渴望的感人电影。故事发生在浪漫的海边小镇，一名勇敢的战士战胜了内心的恐惧。在David的执导下，导演手法独特，寓意深远悠长，将剧情类型的魅力展现得淋漓尽致。本片是一部不可多得的佳作，在国际影展上备受瞩目。
冻结的陌生人的誓言 Our Death of the Soul,https://movie.douban.com/subject/1001171/,朴贤敏,Robert Davis / Christopher Smith,周国龙 / 陈超鹏 / 高桥大辅 / ...,爱情 / 犯罪,越南,法语,1976-01-25(戛纳电影节) / 1976-01-26(国际),195分钟,冻结的陌生人的誓言(陆) / 冻结的陌生人的誓言加长版,tt3783680,8.6,742585,85.80%,5%,4.20%,2.90%,2.10%,《冻结的陌生人的誓言》是一部探讨自由的渴望的震撼电影。故事发生在宁静的乡村，一名神秘的陌生人实现了曾经的梦想。在朴贤敏的执导下，气氛营造出色，细节处理到位，将爱情类型的魅力展现得淋漓尽致。本片是一部不可多得的佳作，在国际影展上备受瞩目。
迷失的梦境之内 Lost Fear,https://movie.douban.com/subject/1001172/,高桥大辅,李辉平 / 陈文超 / David Johnson,陈国龙 / Robert Rodriguez / 朴珍智 / ...,科幻 / 冒险 / 真人秀,韩国 / 奥地利 / 巴西,韩语,1970-09-04(东京电影节) / 1970-12-07(国际),105分钟,迷失的梦境之内(韩) / 迷失的梦境之内加长版,tt3110705,6.1,13126,42.80%,30.30%,18.50%,5.30%,3.10%,《迷失的梦境之内》是一部探讨真相的揭露的感人电影。故事发生在浪漫的海边小镇，一个破碎的家庭经历了一次深刻的心灵洗礼。在高桥大辅的执导下，节奏把控精准，影片画面精美，将科幻类型的魅力展现得淋漓尽致。本片是一部不可多得的佳作，展现了电影艺术的无限可能。
追寻敌人的传说 Their Hope at Dawn,https://movie.douban.com/subject/1001173/,张文辉,陈志强,George Johnson / James Rodriguez / 朴俊承 / ...,剧情 / 冒险 / 家庭,英国,英语 / 法语,2023-07-07(威尼斯电影节) / 2023-10-20(国际),250分钟,,tt5312173,6.1,10985,34.80%,38.20%,18.80%,4.30%,3.90%,《追寻敌人的传说》是一部探讨家庭的温暖的细腻电影。故事发生在末日后的废墟，一名勇敢的战士发现了一个惊人的真相。在张文辉的执导下，寓意深远悠长，剧情扣人心弦，将剧情类型的魅力展现得淋漓尽致。本片值得推荐给所有人，展现了电影艺术的无限可能。
月光记忆的救赎 Found Life in the Dark,https://movie.douban.com/subject/1001174/,王文超,Christopher Williams / 刘平军,朴恩珍 / Christopher Davis / 陈华杰 / ...,剧情,法国 / 丹麦 / 中国台湾,法语,1984-03-01(圣丹斯电影节) / 1984-05-28(国际),120分钟,月光记忆的救赎(马),tt3497269,8.1,375212,61.80%,25.10%,8.10%,2.20%,2.80%,《月光记忆的救赎》是一部探讨空间的奥秘的深刻电影。故事发生在末日后的废墟，一个天真的孩子踏上了一段改变命运的旅程。在王文超的执导下，导演手法独特，剧情扣人心弦，将剧情类型的魅力展现得淋漓尽致。本片具有很高的艺术价值，展现了电影艺术的无限可能。
眼前的记忆的中心 Our Fear at Dawn,https://movie.douban.com/subject/1001175/,陈超伟,吴明建,金秀哲 / 林哲秀 / George Garcia / ...,惊悚 / 恐怖 / 喜剧,巴西 / 以色列 / 瑞士,葡萄牙语 / 日语,1989-08-18(莫斯科电影节) / 1989-09-07(国际),125分钟,眼前的记忆的中心(台) / 眼前的记忆的中心特别版,tt3103621,6.1,6071,37.90%,31.50%,19.90%,6.60%,4.10%,《眼前的记忆的中心》是一部探讨生命的价值的感人电影。故事发生在浪漫的海边小镇，一对相爱的恋人踏上了一段改变命运的旅程。在陈超伟的执导下，思想内涵深刻，表演真挚感人，将惊悚类型的魅力展现得淋漓尽致。本片展现了人性的光辉，在国际影展上备受瞩目。
迷失的梦想的传说 Your Death of the Soul,https://movie.douban.com/subject/1001176/,中村雄大,刘华强 / 周龙建 / Robert Jones,杨明峰 / 姜秀恩 / 金哲承 / ...,动作 / 儿童 / 动画,中国香港,粤语 / 汉语普通话,1974-05-11(罗马电影节) / 1974-08-16(国际),120分钟,迷失的梦想的传说(陆) / Dream,tt2806295,7,50054,45.10%,35.10%,10.80%,4.40%,4.60%,《迷失的梦想的传说》是一部探讨正义的坚守的细腻电影。故事发生在广袤的沙漠，一对失散多年的兄弟守护了珍贵的东西。在中村雄大的执导下，思想内涵深刻，情感表达细腻，将动作类型的魅力展现得淋漓尽致。本片展现了人性的光辉，获得了观众的一致好评。
远方的朋友的证明 Our Lie to the Future,https://movie.douban.com/subject/1001177/,陈文军,John Davis / 周峰文,Robert Wilson / 高桥次郎 / 黄峰志 / ...,脱口秀 / 科幻,捷克,法语,2008-02-14(金球奖) / 2008-05-05(国际),220分钟,,tt9541937,7.3,41818,41.50%,32.50%,14.80%,7.20%,4.00%,《远方的朋友的证明》是一部探讨文化的碰撞的深刻电影。故事发生在恐怖的黑暗领域，一名勇敢的战士实现了曾经的梦想。在陈文军的执导下，节奏把控精准，寓意深远悠长，将脱口秀类型的魅力展现得淋漓尽致。本片值得反复品味，展现了电影艺术的无限可能。
远方的死亡的中心 The Death of the Soul,https://movie.douban.com/subject/1001178/,赵超志,高桥翔太 / 周辉鹏,张哲英 / 崔智秀 / 伊藤凉平 / ...,剧情,挪威,法语,1980-10-24(圣丹斯电影节) / 1980-11-25(国际),110分钟,远方的死亡的中心修复版,tt3681092,6.4,16219,43.40%,34.70%,13.30%,4.20%,4.40%,《远方的死亡的中心》是一部探讨空间的奥秘的宏大电影。故事发生在一个遥远的小镇，一名失意的作家完成了一次自我的救赎。在赵超志的执导下，配乐动人心弦，视觉效果震撼，将剧情类型的魅力展现得淋漓尽致。本片是一部不可多得的佳作，获得了观众的一致好评。
喧嚣的家庭的痕迹 The Secret in the Dark,https://movie.douban.com/subject/1001179/,Christopher Jones,林秀智 / 王辉国 / 王明平,小林大辅 / George Rodriguez / 李俊英 / ...,喜剧,墨西哥,西班牙语 / 英语,1987-10-20(戛纳电影节) / 1987-11-16(国际),240分钟,喧嚣的家庭的痕迹(日) / 喧嚣的家庭的痕迹加长版,tt8128153,7.5,87247,57.00%,23.40%,11.40%,5.00%,3.20%,《喧嚣的家庭的痕迹》是一部探讨成长的烦恼的感人电影。故事发生在繁华的都市，一对失散多年的兄弟坚守了一个重要的承诺。在Christopher的执导下，寓意深远悠长，配乐动人心弦，将喜剧类型的魅力展现得淋漓尽致。本片是一部不可多得的佳作，展现了电影艺术的无限可能。
黎明陌生人之外 Our Love,https://movie.douban.com/subject/1001180/,Christopher Wilson,李承俊,崔英贤 / 山田健一 / 伊藤雄大 / ...,爱情 / 剧情,希腊,法语,2005-02-05(釜山电影节) / 2005-03-06(国际),135分钟,黎明陌生人之外(陆) / 黎明陌生人之外纪念版,tt7797285,8.7,702930,74.00%,14.80%,6.20%,2.60%,2.40%,《黎明陌生人之外》是一部探讨成长的烦恼的感人电影。故事发生在虚拟的网络空间，一群志同道合的朋友突破了自我的极限。在Christopher的执导下，气氛营造出色，影片画面精美，将爱情类型的魅力展现得淋漓尽致。本片让人思考良久，获得了观众的一致好评。
追寻绝望的救赎 Found Lie of the Soul,https://movie.douban.com/subject/1001181/,John Garcia,陈龙超 / 斋藤健一,赵杰文 / Robert Rodriguez / Michael Smith / ...,爱情 / 儿童,爱尔兰,法语,1987-02-27(莫斯科电影节) / 1987-02-25(国际),125分钟,追寻绝望的救赎特别版,tt1857324,7.9,127654,54.10%,27.20%,12.40%,4.10%,2.20%,《追寻绝望的救赎》是一部探讨生命的价值的细腻电影。故事发生在虚拟的网络空间，一对相爱的恋人坚守了一个重要的承诺。在John的执导下，视觉效果震撼，细节处理到位，将爱情类型的魅力展现得淋漓尽致。本片展现了人性的光辉，在国际影展上备受瞩目。
燃烧的起点的审判 Final Life,https://movie.douban.com/subject/1001182/,George Miller,周文强 / 刘华建,John Johnson / 金英贤 / James Garcia / ...,动作,土耳其,法语,2011-01-18(威尼斯电影节) / 2011-03-09(国际),250分钟,燃烧的起点的审判(港) / 燃烧的起点的审判特别版,tt8057357,6.8,11631,35.60%,34.70%,17.30%,6.00%,6.40%,《燃烧的起点的审判》是一部探讨文化的碰撞的深刻电影。故事发生在恐怖的黑暗领域，一个破碎的家庭坚守了一个重要的承诺。在George的执导下，气氛营造出色，剧情扣人心弦，将动作类型的魅力展现得淋漓尽致。本片是一部不可多得的佳作，展现了电影艺术的无限可能。
晨曦谎言的痕迹 Your Fear at Dusk,https://movie.douban.com/subject/1001183/,陈志超,吴国平,伊藤三郎 / 崔承敏 / 黄强建 / ...,剧情 / 歌舞 / 冒险,荷兰 / 奥地利,法语,1980-01-06(多伦多电影节) / 1980-02-11(国际),220分钟,晨曦谎言的痕迹4K修复版,tt5713357,7.3,88112,42.20%,33.90%,15.40%,4.60%,3.90%,《晨曦谎言的痕迹》是一部探讨记忆的珍贵的宏大电影。故事发生在末日后的废墟，一位孤独的老人经历了一次深刻的心灵洗礼。在陈志超的执导下，节奏把控精准，气氛营造出色，将剧情类型的魅力展现得淋漓尽致。本片值得反复品味，展现了电影艺术的无限可能。
黎明秘密的故事 Lost Love,https://movie.douban.com/subject/1001184/,崔智哲,James Johnson / 张智珍 / 吴鹏华,李辉国 / 金恩敏 / 崔承敏 / ...,喜剧 / 灾难 / 音乐,奥地利,西班牙语,2009-07-01(金球奖) / 2009-10-25(国际),165分钟,黎明秘密的故事(陆) / 黎明秘密的故事纪念版,tt2694145,8.2,237309,71.20%,16.70%,7.10%,2.30%,2.70%,《黎明秘密的故事》是一部探讨正义的坚守的细腻电影。故事发生在奇幻的魔法世界，一个天真的孩子面对了一场前所未有的挑战。在崔智哲的执导下，配乐动人心弦，气氛营造出色，将喜剧类型的魅力展现得淋漓尽致。本片具有很高的艺术价值，获得了观众的一致好评。
冻结的爱情之内 A Life at Dawn,https://movie.douban.com/subject/1001185/,王国伟,周鹏峰 / 张辉超 / 杨平国,Michael Johnson / 刘伟超 / George Miller / ...,剧情,俄罗斯,俄语 / 英语,2015-02-26(奥斯卡金像奖) / 2015-03-02(国际),100分钟,,tt8381771,7.7,197628,53.90%,27.90%,11.10%,3.30%,3.80%,《冻结的爱情之内》是一部探讨自由的渴望的震撼电影。故事发生在末日后的废墟，一位坚强的女性守护了珍贵的东西。在王国伟的执导下，气氛营造出色，视觉效果震撼，将剧情类型的魅力展现得淋漓尽致。本片值得反复品味，获得了观众的一致好评。
最后的遗忘 Found Love to the Future,https://movie.douban.com/subject/1001186/,赵敏浩,周平志,Steven Smith / Christopher Davis / 刘文超 / ...,动作 / 动画,荷兰,日语,2014-01-02(威尼斯电影节) / 2014-02-15(国际),105分钟,最后的遗忘(韩),tt7338958,9.1,2353254,91.60%,5%,2%,0.90%,0.50%,《最后的遗忘》是一部探讨家庭的温暖的宏大电影。故事发生在战火纷飞的年代，一对相爱的恋人跨越了时空的界限。在赵敏浩的执导下，细节处理到位，导演手法独特，将动作类型的魅力展现得淋漓尽致。本片值得反复品味，获得了观众的一致好评。
月光空间的约定 My Fear in the Dark,https://movie.douban.com/subject/1001187/,Peter Wilson,George Jones / Peter Williams,黄杰华 / 张浩秀 / 赵承承 / ...,喜剧 / 黑色电影 / 纪录片,泰国,法语,1981-03-03(釜山电影节) / 1981-05-08(国际),115分钟,月光空间的约定(台),tt4494076,6.2,6699,35.90%,35.30%,17.60%,7.60%,3.60%,《月光空间的约定》是一部探讨自由的渴望的深刻电影。故事发生在深邃的太空，一个天真的孩子改变了世界的格局。在Peter的执导下，思想内涵深刻，影片画面精美，将喜剧类型的魅力展现得淋漓尽致。本片让人思考良久，在国际影展上备受瞩目。
过去的信念的故事 Last Secret of the Soul,https://movie.douban.com/subject/1001188/,赵伟建,Steven Davis / 黄国伟 / 张秀珍,刘平辉 / 李智珍 / 佐藤大辅 / ...,剧情 / 歌舞 / 灾难,葡萄牙,日语,1993-04-28(威尼斯电影节) / 1993-05-09(国际),170分钟,过去的信念的故事(日) / 过去的信念的故事纪念版,tt8873134,9.6,1505436,92.40%,5%,2%,0.50%,0.10%,《过去的信念的故事》是一部探讨成长的烦恼的感人电影。故事发生在一个遥远的小镇，一对相爱的恋人跨越了时空的界限。在赵伟建的执导下，影片画面精美，细节处理到位，将剧情类型的魅力展现得淋漓尽致。本片温暖而治愈，获得了观众的一致好评。
城市现实的救赎 The Fear at Dusk,https://movie.douban.com/subject/1001189/,吴峰华,Peter Smith / 渡边三郎,杨平志 / 朴智恩 / 周杰强 / ...,爱情 / 恐怖,加拿大 / 新西兰,英语 / 西班牙语,2014-04-20(威尼斯电影节) / 2014-04-26(国际),175分钟,,tt6989170,7.9,111367,63.50%,19.00%,11.70%,3.10%,2.70%,《城市现实的救赎》是一部探讨生命的价值的感人电影。故事发生在深邃的太空，一对失散多年的兄弟找到了生命的真谛。在吴峰华的执导下，配乐动人心弦，剧情扣人心弦，将爱情类型的魅力展现得淋漓尽致。本片展现了人性的光辉，展现了电影艺术的无限可能。
远方的陌生人的歌声 First Hope of the Soul,https://movie.douban.com/subject/1001190/,小林三郎,小林翔太 / Paul Rodriguez / 赵智俊,陈超峰 / 刘军平 / 赵军平 / ...,脱口秀 / 剧情,埃及,日语,1983-01-08(多伦多电影节) / 1983-01-05(国际),175分钟,远方的陌生人的歌声(陆),tt2664095,6.7,28342,40.70%,33.90%,14.70%,5.20%,5.50%,《远方的陌生人的歌声》是一部探讨家庭的温暖的宏大电影。故事发生在险峻的高山之巅，一对失散多年的兄弟找到了生命的真谛。在小林三郎的执导下，视觉效果震撼，表演真挚感人，将脱口秀类型的魅力展现得淋漓尽致。本片是一部不可多得的佳作，展现了电影艺术的无限可能。
迷失的束缚之内 Lost Hope to the Future,https://movie.douban.com/subject/1001191/,Steven Garcia,Steven Garcia / 王军杰 / Peter Jones,Peter Wilson / 李贤俊 / Robert Garcia / ...,爱情 / 黑色电影 / 惊悚,捷克 / 印度 / 瑞士,英语,2003-04-15(釜山电影节) / 2003-06-07(国际),200分钟,迷失的束缚之内导演剪辑版,tt2691655,8.1,341605,57.40%,23.70%,10.40%,5.10%,3.40%,《迷失的束缚之内》是一部探讨空间的奥秘的感人电影。故事发生在宁静的乡村，一名神秘的陌生人跨越了时空的界限。在Steven的执导下，气氛营造出色，剧情扣人心弦，将爱情类型的魅力展现得淋漓尽致。本片值得推荐给所有人，展现了电影艺术的无限可能。
风雨现实之上 Lost Life,https://movie.douban.com/subject/1001192/,张辉军,林智敏,渡边三郎 / Paul Brown / 杨建国 / ...,科幻 / 恐怖 / 舞台艺术,荷兰,英语,2021-05-08(奥斯卡金像奖) / 2021-08-16(国际),220分钟,风雨现实之上(韩) / 风雨现实之上导演剪辑版,tt1609363,8.4,488752,64.80%,23.50%,6.70%,3.50%,1.50%,《风雨现实之上》是一部探讨科技的边界的宏大电影。故事发生在深邃的太空，一个破碎的家庭发现了一个惊人的真相。在张辉军的执导下，视觉效果震撼，导演手法独特，将科幻类型的魅力展现得淋漓尽致。本片展现了电影的魅力，在国际影展上备受瞩目。
冻结的灵魂之内 Their Lie at Dawn,https://movie.douban.com/subject/1001193/,王鹏华,Steven Williams,Paul Garcia / 朴浩俊 / 张峰龙 / ...,剧情 / 舞台艺术 / 运动,中国香港,粤语,1970-07-02(东京电影节) / 1970-08-03(国际),250分钟,冻结的灵魂之内(港),tt8447421,8.9,415943,80.80%,9.20%,5.00%,3.20%,1.80%,《冻结的灵魂之内》是一部探讨和平的珍贵的细腻电影。故事发生在战火纷飞的年代，一群志同道合的朋友突破了自我的极限。在王鹏华的执导下，配乐动人心弦，节奏把控精准，将剧情类型的魅力展现得淋漓尽致。本片温暖而治愈，在国际影展上备受瞩目。
沉默的束缚的传说 Found Death in the Dark,https://movie.douban.com/subject/1001194/,刘超龙,佐藤拓也 / 渡边拓也 / 斋藤三郎,刘国国 / 陈国明 / John Rodriguez / ...,爱情 / 运动 / 战争,挪威,法语,2005-08-05(莫斯科电影节) / 2005-10-14(国际),140分钟,沉默的束缚的传说修复版,tt8065281,8.4,324196,64.40%,19.80%,8.00%,5.00%,2.80%,《沉默的束缚的传说》是一部探讨爱情的真谛的细腻电影。故事发生在虚拟的网络空间，一群志同道合的朋友守护了珍贵的东西。在刘超龙的执导下，影片画面精美，寓意深远悠长，将爱情类型的魅力展现得淋漓尽致。本片值得反复品味，在国际影展上备受瞩目。
最后的敌人的抉择 Lost Hope at Dusk,https://movie.douban.com/subject/1001195/,James Jones,陈志国 / 赵强平 / 吴龙志,吴国国 / 渡边健一 / Robert Jones / ...,喜剧,匈牙利,汉语普通话,1991-06-02(东京电影节) / 1991-08-06(国际),230分钟,最后的敌人的抉择修复版,tt4399755,7.9,133515,62.60%,22.60%,8.80%,4.00%,2.00%,《最后的敌人的抉择》是一部探讨真相的揭露的细腻电影。故事发生在险峻的高山之巅，一名神秘的陌生人突破了自我的极限。在James的执导下，影片画面精美，节奏把控精准，将喜剧类型的魅力展现得淋漓尽致。本片是一部不可多得的佳作，在国际影展上备受瞩目。
迷失的敌人的传说 First Hate at Dawn,https://movie.douban.com/subject/1001196/,尹敏珍,Christopher Brown,George Johnson / George Rodriguez / Michael Brown / ...,科幻 / 黑色电影,丹麦,英语,2018-09-14(戛纳电影节) / 2018-09-26(国际),200分钟,迷失的敌人的传说(港) / 迷失的敌人的传说4K修复版,tt4601629,8.2,329800,74.00%,13.70%,7.20%,3.00%,2.10%,《迷失的敌人的传说》是一部探讨自然的敬畏的深刻电影。故事发生在战火纷飞的年代，一个破碎的家庭守护了珍贵的东西。在尹敏珍的执导下，节奏把控精准，寓意深远悠长，将科幻类型的魅力展现得淋漓尽致。本片展现了电影的魅力，在国际影展上备受瞩目。
温暖的真相之内 Lost Life at Dusk,https://movie.douban.com/subject/1001197/,Michael Garcia,James Davis / James Wilson / 崔珍恩,吴辉鹏 / 郑智承 / Paul Wilson / ...,剧情,葡萄牙 / 比利时 / 中国香港,日语,1997-07-23(金棕榈奖) / 1997-10-22(国际),190分钟,,tt3764658,7.9,68373,54.90%,30.10%,8.70%,4.40%,1.90%,《温暖的真相之内》是一部探讨自由的渴望的深刻电影。故事发生在繁华的都市，一位孤独的老人揭开了一个深藏多年的秘密。在Michael的执导下，情感表达细腻，寓意深远悠长，将剧情类型的魅力展现得淋漓尽致。本片令人难以忘怀，展现了电影艺术的无限可能。
星辰选择的歌声 A Journey to the Future,https://movie.douban.com/subject/1001198/,吴国强,James Jones / 赵俊贤,刘龙峰 / James Brown / 黄鹏明 / ...,剧情 / 动画,美国,英语 / 西班牙语,1998-08-14(圣丹斯电影节) / 1998-09-20(国际),130分钟,Choice,tt4635336,9.7,2221520,92.40%,5%,2%,0.50%,0.10%,《星辰选择的歌声》是一部探讨自由的渴望的深刻电影。故事发生在奇幻的魔法世界，一对失散多年的兄弟踏上了一段改变命运的旅程。在吴国强的执导下，思想内涵深刻，视觉效果震撼，将剧情类型的魅力展现得淋漓尽致。本片令人难以忘怀，在国际影展上备受瞩目。
城市承诺的故事 Found Truth at Dawn,https://movie.douban.com/subject/1001199/,吴国华,姜英珍,张敏恩 / 刘华建 / Michael Wilson / ...,爱情 / 武侠 / 音乐,中国大陆 / 美国 / 日本,汉语普通话 / 方言 / 法语,1976-01-17(莫斯科电影节) / 1976-02-14(国际),145分钟,,tt8795814,6.1,17196,35.30%,43.50%,12.30%,4.40%,4.50%,《城市承诺的故事》是一部探讨真相的揭露的震撼电影。故事发生在繁华的都市，一位孤独的老人发现了一个惊人的真相。在吴国华的执导下，情感表达细腻，寓意深远悠长，将爱情类型的魅力展现得淋漓尽致。本片具有很高的艺术价值，获得了观众的一致好评。
星辰真相 Last Dream from the Past,https://movie.douban.com/subject/1001200/,姜俊秀,杨杰文 / 黄平龙 / 赵平超,姜智智 / 伊藤太郎 / Christopher Davis / ...,爱情 / 冒险 / 古装,以色列,法语,1991-04-03(金棕榈奖) / 1991-05-22(国际),210分钟,星辰真相(陆) / 星辰真相加长版,tt1077149,9,641300,91.60%,5%,2%,0.60%,0.80%,《星辰真相》是一部探讨真相的揭露的深刻电影。故事发生在极地的冰雪世界，一对失散多年的兄弟改变了世界的格局。在姜俊秀的执导下，剧情扣人心弦，细节处理到位，将爱情类型的魅力展现得淋漓尽致。本片具有很高的艺术价值，展现了电影艺术的无限可能。
太阳真相的中心 Found Journey to the Future,https://movie.douban.com/subject/1001201/,黄国平,王华平 / Christopher Williams,Paul Wilson / 杨国龙 / 王明辉 / ...,动作 / 纪录片 / 舞台艺术,奥地利,汉语普通话,2013-03-09(威尼斯电影节) / 2013-03-25(国际),120分钟,太阳真相的中心(韩) / 太阳真相的中心修复版,tt6068424,8.1,233111,73.50%,16.50%,5.00%,3.30%,1.70%,《太阳真相的中心》是一部探讨自然的敬畏的感人电影。故事发生在繁华的都市，一名勇敢的战士突破了自我的极限。在黄国平的执导下，表演真挚感人，剧情扣人心弦，将动作类型的魅力展现得淋漓尽致。本片值得反复品味，在国际影展上备受瞩目。
黄昏和平的审判 Our Fear in the Dark,https://movie.douban.com/subject/1001202/,赵鹏强,刘辉军 / Christopher Williams / George Garcia,David Wilson / 陈文龙 / 中村大辅 / ...,动作,瑞典 / 法国 / 比利时,西班牙语,1988-03-13(伦敦电影节) / 1988-04-08(国际),155分钟,黄昏和平的审判加长版,tt2332591,6,9490,38.20%,43.10%,9.70%,4.00%,5.00%,《黄昏和平的审判》是一部探讨记忆的珍贵的深刻电影。故事发生在雨林的深处，一名失意的作家找到了生命的真谛。在赵鹏强的执导下，思想内涵深刻，影片画面精美，将动作类型的魅力展现得淋漓尽致。本片会成为经典之作，在国际影展上备受瞩目。
现在的起点的誓言 A Truth in the Dark,https://movie.douban.com/subject/1001203/,John Jones,David Wilson / 周文伟,李杰辉 / David Davis / 黄明文 / ...,科幻,新西兰,法语,2013-01-22(威尼斯电影节) / 2013-02-05(国际),190分钟,现在的起点的誓言(陆) / 现在的起点的誓言纪念版,tt7320098,6.8,26264,30.00%,40.80%,15.80%,5.50%,7.90%,《现在的起点的誓言》是一部探讨和平的珍贵的宏大电影。故事发生在一个遥远的小镇，一个破碎的家庭揭开了一个深藏多年的秘密。在John的执导下，思想内涵深刻，导演手法独特，将科幻类型的魅力展现得淋漓尽致。本片令人难以忘怀，获得了观众的一致好评。
远方的秘密的回声 Lost Hate,https://movie.douban.com/subject/1001204/,高桥翔太,赵英敏 / 崔英贤,李平建 / Michael Miller / 朴恩承 / ...,动作 / 纪录片,南非,汉语普通话,1983-11-07(多伦多电影节) / 1983-11-12(国际),240分钟,远方的秘密的回声4K修复版 / Secret,tt8790424,9.2,548654,92.40%,5%,2%,0.50%,0.10%,《远方的秘密的回声》是一部探讨生命的价值的细腻电影。故事发生在浪漫的海边小镇，一名神秘的陌生人完成了一次自我的救赎。在高桥翔太的执导下，寓意深远悠长，剧情扣人心弦，将动作类型的魅力展现得淋漓尽致。本片让人思考良久，获得了观众的一致好评。
午夜恐惧的中心 First Fear at Dusk,https://movie.douban.com/subject/1001205/,John Brown,周华华,David Rodriguez / Christopher Garcia / 小林诚 / ...,动画 / 科幻,匈牙利,英语,1997-01-18(威尼斯电影节) / 1997-01-20(国际),95分钟,午夜恐惧的中心(台),tt1848206,7,65241,45.70%,36.30%,9.30%,4.00%,4.70%,《午夜恐惧的中心》是一部探讨战争的残酷的细腻电影。故事发生在古代的王朝，一个破碎的家庭面对了一场前所未有的挑战。在John的执导下，气氛营造出色，剧情扣人心弦，将动画类型的魅力展现得淋漓尽致。本片值得反复品味，展现了电影艺术的无限可能。
月光自由的约定 Your Hope from the Past,https://movie.douban.com/subject/1001206/,Christopher Williams,伊藤诚 / 刘峰强,张峰华 / John Rodriguez / 朴贤恩 / ...,喜剧,俄罗斯 / 捷克,俄语 / 法语,2016-05-22(釜山电影节) / 2016-08-19(国际),110分钟,月光自由的约定(港),tt6190897,9.4,1162380,80.00%,10.00%,5.00%,2.60%,2.40%,《月光自由的约定》是一部探讨记忆的珍贵的震撼电影。故事发生在战火纷飞的年代，一个破碎的家庭完成了一次自我的救赎。在Christopher的执导下，配乐动人心弦，气氛营造出色，将喜剧类型的魅力展现得淋漓尽致。本片是一部不可多得的佳作，展现了电影艺术的无限可能。
天空陌生人的歌声 The Dream in the Dark,https://movie.douban.com/subject/1001207/,James Miller,赵英敏 / 张国龙,刘国国 / 李俊敏 / 渡边健一 / ...,剧情,巴西,葡萄牙语,2010-01-20(戛纳电影节) / 2010-03-22(国际),110分钟,,tt2999532,9.3,2702524,86.60%,5%,3.40%,3.30%,1.70%,《天空陌生人的歌声》是一部探讨梦想的追求的深刻电影。故事发生在古代的王朝，一名勇敢的战士面对了一场前所未有的挑战。在James的执导下，气氛营造出色，导演手法独特，将剧情类型的魅力展现得淋漓尽致。本片值得反复品味，获得了观众的一致好评。
过去的终点 Lost Lie at Dusk,https://movie.douban.com/subject/1001208/,Steven Davis,James Davis / 李志龙 / Robert Rodriguez,李敏敏 / Christopher Miller / 姜承贤 / ...,西部 / 动画 / 喜剧,加拿大 / 伊朗,法语 / 英语,1990-01-08(威尼斯电影节) / 1990-02-19(国际),155分钟,过去的终点(陆),tt9018493,6.9,38020,37.90%,31.60%,15.90%,9.90%,4.70%,《过去的终点》是一部探讨真相的揭露的震撼电影。故事发生在极地的冰雪世界，一对失散多年的兄弟经历了一次深刻的心灵洗礼。在Steven的执导下，剧情扣人心弦，表演真挚感人，将西部类型的魅力展现得淋漓尽致。本片展现了电影的魅力，展现了电影艺术的无限可能。
晨曦敌人的证明 First Fear,https://movie.douban.com/subject/1001209/,陈文文,周辉建,吴文伟 / Michael Davis / 赵明辉 / ...,动作,伊朗 / 匈牙利,西班牙语,2003-09-28(莫斯科电影节) / 2003-09-07(国际),110分钟,晨曦敌人的证明(韩),tt5233937,7.7,125262,58.50%,22.50%,12.30%,4.00%,2.70%,《晨曦敌人的证明》是一部探讨身份的认同的深刻电影。故事发生在古代的王朝，一群志同道合的朋友完成了一次自我的救赎。在陈文文的执导下，表演真挚感人，剧情扣人心弦，将动作类型的魅力展现得淋漓尽致。本片让人思考良久，获得了观众的一致好评。
永恒的生命的痕迹 Our Life at Dusk,https://movie.douban.com/subject/1001210/,黄志军,Michael Jones,赵辉华 / 李峰超 / Michael Williams / ...,科幻 / 历史 / 惊悚,中国香港,粤语 / 英语,1987-10-16(奥斯卡金像奖) / 1987-12-11(国际),120分钟,永恒的生命的痕迹(韩) / 永恒的生命的痕迹特别版,tt1631974,7.6,184860,59.10%,26.90%,8.10%,3.00%,2.90%,《永恒的生命的痕迹》是一部探讨自由的渴望的宏大电影。故事发生在虚拟的网络空间，一对失散多年的兄弟踏上了一段改变命运的旅程。在黄志军的执导下，导演手法独特，表演真挚感人，将科幻类型的魅力展现得淋漓尽致。本片是一部不可多得的佳作，在国际影展上备受瞩目。
未来的和平的传说 First Hope from the Past,https://movie.douban.com/subject/1001211/,小林次郎,James Davis / 杨明峰,赵超国 / 李志建 / 铃木翔太 / ...,爱情 / 神话,南非,法语,1981-07-26(柏林电影节) / 1981-07-02(国际),240分钟,,tt3458797,8.1,111505,72.90%,17.10%,5.00%,3.10%,1.90%,《未来的和平的传说》是一部探讨科技的边界的宏大电影。故事发生在广袤的沙漠，一对相爱的恋人战胜了内心的恐惧。在小林次郎的执导下，寓意深远悠长，导演手法独特，将爱情类型的魅力展现得淋漓尽致。本片展现了人性的光辉，展现了电影艺术的无限可能。
温暖的信念的约定 Found Hate from the Past,https://movie.douban.com/subject/1001212/,James Miller,Steven Davis / Robert Miller / Christopher Johnson,李志文 / 高桥三郎 / 张辉辉 / ...,喜剧 / 情色 / 音乐,美国,英语,1975-05-09(釜山电影节) / 1975-08-17(国际),150分钟,温暖的信念的约定(陆),tt9614653,6.6,30255,46.10%,29.90%,15.90%,5.00%,3.10%,《温暖的信念的约定》是一部探讨生命的价值的感人电影。故事发生在广袤的沙漠，一个破碎的家庭找到了生命的真谛。在James的执导下，寓意深远悠长，导演手法独特，将喜剧类型的魅力展现得淋漓尽致。本片温暖而治愈，展现了电影艺术的无限可能。
海洋故乡的痕迹 First Promise from the Past,https://movie.douban.com/subject/1001213/,杨平超,渡边凉平,李华辉 / 赵龙华 / George Jones / ...,剧情 / 西部,西班牙,法语,1973-04-05(东京电影节) / 1973-06-27(国际),180分钟,海洋故乡的痕迹加长版,tt5300917,8.2,314240,72.60%,17.40%,5.00%,2.30%,2.70%,《海洋故乡的痕迹》是一部探讨文化的碰撞的宏大电影。故事发生在深邃的海洋，一位智慧的导师完成了一次自我的救赎。在杨平超的执导下，细节处理到位，视觉效果震撼，将剧情类型的魅力展现得淋漓尽致。本片展现了人性的光辉，获得了观众的一致好评。
太阳信念之间 First Hope of the Soul,https://movie.douban.com/subject/1001214/,杨鹏峰,Christopher Brown / 杨龙国,Paul Williams / 李明建 / 赵鹏峰 / ...,喜剧 / 恐怖,越南,汉语普通话,2014-09-08(上海电影节) / 2014-11-01(国际),190分钟,,tt3898401,6.1,9207,40.50%,33.80%,13.80%,7.10%,4.80%,《太阳信念之间》是一部探讨生命的价值的感人电影。故事发生在虚拟的网络空间，一群志同道合的朋友完成了一次自我的救赎。在杨鹏峰的执导下，气氛营造出色，思想内涵深刻，将喜剧类型的魅力展现得淋漓尽致。本片是一部不可多得的佳作，在国际影展上备受瞩目。
现在的空间的证明 Final Dream in the Dark,https://movie.douban.com/subject/1001215/,Steven Garcia,John Brown / 黄峰华,伊藤健一 / 赵军鹏 / 张龙华 / ...,科幻 / 战争,伊朗,英语,1993-06-03(戛纳电影节) / 1993-06-11(国际),145分钟,现在的空间的证明(新),tt5615637,7,33259,51.30%,33.90%,9.80%,2.50%,2.50%,《现在的空间的证明》是一部探讨家庭的温暖的深刻电影。故事发生在广袤的沙漠，一对失散多年的兄弟守护了珍贵的东西。在Steven的执导下，表演真挚感人，情感表达细腻，将科幻类型的魅力展现得淋漓尽致。本片会成为经典之作，在国际影展上备受瞩目。
天空信念之外 Lost Truth of the Soul,https://movie.douban.com/subject/1001216/,David Johnson,Paul Miller / 陈辉国 / 高桥健一,王龙峰 / Christopher Smith / 赵峰志 / ...,剧情,中国大陆,汉语普通话,1994-02-08(釜山电影节) / 1994-04-11(国际),145分钟,天空信念之外(日) / 天空信念之外导演剪辑版,tt3702064,7,79559,54.50%,31.70%,8.80%,2.60%,2.40%,《天空信念之外》是一部探讨友谊的力量的宏大电影。故事发生在宁静的乡村，一个天真的孩子突破了自我的极限。在David的执导下，导演手法独特，影片画面精美，将剧情类型的魅力展现得淋漓尽致。本片令人难以忘怀，获得了观众的一致好评。
黎明怀疑的故事 Their Love of the Soul,https://movie.douban.com/subject/1001217/,郑哲敏,黄建志 / John Johnson,Peter Wilson / James Rodriguez / 赵明志 / ...,动画 / 爱情 / 音乐,以色列,日语,1974-10-19(圣丹斯电影节) / 1974-10-10(国际),90分钟,黎明怀疑的故事(新),tt6216627,6.8,41091,38.50%,35.10%,16.20%,4.90%,5.30%,《黎明怀疑的故事》是一部探讨空间的奥秘的感人电影。故事发生在深邃的太空，一位坚强的女性守护了珍贵的东西。在郑哲敏的执导下，配乐动人心弦，气氛营造出色，将动画类型的魅力展现得淋漓尽致。本片充满了希望与力量，获得了观众的一致好评。
孤独的束缚的中心 A Death at Dusk,https://movie.douban.com/subject/1001218/,杨超超,李贤恩 / Michael Williams / Michael Brown,黄军辉 / David Wilson / 刘文辉 / ...,科幻 / 剧情,伊朗,汉语普通话,2022-02-27(柏林电影节) / 2022-05-15(国际),155分钟,孤独的束缚的中心(日),tt2631976,8.3,450098,71.50%,18.50%,5.00%,2.20%,2.80%,《孤独的束缚的中心》是一部探讨人性的探索的震撼电影。故事发生在极地的冰雪世界，一个天真的孩子突破了自我的极限。在杨超超的执导下，节奏把控精准，视觉效果震撼，将科幻类型的魅力展现得淋漓尽致。本片展现了人性的光辉，在国际影展上备受瞩目。
过去的终点之外 The Fear in the Dark,https://movie.douban.com/subject/1001219/,赵军军,王龙国 / Peter Johnson / 周峰志,Paul Davis / Christopher Garcia / John Wilson / ...,动作 / 悬疑,以色列,英语,1984-11-06(巴黎电影节) / 1984-11-10(国际),180分钟,过去的终点之外(韩) / 过去的终点之外导演剪辑版,tt5273940,8,255058,74.10%,15.90%,5.00%,2.30%,2.70%,《过去的终点之外》是一部探讨文化的碰撞的宏大电影。故事发生在浪漫的海边小镇，一对相爱的恋人守护了珍贵的东西。在赵军军的执导下，思想内涵深刻，影片画面精美，将动作类型的魅力展现得淋漓尽致。本片令人难以忘怀，展现了电影艺术的无限可能。
午夜起点的审判 Lost Dream,https://movie.douban.com/subject/1001220/,John Brown,金俊秀 / 张俊秀 / Peter Rodriguez,李恩哲 / 杨超鹏 / 黄峰龙 / ...,科幻 / 歌舞,巴西,葡萄牙语 / 英语,2019-03-05(威尼斯电影节) / 2019-03-23(国际),135分钟,午夜起点的审判(日),tt7800941,7.5,131718,52.70%,31.80%,9.90%,3.20%,2.40%,《午夜起点的审判》是一部探讨生命的价值的细腻电影。故事发生在浪漫的海边小镇，一位孤独的老人踏上了一段改变命运的旅程。在John的执导下，气氛营造出色，表演真挚感人，将科幻类型的魅力展现得淋漓尽致。本片值得推荐给所有人，展现了电影艺术的无限可能。
晨曦远方的证明 Our Fear at Dusk,https://movie.douban.com/subject/1001221/,杨明平,中村雄大 / 周辉平 / James Rodriguez,James Williams / 陈鹏峰 / 刘文明 / ...,喜剧,以色列,英语,2014-03-01(巴黎电影节) / 2014-06-20(国际),90分钟,晨曦远方的证明(马) / 晨曦远方的证明导演剪辑版,tt8576880,8.6,379676,78.60%,11.40%,5.00%,3.10%,1.90%,《晨曦远方的证明》是一部探讨生命的价值的细腻电影。故事发生在古代的王朝，一个破碎的家庭守护了珍贵的东西。在杨明平的执导下，表演真挚感人，导演手法独特，将喜剧类型的魅力展现得淋漓尽致。本片展现了电影的魅力，获得了观众的一致好评。
午夜朋友的救赎 Lost Fear at Dusk,https://movie.douban.com/subject/1001222/,George Wilson,姜恩承 / 田中三郎 / Christopher Jones,张杰鹏 / 渡边拓也 / 李鹏国 / ...,传记 / 喜剧,印度,印地语,2005-03-03(东京电影节) / 2005-04-08(国际),180分钟,午夜朋友的救赎(日) / 午夜朋友的救赎导演剪辑版,tt8064816,8.3,202769,64.50%,18.80%,8.40%,4.60%,3.70%,《午夜朋友的救赎》是一部探讨爱情的真谛的深刻电影。故事发生在深邃的太空，一名失意的作家改变了世界的格局。在George的执导下，视觉效果震撼，情感表达细腻，将传记类型的魅力展现得淋漓尽致。本片是一部不可多得的佳作，获得了观众的一致好评。
过去的命运之上 Last Journey from the Past,https://movie.douban.com/subject/1001223/,刘国文,Paul Miller / Paul Wilson / 周辉明,杨超杰 / 赵贤秀 / David Brown / ...,情色 / 动作 / 舞台艺术,希腊 / 中国香港 / 德国,西班牙语,1986-03-03(罗马电影节) / 1986-06-13(国际),190分钟,过去的命运之上(马) / 过去的命运之上导演剪辑版,tt9167762,6.4,17468,35.30%,38.80%,15.70%,5.20%,5.00%,《过去的命运之上》是一部探讨文化的碰撞的深刻电影。故事发生在浪漫的海边小镇，一对失散多年的兄弟坚守了一个重要的承诺。在刘国文的执导下，导演手法独特，视觉效果震撼，将情色类型的魅力展现得淋漓尽致。本片展现了电影的魅力，获得了观众的一致好评。
晨曦终点之外 The Fear of the Soul,https://movie.douban.com/subject/1001224/,王超辉,黄华军 / 王华平 / 中村大辅,George Wilson / James Smith / 赵浩浩 / ...,喜剧 / 恐怖,澳大利亚 / 法国 / 韩国,英语 / 汉语普通话,2018-06-27(多伦多电影节) / 2018-08-25(国际),100分钟,晨曦终点之外(马) / 晨曦终点之外修复版,tt8857634,9.4,1054087,85.00%,5%,5.00%,2.40%,2.60%,《晨曦终点之外》是一部探讨身份的认同的震撼电影。故事发生在深邃的海洋，一群志同道合的朋友面对了一场前所未有的挑战。在王超辉的执导下，思想内涵深刻，表演真挚感人，将喜剧类型的魅力展现得淋漓尽致。本片是一部不可多得的佳作，展现了电影艺术的无限可能。
眼前的远方的旅程 Their Dream,https://movie.douban.com/subject/1001225/,周伟志,Steven Rodriguez / 山田雄大,George Miller / 杨鹏军 / 周明明 / ...,喜剧 / 家庭 / 战争,南非 / 芬兰,法语,2007-01-19(柏林电影节) / 2007-01-03(国际),220分钟,眼前的远方的旅程(港) / Journey,tt9532107,7.8,157126,47.80%,29.60%,11.60%,7.60%,3.40%,《眼前的远方的旅程》是一部探讨生命的价值的宏大电影。故事发生在虚拟的网络空间，一位孤独的老人找到了生命的真谛。在周伟志的执导下，配乐动人心弦，视觉效果震撼，将喜剧类型的魅力展现得淋漓尽致。本片充满了希望与力量，展现了电影艺术的无限可能。
晨曦黑暗的回声 A Life to the Future,https://movie.douban.com/subject/1001226/,周志强,吴龙峰,Robert Jones / 佐藤大辅 / 刘鹏建 / ...,悬疑 / 历史 / 喜剧,新西兰,法语,1979-01-15(东京电影节) / 1979-02-08(国际),110分钟,,tt5126591,6,14692,36.30%,41.10%,15.70%,4.10%,2.80%,《晨曦黑暗的回声》是一部探讨文化的碰撞的深刻电影。故事发生在繁华的都市，一位坚强的女性经历了一次深刻的心灵洗礼。在周志强的执导下，导演手法独特，影片画面精美，将悬疑类型的魅力展现得淋漓尽致。本片值得反复品味，获得了观众的一致好评。
黎明空间的回声 Your Love at Dusk,https://movie.douban.com/subject/1001227/,杨辉军,赵建强 / James Smith / 高桥翔太,Steven Wilson / 周国军 / 黄辉军 / ...,科幻 / 历史,捷克,日语,1988-10-09(奥斯卡金像奖) / 1988-10-08(国际),210分钟,黎明空间的回声(新) / 黎明空间的回声特别版,tt5449495,9.1,2116399,80.20%,9.80%,5.00%,2.60%,2.40%,《黎明空间的回声》是一部探讨科技的边界的细腻电影。故事发生在恐怖的黑暗领域，一群志同道合的朋友踏上了一段改变命运的旅程。在杨辉军的执导下，情感表达细腻，细节处理到位，将科幻类型的魅力展现得淋漓尽致。本片具有很高的艺术价值，展现了电影艺术的无限可能。
沉默的故乡的审判 Our Fear in the Dark,https://movie.douban.com/subject/1001228/,陈建文,佐藤凉平,黄鹏建 / 小林三郎 / Paul Williams / ...,情色 / 剧情,日本,日语 / 英语,2011-06-16(罗马电影节) / 2011-09-23(国际),165分钟,沉默的故乡的审判(日),tt3662112,7.6,192002,56.40%,23.00%,13.40%,4.60%,2.60%,《沉默的故乡的审判》是一部探讨科技的边界的宏大电影。故事发生在恐怖的黑暗领域，一名失意的作家面对了一场前所未有的挑战。在陈建文的执导下，视觉效果震撼，剧情扣人心弦，将情色类型的魅力展现得淋漓尽致。本片会成为经典之作，在国际影展上备受瞩目。
眼前的秘密的救赎 My Lie at Dusk,https://movie.douban.com/subject/1001229/,陈杰平,张哲珍,周文龙 / 李超龙 / 高桥雄大 / ...,剧情 / 脱口秀,中国大陆,汉语普通话 / 方言,1999-05-05(上海电影节) / 1999-05-12(国际),150分钟,眼前的秘密的救赎导演剪辑版,tt2927753,9.7,2587775,90.70%,5%,2%,1.20%,1.10%,《眼前的秘密的救赎》是一部探讨科技的边界的细腻电影。故事发生在深邃的太空，一位孤独的老人改变了世界的格局。在陈杰平的执导下，剧情扣人心弦，节奏把控精准，将剧情类型的魅力展现得淋漓尽致。本片展现了电影的魅力，展现了电影艺术的无限可能。
远方的远方 Our Hate at Dawn,https://movie.douban.com/subject/1001230/,Paul Jones,Christopher Davis / 赵志伟 / 杨明明,周明志 / 陈伟强 / 陈文军 / ...,家庭 / 运动 / 喜剧,以色列,汉语普通话,2006-01-02(金球奖) / 2006-01-21(国际),240分钟,远方的远方(新) / 远方的远方4K修复版,tt7216963,7.8,97225,56.80%,21.90%,13.50%,4.60%,3.20%,《远方的远方》是一部探讨自由的渴望的震撼电影。故事发生在古代的王朝，一位坚强的女性完成了一次自我的救赎。在Paul的执导下，配乐动人心弦，思想内涵深刻，将家庭类型的魅力展现得淋漓尽致。本片温暖而治愈，展现了电影艺术的无限可能。
冰冷的怀疑的歌声 Found Promise of the Soul,https://movie.douban.com/subject/1001231/,杨军超,Steven Williams,张强辉 / 郑浩英 / 铃木次郎 / ...,爱情 / 纪录片,墨西哥 / 爱尔兰 / 奥地利,西班牙语 / 英语 / 法语,2004-01-04(伦敦电影节) / 2004-03-06(国际),125分钟,冰冷的怀疑的歌声(日) / 冰冷的怀疑的歌声纪念版,tt9214099,6.2,12084,47.70%,31.70%,13.10%,3.60%,3.90%,《冰冷的怀疑的歌声》是一部探讨科技的边界的宏大电影。故事发生在浪漫的海边小镇，一位孤独的老人突破了自我的极限。在杨军超的执导下，视觉效果震撼，细节处理到位，将爱情类型的魅力展现得淋漓尽致。本片温暖而治愈，在国际影展上备受瞩目。
冰冷的希望的审判 Found Hope in the Dark,https://movie.douban.com/subject/1001232/,吴志明,杨军峰 / George Wilson,尹珍浩 / Steven Williams / 小林大辅 / ...,喜剧 / 动画,日本,日语 / 英语,1994-03-12(上海电影节) / 1994-06-22(国际),120分钟,冰冷的希望的审判特别版,tt3622250,6.3,16980,40.60%,40.60%,11.70%,2.90%,4.20%,《冰冷的希望的审判》是一部探讨正义的坚守的宏大电影。故事发生在古代的王朝，一位坚强的女性突破了自我的极限。在吴志明的执导下，剧情扣人心弦，气氛营造出色，将喜剧类型的魅力展现得淋漓尽致。本片令人难以忘怀，展现了电影艺术的无限可能。
午夜勇气 A Lie at Dusk,https://movie.douban.com/subject/1001233/,铃木三郎,Peter Garcia / 王军志 / Michael Brown,高桥雄大 / 杨伟平 / 朴恩英 / ...,科幻,阿根廷,西班牙语,1984-02-24(威尼斯电影节) / 1984-03-05(国际),140分钟,午夜勇气(韩),tt2808806,8.8,752123,70.40%,19.60%,5.00%,3.30%,1.70%,《午夜勇气》是一部探讨人性的探索的细腻电影。故事发生在宁静的乡村，一名神秘的陌生人改变了世界的格局。在铃木三郎的执导下，寓意深远悠长，思想内涵深刻，将科幻类型的魅力展现得淋漓尽致。本片充满了希望与力量，获得了观众的一致好评。
城市远方之间 A Secret,https://movie.douban.com/subject/1001234/,佐藤健一,John Smith / Steven Johnson / 张辉文,杨明杰 / 山田雄大 / 赵超辉 / ...,爱情 / 动画 / 舞台艺术,芬兰,日语,2016-10-14(多伦多电影节) / 2016-10-02(国际),175分钟,城市远方之间(陆),tt7376814,9.5,2848197,91.70%,5%,2%,0.70%,0.60%,《城市远方之间》是一部探讨命运的挑战的细腻电影。故事发生在宁静的乡村，一名神秘的陌生人守护了珍贵的东西。在佐藤健一的执导下，气氛营造出色，导演手法独特，将爱情类型的魅力展现得淋漓尽致。本片令人难以忘怀，在国际影展上备受瞩目。
午夜爱情之上 Our Dream in the Dark,https://movie.douban.com/subject/1001235/,铃木凉平,伊藤次郎 / 铃木次郎 / 杨平志,David Johnson / 王峰伟 / Paul Miller / ...,动作 / 奇幻,埃及,汉语普通话,1998-01-07(莫斯科电影节) / 1998-02-23(国际),135分钟,午夜爱情之上(日) / 午夜爱情之上4K修复版,tt6951439,9.6,1060195,88.20%,5%,2%,2.70%,2.10%,《午夜爱情之上》是一部探讨身份的认同的宏大电影。故事发生在浪漫的海边小镇，一个破碎的家庭守护了珍贵的东西。在铃木凉平的执导下，配乐动人心弦，思想内涵深刻，将动作类型的魅力展现得淋漓尽致。本片是一部不可多得的佳作，在国际影展上备受瞩目。
孤独的恐惧的痕迹 Their Journey in the Dark,https://movie.douban.com/subject/1001236/,John Jones,David Smith / Christopher Wilson,王明峰 / 赵伟超 / 吴平明 / ...,爱情,奥地利 / 加拿大,英语,2024-08-22(奥斯卡金像奖) / 2024-09-01(国际),210分钟,,tt7399935,6.6,45818,37.20%,39.50%,14.40%,5.90%,3.00%,《孤独的恐惧的痕迹》是一部探讨友谊的力量的细腻电影。故事发生在险峻的高山之巅，一名神秘的陌生人跨越了时空的界限。在John的执导下，视觉效果震撼，思想内涵深刻，将爱情类型的魅力展现得淋漓尽致。本片具有很高的艺术价值，获得了观众的一致好评。
追寻肉体的传说 First Fear to the Future,https://movie.douban.com/subject/1001237/,David Garcia,周国军,铃木雄大 / 吴建平 / Christopher Jones / ...,剧情 / 舞台艺术,阿根廷,汉语普通话,1992-01-27(釜山电影节) / 1992-02-20(国际),125分钟,追寻肉体的传说导演剪辑版,tt4616898,8.1,162095,59.40%,21.40%,12.00%,4.10%,3.10%,《追寻肉体的传说》是一部探讨文化的碰撞的感人电影。故事发生在极地的冰雪世界，一个破碎的家庭守护了珍贵的东西。在David的执导下，节奏把控精准，影片画面精美，将剧情类型的魅力展现得淋漓尽致。本片温暖而治愈，展现了电影艺术的无限可能。
海洋战争之下 Their Lie in the Dark,https://movie.douban.com/subject/1001238/,张辉龙,王辉鹏 / 吴杰文,George Brown / 刘峰伟 / 张辉强 / ...,科幻,日本,日语,1978-08-22(巴黎电影节) / 1978-11-03(国际),125分钟,海洋战争之下(日) / 海洋战争之下特别版,tt8472698,6.3,6669,32.00%,41.10%,18.40%,4.70%,3.80%,《海洋战争之下》是一部探讨时间的意义的深刻电影。故事发生在战火纷飞的年代，一对相爱的恋人完成了一次自我的救赎。在张辉龙的执导下，情感表达细腻，表演真挚感人，将科幻类型的魅力展现得淋漓尽致。本片触动人心深处，获得了观众的一致好评。
迷失的战争之间 The Lie,https://movie.douban.com/subject/1001239/,张文平,张鹏超,George Smith / Robert Smith / 周文超 / ...,科幻,俄罗斯,俄语,1981-11-22(圣丹斯电影节) / 1981-11-19(国际),160分钟,迷失的战争之间(韩) / 迷失的战争之间修复版,tt5508285,8.3,347361,68.00%,20.90%,5.80%,3.70%,1.60%,《迷失的战争之间》是一部探讨家庭的温暖的细腻电影。故事发生在一个遥远的小镇，一名失意的作家发现了一个惊人的真相。在张文平的执导下，节奏把控精准，剧情扣人心弦，将科幻类型的魅力展现得淋漓尽致。本片充满了希望与力量，展现了电影艺术的无限可能。
现在的遗忘之下 Their Secret in the Dark,https://movie.douban.com/subject/1001240/,周峰强,黄峰文 / 李辉超 / 张华杰,姜恩秀 / 朴敏哲 / 铃木健一 / ...,喜剧,墨西哥,西班牙语 / 英语,1990-01-27(罗马电影节) / 1990-03-08(国际),120分钟,现在的遗忘之下(台),tt2253002,9.2,2917217,92.40%,5%,2%,0.50%,0.10%,《现在的遗忘之下》是一部探讨梦想的追求的震撼电影。故事发生在深邃的太空，一名神秘的陌生人坚守了一个重要的承诺。在周峰强的执导下，视觉效果震撼，气氛营造出色，将喜剧类型的魅力展现得淋漓尽致。本片值得反复品味，展现了电影艺术的无限可能。
城市真相的救赎 Our Fear,https://movie.douban.com/subject/1001241/,渡边翔太,杨龙超 / Robert Wilson,John Miller / Michael Brown / 吴明杰 / ...,动作,匈牙利,法语,1982-01-14(多伦多电影节) / 1982-02-14(国际),115分钟,城市真相的救赎(马) / 城市真相的救赎特别版,tt3802271,6.5,39330,41.40%,33.30%,13.80%,5.00%,6.50%,《城市真相的救赎》是一部探讨家庭的温暖的宏大电影。故事发生在神秘的异域，一个天真的孩子揭开了一个深藏多年的秘密。在渡边翔太的执导下，思想内涵深刻，情感表达细腻，将动作类型的魅力展现得淋漓尽致。本片温暖而治愈，获得了观众的一致好评。
现在的希望的回声 Their Lie,https://movie.douban.com/subject/1001242/,Steven Miller,Paul Garcia / George Garcia / Christopher Johnson,陈辉龙 / 张文辉 / 吴龙军 / ...,科幻 / 儿童,荷兰 / 南非 / 芬兰,日语,2001-02-08(东京电影节) / 2001-03-16(国际),170分钟,现在的希望的回声4K修复版,tt8215699,6.8,40107,34.50%,38.60%,18.70%,3.60%,4.60%,《现在的希望的回声》是一部探讨家庭的温暖的宏大电影。故事发生在深邃的海洋，一位坚强的女性实现了曾经的梦想。在Steven的执导下，情感表达细腻，剧情扣人心弦，将科幻类型的魅力展现得淋漓尽致。本片值得反复品味，获得了观众的一致好评。
最后的敌人之上 Our Secret at Dusk,https://movie.douban.com/subject/1001243/,杨超华,周国国 / 黄鹏明 / Paul Smith,姜贤敏 / 王明文 / 王峰超 / ...,剧情 / 舞台艺术 / 灾难,葡萄牙,法语,1999-04-10(釜山电影节) / 1999-07-16(国际),125分钟,最后的敌人之上(日),tt7063500,9,1930018,86.40%,5%,3.60%,3.10%,1.90%,《最后的敌人之上》是一部探讨成长的烦恼的宏大电影。故事发生在古代的王朝，一群志同道合的朋友实现了曾经的梦想。在杨超华的执导下，情感表达细腻，寓意深远悠长，将剧情类型的魅力展现得淋漓尽致。本片值得推荐给所有人，获得了观众的一致好评。
遗忘的远方的证明 Last Promise at Dawn,https://movie.douban.com/subject/1001244/,周军强,Michael Johnson / David Rodriguez / Paul Brown,杨明超 / 林珍浩 / 刘国龙 / ...,剧情 / 脱口秀 / 灾难,泰国,汉语普通话,1985-01-27(威尼斯电影节) / 1985-02-21(国际),210分钟,,tt9850781,9.4,2033045,84.10%,5.90%,5.00%,3.10%,1.90%,《遗忘的远方的证明》是一部探讨人性的探索的细腻电影。故事发生在战火纷飞的年代，一位孤独的老人改变了世界的格局。在周军强的执导下，气氛营造出色，影片画面精美，将剧情类型的魅力展现得淋漓尽致。本片温暖而治愈，展现了电影艺术的无限可能。
沉默的灵魂之下 Last Truth at Dusk,https://movie.douban.com/subject/1001245/,赵超国,高桥三郎,杨超国 / 刘国峰 / 刘平鹏 / ...,动作 / 歌舞 / 神话,瑞士,汉语普通话,2017-04-11(东京电影节) / 2017-04-27(国际),210分钟,沉默的灵魂之下(新),tt7984408,7.8,137183,52.50%,26.30%,14.30%,4.20%,2.70%,《沉默的灵魂之下》是一部探讨正义的坚守的震撼电影。故事发生在一个遥远的小镇，一名勇敢的战士跨越了时空的界限。在赵超国的执导下，视觉效果震撼，细节处理到位，将动作类型的魅力展现得淋漓尽致。本片温暖而治愈，获得了观众的一致好评。
太阳束缚之下 Lost Journey in the Dark,https://movie.douban.com/subject/1001246/,Peter Rodriguez,吴文杰 / Christopher Davis / 陈强超,陈华超 / 朴英珍 / 黄强峰 / ...,科幻,波兰,法语,1987-02-19(柏林电影节) / 1987-02-17(国际),165分钟,太阳束缚之下(马) / 太阳束缚之下纪念版,tt1851787,8.9,668288,80.60%,9.40%,5.00%,2.60%,2.40%,《太阳束缚之下》是一部探讨记忆的珍贵的深刻电影。故事发生在恐怖的黑暗领域，一名勇敢的战士面对了一场前所未有的挑战。在Peter的执导下，表演真挚感人，思想内涵深刻，将科幻类型的魅力展现得淋漓尽致。本片令人难以忘怀，在国际影展上备受瞩目。
城市英雄的救赎 Final Journey,https://movie.douban.com/subject/1001247/,郑浩恩,吴文强 / Robert Johnson,田中翔太 / 中村翔太 / 小林太郎 / ...,科幻,芬兰,日语,2018-02-08(莫斯科电影节) / 2018-05-09(国际),115分钟,城市英雄的救赎(港) / 城市英雄的救赎加长版 / Hero,tt4951432,6.9,43399,41.00%,36.60%,14.90%,4.80%,2.70%,《城市英雄的救赎》是一部探讨身份的认同的深刻电影。故事发生在繁华的都市，一对相爱的恋人突破了自我的极限。在郑浩恩的执导下，节奏把控精准，剧情扣人心弦，将科幻类型的魅力展现得淋漓尽致。本片值得反复品味，在国际影展上备受瞩目。
太阳绝望的证明 Your Promise in the Dark,https://movie.douban.com/subject/1001248/,David Brown,John Wilson / 赵文辉 / 朴哲哲,赵军强 / 田中健一 / 铃木太郎 / ...,科幻,德国,德语 / 英语,2017-04-13(多伦多电影节) / 2017-07-01(国际),165分钟,太阳绝望的证明(马),tt6338138,8.8,565388,77.80%,12.20%,5.00%,3.10%,1.90%,《太阳绝望的证明》是一部探讨战争的残酷的震撼电影。故事发生在战火纷飞的年代，一群志同道合的朋友完成了一次自我的救赎。在David的执导下，思想内涵深刻，表演真挚感人，将科幻类型的魅力展现得淋漓尽致。本片值得推荐给所有人，展现了电影艺术的无限可能。
眼前的遗忘的抉择 Their Secret from the Past,https://movie.douban.com/subject/1001249/,Robert Rodriguez,赵国志 / 小林健一 / Michael Johnson,Christopher Jones / 李秀英 / 斋藤太郎 / ...,剧情 / 恐怖,土耳其 / 南非 / 德国,日语,1980-01-06(釜山电影节) / 1980-02-26(国际),185分钟,眼前的遗忘的抉择(日) / 眼前的遗忘的抉择特别版,tt7201336,8.5,964442,73.50%,16.50%,5.00%,2.80%,2.20%,《眼前的遗忘的抉择》是一部探讨战争的残酷的宏大电影。故事发生在深邃的海洋，一位年轻的冒险家踏上了一段改变命运的旅程。在Robert的执导下，导演手法独特，节奏把控精准，将剧情类型的魅力展现得淋漓尽致。本片具有很高的艺术价值，展现了电影艺术的无限可能。
迷失的灵魂的救赎 First Journey,https://movie.douban.com/subject/1001250/,Christopher Jones,George Rodriguez,Paul Williams / 李华志 / Michael Miller / ...,剧情,葡萄牙,法语,2004-06-23(伦敦电影节) / 2004-08-16(国际),230分钟,迷失的灵魂的救赎(韩),tt1430429,8.5,567740,79.40%,10.60%,5.00%,3.10%,1.90%,《迷失的灵魂的救赎》是一部探讨自由的渴望的感人电影。故事发生在一个遥远的小镇，一对失散多年的兄弟踏上了一段改变命运的旅程。在Christopher的执导下，影片画面精美，情感表达细腻，将剧情类型的魅力展现得淋漓尽致。本片展现了电影的魅力，在国际影展上备受瞩目。
燃烧的记忆的传说 Last Death to the Future,https://movie.douban.com/subject/1001251/,Peter Brown,张贤智,Christopher Johnson / 伊藤翔太 / Robert Wilson / ...,科幻 / 动画 / 家庭,印度,印地语 / 英语,1981-06-26(柏林电影节) / 1981-08-27(国际),190分钟,燃烧的记忆的传说(陆) / 燃烧的记忆的传说加长版,tt7343103,7.3,85172,46.70%,31.20%,14.60%,3.00%,4.50%,《燃烧的记忆的传说》是一部探讨和平的珍贵的宏大电影。故事发生在虚拟的网络空间，一名神秘的陌生人突破了自我的极限。在Peter的执导下，视觉效果震撼，剧情扣人心弦，将科幻类型的魅力展现得淋漓尽致。本片展现了电影的魅力，获得了观众的一致好评。
燃烧的家庭之下 Our Hate from the Past,https://movie.douban.com/subject/1001252/,王辉杰,伊藤大辅 / 张辉辉 / 李峰明,周平华 / James Johnson / 金秀恩 / ...,科幻 / 战争,巴西,葡萄牙语 / 英语,1988-09-13(罗马电影节) / 1988-10-02(国际),125分钟,燃烧的家庭之下(日),tt7390431,9.6,1653684,88.00%,5%,2%,2.90%,2.10%,《燃烧的家庭之下》是一部探讨命运的挑战的细腻电影。故事发生在雨林的深处，一名神秘的陌生人坚守了一个重要的承诺。在王辉杰的执导下，寓意深远悠长，情感表达细腻，将科幻类型的魅力展现得淋漓尽致。本片值得推荐给所有人，在国际影展上备受瞩目。
冻结的信念的故事 Our Journey in the Dark,https://movie.douban.com/subject/1001253/,林贤英,李志杰,David Rodriguez / 黄明峰 / 王强明 / ...,科幻,西班牙,汉语普通话,1977-01-15(伦敦电影节) / 1977-01-19(国际),130分钟,冻结的信念的故事(陆) / 冻结的信念的故事加长版,tt8576092,7.3,46661,54.90%,25.40%,10.60%,3.90%,5.20%,《冻结的信念的故事》是一部探讨记忆的珍贵的深刻电影。故事发生在繁华的都市，一名失意的作家踏上了一段改变命运的旅程。在林贤英的执导下，细节处理到位，情感表达细腻，将科幻类型的魅力展现得淋漓尽致。本片展现了电影的魅力，在国际影展上备受瞩目。
温暖的和平的歌声 Final Promise at Dawn,https://movie.douban.com/subject/1001254/,Michael Davis,吴辉杰,Paul Davis / 王华杰 / 吴强军 / ...,剧情,意大利,意大利语 / 英语,2021-05-03(釜山电影节) / 2021-08-07(国际),240分钟,温暖的和平的歌声(港) / 温暖的和平的歌声特别版,tt6530451,9.3,2388864,92.40%,5%,2%,0.50%,0.10%,《温暖的和平的歌声》是一部探讨战争的残酷的宏大电影。故事发生在极地的冰雪世界，一名勇敢的战士完成了一次自我的救赎。在Michael的执导下，细节处理到位，视觉效果震撼，将剧情类型的魅力展现得淋漓尽致。本片是一部不可多得的佳作，展现了电影艺术的无限可能。
记忆中的时间的边缘 The Truth to the Future,https://movie.douban.com/subject/1001255/,赵军文,李敏秀,James Wilson / Steven Wilson / 小林雄大 / ...,喜剧 / 音乐 / 舞台艺术,新西兰,汉语普通话,1977-08-08(金球奖) / 1977-10-20(国际),95分钟,记忆中的时间的边缘(马),tt3840703,6.7,15889,39.60%,36.30%,15.30%,5.40%,3.40%,《记忆中的时间的边缘》是一部探讨科技的边界的深刻电影。故事发生在虚拟的网络空间，一名神秘的陌生人揭开了一个深藏多年的秘密。在赵军文的执导下，表演真挚感人，导演手法独特，将喜剧类型的魅力展现得淋漓尽致。本片令人难以忘怀，获得了观众的一致好评。
记忆中的信念的证明 The Journey at Dusk,https://movie.douban.com/subject/1001256/,James Rodriguez,刘国军 / 林恩珍,姜智恩 / 中村诚 / 赵文华 / ...,爱情,新西兰,法语,1991-10-06(柏林电影节) / 1991-12-11(国际),210分钟,记忆中的信念的证明(马),tt6436534,9.7,976805,92.00%,5%,2%,0.50%,0.50%,《记忆中的信念的证明》是一部探讨空间的奥秘的感人电影。故事发生在宁静的乡村，一位孤独的老人实现了曾经的梦想。在James的执导下，导演手法独特，情感表达细腻，将爱情类型的魅力展现得淋漓尽致。本片是一部不可多得的佳作，展现了电影艺术的无限可能。
沉默的爱情的歌声 Your Hope of the Soul,https://movie.douban.com/subject/1001257/,崔哲浩,周伟伟 / 李辉文 / 李建杰,Steven Davis / Michael Garcia / 斋藤凉平 / ...,剧情 / 神话 / 真人秀,越南 / 中国大陆,日语,2002-01-26(柏林电影节) / 2002-02-08(国际),95分钟,沉默的爱情的歌声修复版,tt5882044,8.4,296676,75.10%,14.20%,5.70%,2.50%,2.50%,《沉默的爱情的歌声》是一部探讨命运的挑战的震撼电影。故事发生在浪漫的海边小镇，一群志同道合的朋友突破了自我的极限。在崔哲浩的执导下，寓意深远悠长，气氛营造出色，将剧情类型的魅力展现得淋漓尽致。本片让人思考良久，获得了观众的一致好评。
黄昏敌人之上 The Journey at Dawn,https://movie.douban.com/subject/1001258/,李军峰,田中次郎,Peter Rodriguez / 王峰文 / 黄峰国 / ...,剧情 / 惊悚,比利时,汉语普通话,1988-06-21(巴黎电影节) / 1988-07-18(国际),180分钟,黄昏敌人之上特别版,tt7634300,7.7,134850,55.80%,29.90%,9.30%,2.30%,2.70%,《黄昏敌人之上》是一部探讨战争的残酷的震撼电影。故事发生在未来的世界，一个天真的孩子发现了一个惊人的真相。在李军峰的执导下，节奏把控精准，导演手法独特，将剧情类型的魅力展现得淋漓尽致。本片是一部不可多得的佳作，展现了电影艺术的无限可能。
星辰光明的旅程 Lost Promise of the Soul,https://movie.douban.com/subject/1001259/,George Garcia,铃木翔太 / 张华杰 / 伊藤凉平,吴杰军 / 金浩英 / 中村健一 / ...,喜剧 / 真人秀,匈牙利,日语,2020-07-24(巴黎电影节) / 2020-10-12(国际),110分钟,星辰光明的旅程(陆),tt4633068,9.1,2874761,89.70%,5%,2%,1.80%,1.50%,《星辰光明的旅程》是一部探讨成长的烦恼的深刻电影。故事发生在深邃的海洋，一对相爱的恋人完成了一次自我的救赎。在George的执导下，剧情扣人心弦，情感表达细腻，将喜剧类型的魅力展现得淋漓尽致。本片温暖而治愈，获得了观众的一致好评。
海洋束缚 Lost Promise to the Future,https://movie.douban.com/subject/1001260/,Paul Wilson,陈峰伟 / 赵杰志,John Johnson / 李明龙 / 金承珍 / ...,喜剧 / 儿童,德国,德语,1982-07-27(上海电影节) / 1982-08-03(国际),240分钟,,tt5004593,7.1,33768,44.70%,33.30%,15.30%,3.10%,3.60%,《海洋束缚》是一部探讨正义的坚守的震撼电影。故事发生在极地的冰雪世界，一个天真的孩子战胜了内心的恐惧。在Paul的执导下，导演手法独特，节奏把控精准，将喜剧类型的魅力展现得淋漓尽致。本片值得反复品味，在国际影展上备受瞩目。
远方的英雄的旅程 Our Truth of the Soul,https://movie.douban.com/subject/1001261/,渡边次郎,George Wilson,Christopher Garcia / 赵志杰 / 周超辉 / ...,动作 / 纪录片,匈牙利,西班牙语,2020-09-12(罗马电影节) / 2020-09-26(国际),95分钟,远方的英雄的旅程修复版,tt9427970,9.6,2453671,80.40%,9.60%,5.00%,2.50%,2.50%,《远方的英雄的旅程》是一部探讨成长的烦恼的感人电影。故事发生在深邃的海洋，一对失散多年的兄弟面对了一场前所未有的挑战。在渡边次郎的执导下，节奏把控精准，剧情扣人心弦，将动作类型的魅力展现得淋漓尽致。本片让人思考良久，获得了观众的一致好评。
现在的希望的抉择 The Fear in the Dark,https://movie.douban.com/subject/1001262/,赵杰超,John Williams / John Jones,James Brown / 尹智英 / Peter Rodriguez / ...,爱情,挪威,日语,2003-03-04(圣丹斯电影节) / 2003-04-27(国际),240分钟,现在的希望的抉择(日) / 现在的希望的抉择特别版,tt3335970,7.1,73794,41.40%,30.40%,18.60%,6.00%,3.60%,《现在的希望的抉择》是一部探讨生命的价值的深刻电影。故事发生在恐怖的黑暗领域，一个破碎的家庭坚守了一个重要的承诺。在赵杰超的执导下，节奏把控精准，剧情扣人心弦，将爱情类型的魅力展现得淋漓尽致。本片展现了电影的魅力，获得了观众的一致好评。
午夜选择的痕迹 A Promise in the Dark,https://movie.douban.com/subject/1001263/,王峰杰,George Smith / 陈鹏龙 / Christopher Wilson,Peter Rodriguez / 金珍承 / Christopher Wilson / ...,动作 / 历史,挪威,法语,2012-05-05(金球奖) / 2012-07-03(国际),95分钟,午夜选择的痕迹(日) / Choice,tt3575871,7.6,150352,55.90%,22.10%,14.40%,3.90%,3.70%,《午夜选择的痕迹》是一部探讨友谊的力量的宏大电影。故事发生在宁静的乡村，一群志同道合的朋友发现了一个惊人的真相。在王峰杰的执导下，配乐动人心弦，影片画面精美，将动作类型的魅力展现得淋漓尽致。本片具有很高的艺术价值，获得了观众的一致好评。
冰冷的远方的抉择 A Lie in the Dark,https://movie.douban.com/subject/1001264/,张伟华,George Smith / 金贤承 / 金贤敏,中村健一 / Christopher Johnson / 刘龙杰 / ...,科幻 / 舞台艺术 / 西部,加拿大 / 伊朗 / 南非,法语 / 英语,1989-10-15(伦敦电影节) / 1989-10-13(国际),110分钟,冰冷的远方的抉择(港),tt5026814,9.1,1775893,84.60%,5.40%,5.00%,2.10%,2.90%,《冰冷的远方的抉择》是一部探讨人性的探索的深刻电影。故事发生在末日后的废墟，一位年轻的冒险家揭开了一个深藏多年的秘密。在张伟华的执导下，思想内涵深刻，配乐动人心弦，将科幻类型的魅力展现得淋漓尽致。本片展现了人性的光辉，在国际影展上备受瞩目。
黄昏现实的中心 Our Death in the Dark,https://movie.douban.com/subject/1001265/,George Rodriguez,杨国峰,尹英恩 / 张明华 / David Smith / ...,动作 / 短片,印度,印地语 / 英语,2000-01-02(伦敦电影节) / 2000-04-27(国际),150分钟,黄昏现实的中心4K修复版,tt3927209,9.6,1170954,85.90%,5%,4.10%,2.90%,2.10%,《黄昏现实的中心》是一部探讨命运的挑战的震撼电影。故事发生在广袤的沙漠，一位年轻的冒险家守护了珍贵的东西。在George的执导下，剧情扣人心弦，导演手法独特，将动作类型的魅力展现得淋漓尽致。本片让人思考良久，展现了电影艺术的无限可能。
远方的遗忘的传说 Your Lie from the Past,https://movie.douban.com/subject/1001266/,杨鹏伟,Christopher Miller / 张国平,赵平龙 / John Wilson / 黄国建 / ...,喜剧 / 舞台艺术,意大利,意大利语 / 英语,1979-03-11(上海电影节) / 1979-06-24(国际),165分钟,远方的遗忘的传说(新),tt3269945,8,220475,62.40%,24.30%,8.30%,3.40%,1.60%,《远方的遗忘的传说》是一部探讨战争的残酷的震撼电影。故事发生在神秘的异域，一个破碎的家庭实现了曾经的梦想。在杨鹏伟的执导下，视觉效果震撼，配乐动人心弦，将喜剧类型的魅力展现得淋漓尽致。本片温暖而治愈，展现了电影艺术的无限可能。
晨曦怀疑的边缘 Found Love to the Future,https://movie.douban.com/subject/1001267/,Christopher Rodriguez,Paul Jones / 赵志伟 / 金敏哲,李杰华 / 吴鹏明 / 杨辉明 / ...,爱情 / 奇幻 / 舞台艺术,以色列,法语,1998-08-01(伦敦电影节) / 1998-08-24(国际),150分钟,晨曦怀疑的边缘(韩),tt6617747,6.4,7090,40.70%,37.40%,12.50%,5.10%,4.30%,《晨曦怀疑的边缘》是一部探讨命运的挑战的震撼电影。故事发生在奇幻的魔法世界，一群志同道合的朋友踏上了一段改变命运的旅程。在Christopher的执导下，寓意深远悠长，表演真挚感人，将爱情类型的魅力展现得淋漓尽致。本片充满了希望与力量，获得了观众的一致好评。
孤独的光明的誓言 Your Fear in the Dark,https://movie.douban.com/subject/1001268/,山田健一,赵智秀 / 吴军华,黄文伟 / Steven Jones / George Johnson / ...,剧情,澳大利亚 / 伊朗 / 美国,英语,1975-05-01(釜山电影节) / 1975-07-02(国际),185分钟,孤独的光明的誓言(马),tt1580548,8.8,860046,78.40%,11.60%,5.00%,2.00%,3.00%,《孤独的光明的誓言》是一部探讨和平的珍贵的感人电影。故事发生在未来的世界，一群志同道合的朋友踏上了一段改变命运的旅程。在山田健一的执导下，寓意深远悠长，气氛营造出色，将剧情类型的魅力展现得淋漓尽致。本片是一部不可多得的佳作，在国际影展上备受瞩目。
午夜故乡的回声 Their Secret,https://movie.douban.com/subject/1001269/,田中凉平,John Wilson / 吴华文 / Paul Davis,杨建文 / 姜恩智 / Christopher Davis / ...,悬疑 / 喜剧,意大利,意大利语 / 英语,2022-02-13(圣丹斯电影节) / 2022-02-25(国际),175分钟,午夜故乡的回声(韩),tt4809583,8.5,929611,77.70%,12.30%,5.00%,3.20%,1.80%,《午夜故乡的回声》是一部探讨人性的探索的宏大电影。故事发生在战火纷飞的年代，一位年轻的冒险家找到了生命的真谛。在田中凉平的执导下，视觉效果震撼，影片画面精美，将悬疑类型的魅力展现得淋漓尽致。本片是一部不可多得的佳作，展现了电影艺术的无限可能。
迷失的信念的传说 Lost Fear in the Dark,https://movie.douban.com/subject/1001270/,王平国,刘文伟 / Michael Rodriguez,周杰军 / 小林次郎 / 李鹏军 / ...,真人秀 / 西部 / 动作,韩国,韩语,1995-06-13(罗马电影节) / 1995-08-22(国际),195分钟,迷失的信念的传说(新),tt1298966,8.6,639259,83.70%,6.30%,5.00%,3.40%,1.60%,《迷失的信念的传说》是一部探讨人性的探索的深刻电影。故事发生在繁华的都市，一位孤独的老人揭开了一个深藏多年的秘密。在王平国的执导下，剧情扣人心弦，细节处理到位，将真人秀类型的魅力展现得淋漓尽致。本片会成为经典之作，获得了观众的一致好评。
星辰黑暗的旅程 A Journey of the Soul,https://movie.douban.com/subject/1001271/,Robert Miller,李建建 / Steven Miller / 黄军伟,王伟志 / 黄强辉 / George Johnson / ...,动作 / 犯罪,阿根廷,西班牙语,1994-02-20(圣丹斯电影节) / 1994-04-18(国际),250分钟,星辰黑暗的旅程(日) / 星辰黑暗的旅程修复版,tt4694390,8.8,722441,77.00%,12.80%,5.20%,2.00%,3.00%,《星辰黑暗的旅程》是一部探讨身份的认同的感人电影。故事发生在繁华的都市，一位孤独的老人完成了一次自我的救赎。在Robert的执导下，影片画面精美，视觉效果震撼，将动作类型的魅力展现得淋漓尽致。本片值得反复品味，获得了观众的一致好评。
沉默的肉体的回声 Found Hope,https://movie.douban.com/subject/1001272/,刘华鹏,小林次郎 / Christopher Williams,Christopher Miller / 吴龙杰 / 杨文峰 / ...,情色 / 动作 / 奇幻,新西兰 / 匈牙利,英语,1986-10-28(柏林电影节) / 1986-12-20(国际),115分钟,沉默的肉体的回声(韩),tt3649178,6.6,44620,44.10%,36.50%,13.20%,4.30%,1.90%,《沉默的肉体的回声》是一部探讨家庭的温暖的感人电影。故事发生在繁华的都市，一对相爱的恋人实现了曾经的梦想。在刘华鹏的执导下，影片画面精美，气氛营造出色，将情色类型的魅力展现得淋漓尽致。本片充满了希望与力量，展现了电影艺术的无限可能。
海洋死亡的故事 Lost Truth of the Soul,https://movie.douban.com/subject/1001273/,Steven Davis,周志杰 / 王志强 / 渡边次郎,David Davis / 铃木三郎 / 吴强华 / ...,科幻 / 歌舞 / 悬疑,埃及 / 加拿大,西班牙语,2023-02-01(圣丹斯电影节) / 2023-03-23(国际),95分钟,海洋死亡的故事(韩),tt9833506,8.8,237847,84.30%,5.70%,5.00%,2.30%,2.70%,《海洋死亡的故事》是一部探讨时间的意义的细腻电影。故事发生在古代的王朝，一个破碎的家庭改变了世界的格局。在Steven的执导下，思想内涵深刻，情感表达细腻，将科幻类型的魅力展现得淋漓尽致。本片具有很高的艺术价值，获得了观众的一致好评。
海洋空间 The Hope in the Dark,https://movie.douban.com/subject/1001274/,Michael Johnson,黄华明 / 赵华伟 / Paul Johnson,李贤英 / Steven Smith / Peter Johnson / ...,爱情,以色列 / 爱尔兰,西班牙语,2008-01-25(伦敦电影节) / 2008-01-09(国际),210分钟,海洋空间(韩) / 海洋空间修复版,tt5476871,7.5,187534,55.70%,23.30%,11.50%,4.00%,5.50%,《海洋空间》是一部探讨梦想的追求的深刻电影。故事发生在战火纷飞的年代，一群志同道合的朋友揭开了一个深藏多年的秘密。在Michael的执导下，剧情扣人心弦，思想内涵深刻，将爱情类型的魅力展现得淋漓尽致。本片触动人心深处，展现了电影艺术的无限可能。
永恒的勇气的痕迹 First Promise at Dawn,https://movie.douban.com/subject/1001275/,黄建军,Steven Smith / 陈文伟 / 李哲恩,周志超 / David Jones / 刘华超 / ...,武侠 / 剧情 / 动画,荷兰 / 爱尔兰,英语,1985-01-03(奥斯卡金像奖) / 1985-01-09(国际),210分钟,永恒的勇气的痕迹(台),tt9392908,7,82909,50.30%,31.80%,10.50%,4.70%,2.70%,《永恒的勇气的痕迹》是一部探讨科技的边界的感人电影。故事发生在深邃的海洋，一位孤独的老人经历了一次深刻的心灵洗礼。在黄建军的执导下，寓意深远悠长，剧情扣人心弦，将武侠类型的魅力展现得淋漓尽致。本片值得反复品味，在国际影展上备受瞩目。
温暖的战争的旅程 Lost Hope at Dawn,https://movie.douban.com/subject/1001276/,杨伟强,张龙国 / 伊藤拓也 / James Rodriguez,王文志 / Robert Garcia / 黄鹏平 / ...,剧情,泰国,英语,1973-07-14(威尼斯电影节) / 1973-07-15(国际),200分钟,温暖的战争的旅程(港),tt5250684,8.1,266654,68.30%,18.50%,6.70%,2.70%,3.80%,《温暖的战争的旅程》是一部探讨生命的价值的深刻电影。故事发生在极地的冰雪世界，一对失散多年的兄弟发现了一个惊人的真相。在杨伟强的执导下，导演手法独特，气氛营造出色，将剧情类型的魅力展现得淋漓尽致。本片充满了希望与力量，在国际影展上备受瞩目。
太阳遗忘的传说 Their Fear of the Soul,https://movie.douban.com/subject/1001277/,吴文龙,金俊承 / Peter Smith / 刘建杰,James Davis / 小林诚 / 佐藤凉平 / ...,动作 / 惊悚 / 舞台艺术,意大利,意大利语 / 英语,1989-07-14(奥斯卡金像奖) / 1989-07-02(国际),110分钟,太阳遗忘的传说特别版,tt4218536,9.2,2556501,88.40%,5%,2%,2.60%,2.00%,《太阳遗忘的传说》是一部探讨友谊的力量的震撼电影。故事发生在神秘的异域，一位年轻的冒险家守护了珍贵的东西。在吴文龙的执导下，剧情扣人心弦，导演手法独特，将动作类型的魅力展现得淋漓尽致。本片值得反复品味，展现了电影艺术的无限可能。
最后的谎言之下 Your Promise to the Future,https://movie.douban.com/subject/1001278/,Paul Davis,张强鹏 / 黄志辉,David Miller / 王文伟 / 山田诚 / ...,剧情 / 真人秀,南非,日语,2000-02-05(圣丹斯电影节) / 2000-04-24(国际),90分钟,最后的谎言之下(台) / 最后的谎言之下加长版,tt8987586,6.1,17116,39.40%,35.50%,15.60%,6.40%,3.10%,《最后的谎言之下》是一部探讨生命的价值的细腻电影。故事发生在险峻的高山之巅，一位孤独的老人坚守了一个重要的承诺。在Paul的执导下，配乐动人心弦，剧情扣人心弦，将剧情类型的魅力展现得淋漓尽致。本片值得推荐给所有人，展现了电影艺术的无限可能。
沉默的真相之内 A Lie from the Past,https://movie.douban.com/subject/1001279/,小林拓也,黄强建 / 斋藤拓也 / 吴强峰,John Smith / 小林诚 / 吴伟明 / ...,剧情 / 歌舞,土耳其,英语,2003-09-19(釜山电影节) / 2003-12-15(国际),160分钟,沉默的真相之内4K修复版,tt7677136,8.1,228868,70.60%,17.70%,6.70%,3.40%,1.60%,《沉默的真相之内》是一部探讨家庭的温暖的深刻电影。故事发生在战火纷飞的年代，一个天真的孩子突破了自我的极限。在小林拓也的执导下，细节处理到位，思想内涵深刻，将剧情类型的魅力展现得淋漓尽致。本片值得推荐给所有人，获得了观众的一致好评。
风雨谎言的痕迹 My Hope in the Dark,https://movie.douban.com/subject/1001280/,吴文超,杨军杰 / 姜恩智,George Wilson / 王明志 / 小林大辅 / ...,剧情,泰国,法语,2003-04-23(金球奖) / 2003-07-04(国际),180分钟,风雨谎言的痕迹(马),tt8800048,7.5,100414,55.30%,24.40%,10.70%,3.90%,5.70%,《风雨谎言的痕迹》是一部探讨命运的挑战的震撼电影。故事发生在宁静的乡村，一群志同道合的朋友揭开了一个深藏多年的秘密。在吴文超的执导下，影片画面精美，视觉效果震撼，将剧情类型的魅力展现得淋漓尽致。本片让人思考良久，在国际影展上备受瞩目。
最后的命运之外 Their Promise in the Dark,https://movie.douban.com/subject/1001281/,渡边太郎,David Jones / George Williams,陈国国 / Peter Johnson / 吴国平 / ...,历史 / 动作,意大利,意大利语,1985-09-06(上海电影节) / 1985-09-02(国际),100分钟,最后的命运之外(韩),tt6294680,7.5,182750,53.30%,29.20%,9.90%,5.00%,2.60%,《最后的命运之外》是一部探讨人性的探索的深刻电影。故事发生在虚拟的网络空间，一位智慧的导师坚守了一个重要的承诺。在渡边太郎的执导下，细节处理到位，思想内涵深刻，将历史类型的魅力展现得淋漓尽致。本片是一部不可多得的佳作，展现了电影艺术的无限可能。
记忆中的记忆之上 Last Hate at Dawn,https://movie.douban.com/subject/1001282/,David Brown,刘辉鹏 / 田中太郎,张超鹏 / Robert Rodriguez / Michael Miller / ...,科幻,英国 / 意大利 / 葡萄牙,英语 / 汉语普通话,1988-08-15(威尼斯电影节) / 1988-10-02(国际),240分钟,记忆中的记忆之上(港),tt9102349,8.9,387915,85.00%,5%,5.00%,2.50%,2.50%,《记忆中的记忆之上》是一部探讨成长的烦恼的感人电影。故事发生在奇幻的魔法世界，一位智慧的导师突破了自我的极限。在David的执导下，表演真挚感人，寓意深远悠长，将科幻类型的魅力展现得淋漓尽致。本片让人思考良久，展现了电影艺术的无限可能。
迷失的谎言的中心 A Hate at Dusk,https://movie.douban.com/subject/1001283/,杨超辉,George Davis / 黄军龙 / 高桥诚,郑浩恩 / 黄平鹏 / David Jones / ...,动作 / 真人秀,奥地利 / 芬兰,法语,2011-03-20(金球奖) / 2011-04-20(国际),180分钟,迷失的谎言的中心(新),tt8536733,8.3,192423,70.30%,18.60%,5.90%,2.70%,2.50%,《迷失的谎言的中心》是一部探讨和平的珍贵的感人电影。故事发生在浪漫的海边小镇，一位年轻的冒险家经历了一次深刻的心灵洗礼。在杨超辉的执导下，影片画面精美，导演手法独特，将动作类型的魅力展现得淋漓尽致。本片充满了希望与力量，获得了观众的一致好评。
燃烧的故乡的回声 The Truth at Dusk,https://movie.douban.com/subject/1001284/,陈志平,John Garcia / 李志强,陈平强 / David Williams / 赵哲哲 / ...,爱情 / 惊悚 / 情色,南非 / 匈牙利,日语,1974-02-15(柏林电影节) / 1974-05-14(国际),130分钟,燃烧的故乡的回声(台) / 燃烧的故乡的回声特别版,tt7979556,7.6,109521,61.10%,23.60%,9.40%,2.40%,3.50%,《燃烧的故乡的回声》是一部探讨爱情的真谛的细腻电影。故事发生在广袤的沙漠，一位坚强的女性经历了一次深刻的心灵洗礼。在陈志平的执导下，导演手法独特，寓意深远悠长，将爱情类型的魅力展现得淋漓尽致。本片充满了希望与力量，展现了电影艺术的无限可能。
现在的信念的回声 Last Lie of the Soul,https://movie.douban.com/subject/1001285/,黄伟伟,周杰龙 / 赵杰龙,James Johnson / 赵伟辉 / 赵贤承 / ...,科幻,中国大陆,汉语普通话 / 方言,2016-03-04(戛纳电影节) / 2016-04-15(国际),110分钟,现在的信念的回声(陆) / 现在的信念的回声纪念版,tt4881000,6.8,48373,31.20%,34.70%,17.40%,11.40%,5.30%,《现在的信念的回声》是一部探讨命运的挑战的震撼电影。故事发生在极地的冰雪世界，一名失意的作家揭开了一个深藏多年的秘密。在黄伟伟的执导下，视觉效果震撼，情感表达细腻，将科幻类型的魅力展现得淋漓尽致。本片具有很高的艺术价值，获得了观众的一致好评。
眼前的家庭之内 Their Dream from the Past,https://movie.douban.com/subject/1001286/,山田健一,田中次郎 / 朴俊恩,Peter Jones / 吴杰建 / 田中太郎 / ...,脱口秀 / 动作,比利时,法语,2021-05-16(金球奖) / 2021-07-17(国际),145分钟,眼前的家庭之内(日) / 眼前的家庭之内纪念版,tt1646772,8.3,297681,71.10%,18.10%,5.80%,2.40%,2.60%,《眼前的家庭之内》是一部探讨记忆的珍贵的感人电影。故事发生在末日后的废墟，一个破碎的家庭发现了一个惊人的真相。在山田健一的执导下，节奏把控精准，细节处理到位，将脱口秀类型的魅力展现得淋漓尽致。本片让人思考良久，在国际影展上备受瞩目。
冰冷的时间的抉择 Last Promise from the Past,https://movie.douban.com/subject/1001287/,Paul Davis,张强明,James Davis / 尹贤俊 / 李超杰 / ...,科幻,挪威,英语,1986-04-22(多伦多电影节) / 1986-05-21(国际),240分钟,,tt1853072,8.6,580713,75.00%,15.00%,5.00%,2.30%,2.70%,《冰冷的时间的抉择》是一部探讨空间的奥秘的宏大电影。故事发生在浪漫的海边小镇，一对失散多年的兄弟经历了一次深刻的心灵洗礼。在Paul的执导下，配乐动人心弦，气氛营造出色，将科幻类型的魅力展现得淋漓尽致。本片触动人心深处，展现了电影艺术的无限可能。
风雨命运的回声 Our Love at Dusk,https://movie.douban.com/subject/1001288/,George Garcia,高桥三郎 / 吴超建 / 尹珍珍,Robert Rodriguez / 王平志 / David Garcia / ...,喜剧 / 舞台艺术 / 黑色电影,葡萄牙 / 泰国 / 奥地利,英语,1994-01-05(奥斯卡金像奖) / 1994-03-02(国际),190分钟,Destiny,tt5496993,8.5,951776,72.60%,16.60%,5.80%,3.00%,2.00%,《风雨命运的回声》是一部探讨记忆的珍贵的宏大电影。故事发生在深邃的太空，一群志同道合的朋友跨越了时空的界限。在George的执导下，配乐动人心弦，思想内涵深刻，将喜剧类型的魅力展现得淋漓尽致。本片是一部不可多得的佳作，展现了电影艺术的无限可能。
喧嚣的选择的回声 Final Death in the Dark,https://movie.douban.com/subject/1001289/,杨志国,John Rodriguez / John Smith,Robert Wilson / 陈峰平 / 吴国文 / ...,动作 / 历史 / 西部,意大利,意大利语,1998-09-27(柏林电影节) / 1998-10-18(国际),95分钟,喧嚣的选择的回声(陆) / 喧嚣的选择的回声4K修复版,tt8126274,6,8837,33.40%,33.70%,17.60%,8.90%,6.40%,《喧嚣的选择的回声》是一部探讨身份的认同的深刻电影。故事发生在深邃的海洋，一名失意的作家战胜了内心的恐惧。在杨志国的执导下，气氛营造出色，配乐动人心弦，将动作类型的魅力展现得淋漓尽致。本片会成为经典之作，获得了观众的一致好评。
荒野怀疑的抉择 Final Journey in the Dark,https://movie.douban.com/subject/1001290/,山田大辅,中村次郎 / 佐藤凉平 / 黄辉峰,John Garcia / 金俊秀 / 赵恩英 / ...,动作 / 音乐,新西兰,汉语普通话,2007-11-02(戛纳电影节) / 2007-11-27(国际),200分钟,荒野怀疑的抉择(台) / 荒野怀疑的抉择特别版,tt7566256,6.9,43353,36.70%,39.40%,12.90%,5.00%,6.00%,《荒野怀疑的抉择》是一部探讨记忆的珍贵的震撼电影。故事发生在一个遥远的小镇，一个天真的孩子改变了世界的格局。在山田大辅的执导下，视觉效果震撼，剧情扣人心弦，将动作类型的魅力展现得淋漓尽致。本片值得推荐给所有人，展现了电影艺术的无限可能。
燃烧的和平之外 My Death of the Soul,https://movie.douban.com/subject/1001291/,姜贤恩,田中大辅,李平辉 / 杨峰华 / 杨军军 / ...,喜剧 / 动画 / 战争,泰国,日语,2018-11-01(多伦多电影节) / 2018-11-20(国际),230分钟,,tt5691616,8,372164,72.80%,17.20%,5.00%,2.20%,2.80%,《燃烧的和平之外》是一部探讨梦想的追求的深刻电影。故事发生在战火纷飞的年代，一对失散多年的兄弟揭开了一个深藏多年的秘密。在姜贤恩的执导下，剧情扣人心弦，情感表达细腻，将喜剧类型的魅力展现得淋漓尽致。本片展现了人性的光辉，获得了观众的一致好评。
永恒的和平的歌声 Our Hope,https://movie.douban.com/subject/1001292/,Steven Brown,陈伟国 / 姜恩浩,杨杰峰 / Peter Brown / 渡边健一 / ...,传记 / 科幻,新西兰 / 芬兰 / 捷克,法语,1989-03-02(罗马电影节) / 1989-03-27(国际),210分钟,永恒的和平的歌声(陆),tt7358121,7.1,44627,54.00%,30.30%,10.70%,3.50%,1.50%,《永恒的和平的歌声》是一部探讨自由的渴望的细腻电影。故事发生在古代的王朝，一位智慧的导师踏上了一段改变命运的旅程。在Steven的执导下，寓意深远悠长，气氛营造出色，将传记类型的魅力展现得淋漓尽致。本片是一部不可多得的佳作，在国际影展上备受瞩目。
风雨时间的旅程 The Lie to the Future,https://movie.douban.com/subject/1001293/,James Smith,周辉文 / 杨伟强 / 佐藤拓也,Michael Smith / 尹贤珍 / 姜承珍 / ...,科幻 / 犯罪,俄罗斯,俄语,2000-07-15(威尼斯电影节) / 2000-08-08(国际),250分钟,风雨时间的旅程(韩) / 风雨时间的旅程4K修复版,tt9216915,9.2,1064733,82.00%,8.00%,5.00%,2.20%,2.80%,《风雨时间的旅程》是一部探讨自由的渴望的震撼电影。故事发生在一个遥远的小镇，一位孤独的老人改变了世界的格局。在James的执导下，视觉效果震撼，情感表达细腻，将科幻类型的魅力展现得淋漓尽致。本片展现了人性的光辉，在国际影展上备受瞩目。
眼前的恐惧的旅程 The Death,https://movie.douban.com/subject/1001294/,吴建建,刘军辉 / John Smith / 黄军平,陈超明 / Robert Garcia / 杨辉华 / ...,科幻,意大利,意大利语,1976-05-25(金棕榈奖) / 1976-05-28(国际),195分钟,眼前的恐惧的旅程4K修复版,tt3170390,6.1,8557,41.20%,30.80%,14.90%,5.80%,7.30%,《眼前的恐惧的旅程》是一部探讨空间的奥秘的深刻电影。故事发生在未来的世界，一位孤独的老人坚守了一个重要的承诺。在吴建建的执导下，导演手法独特，细节处理到位，将科幻类型的魅力展现得淋漓尽致。本片值得反复品味，展现了电影艺术的无限可能。
温暖的承诺 A Love to the Future,https://movie.douban.com/subject/1001295/,陈国文,李贤敏,张文明 / 伊藤大辅 / 尹浩承 / ...,剧情 / 黑色电影 / 儿童,阿根廷 / 葡萄牙,英语,1994-01-13(威尼斯电影节) / 1994-01-09(国际),165分钟,温暖的承诺(马) / 温暖的承诺加长版,tt5577322,6.1,15189,31.70%,44.20%,12.50%,4.70%,6.90%,《温暖的承诺》是一部探讨战争的残酷的深刻电影。故事发生在一个遥远的小镇，一位坚强的女性揭开了一个深藏多年的秘密。在陈国文的执导下，表演真挚感人，思想内涵深刻，将剧情类型的魅力展现得淋漓尽致。本片让人思考良久，在国际影展上备受瞩目。
黄昏空间的边缘 Your Promise from the Past,https://movie.douban.com/subject/1001296/,伊藤太郎,Robert Davis / 张华华 / 斋藤凉平,李志建 / 斋藤太郎 / 赵伟龙 / ...,动作 / 传记 / 运动,意大利 / 中国香港 / 韩国,意大利语 / 西班牙语,1987-08-23(奥斯卡金像奖) / 1987-10-28(国际),200分钟,,tt9144721,6.6,24634,47.60%,33.20%,13.00%,4.00%,2.20%,《黄昏空间的边缘》是一部探讨真相的揭露的深刻电影。故事发生在深邃的海洋，一位坚强的女性找到了生命的真谛。在伊藤太郎的执导下，细节处理到位，情感表达细腻，将动作类型的魅力展现得淋漓尽致。本片值得反复品味，在国际影展上备受瞩目。
迷失的束缚之间 A Dream from the Past,https://movie.douban.com/subject/1001297/,Christopher Williams,Steven Smith,黄龙强 / 渡边雄大 / 渡边太郎 / ...,科幻 / 黑色电影,中国台湾,闽南语 / 汉语普通话,2000-04-04(柏林电影节) / 2000-06-10(国际),145分钟,迷失的束缚之间(台),tt3660069,8.5,306269,86.90%,5%,3.10%,2.50%,2.50%,《迷失的束缚之间》是一部探讨空间的奥秘的宏大电影。故事发生在深邃的太空，一名失意的作家经历了一次深刻的心灵洗礼。在Christopher的执导下，情感表达细腻，影片画面精美，将科幻类型的魅力展现得淋漓尽致。本片会成为经典之作，在国际影展上备受瞩目。
最后的束缚的证明 Final Secret to the Future,https://movie.douban.com/subject/1001298/,Christopher Jones,高桥翔太 / 小林大辅,赵平龙 / 黄国文 / Paul Jones / ...,剧情 / 武侠,希腊,英语,2001-01-20(圣丹斯电影节) / 2001-01-07(国际),165分钟,最后的束缚的证明(台),tt6901337,9.2,2824176,87.80%,5%,2.20%,3.10%,1.90%,《最后的束缚的证明》是一部探讨真相的揭露的细腻电影。故事发生在战火纷飞的年代，一名神秘的陌生人完成了一次自我的救赎。在Christopher的执导下，导演手法独特，寓意深远悠长，将剧情类型的魅力展现得淋漓尽致。本片值得推荐给所有人，获得了观众的一致好评。
黎明承诺的边缘 A Love,https://movie.douban.com/subject/1001299/,张恩浩,李志伟 / 黄华伟,Paul Johnson / 陈鹏强 / 李辉伟 / ...,科幻,葡萄牙 / 中国台湾,汉语普通话,2010-05-18(柏林电影节) / 2010-05-21(国际),125分钟,黎明承诺的边缘(马) / 黎明承诺的边缘导演剪辑版,tt8241866,8.2,348022,63.20%,21.70%,9.20%,2.80%,3.10%,《黎明承诺的边缘》是一部探讨自然的敬畏的深刻电影。故事发生在深邃的海洋，一位孤独的老人坚守了一个重要的承诺。在张恩浩的执导下，导演手法独特，情感表达细腻，将科幻类型的魅力展现得淋漓尽致。本片会成为经典之作，获得了观众的一致好评。
冻结的谎言之下 Your Fear at Dusk,https://movie.douban.com/subject/1001300/,姜哲恩,陈明华 / 林恩敏,高桥凉平 / James Jones / 小林凉平 / ...,剧情 / 犯罪,奥地利,汉语普通话,2022-10-19(金球奖) / 2022-12-20(国际),200分钟,冻结的谎言之下(陆) / 冻结的谎言之下4K修复版,tt6674839,9,1343468,83.10%,6.90%,5.00%,2.80%,2.20%,《冻结的谎言之下》是一部探讨真相的揭露的感人电影。故事发生在战火纷飞的年代，一名失意的作家守护了珍贵的东西。在姜哲恩的执导下，导演手法独特，节奏把控精准，将剧情类型的魅力展现得淋漓尽致。本片值得推荐给所有人，展现了电影艺术的无限可能。
月光起点的审判 My Promise in the Dark,https://movie.douban.com/subject/1001301/,王明文,朴承珍 / 李秀秀,张辉志 / Steven Johnson / Steven Rodriguez / ...,爱情 / 恐怖 / 儿童,日本,日语 / 英语,1995-04-13(釜山电影节) / 1995-05-10(国际),140分钟,,tt3010425,8.1,253559,65.20%,23.80%,5.70%,2.90%,2.40%,《月光起点的审判》是一部探讨自然的敬畏的宏大电影。故事发生在深邃的太空，一名勇敢的战士揭开了一个深藏多年的秘密。在王明文的执导下，视觉效果震撼，配乐动人心弦，将爱情类型的魅力展现得淋漓尽致。本片是一部不可多得的佳作，获得了观众的一致好评。
荒野恐惧的传说 Lost Journey at Dawn,https://movie.douban.com/subject/1001302/,David Smith,黄国峰 / Steven Miller,赵平国 / 王明鹏 / 刘峰平 / ...,剧情 / 传记,巴西,葡萄牙语 / 英语,2019-11-10(东京电影节) / 2019-12-12(国际),95分钟,荒野恐惧的传说导演剪辑版,tt2263276,6.6,43172,43.40%,31.40%,13.90%,6.40%,4.90%,《荒野恐惧的传说》是一部探讨和平的珍贵的细腻电影。故事发生在古代的王朝，一名勇敢的战士守护了珍贵的东西。在David的执导下，视觉效果震撼，表演真挚感人，将剧情类型的魅力展现得淋漓尽致。本片值得推荐给所有人，在国际影展上备受瞩目。
冻结的远方的证明 Last Secret to the Future,https://movie.douban.com/subject/1001303/,伊藤太郎,张恩智 / 刘志峰,王国鹏 / James Miller / Peter Brown / ...,战争 / 爱情,荷兰,英语,1980-04-13(巴黎电影节) / 1980-04-04(国际),220分钟,,tt8521442,8.7,900528,81.50%,8.50%,5.00%,2.00%,3.00%,《冻结的远方的证明》是一部探讨自然的敬畏的震撼电影。故事发生在深邃的太空，一位智慧的导师经历了一次深刻的心灵洗礼。在伊藤太郎的执导下，视觉效果震撼，剧情扣人心弦，将战争类型的魅力展现得淋漓尽致。本片值得反复品味，获得了观众的一致好评。
燃烧的旅程之上 Their Death at Dawn,https://movie.douban.com/subject/1001304/,吴峰志,周强龙,George Johnson / David Garcia / 张平伟 / ...,奇幻 / 剧情,阿根廷 / 意大利 / 越南,英语,2014-07-16(东京电影节) / 2014-10-22(国际),155分钟,燃烧的旅程之上(马) / 燃烧的旅程之上修复版,tt2423595,7.5,110349,60.00%,22.90%,11.40%,3.10%,2.60%,《燃烧的旅程之上》是一部探讨自然的敬畏的感人电影。故事发生在深邃的海洋，一个天真的孩子突破了自我的极限。在吴峰志的执导下，节奏把控精准，配乐动人心弦，将奇幻类型的魅力展现得淋漓尽致。本片值得反复品味，在国际影展上备受瞩目。
遗忘的恐惧的回声 First Hate from the Past,https://movie.douban.com/subject/1001305/,黄鹏杰,山田次郎 / David Rodriguez / John Miller,赵俊贤 / 山田次郎 / 张平建 / ...,剧情 / 真人秀 / 灾难,法国,法语,2015-01-09(戛纳电影节) / 2015-04-15(国际),110分钟,遗忘的恐惧的回声加长版,tt6623574,9.8,2123428,90.20%,5%,2%,1.40%,1.40%,《遗忘的恐惧的回声》是一部探讨和平的珍贵的宏大电影。故事发生在未来的世界，一个破碎的家庭踏上了一段改变命运的旅程。在黄鹏杰的执导下，配乐动人心弦，导演手法独特，将剧情类型的魅力展现得淋漓尽致。本片具有很高的艺术价值，获得了观众的一致好评。
荒野时间的痕迹 First Dream from the Past,https://movie.douban.com/subject/1001306/,张伟伟,周国建,黄辉国 / 黄建鹏 / Christopher Brown / ...,爱情,法国,法语,2002-03-13(釜山电影节) / 2002-04-27(国际),150分钟,,tt9368841,7.3,30460,52.20%,25.50%,13.20%,5.50%,3.60%,《荒野时间的痕迹》是一部探讨友谊的力量的感人电影。故事发生在战火纷飞的年代，一个破碎的家庭发现了一个惊人的真相。在张伟伟的执导下，节奏把控精准，剧情扣人心弦，将爱情类型的魅力展现得淋漓尽致。本片会成为经典之作，在国际影展上备受瞩目。
未来的肉体之下 Lost Journey of the Soul,https://movie.douban.com/subject/1001307/,郑承智,李智恩,陈杰华 / 张珍珍 / Robert Miller / ...,爱情 / 纪录片,巴西 / 英国 / 匈牙利,葡萄牙语 / 汉语普通话,2003-01-14(上海电影节) / 2003-04-05(国际),170分钟,未来的肉体之下(马) / 未来的肉体之下加长版,tt8478824,7.4,51545,55.30%,27.50%,9.10%,4.80%,3.30%,《未来的肉体之下》是一部探讨时间的意义的感人电影。故事发生在恐怖的黑暗领域，一位孤独的老人守护了珍贵的东西。在郑承智的执导下，表演真挚感人，导演手法独特，将爱情类型的魅力展现得淋漓尽致。本片是一部不可多得的佳作，展现了电影艺术的无限可能。
沉默的黑暗的回声 First Death from the Past,https://movie.douban.com/subject/1001308/,田中次郎,杨志强,山田次郎 / 赵建鹏 / 高桥诚 / ...,喜剧 / 传记,埃及,法语,2008-08-17(多伦多电影节) / 2008-10-05(国际),120分钟,Darkness,tt1835316,7.8,195062,62.50%,21.80%,10.70%,2.70%,2.30%,《沉默的黑暗的回声》是一部探讨身份的认同的细腻电影。故事发生在神秘的异域，一位孤独的老人坚守了一个重要的承诺。在田中次郎的执导下，气氛营造出色，细节处理到位，将喜剧类型的魅力展现得淋漓尽致。本片充满了希望与力量，在国际影展上备受瞩目。
黎明时间 The Lie,https://movie.douban.com/subject/1001309/,崔珍哲,Paul Johnson / Christopher Brown / 中村三郎,王超明 / 铃木三郎 / George Miller / ...,儿童 / 战争 / 动作,中国台湾,汉语普通话,1989-01-21(伦敦电影节) / 1989-01-18(国际),145分钟,黎明时间(港),tt8862454,7.4,97486,42.00%,32.00%,14.90%,6.00%,5.10%,《黎明时间》是一部探讨家庭的温暖的细腻电影。故事发生在深邃的太空，一对相爱的恋人面对了一场前所未有的挑战。在崔珍哲的执导下，配乐动人心弦，导演手法独特，将儿童类型的魅力展现得淋漓尽致。本片让人思考良久，在国际影展上备受瞩目。
温暖的爱情的痕迹 A Hope at Dusk,https://movie.douban.com/subject/1001310/,Michael Smith,张珍英 / Robert Brown,Michael Rodriguez / 张伟峰 / 周志文 / ...,科幻,印度,泰米尔语 / 印地语,2022-07-24(柏林电影节) / 2022-09-11(国际),220分钟,温暖的爱情的痕迹(台) / 温暖的爱情的痕迹特别版 / Love,tt6637856,8.2,203369,64.60%,24.40%,6.00%,2.70%,2.30%,《温暖的爱情的痕迹》是一部探讨成长的烦恼的震撼电影。故事发生在战火纷飞的年代，一群志同道合的朋友发现了一个惊人的真相。在Michael的执导下，情感表达细腻，影片画面精美，将科幻类型的魅力展现得淋漓尽致。本片具有很高的艺术价值，获得了观众的一致好评。
燃烧的死亡的回声 Their Fear from the Past,https://movie.douban.com/subject/1001311/,崔浩俊,王国强 / John Wilson,Robert Davis / 周辉文 / 杨平华 / ...,爱情,土耳其,日语,2015-02-18(威尼斯电影节) / 2015-05-27(国际),210分钟,燃烧的死亡的回声(港),tt3074452,7.1,59182,38.50%,31.70%,15.80%,6.00%,8.00%,《燃烧的死亡的回声》是一部探讨和平的珍贵的感人电影。故事发生在神秘的异域，一位孤独的老人发现了一个惊人的真相。在崔浩俊的执导下，节奏把控精准，思想内涵深刻，将爱情类型的魅力展现得淋漓尽致。本片会成为经典之作，获得了观众的一致好评。
午夜终点之下 A Promise at Dawn,https://movie.douban.com/subject/1001312/,Peter Rodriguez,黄伟志 / 林恩珍,山田诚 / 周平建 / Robert Davis / ...,喜剧 / 短片 / 犯罪,西班牙,英语,1989-02-20(威尼斯电影节) / 1989-02-15(国际),130分钟,午夜终点之下(新) / 午夜终点之下4K修复版,tt6402683,7.9,73168,62.60%,24.00%,8.40%,3.10%,1.90%,《午夜终点之下》是一部探讨成长的烦恼的宏大电影。故事发生在浪漫的海边小镇，一名失意的作家踏上了一段改变命运的旅程。在Peter的执导下，情感表达细腻，细节处理到位，将喜剧类型的魅力展现得淋漓尽致。本片展现了人性的光辉，在国际影展上备受瞩目。
永恒的现实的故事 Their Hate from the Past,https://movie.douban.com/subject/1001313/,朴珍贤,刘超峰,George Rodriguez / 吴峰伟 / 尹智俊 / ...,爱情 / 古装,希腊 / 日本,法语,1993-09-08(东京电影节) / 1993-11-12(国际),115分钟,永恒的现实的故事(新) / 永恒的现实的故事导演剪辑版,tt4664005,6,15196,45.10%,27.80%,17.50%,5.80%,3.80%,《永恒的现实的故事》是一部探讨空间的奥秘的深刻电影。故事发生在一个遥远的小镇，一位年轻的冒险家改变了世界的格局。在朴珍贤的执导下，寓意深远悠长，节奏把控精准，将爱情类型的魅力展现得淋漓尽致。本片让人思考良久，展现了电影艺术的无限可能。
温暖的终点的边缘 Last Truth in the Dark,https://movie.douban.com/subject/1001314/,赵俊敏,陈杰强,赵明平 / Peter Williams / Steven Williams / ...,科幻,中国大陆,汉语普通话,1982-01-18(莫斯科电影节) / 1982-03-28(国际),120分钟,温暖的终点的边缘(台),tt8573667,7,92743,47.50%,33.50%,9.90%,5.10%,4.00%,《温暖的终点的边缘》是一部探讨家庭的温暖的震撼电影。故事发生在险峻的高山之巅，一名勇敢的战士踏上了一段改变命运的旅程。在赵俊敏的执导下，剧情扣人心弦，细节处理到位，将科幻类型的魅力展现得淋漓尽致。本片值得反复品味，在国际影展上备受瞩目。
黎明选择之下 Our Life of the Soul,https://movie.douban.com/subject/1001315/,Christopher Miller,杨华军,Michael Wilson / Robert Jones / 张峰伟 / ...,剧情,法国,法语,1974-11-10(东京电影节) / 1974-11-10(国际),220分钟,黎明选择之下(港) / 黎明选择之下特别版,tt6345502,8.1,116979,62.90%,25.80%,6.30%,2.50%,2.50%,《黎明选择之下》是一部探讨家庭的温暖的深刻电影。故事发生在虚拟的网络空间，一对相爱的恋人找到了生命的真谛。在Christopher的执导下，视觉效果震撼，气氛营造出色，将剧情类型的魅力展现得淋漓尽致。本片是一部不可多得的佳作，获得了观众的一致好评。
黄昏黑暗之上 Lost Death in the Dark,https://movie.douban.com/subject/1001316/,伊藤诚,James Wilson,赵浩秀 / 刘军建 / 高桥雄大 / ...,动作,中国台湾,闽南语 / 汉语普通话,2014-05-20(奥斯卡金像奖) / 2014-07-24(国际),230分钟,黄昏黑暗之上(日) / Darkness,tt2782320,6.8,25868,46.30%,33.20%,12.90%,4.90%,2.70%,《黄昏黑暗之上》是一部探讨友谊的力量的震撼电影。故事发生在战火纷飞的年代，一名失意的作家面对了一场前所未有的挑战。在伊藤诚的执导下，表演真挚感人，细节处理到位，将动作类型的魅力展现得淋漓尽致。本片值得推荐给所有人，获得了观众的一致好评。
喧嚣的选择之上 Found Life,https://movie.douban.com/subject/1001317/,郑珍智,周伟鹏,赵军辉 / George Rodriguez / Steven Jones / ...,歌舞 / 剧情,南非 / 爱尔兰 / 英国,法语,1973-03-03(东京电影节) / 1973-03-16(国际),135分钟,Choice,tt3505893,8,474914,74.80%,15.20%,5.00%,2.10%,2.90%,《喧嚣的选择之上》是一部探讨和平的珍贵的细腻电影。故事发生在奇幻的魔法世界，一群志同道合的朋友找到了生命的真谛。在郑珍智的执导下，情感表达细腻，寓意深远悠长，将歌舞类型的魅力展现得淋漓尽致。本片展现了电影的魅力，获得了观众的一致好评。
迷失的梦想之间 The Truth,https://movie.douban.com/subject/1001318/,小林诚,山田次郎,刘军龙 / 刘峰建 / 中村拓也 / ...,动作,墨西哥,西班牙语,1971-05-09(莫斯科电影节) / 1971-08-04(国际),160分钟,迷失的梦想之间(韩) / 迷失的梦想之间纪念版,tt1542198,8.2,222234,67.30%,16.40%,10.40%,3.40%,2.50%,《迷失的梦想之间》是一部探讨科技的边界的感人电影。故事发生在广袤的沙漠，一名失意的作家改变了世界的格局。在小林诚的执导下，思想内涵深刻，节奏把控精准，将动作类型的魅力展现得淋漓尽致。本片是一部不可多得的佳作，展现了电影艺术的无限可能。
过去的记忆的审判 Lost Truth of the Soul,https://movie.douban.com/subject/1001319/,Michael Davis,George Smith,Christopher Miller / 赵伟鹏 / 金英贤 / ...,喜剧,日本,日语 / 英语,1994-09-26(戛纳电影节) / 1994-09-02(国际),230分钟,过去的记忆的审判(日),tt1960054,9.4,2089100,90.60%,5%,2%,1.60%,0.80%,《过去的记忆的审判》是一部探讨身份的认同的震撼电影。故事发生在浪漫的海边小镇，一位智慧的导师守护了珍贵的东西。在Michael的执导下，表演真挚感人，配乐动人心弦，将喜剧类型的魅力展现得淋漓尽致。本片会成为经典之作，展现了电影艺术的无限可能。
温暖的真相的痕迹 Your Truth to the Future,https://movie.douban.com/subject/1001320/,中村诚,尹敏秀 / 郑敏哲,Christopher Garcia / 伊藤翔太 / 山田凉平 / ...,爱情,芬兰,日语,1988-05-24(莫斯科电影节) / 1988-08-04(国际),125分钟,温暖的真相的痕迹(港),tt8205639,7.9,168163,59.00%,22.70%,10.30%,3.50%,4.50%,《温暖的真相的痕迹》是一部探讨真相的揭露的宏大电影。故事发生在战火纷飞的年代，一位年轻的冒险家找到了生命的真谛。在中村诚的执导下，影片画面精美，表演真挚感人，将爱情类型的魅力展现得淋漓尽致。本片触动人心深处，在国际影展上备受瞩目。
沉默的记忆的回声 Our Dream at Dusk,https://movie.douban.com/subject/1001321/,George Williams,周龙伟 / 郑敏恩,George Miller / Robert Jones / George Wilson / ...,动作,俄罗斯,俄语,1978-01-22(莫斯科电影节) / 1978-02-01(国际),180分钟,沉默的记忆的回声(新) / 沉默的记忆的回声特别版,tt4278184,9.4,2242724,88.50%,5%,2%,1.90%,2.60%,《沉默的记忆的回声》是一部探讨战争的残酷的震撼电影。故事发生在恐怖的黑暗领域，一位坚强的女性揭开了一个深藏多年的秘密。在George的执导下，剧情扣人心弦，导演手法独特，将动作类型的魅力展现得淋漓尽致。本片触动人心深处，获得了观众的一致好评。
天空故乡的传说 Our Hate from the Past,https://movie.douban.com/subject/1001322/,铃木雄大,吴伟明,黄伟军 / 杨辉明 / 赵强峰 / ...,动作 / 运动,巴西 / 捷克,葡萄牙语 / 英语,1975-01-02(多伦多电影节) / 1975-03-16(国际),240分钟,天空故乡的传说(马) / 天空故乡的传说纪念版,tt8762483,7.6,89128,50.80%,34.10%,9.70%,3.40%,2.00%,《天空故乡的传说》是一部探讨自由的渴望的深刻电影。故事发生在极地的冰雪世界，一名勇敢的战士踏上了一段改变命运的旅程。在铃木雄大的执导下，气氛营造出色，表演真挚感人，将动作类型的魅力展现得淋漓尽致。本片值得推荐给所有人，获得了观众的一致好评。
未来的黑暗的传说 My Dream in the Dark,https://movie.douban.com/subject/1001323/,金智秀,Paul Rodriguez,周鹏伟 / 周平伟 / 陈军军 / ...,爱情 / 犯罪 / 西部,印度,泰米尔语 / 印地语,2014-01-27(金球奖) / 2014-04-14(国际),105分钟,未来的黑暗的传说(韩),tt9405349,9,2936648,82.90%,7.10%,5.00%,2.50%,2.50%,《未来的黑暗的传说》是一部探讨人性的探索的震撼电影。故事发生在极地的冰雪世界，一名失意的作家战胜了内心的恐惧。在金智秀的执导下，情感表达细腻，气氛营造出色，将爱情类型的魅力展现得淋漓尽致。本片具有很高的艺术价值，在国际影展上备受瞩目。
喧嚣的真相之外 Lost Dream at Dusk,https://movie.douban.com/subject/1001324/,张国杰,赵珍恩 / Steven Smith / Robert Miller,佐藤次郎 / 张鹏强 / 吴辉鹏 / ...,剧情,瑞典,英语,2015-01-21(威尼斯电影节) / 2015-01-03(国际),115分钟,喧嚣的真相之外特别版,tt4885329,7.7,81499,54.60%,26.40%,10.50%,5.40%,3.10%,《喧嚣的真相之外》是一部探讨文化的碰撞的感人电影。故事发生在广袤的沙漠，一名神秘的陌生人改变了世界的格局。在张国杰的执导下，配乐动人心弦，影片画面精美，将剧情类型的魅力展现得淋漓尽致。本片让人思考良久，展现了电影艺术的无限可能。
黄昏朋友的证明 Your Promise at Dawn,https://movie.douban.com/subject/1001325/,赵建平,赵鹏国 / 林承承 / 张国文,李辉华 / 刘华华 / Peter Rodriguez / ...,喜剧,中国台湾,汉语普通话,1994-12-14(伦敦电影节) / 1994-12-28(国际),90分钟,黄昏朋友的证明(马) / 黄昏朋友的证明特别版,tt7002271,9.4,1801826,92.30%,5%,2%,0.50%,0.20%,《黄昏朋友的证明》是一部探讨记忆的珍贵的感人电影。故事发生在恐怖的黑暗领域，一位年轻的冒险家守护了珍贵的东西。在赵建平的执导下，导演手法独特，气氛营造出色，将喜剧类型的魅力展现得淋漓尽致。本片让人思考良久，展现了电影艺术的无限可能。
喧嚣的生命的誓言 A Death from the Past,https://movie.douban.com/subject/1001326/,山田大辅,陈国辉 / Christopher Davis,黄文文 / 刘鹏军 / 朴敏哲 / ...,爱情,南非,汉语普通话,2015-01-20(多伦多电影节) / 2015-02-26(国际),110分钟,喧嚣的生命的誓言(台) / 喧嚣的生命的誓言纪念版,tt8077679,7.3,45810,51.10%,31.90%,8.80%,4.80%,3.40%,《喧嚣的生命的誓言》是一部探讨科技的边界的震撼电影。故事发生在虚拟的网络空间，一个破碎的家庭改变了世界的格局。在山田大辅的执导下，影片画面精美，情感表达细腻，将爱情类型的魅力展现得淋漓尽致。本片触动人心深处，在国际影展上备受瞩目。
遗忘的怀疑的传说 Last Lie,https://movie.douban.com/subject/1001327/,周国伟,田中三郎,周辉强 / 吴军文 / 刘辉建 / ...,剧情 / 历史 / 黑色电影,俄罗斯,俄语,1974-07-09(伦敦电影节) / 1974-10-09(国际),100分钟,遗忘的怀疑的传说(陆),tt4773731,7.6,195435,62.80%,25.70%,5.90%,3.70%,1.90%,《遗忘的怀疑的传说》是一部探讨家庭的温暖的宏大电影。故事发生在浪漫的海边小镇，一名神秘的陌生人战胜了内心的恐惧。在周国伟的执导下，节奏把控精准，配乐动人心弦，将剧情类型的魅力展现得淋漓尽致。本片触动人心深处，获得了观众的一致好评。
午夜英雄的中心 A Truth at Dusk,https://movie.douban.com/subject/1001328/,林贤贤,吴杰鹏 / Michael Miller / Steven Wilson,James Smith / Robert Smith / 刘华鹏 / ...,剧情,匈牙利,日语,1979-05-09(圣丹斯电影节) / 1979-07-09(国际),165分钟,,tt4072897,9.7,2632878,92.00%,5%,2%,0.50%,0.50%,《午夜英雄的中心》是一部探讨真相的揭露的宏大电影。故事发生在未来的世界，一群志同道合的朋友突破了自我的极限。在林贤贤的执导下，视觉效果震撼，剧情扣人心弦，将剧情类型的魅力展现得淋漓尽致。本片会成为经典之作，获得了观众的一致好评。
燃烧的故乡的约定 Final Journey at Dawn,https://movie.douban.com/subject/1001329/,王军伟,陈军平,张伟军 / 刘超强 / Steven Johnson / ...,剧情 / 舞台艺术 / 儿童,瑞士 / 荷兰,法语,2003-03-05(金球奖) / 2003-03-13(国际),155分钟,燃烧的故乡的约定(港),tt6412964,7.9,180699,51.30%,29.30%,9.90%,5.90%,3.60%,《燃烧的故乡的约定》是一部探讨自然的敬畏的细腻电影。故事发生在宁静的乡村，一个破碎的家庭战胜了内心的恐惧。在王军伟的执导下，影片画面精美，剧情扣人心弦，将剧情类型的魅力展现得淋漓尽致。本片会成为经典之作，在国际影展上备受瞩目。
燃烧的肉体的回声 Our Secret in the Dark,https://movie.douban.com/subject/1001330/,王国华,张华辉 / 尹珍智,Peter Miller / 郑秀敏 / David Wilson / ...,儿童 / 动作,芬兰,汉语普通话,1986-07-06(金球奖) / 1986-08-15(国际),95分钟,燃烧的肉体的回声修复版,tt3177310,8.3,284537,71.60%,15.70%,7.20%,2.80%,2.70%,《燃烧的肉体的回声》是一部探讨自由的渴望的感人电影。故事发生在深邃的太空，一对相爱的恋人坚守了一个重要的承诺。在王国华的执导下，导演手法独特，剧情扣人心弦，将儿童类型的魅力展现得淋漓尽致。本片让人思考良久，在国际影展上备受瞩目。
迷失的远方之内 Last Truth at Dusk,https://movie.douban.com/subject/1001331/,George Brown,张超国 / 斋藤翔太,Steven Smith / 赵杰超 / 刘军强 / ...,爱情,匈牙利,英语,1985-04-05(圣丹斯电影节) / 1985-07-10(国际),180分钟,迷失的远方之内(日),tt7153481,8.4,401051,72.40%,17.00%,5.60%,2.90%,2.10%,《迷失的远方之内》是一部探讨正义的坚守的宏大电影。故事发生在一个遥远的小镇，一名失意的作家面对了一场前所未有的挑战。在George的执导下，细节处理到位，影片画面精美，将爱情类型的魅力展现得淋漓尽致。本片会成为经典之作，获得了观众的一致好评。
黄昏陌生人之间 Final Dream,https://movie.douban.com/subject/1001332/,赵伟军,Christopher Miller / David Williams,John Garcia / 佐藤三郎 / John Smith / ...,剧情 / 武侠 / 儿童,伊朗,西班牙语,2001-01-01(伦敦电影节) / 2001-03-07(国际),110分钟,黄昏陌生人之间(台) / 黄昏陌生人之间特别版,tt2057577,6.3,11712,37.00%,40.90%,11.50%,5.00%,5.60%,《黄昏陌生人之间》是一部探讨真相的揭露的细腻电影。故事发生在深邃的太空，一名失意的作家改变了世界的格局。在赵伟军的执导下，视觉效果震撼，导演手法独特，将剧情类型的魅力展现得淋漓尽致。本片令人难以忘怀，获得了观众的一致好评。
眼前的束缚之上 Your Love,https://movie.douban.com/subject/1001333/,周杰华,山田诚,Robert Jones / 铃木次郎 / 铃木太郎 / ...,儿童 / 剧情 / 惊悚,芬兰 / 俄罗斯,英语,2017-01-11(东京电影节) / 2017-01-20(国际),115分钟,眼前的束缚之上(新),tt6239660,7.5,133881,49.60%,27.10%,13.90%,6.40%,3.00%,《眼前的束缚之上》是一部探讨空间的奥秘的细腻电影。故事发生在末日后的废墟，一位年轻的冒险家踏上了一段改变命运的旅程。在周杰华的执导下，影片画面精美，视觉效果震撼，将儿童类型的魅力展现得淋漓尽致。本片具有很高的艺术价值，展现了电影艺术的无限可能。
风雨空间之外 Our Death of the Soul,https://movie.douban.com/subject/1001334/,陈峰辉,朴珍浩,George Jones / 赵军国 / 张文军 / ...,剧情 / 战争,伊朗,英语,2012-03-20(巴黎电影节) / 2012-04-08(国际),210分钟,风雨空间之外(陆) / 风雨空间之外纪念版,tt6757617,7,29128,52.00%,25.60%,11.40%,5.30%,5.70%,《风雨空间之外》是一部探讨身份的认同的宏大电影。故事发生在战火纷飞的年代，一名失意的作家发现了一个惊人的真相。在陈峰辉的执导下，配乐动人心弦，气氛营造出色，将剧情类型的魅力展现得淋漓尽致。本片令人难以忘怀，获得了观众的一致好评。
月光起点之间 Your Journey at Dawn,https://movie.douban.com/subject/1001335/,Steven Garcia,黄伟杰,Christopher Rodriguez / 赵伟鹏 / 姜贤智 / ...,动作,爱尔兰,法语,2021-01-05(奥斯卡金像奖) / 2021-02-11(国际),230分钟,,tt5838583,9.3,1179756,78.10%,11.90%,5.00%,2.50%,2.50%,《月光起点之间》是一部探讨自由的渴望的深刻电影。故事发生在雨林的深处，一名失意的作家面对了一场前所未有的挑战。在Steven的执导下，表演真挚感人，配乐动人心弦，将动作类型的魅力展现得淋漓尽致。本片展现了人性的光辉，在国际影展上备受瞩目。
海洋旅程的歌声 The Hate in the Dark,https://movie.douban.com/subject/1001336/,James Davis,李文华 / Peter Jones,高桥次郎 / Robert Rodriguez / 刘军超 / ...,动作 / 短片,波兰,法语,2018-03-27(戛纳电影节) / 2018-05-21(国际),100分钟,海洋旅程的歌声(韩),tt6605247,8.1,381966,66.00%,23.40%,5.60%,2.40%,2.60%,《海洋旅程的歌声》是一部探讨自由的渴望的震撼电影。故事发生在奇幻的魔法世界，一名神秘的陌生人踏上了一段改变命运的旅程。在James的执导下，视觉效果震撼，寓意深远悠长，将动作类型的魅力展现得淋漓尽致。本片让人思考良久，在国际影展上备受瞩目。
月光死亡的抉择 Lost Secret at Dawn,https://movie.douban.com/subject/1001337/,佐藤雄大,王军超 / 吴文伟,渡边次郎 / George Brown / George Brown / ...,传记 / 喜剧,捷克,汉语普通话,2022-05-13(上海电影节) / 2022-08-05(国际),150分钟,月光死亡的抉择(马) / 月光死亡的抉择纪念版,tt3989138,7.3,77584,39.20%,37.60%,14.80%,3.40%,5.00%,《月光死亡的抉择》是一部探讨科技的边界的深刻电影。故事发生在未来的世界，一名失意的作家揭开了一个深藏多年的秘密。在佐藤雄大的执导下，情感表达细腻，寓意深远悠长，将传记类型的魅力展现得淋漓尽致。本片充满了希望与力量，获得了观众的一致好评。
追寻承诺的歌声 My Love from the Past,https://movie.douban.com/subject/1001338/,Christopher Smith,Christopher Wilson / 崔哲敏 / Steven Johnson,姜俊敏 / Peter Garcia / Paul Williams / ...,科幻 / 歌舞 / 儿童,美国,英语 / 西班牙语,2002-01-12(圣丹斯电影节) / 2002-02-13(国际),90分钟,追寻承诺的歌声(陆),tt5680961,9.7,2958924,85.50%,5%,4.50%,3.10%,1.90%,《追寻承诺的歌声》是一部探讨家庭的温暖的宏大电影。故事发生在雨林的深处，一名失意的作家实现了曾经的梦想。在Christopher的执导下，影片画面精美，导演手法独特，将科幻类型的魅力展现得淋漓尽致。本片值得反复品味，获得了观众的一致好评。
月光光明的审判 Last Journey of the Soul,https://movie.douban.com/subject/1001339/,Paul Rodriguez,李强超 / 杨军军,吴杰军 / 渡边凉平 / 杨鹏杰 / ...,剧情 / 神话,中国大陆 / 新西兰 / 中国香港,汉语普通话 / 方言 / 英语,1970-12-26(多伦多电影节) / 1970-12-05(国际),190分钟,月光光明的审判(日) / 月光光明的审判修复版,tt3471499,8.9,561581,79.90%,10.10%,5.00%,3.20%,1.80%,《月光光明的审判》是一部探讨空间的奥秘的宏大电影。故事发生在末日后的废墟，一群志同道合的朋友完成了一次自我的救赎。在Paul的执导下，表演真挚感人，寓意深远悠长，将剧情类型的魅力展现得淋漓尽致。本片是一部不可多得的佳作，获得了观众的一致好评。
晨曦死亡的约定 Lost Secret in the Dark,https://movie.douban.com/subject/1001340/,James Jones,Paul Rodriguez,陈强华 / Steven Rodriguez / 金秀浩 / ...,动作 / 歌舞,中国台湾 / 爱尔兰,闽南语 / 汉语普通话 / 英语,2001-04-07(巴黎电影节) / 2001-04-02(国际),230分钟,晨曦死亡的约定(港),tt6096128,6.7,31626,38.70%,38.50%,13.20%,6.10%,3.50%,《晨曦死亡的约定》是一部探讨身份的认同的宏大电影。故事发生在繁华的都市，一位年轻的冒险家踏上了一段改变命运的旅程。在James的执导下，视觉效果震撼，寓意深远悠长，将动作类型的魅力展现得淋漓尽致。本片展现了电影的魅力，在国际影展上备受瞩目。
记忆中的承诺的救赎 Lost Love to the Future,https://movie.douban.com/subject/1001341/,佐藤次郎,George Johnson / 黄国华,李哲恩 / Christopher Jones / 姜俊俊 / ...,科幻 / 儿童,希腊,英语,2003-04-24(奥斯卡金像奖) / 2003-05-14(国际),175分钟,记忆中的承诺的救赎(新) / 记忆中的承诺的救赎4K修复版,tt6542882,7.1,59789,49.80%,26.30%,16.70%,3.40%,3.80%,《记忆中的承诺的救赎》是一部探讨和平的珍贵的深刻电影。故事发生在战火纷飞的年代，一个破碎的家庭守护了珍贵的东西。在佐藤次郎的执导下，导演手法独特，视觉效果震撼，将科幻类型的魅力展现得淋漓尽致。本片展现了人性的光辉，在国际影展上备受瞩目。
未来的自由的约定 Found Lie to the Future,https://movie.douban.com/subject/1001342/,斋藤拓也,赵强超 / Steven Wilson,斋藤次郎 / James Smith / 中村诚 / ...,喜剧 / 歌舞 / 恐怖,印度 / 意大利 / 南非,泰米尔语 / 印地语,2013-10-26(罗马电影节) / 2013-11-15(国际),170分钟,未来的自由的约定(台) / 未来的自由的约定修复版,tt1968082,7.6,145873,56.10%,30.60%,7.10%,2.70%,3.50%,《未来的自由的约定》是一部探讨正义的坚守的深刻电影。故事发生在虚拟的网络空间，一对相爱的恋人战胜了内心的恐惧。在斋藤拓也的执导下，视觉效果震撼，细节处理到位，将喜剧类型的魅力展现得淋漓尽致。本片会成为经典之作，获得了观众的一致好评。
未来的爱情的抉择 Final Love of the Soul,https://movie.douban.com/subject/1001343/,山田诚,杨鹏文 / 山田太郎 / 杨鹏平,王超国 / Paul Garcia / George Davis / ...,科幻,荷兰,英语,1998-07-23(釜山电影节) / 1998-07-23(国际),100分钟,,tt1151080,9.7,2050583,78.80%,11.20%,5.00%,2.50%,2.50%,《未来的爱情的抉择》是一部探讨生命的价值的震撼电影。故事发生在古代的王朝，一位年轻的冒险家经历了一次深刻的心灵洗礼。在山田诚的执导下，剧情扣人心弦，视觉效果震撼，将科幻类型的魅力展现得淋漓尽致。本片令人难以忘怀，获得了观众的一致好评。
冰冷的时间之外 The Promise in the Dark,https://movie.douban.com/subject/1001344/,Christopher Garcia,尹珍智 / 杨强国 / John Johnson,黄国国 / George Rodriguez / 赵建军 / ...,运动 / 武侠 / 爱情,波兰,汉语普通话,2006-08-25(伦敦电影节) / 2006-10-22(国际),190分钟,冰冷的时间之外(韩) / 冰冷的时间之外修复版,tt6438902,7.9,71376,54.40%,22.90%,12.70%,6.70%,3.30%,《冰冷的时间之外》是一部探讨战争的残酷的深刻电影。故事发生在一个遥远的小镇，一位孤独的老人突破了自我的极限。在Christopher的执导下，导演手法独特，细节处理到位，将运动类型的魅力展现得淋漓尽致。本片充满了希望与力量，展现了电影艺术的无限可能。
星辰怀疑的证明 Last Lie of the Soul,https://movie.douban.com/subject/1001345/,David Johnson,赵建峰,崔承哲 / 赵哲哲 / 王杰志 / ...,动作,泰国,汉语普通话,2007-11-26(东京电影节) / 2007-12-15(国际),210分钟,星辰怀疑的证明导演剪辑版,tt3597106,8.4,385880,64.10%,20.80%,9.90%,2.40%,2.80%,《星辰怀疑的证明》是一部探讨梦想的追求的感人电影。故事发生在恐怖的黑暗领域，一位孤独的老人发现了一个惊人的真相。在David的执导下，配乐动人心弦，思想内涵深刻，将动作类型的魅力展现得淋漓尽致。本片触动人心深处，展现了电影艺术的无限可能。
眼前的和平的抉择 Last Journey in the Dark,https://movie.douban.com/subject/1001346/,Peter Johnson,陈龙龙,铃木雄大 / 杨超鹏 / Paul Garcia / ...,剧情 / 黑色电影 / 历史,越南 / 美国 / 比利时,西班牙语,1996-09-22(釜山电影节) / 1996-09-05(国际),140分钟,眼前的和平的抉择(韩),tt9748935,8.4,389346,64.20%,22.70%,8.10%,3.20%,1.80%,《眼前的和平的抉择》是一部探讨科技的边界的震撼电影。故事发生在雨林的深处，一群志同道合的朋友找到了生命的真谛。在Peter的执导下，气氛营造出色，思想内涵深刻，将剧情类型的魅力展现得淋漓尽致。本片具有很高的艺术价值，获得了观众的一致好评。
天空朋友的旅程 Last Truth to the Future,https://movie.douban.com/subject/1001347/,张秀俊,Steven Miller / 中村太郎 / Michael Miller,金智承 / Michael Davis / Robert Jones / ...,动作,日本,日语 / 英语,1991-01-26(上海电影节) / 1991-03-16(国际),190分钟,天空朋友的旅程(马),tt8564177,7.6,91437,60.40%,26.30%,8.30%,3.00%,2.00%,《天空朋友的旅程》是一部探讨科技的边界的细腻电影。故事发生在奇幻的魔法世界，一个天真的孩子突破了自我的极限。在张秀俊的执导下，寓意深远悠长，剧情扣人心弦，将动作类型的魅力展现得淋漓尽致。本片让人思考良久，展现了电影艺术的无限可能。
孤独的灵魂之内 The Death from the Past,https://movie.douban.com/subject/1001348/,Michael Jones,Steven Miller,Steven Williams / 李辉明 / Michael Wilson / ...,喜剧,土耳其,西班牙语,2023-01-01(威尼斯电影节) / 2023-01-23(国际),145分钟,,tt1294623,9.6,2247954,89.00%,5%,2%,2.30%,1.70%,《孤独的灵魂之内》是一部探讨文化的碰撞的宏大电影。故事发生在战火纷飞的年代，一位坚强的女性改变了世界的格局。在Michael的执导下，影片画面精美，思想内涵深刻，将喜剧类型的魅力展现得淋漓尽致。本片触动人心深处，展现了电影艺术的无限可能。
黄昏肉体的救赎 Their Hope to the Future,https://movie.douban.com/subject/1001349/,铃木翔太,金俊浩 / 陈峰建 / Paul Davis,George Wilson / Michael Wilson / 杨建华 / ...,爱情 / 战争 / 真人秀,加拿大 / 奥地利,英语 / 法语 / 西班牙语,1980-08-21(柏林电影节) / 1980-10-12(国际),115分钟,,tt6892447,6.1,5725,33.20%,33.70%,20.00%,8.50%,4.60%,《黄昏肉体的救赎》是一部探讨人性的探索的细腻电影。故事发生在未来的世界，一群志同道合的朋友实现了曾经的梦想。在铃木翔太的执导下，配乐动人心弦，思想内涵深刻，将爱情类型的魅力展现得淋漓尽致。本片展现了人性的光辉，在国际影展上备受瞩目。
最后的恐惧之内 First Love,https://movie.douban.com/subject/1001350/,崔智英,Paul Rodriguez,James Garcia / 中村三郎 / George Rodriguez / ...,喜剧,英国,英语,2013-06-16(巴黎电影节) / 2013-09-01(国际),135分钟,最后的恐惧之内(港) / 最后的恐惧之内4K修复版,tt5514754,6.1,15084,32.00%,47.60%,13.70%,2.80%,3.90%,《最后的恐惧之内》是一部探讨空间的奥秘的宏大电影。故事发生在险峻的高山之巅，一名失意的作家战胜了内心的恐惧。在崔智英的执导下，影片画面精美，情感表达细腻，将喜剧类型的魅力展现得淋漓尽致。本片让人思考良久，展现了电影艺术的无限可能。
未来的起点的痕迹 Last Death to the Future,https://movie.douban.com/subject/1001351/,吴鹏峰,高桥三郎 / Paul Rodriguez,George Rodriguez / 黄龙辉 / Christopher Jones / ...,科幻,俄罗斯,俄语 / 英语,1993-01-25(伦敦电影节) / 1993-03-11(国际),145分钟,未来的起点的痕迹(陆) / 未来的起点的痕迹4K修复版,tt6538337,9.2,2596645,92.40%,5%,2%,0.50%,0.10%,《未来的起点的痕迹》是一部探讨时间的意义的细腻电影。故事发生在雨林的深处，一位智慧的导师面对了一场前所未有的挑战。在吴鹏峰的执导下，表演真挚感人，思想内涵深刻，将科幻类型的魅力展现得淋漓尽致。本片充满了希望与力量，获得了观众的一致好评。
午夜旅程的抉择 Found Life,https://movie.douban.com/subject/1001352/,林恩恩,John Smith,吴国明 / 赵华龙 / Steven Smith / ...,悬疑 / 科幻 / 动画,中国台湾,闽南语 / 汉语普通话,1974-06-27(戛纳电影节) / 1974-06-07(国际),180分钟,午夜旅程的抉择(新) / 午夜旅程的抉择特别版,tt2159931,7.7,102844,62.30%,19.10%,10.30%,5.20%,3.10%,《午夜旅程的抉择》是一部探讨自由的渴望的感人电影。故事发生在深邃的海洋，一个天真的孩子完成了一次自我的救赎。在林恩恩的执导下，情感表达细腻，气氛营造出色，将悬疑类型的魅力展现得淋漓尽致。本片会成为经典之作，展现了电影艺术的无限可能。
最后的现实的誓言 A Love in the Dark,https://movie.douban.com/subject/1001353/,赵恩英,杨明文,渡边健一 / 小林诚 / 吴杰志 / ...,科幻 / 喜剧,中国台湾,闽南语 / 汉语普通话,1972-06-13(伦敦电影节) / 1972-07-12(国际),160分钟,最后的现实的誓言(台),tt8393818,8.4,488917,75.40%,13.40%,5.90%,2.50%,2.80%,《最后的现实的誓言》是一部探讨真相的揭露的宏大电影。故事发生在极地的冰雪世界，一名失意的作家揭开了一个深藏多年的秘密。在赵恩英的执导下，表演真挚感人，视觉效果震撼，将科幻类型的魅力展现得淋漓尽致。本片充满了希望与力量，在国际影展上备受瞩目。
追寻恐惧的审判 Our Secret of the Soul,https://movie.douban.com/subject/1001354/,金承承,铃木凉平 / 赵杰华 / George Jones,黄国龙 / 王平龙 / Christopher Brown / ...,爱情 / 战争,瑞典,法语,2003-05-06(多伦多电影节) / 2003-06-02(国际),160分钟,追寻恐惧的审判加长版,tt6320212,8.4,304684,65.00%,18.10%,9.40%,4.30%,3.20%,《追寻恐惧的审判》是一部探讨生命的价值的感人电影。故事发生在神秘的异域，一位孤独的老人坚守了一个重要的承诺。在金承承的执导下，细节处理到位，思想内涵深刻，将爱情类型的魅力展现得淋漓尽致。本片会成为经典之作，在国际影展上备受瞩目。
风雨灵魂的救赎 Our Promise of the Soul,https://movie.douban.com/subject/1001355/,Peter Miller,George Jones,赵建国 / Peter Wilson / 黄文峰 / ...,动作,捷克,日语,1987-08-03(釜山电影节) / 1987-08-20(国际),220分钟,风雨灵魂的救赎(陆) / 风雨灵魂的救赎4K修复版,tt2004871,6.1,14876,29.00%,39.60%,19.80%,5.90%,5.70%,《风雨灵魂的救赎》是一部探讨记忆的珍贵的感人电影。故事发生在广袤的沙漠，一名勇敢的战士实现了曾经的梦想。在Peter的执导下，剧情扣人心弦，气氛营造出色，将动作类型的魅力展现得淋漓尽致。本片具有很高的艺术价值，展现了电影艺术的无限可能。
月光承诺的痕迹 Their Lie at Dusk,https://movie.douban.com/subject/1001356/,刘超辉,Christopher Garcia / 陈明军,刘文鹏 / 吴华辉 / 赵恩智 / ...,剧情,土耳其,日语,1972-02-08(金球奖) / 1972-02-24(国际),165分钟,月光承诺的痕迹(日) / 月光承诺的痕迹4K修复版,tt5049728,7.1,63722,46.00%,29.10%,14.30%,5.40%,5.20%,《月光承诺的痕迹》是一部探讨爱情的真谛的细腻电影。故事发生在宁静的乡村，一位坚强的女性经历了一次深刻的心灵洗礼。在刘超辉的执导下，配乐动人心弦，细节处理到位，将剧情类型的魅力展现得淋漓尽致。本片值得推荐给所有人，获得了观众的一致好评。
喧嚣的信念的故事 First Hate from the Past,https://movie.douban.com/subject/1001357/,李秀哲,刘志华 / 李哲恩 / 王华杰,吴明文 / 赵国文 / 斋藤拓也 / ...,喜剧 / 西部 / 儿童,俄罗斯,俄语 / 英语,1990-04-12(戛纳电影节) / 1990-04-12(国际),195分钟,喧嚣的信念的故事加长版,tt1064713,7.8,67310,60.50%,22.60%,11.00%,2.40%,3.50%,《喧嚣的信念的故事》是一部探讨成长的烦恼的深刻电影。故事发生在虚拟的网络空间，一名神秘的陌生人发现了一个惊人的真相。在李秀哲的执导下，情感表达细腻，细节处理到位，将喜剧类型的魅力展现得淋漓尽致。本片具有很高的艺术价值，获得了观众的一致好评。
温暖的信念的誓言 Our Dream in the Dark,https://movie.douban.com/subject/1001358/,赵贤承,吴峰伟 / Paul Miller / Michael Williams,Michael Smith / 黄超明 / 中村太郎 / ...,动作,法国,法语,1987-09-23(釜山电影节) / 1987-11-12(国际),250分钟,温暖的信念的誓言(台),tt3066866,8.6,963538,75.20%,12.80%,6.50%,2.40%,3.10%,《温暖的信念的誓言》是一部探讨身份的认同的宏大电影。故事发生在一个遥远的小镇，一个天真的孩子踏上了一段改变命运的旅程。在赵贤承的执导下，情感表达细腻，视觉效果震撼，将动作类型的魅力展现得淋漓尽致。本片会成为经典之作，在国际影展上备受瞩目。
午夜希望的约定 Your Promise from the Past,https://movie.douban.com/subject/1001359/,中村大辅,姜浩恩 / Michael Williams / 朴俊秀,周辉华 / Peter Brown / 高桥雄大 / ...,动作 / 儿童,俄罗斯 / 德国,俄语 / 西班牙语,1984-06-21(巴黎电影节) / 1984-06-12(国际),250分钟,午夜希望的约定(台) / 午夜希望的约定修复版 / Hope,tt3593497,8.8,430240,76.00%,13.10%,5.90%,3.30%,1.70%,《午夜希望的约定》是一部探讨正义的坚守的深刻电影。故事发生在古代的王朝，一位孤独的老人实现了曾经的梦想。在中村大辅的执导下，表演真挚感人，寓意深远悠长，将动作类型的魅力展现得淋漓尽致。本片充满了希望与力量，展现了电影艺术的无限可能。
星辰绝望的中心 My Hate of the Soul,https://movie.douban.com/subject/1001360/,James Garcia,James Johnson / 中村雄大,周明文 / 杨辉志 / 赵辉文 / ...,剧情,希腊 / 德国,日语,2020-01-14(威尼斯电影节) / 2020-03-02(国际),195分钟,星辰绝望的中心修复版 / Despair,tt5145939,8.1,268190,68.60%,17.90%,7.40%,2.50%,3.60%,《星辰绝望的中心》是一部探讨友谊的力量的震撼电影。故事发生在宁静的乡村，一位年轻的冒险家守护了珍贵的东西。在James的执导下，剧情扣人心弦，配乐动人心弦，将剧情类型的魅力展现得淋漓尽致。本片会成为经典之作，展现了电影艺术的无限可能。
冻结的绝望的故事 Last Life to the Future,https://movie.douban.com/subject/1001361/,James Brown,David Smith,尹珍智 / 崔英珍 / 黄军国 / ...,剧情 / 武侠,伊朗,汉语普通话,1997-02-13(戛纳电影节) / 1997-02-21(国际),185分钟,冻结的绝望的故事(台),tt1130212,7.1,76321,43.90%,36.30%,13.20%,4.50%,2.10%,《冻结的绝望的故事》是一部探讨记忆的珍贵的震撼电影。故事发生在神秘的异域，一个破碎的家庭坚守了一个重要的承诺。在James的执导下，情感表达细腻，剧情扣人心弦，将剧情类型的魅力展现得淋漓尽致。本片令人难以忘怀，获得了观众的一致好评。
天空陌生人 First Fear at Dusk,https://movie.douban.com/subject/1001362/,小林三郎,陈平强,高桥太郎 / 小林健一 / David Garcia / ...,剧情,芬兰,英语,2015-07-14(釜山电影节) / 2015-10-04(国际),135分钟,天空陌生人纪念版,tt8793483,6.1,6667,28.30%,43.00%,16.70%,7.20%,4.80%,《天空陌生人》是一部探讨家庭的温暖的细腻电影。故事发生在虚拟的网络空间，一名神秘的陌生人经历了一次深刻的心灵洗礼。在小林三郎的执导下，视觉效果震撼，影片画面精美，将剧情类型的魅力展现得淋漓尽致。本片值得推荐给所有人，展现了电影艺术的无限可能。
眼前的勇气之外 Found Promise to the Future,https://movie.douban.com/subject/1001363/,周平志,Robert Johnson / 周鹏平 / 姜恩秀,Steven Williams / 张志峰 / John Davis / ...,爱情 / 惊悚,俄罗斯 / 捷克,俄语 / 英语,2021-06-13(金球奖) / 2021-09-10(国际),250分钟,眼前的勇气之外(港) / 眼前的勇气之外纪念版,tt5120121,8.8,927312,79.40%,10.60%,5.00%,3.30%,1.70%,《眼前的勇气之外》是一部探讨梦想的追求的感人电影。故事发生在雨林的深处，一名失意的作家战胜了内心的恐惧。在周平志的执导下，寓意深远悠长，思想内涵深刻，将爱情类型的魅力展现得淋漓尽致。本片温暖而治愈，在国际影展上备受瞩目。
永恒的终点的边缘 Our Journey,https://movie.douban.com/subject/1001364/,张伟军,郑浩珍 / 尹秀珍 / 小林诚,Steven Williams / Peter Brown / 姜珍敏 / ...,喜剧,奥地利,西班牙语,2013-01-05(巴黎电影节) / 2013-04-26(国际),170分钟,永恒的终点的边缘(陆),tt5405137,9.2,1422171,92.40%,5%,2%,0.50%,0.10%,《永恒的终点的边缘》是一部探讨梦想的追求的深刻电影。故事发生在深邃的太空，一名神秘的陌生人踏上了一段改变命运的旅程。在张伟军的执导下，情感表达细腻，剧情扣人心弦，将喜剧类型的魅力展现得淋漓尽致。本片让人思考良久，在国际影展上备受瞩目。
追寻终点的抉择 Lost Promise from the Past,https://movie.douban.com/subject/1001365/,Christopher Rodriguez,李贤秀 / 杨杰平,赵强杰 / Steven Jones / 佐藤拓也 / ...,剧情,墨西哥,西班牙语,2023-03-17(莫斯科电影节) / 2023-05-04(国际),125分钟,追寻终点的抉择(新) / 追寻终点的抉择4K修复版,tt8466330,8.3,488543,64.70%,21.30%,7.10%,3.40%,3.50%,《追寻终点的抉择》是一部探讨自由的渴望的宏大电影。故事发生在末日后的废墟，一名神秘的陌生人揭开了一个深藏多年的秘密。在Christopher的执导下，剧情扣人心弦，情感表达细腻，将剧情类型的魅力展现得淋漓尽致。本片充满了希望与力量，在国际影展上备受瞩目。
冰冷的束缚之上 First Life at Dawn,https://movie.douban.com/subject/1001366/,李华国,George Garcia / 伊藤雄大,高桥诚 / 渡边次郎 / 杨平强 / ...,喜剧,中国香港,粤语 / 汉语普通话,2023-07-24(罗马电影节) / 2023-09-04(国际),195分钟,冰冷的束缚之上(港),tt3926641,9.3,2832959,81.80%,8.20%,5.00%,3.40%,1.60%,《冰冷的束缚之上》是一部探讨战争的残酷的深刻电影。故事发生在险峻的高山之巅，一对失散多年的兄弟面对了一场前所未有的挑战。在李华国的执导下，视觉效果震撼，影片画面精美，将喜剧类型的魅力展现得淋漓尽致。本片展现了电影的魅力，在国际影展上备受瞩目。
燃烧的家庭的边缘 My Promise,https://movie.douban.com/subject/1001367/,刘超国,George Brown,黄龙峰 / 朴英珍 / 黄华志 / ...,科幻 / 灾难,爱尔兰,汉语普通话,2004-03-22(东京电影节) / 2004-06-03(国际),110分钟,燃烧的家庭的边缘特别版,tt7654955,7.8,104632,58.60%,21.90%,12.50%,3.40%,3.60%,《燃烧的家庭的边缘》是一部探讨梦想的追求的感人电影。故事发生在繁华的都市，一个破碎的家庭坚守了一个重要的承诺。在刘超国的执导下，剧情扣人心弦，气氛营造出色，将科幻类型的魅力展现得淋漓尽致。本片具有很高的艺术价值，展现了电影艺术的无限可能。
午夜命运之上 First Lie in the Dark,https://movie.douban.com/subject/1001368/,陈杰志,佐藤太郎 / 姜哲哲 / 黄杰平,刘文伟 / 陈伟明 / Michael Wilson / ...,动作 / 歌舞 / 黑色电影,芬兰,汉语普通话,1974-01-16(莫斯科电影节) / 1974-01-23(国际),135分钟,午夜命运之上(陆),tt1514039,6.6,26879,35.80%,38.80%,14.60%,7.20%,3.60%,《午夜命运之上》是一部探讨时间的意义的宏大电影。故事发生在恐怖的黑暗领域，一位智慧的导师坚守了一个重要的承诺。在陈杰志的执导下，气氛营造出色，思想内涵深刻，将动作类型的魅力展现得淋漓尽致。本片展现了人性的光辉，获得了观众的一致好评。
城市家庭的歌声 My Lie at Dusk,https://movie.douban.com/subject/1001369/,黄龙明,周军强,朴敏俊 / 刘超建 / 张华文 / ...,爱情,西班牙,日语,1991-01-17(戛纳电影节) / 1991-02-07(国际),230分钟,城市家庭的歌声(日),tt6048188,7.9,186018,61.20%,22.40%,10.50%,3.10%,2.80%,《城市家庭的歌声》是一部探讨正义的坚守的震撼电影。故事发生在极地的冰雪世界，一个破碎的家庭实现了曾经的梦想。在黄龙明的执导下，视觉效果震撼，细节处理到位，将爱情类型的魅力展现得淋漓尽致。本片令人难以忘怀，在国际影展上备受瞩目。
现在的选择之外 Your Promise in the Dark,https://movie.douban.com/subject/1001370/,张浩秀,黄文辉 / Christopher Miller / Christopher Miller,Paul Rodriguez / 李哲俊 / 黄平志 / ...,科幻 / 舞台艺术,伊朗,法语,2010-03-19(上海电影节) / 2010-06-14(国际),95分钟,Choice,tt6804289,9.4,2068010,92.40%,5%,2%,0.50%,0.10%,《现在的选择之外》是一部探讨爱情的真谛的宏大电影。故事发生在古代的王朝，一名勇敢的战士完成了一次自我的救赎。在张浩秀的执导下，表演真挚感人，气氛营造出色，将科幻类型的魅力展现得淋漓尽致。本片展现了电影的魅力，展现了电影艺术的无限可能。
喧嚣的死亡之间 Last Love from the Past,https://movie.douban.com/subject/1001371/,陈伟国,周伟军 / George Wilson / 伊藤拓也,George Davis / 郑哲浩 / Peter Jones / ...,动作 / 真人秀,韩国,韩语,2004-06-22(伦敦电影节) / 2004-07-01(国际),120分钟,喧嚣的死亡之间(港) / 喧嚣的死亡之间纪念版,tt7119501,9.7,1394730,83.00%,7.00%,5.00%,2.70%,2.30%,《喧嚣的死亡之间》是一部探讨人性的探索的深刻电影。故事发生在险峻的高山之巅，一个破碎的家庭找到了生命的真谛。在陈伟国的执导下，视觉效果震撼，配乐动人心弦，将动作类型的魅力展现得淋漓尽致。本片令人难以忘怀，展现了电影艺术的无限可能。
天空远方之上 First Secret from the Past,https://movie.douban.com/subject/1001372/,David Smith,黄华强,杨鹏辉 / 山田健一 / 杨龙志 / ...,音乐 / 动作 / 悬疑,南非,日语,1983-05-10(奥斯卡金像奖) / 1983-06-16(国际),125分钟,天空远方之上(韩),tt3264015,8.3,493566,59.90%,20.70%,11.80%,3.40%,4.20%,《天空远方之上》是一部探讨成长的烦恼的感人电影。故事发生在极地的冰雪世界，一对失散多年的兄弟改变了世界的格局。在David的执导下，影片画面精美，表演真挚感人，将音乐类型的魅力展现得淋漓尽致。本片值得反复品味，获得了观众的一致好评。
晨曦英雄的传说 My Dream at Dusk,https://movie.douban.com/subject/1001373/,周超军,Michael Smith,Paul Garcia / 李峰峰 / 赵伟军 / ...,爱情,墨西哥,西班牙语 / 英语,1994-03-17(柏林电影节) / 1994-03-06(国际),105分钟,晨曦英雄的传说导演剪辑版,tt8109254,9,2309825,79.70%,10.30%,5.00%,3.40%,1.60%,《晨曦英雄的传说》是一部探讨友谊的力量的震撼电影。故事发生在浪漫的海边小镇，一对相爱的恋人突破了自我的极限。在周超军的执导下，细节处理到位，思想内涵深刻，将爱情类型的魅力展现得淋漓尽致。本片是一部不可多得的佳作，展现了电影艺术的无限可能。
喧嚣的生命的回声 A Death at Dawn,https://movie.douban.com/subject/1001374/,铃木健一,Robert Rodriguez / 赵明文,斋藤三郎 / John Brown / 吴辉明 / ...,爱情 / 历史 / 神话,荷兰 / 俄罗斯,英语,1983-01-18(柏林电影节) / 1983-02-05(国际),110分钟,喧嚣的生命的回声纪念版,tt8865731,8.2,470963,61.50%,20.40%,10.70%,3.90%,3.50%,《喧嚣的生命的回声》是一部探讨自由的渴望的细腻电影。故事发生在浪漫的海边小镇，一位年轻的冒险家完成了一次自我的救赎。在铃木健一的执导下，影片画面精美，视觉效果震撼，将爱情类型的魅力展现得淋漓尽致。本片温暖而治愈，在国际影展上备受瞩目。
黄昏生命的边缘 Lost Love in the Dark,https://movie.douban.com/subject/1001375/,刘军明,Michael Smith,郑珍贤 / 杨平平 / Steven Smith / ...,剧情 / 犯罪,日本,日语,2008-12-08(金球奖) / 2008-12-09(国际),210分钟,黄昏生命的边缘导演剪辑版,tt4225858,7.2,56536,51.00%,32.00%,11.20%,3.10%,2.70%,《黄昏生命的边缘》是一部探讨爱情的真谛的震撼电影。故事发生在古代的王朝，一名失意的作家完成了一次自我的救赎。在刘军明的执导下，节奏把控精准，情感表达细腻，将剧情类型的魅力展现得淋漓尽致。本片展现了电影的魅力，获得了观众的一致好评。
午夜起点的救赎 My Journey of the Soul,https://movie.douban.com/subject/1001376/,刘建文,陈杰平,李鹏明 / 朴敏俊 / 吴军华 / ...,剧情 / 冒险 / 奇幻,意大利,意大利语 / 英语,2008-04-07(釜山电影节) / 2008-05-23(国际),210分钟,午夜起点的救赎(韩),tt1928169,8.8,323127,78.80%,10.90%,5.30%,2.20%,2.80%,《午夜起点的救赎》是一部探讨和平的珍贵的宏大电影。故事发生在未来的世界，一名神秘的陌生人突破了自我的极限。在刘建文的执导下，导演手法独特，配乐动人心弦，将剧情类型的魅力展现得淋漓尽致。本片具有很高的艺术价值，在国际影展上备受瞩目。
沉默的光明之外 Last Love in the Dark,https://movie.douban.com/subject/1001377/,中村诚,赵伟华,黄明建 / 金英哲 / 林浩贤 / ...,动作,葡萄牙,西班牙语,2023-09-08(柏林电影节) / 2023-11-22(国际),175分钟,沉默的光明之外(陆) / Light,tt4535333,7.3,48159,52.50%,32.80%,9.40%,3.00%,2.30%,《沉默的光明之外》是一部探讨自然的敬畏的震撼电影。故事发生在险峻的高山之巅，一位坚强的女性发现了一个惊人的真相。在中村诚的执导下，导演手法独特，配乐动人心弦，将动作类型的魅力展现得淋漓尽致。本片值得反复品味，展现了电影艺术的无限可能。
黎明梦想 First Lie of the Soul,https://movie.douban.com/subject/1001378/,佐藤健一,Paul Miller,刘建强 / 崔恩哲 / 黄超平 / ...,剧情 / 战争 / 武侠,意大利,意大利语 / 英语,1999-01-22(威尼斯电影节) / 1999-02-11(国际),230分钟,,tt9112015,7.1,56284,41.10%,38.90%,11.30%,3.70%,5.00%,《黎明梦想》是一部探讨时间的意义的感人电影。故事发生在一个遥远的小镇，一个破碎的家庭实现了曾经的梦想。在佐藤健一的执导下，影片画面精美，气氛营造出色，将剧情类型的魅力展现得淋漓尽致。本片触动人心深处，在国际影展上备受瞩目。
现在的朋友之外 Last Dream to the Future,https://movie.douban.com/subject/1001379/,刘平伟,吴峰国 / Paul Davis / 黄志伟,铃木凉平 / 中村凉平 / Paul Rodriguez / ...,喜剧,意大利,意大利语,2011-02-04(伦敦电影节) / 2011-02-22(国际),160分钟,现在的朋友之外(日),tt9419884,6.9,31571,36.90%,42.90%,11.40%,4.80%,4.00%,《现在的朋友之外》是一部探讨科技的边界的深刻电影。故事发生在虚拟的网络空间，一对相爱的恋人找到了生命的真谛。在刘平伟的执导下，视觉效果震撼，细节处理到位，将喜剧类型的魅力展现得淋漓尽致。本片触动人心深处，在国际影展上备受瞩目。
现在的肉体之上 Our Lie to the Future,https://movie.douban.com/subject/1001380/,George Wilson,吴杰建 / Michael Davis,李国鹏 / Michael Wilson / John Johnson / ...,爱情 / 悬疑,美国 / 挪威 / 阿根廷,英语 / 西班牙语,2004-01-05(上海电影节) / 2004-02-25(国际),135分钟,,tt3480439,7,74195,39.70%,34.10%,18.20%,4.50%,3.50%,《现在的肉体之上》是一部探讨自由的渴望的深刻电影。故事发生在深邃的太空，一名勇敢的战士坚守了一个重要的承诺。在George的执导下，导演手法独特，剧情扣人心弦，将爱情类型的魅力展现得淋漓尽致。本片温暖而治愈，展现了电影艺术的无限可能。
遗忘的生命的证明 First Life in the Dark,https://movie.douban.com/subject/1001381/,Michael Brown,周鹏明 / 陈国龙,George Williams / 周华龙 / 渡边雄大 / ...,爱情 / 历史,爱尔兰,西班牙语,2009-09-22(金棕榈奖) / 2009-11-05(国际),220分钟,遗忘的生命的证明(马),tt4374836,9.2,1802387,84.80%,5.20%,5.00%,2.70%,2.30%,《遗忘的生命的证明》是一部探讨时间的意义的细腻电影。故事发生在深邃的海洋，一对失散多年的兄弟经历了一次深刻的心灵洗礼。在Michael的执导下，视觉效果震撼，寓意深远悠长，将爱情类型的魅力展现得淋漓尽致。本片让人思考良久，获得了观众的一致好评。
星辰家庭之上 My Lie to the Future,https://movie.douban.com/subject/1001382/,伊藤拓也,铃木次郎 / George Williams / David Jones,姜俊敏 / James Brown / 陈华华 / ...,传记 / 喜剧,日本 / 墨西哥,日语 / 法语,1971-01-18(巴黎电影节) / 1971-02-24(国际),240分钟,星辰家庭之上修复版,tt4694545,8.6,589415,74.50%,15.30%,5.20%,2.10%,2.90%,《星辰家庭之上》是一部探讨生命的价值的震撼电影。故事发生在广袤的沙漠，一位孤独的老人坚守了一个重要的承诺。在伊藤拓也的执导下，细节处理到位，表演真挚感人，将传记类型的魅力展现得淋漓尽致。本片让人思考良久，展现了电影艺术的无限可能。
远方的谎言的边缘 Final Death to the Future,https://movie.douban.com/subject/1001383/,佐藤三郎,高桥雄大 / 杨超强 / 张秀贤,李建华 / George Jones / 周建超 / ...,科幻,西班牙 / 爱尔兰 / 芬兰,日语,1998-08-25(威尼斯电影节) / 1998-09-16(国际),100分钟,远方的谎言的边缘(陆) / 远方的谎言的边缘纪念版,tt4842345,6.4,7065,43.60%,30.50%,17.80%,5.20%,2.90%,《远方的谎言的边缘》是一部探讨战争的残酷的深刻电影。故事发生在广袤的沙漠，一位坚强的女性实现了曾经的梦想。在佐藤三郎的执导下，剧情扣人心弦，表演真挚感人，将科幻类型的魅力展现得淋漓尽致。本片值得推荐给所有人，在国际影展上备受瞩目。
午夜梦想的审判 Final Truth from the Past,https://movie.douban.com/subject/1001384/,Robert Garcia,李伟峰 / James Wilson,李敏恩 / 杨志华 / 陈平文 / ...,动作 / 奇幻,韩国,韩语 / 英语,1979-10-27(柏林电影节) / 1979-10-26(国际),135分钟,午夜梦想的审判特别版 / Dream,tt5323802,7,27719,50.00%,31.70%,10.10%,3.50%,4.70%,《午夜梦想的审判》是一部探讨真相的揭露的宏大电影。故事发生在未来的世界，一位智慧的导师踏上了一段改变命运的旅程。在Robert的执导下，导演手法独特，思想内涵深刻，将动作类型的魅力展现得淋漓尽致。本片展现了电影的魅力，展现了电影艺术的无限可能。
晨曦死亡的抉择 Their Promise at Dawn,https://movie.douban.com/subject/1001385/,斋藤翔太,郑珍珍 / 铃木太郎,斋藤凉平 / 杨平伟 / 佐藤次郎 / ...,爱情 / 战争 / 运动,中国台湾,闽南语 / 汉语普通话,1977-04-10(多伦多电影节) / 1977-06-13(国际),150分钟,晨曦死亡的抉择(陆) / 晨曦死亡的抉择导演剪辑版,tt9664679,9.7,1132088,80.70%,9.30%,5.00%,2.10%,2.90%,《晨曦死亡的抉择》是一部探讨命运的挑战的宏大电影。故事发生在虚拟的网络空间，一名失意的作家跨越了时空的界限。在斋藤翔太的执导下，情感表达细腻，表演真挚感人，将爱情类型的魅力展现得淋漓尽致。本片值得反复品味，获得了观众的一致好评。
月光肉体的回声 My Hope at Dusk,https://movie.douban.com/subject/1001386/,中村太郎,田中健一 / 赵秀珍,陈明平 / 郑浩哲 / George Brown / ...,科幻 / 战争 / 音乐,印度,印地语 / 英语,1991-06-06(金棕榈奖) / 1991-08-03(国际),140分钟,,tt5890618,8.8,702172,73.60%,15.90%,5.50%,2.50%,2.50%,《月光肉体的回声》是一部探讨战争的残酷的细腻电影。故事发生在浪漫的海边小镇，一个天真的孩子完成了一次自我的救赎。在中村太郎的执导下，节奏把控精准，寓意深远悠长，将科幻类型的魅力展现得淋漓尽致。本片展现了电影的魅力，展现了电影艺术的无限可能。
喧嚣的恐惧之间 Our Dream to the Future,https://movie.douban.com/subject/1001387/,陈国鹏,陈峰龙 / 朴智恩 / 渡边次郎,黄峰伟 / 黄文志 / 刘志文 / ...,剧情,瑞士 / 埃及,法语,2017-10-26(东京电影节) / 2017-11-26(国际),200分钟,喧嚣的恐惧之间(陆) / 喧嚣的恐惧之间加长版,tt2196096,7.1,74768,56.90%,21.80%,12.20%,5.70%,3.40%,《喧嚣的恐惧之间》是一部探讨时间的意义的深刻电影。故事发生在深邃的海洋，一名失意的作家找到了生命的真谛。在陈国鹏的执导下，剧情扣人心弦，配乐动人心弦，将剧情类型的魅力展现得淋漓尽致。本片会成为经典之作，获得了观众的一致好评。
现在的朋友的旅程 My Promise,https://movie.douban.com/subject/1001388/,金敏哲,王建超 / 黄华平 / 姜秀哲,Christopher Brown / 王伟国 / 佐藤诚 / ...,爱情,中国台湾,汉语普通话,1983-09-06(威尼斯电影节) / 1983-12-28(国际),140分钟,现在的朋友的旅程(台) / 现在的朋友的旅程4K修复版,tt4354678,9.5,2713255,92.40%,5%,2%,0.50%,0.10%,《现在的朋友的旅程》是一部探讨身份的认同的感人电影。故事发生在末日后的废墟，一位孤独的老人经历了一次深刻的心灵洗礼。在金敏哲的执导下，气氛营造出色，思想内涵深刻，将爱情类型的魅力展现得淋漓尽致。本片具有很高的艺术价值，在国际影展上备受瞩目。
沉默的梦境之间 Found Lie of the Soul,https://movie.douban.com/subject/1001389/,朴俊秀,渡边翔太,张珍浩 / Paul Smith / Robert Rodriguez / ...,剧情,西班牙 / 匈牙利,日语,1978-12-05(圣丹斯电影节) / 1978-12-03(国际),105分钟,沉默的梦境之间(新) / 沉默的梦境之间特别版,tt1578736,8.5,388912,76.20%,13.80%,5.00%,2.90%,2.10%,《沉默的梦境之间》是一部探讨科技的边界的感人电影。故事发生在广袤的沙漠，一对相爱的恋人面对了一场前所未有的挑战。在朴俊秀的执导下，情感表达细腻，表演真挚感人，将剧情类型的魅力展现得淋漓尽致。本片是一部不可多得的佳作，获得了观众的一致好评。
黎明生命的回声 Your Journey in the Dark,https://movie.douban.com/subject/1001390/,黄军强,Paul Brown / 尹敏敏 / John Johnson,杨建强 / James Brown / 陈超伟 / ...,爱情 / 冒险,中国台湾,闽南语 / 汉语普通话,1988-08-22(釜山电影节) / 1988-09-21(国际),160分钟,黎明生命的回声(日),tt2566733,7,25393,43.30%,37.40%,9.80%,5.20%,4.30%,《黎明生命的回声》是一部探讨爱情的真谛的震撼电影。故事发生在浪漫的海边小镇，一对失散多年的兄弟经历了一次深刻的心灵洗礼。在黄军强的执导下，视觉效果震撼，思想内涵深刻，将爱情类型的魅力展现得淋漓尽致。本片值得推荐给所有人，在国际影展上备受瞩目。
记忆中的绝望的证明 Lost Dream at Dusk,https://movie.douban.com/subject/1001391/,斋藤拓也,Robert Miller / 张文华 / John Davis,高桥诚 / 高桥次郎 / Steven Garcia / ...,爱情 / 儿童 / 舞台艺术,比利时 / 瑞典 / 德国,法语,2001-03-05(罗马电影节) / 2001-04-05(国际),95分钟,记忆中的绝望的证明(台) / Despair,tt6895460,7.4,22110,52.70%,32.60%,9.30%,3.70%,1.70%,《记忆中的绝望的证明》是一部探讨命运的挑战的感人电影。故事发生在浪漫的海边小镇，一个天真的孩子找到了生命的真谛。在斋藤拓也的执导下，剧情扣人心弦，思想内涵深刻，将爱情类型的魅力展现得淋漓尽致。本片温暖而治愈，展现了电影艺术的无限可能。
晨曦远方的传说 The Fear in the Dark,https://movie.douban.com/subject/1001392/,赵文超,周文平 / 赵峰杰 / John Smith,斋藤次郎 / 郑敏智 / 张建军 / ...,剧情 / 恐怖 / 儿童,土耳其 / 加拿大 / 阿根廷,法语,1976-10-01(戛纳电影节) / 1976-10-22(国际),195分钟,,tt5001905,7.8,64395,53.30%,30.80%,8.20%,3.10%,4.60%,《晨曦远方的传说》是一部探讨自然的敬畏的深刻电影。故事发生在广袤的沙漠，一个破碎的家庭战胜了内心的恐惧。在赵文超的执导下，思想内涵深刻，情感表达细腻，将剧情类型的魅力展现得淋漓尽致。本片会成为经典之作，在国际影展上备受瞩目。
过去的远方的痕迹 The Lie to the Future,https://movie.douban.com/subject/1001393/,渡边凉平,佐藤大辅 / John Miller / 张军华,斋藤凉平 / Steven Smith / Paul Williams / ...,爱情 / 音乐,越南 / 印度,英语,2020-01-18(釜山电影节) / 2020-03-03(国际),95分钟,过去的远方的痕迹(港),tt6940178,6.2,10069,32.30%,39.70%,14.80%,8.30%,4.90%,《过去的远方的痕迹》是一部探讨梦想的追求的宏大电影。故事发生在一个遥远的小镇，一对失散多年的兄弟突破了自我的极限。在渡边凉平的执导下，气氛营造出色，情感表达细腻，将爱情类型的魅力展现得淋漓尽致。本片展现了电影的魅力，获得了观众的一致好评。
风雨灵魂之间 Lost Life from the Past,https://movie.douban.com/subject/1001394/,George Brown,David Davis,周平国 / 黄强龙 / 张恩承 / ...,科幻 / 歌舞,瑞典 / 丹麦,日语,1998-08-19(奥斯卡金像奖) / 1998-11-16(国际),250分钟,风雨灵魂之间(马) / 风雨灵魂之间加长版,tt1332803,6.2,19170,29.60%,43.50%,16.50%,6.10%,4.30%,《风雨灵魂之间》是一部探讨家庭的温暖的深刻电影。故事发生在未来的世界，一位孤独的老人战胜了内心的恐惧。在George的执导下，剧情扣人心弦，思想内涵深刻，将科幻类型的魅力展现得淋漓尽致。本片具有很高的艺术价值，获得了观众的一致好评。
城市敌人的回声 Final Truth in the Dark,https://movie.douban.com/subject/1001395/,田中大辅,姜俊浩 / 高桥三郎,刘峰建 / 李恩俊 / 陈志伟 / ...,科幻 / 冒险,希腊,法语,1973-01-19(奥斯卡金像奖) / 1973-01-08(国际),220分钟,,tt8230089,8.4,317289,63.30%,24.10%,7.60%,2.50%,2.50%,《城市敌人的回声》是一部探讨文化的碰撞的感人电影。故事发生在浪漫的海边小镇，一位孤独的老人跨越了时空的界限。在田中大辅的执导下，导演手法独特，细节处理到位，将科幻类型的魅力展现得淋漓尽致。本片温暖而治愈，在国际影展上备受瞩目。
眼前的谎言的旅程 Your Life in the Dark,https://movie.douban.com/subject/1001396/,Peter Miller,吴峰超,陈文明 / 张龙明 / 赵文超 / ...,儿童 / 科幻,泰国,法语,1974-03-03(伦敦电影节) / 1974-05-13(国际),175分钟,Journey,tt7798345,7.3,72991,47.80%,27.60%,15.20%,5.90%,3.50%,《眼前的谎言的旅程》是一部探讨和平的珍贵的深刻电影。故事发生在恐怖的黑暗领域，一名勇敢的战士面对了一场前所未有的挑战。在Peter的执导下，表演真挚感人，情感表达细腻，将儿童类型的魅力展现得淋漓尽致。本片温暖而治愈，在国际影展上备受瞩目。
冻结的时间之内 Final Promise to the Future,https://movie.douban.com/subject/1001397/,George Garcia,铃木凉平,姜恩敏 / 张华文 / 王辉鹏 / ...,科幻 / 歌舞,越南,西班牙语,2000-08-21(金棕榈奖) / 2000-10-07(国际),135分钟,冻结的时间之内(韩) / 冻结的时间之内4K修复版,tt7376579,6.9,15842,37.10%,34.50%,19.70%,5.80%,2.90%,《冻结的时间之内》是一部探讨自由的渴望的感人电影。故事发生在战火纷飞的年代，一位年轻的冒险家跨越了时空的界限。在George的执导下，剧情扣人心弦，配乐动人心弦，将科幻类型的魅力展现得淋漓尽致。本片充满了希望与力量，展现了电影艺术的无限可能。
喧嚣的黑暗的中心 Final Secret in the Dark,https://movie.douban.com/subject/1001398/,Paul Williams,中村大辅 / 吴平强 / 张强鹏,李秀哲 / 赵超辉 / 吴华峰 / ...,剧情 / 战争,西班牙 / 比利时 / 中国台湾,日语,2003-07-03(伦敦电影节) / 2003-07-13(国际),90分钟,喧嚣的黑暗的中心(陆),tt1226104,6.6,10752,38.80%,40.30%,13.90%,4.90%,2.10%,《喧嚣的黑暗的中心》是一部探讨记忆的珍贵的深刻电影。故事发生在深邃的太空，一名失意的作家坚守了一个重要的承诺。在Paul的执导下，表演真挚感人，气氛营造出色，将剧情类型的魅力展现得淋漓尽致。本片具有很高的艺术价值，在国际影展上备受瞩目。
太阳现实的边缘 Lost Love to the Future,https://movie.douban.com/subject/1001399/,Robert Davis,田中大辅 / David Miller / 王华志,David Wilson / Paul Miller / David Wilson / ...,动作 / 西部,英国,英语 / 法语,2018-04-28(巴黎电影节) / 2018-05-10(国际),130分钟,太阳现实的边缘(马),tt6444471,7,36266,48.50%,26.10%,16.70%,4.60%,4.10%,《太阳现实的边缘》是一部探讨正义的坚守的感人电影。故事发生在极地的冰雪世界，一个天真的孩子找到了生命的真谛。在Robert的执导下，情感表达细腻，寓意深远悠长，将动作类型的魅力展现得淋漓尽致。本片令人难以忘怀，获得了观众的一致好评。
远方的旅程的抉择 Our Fear in the Dark,https://movie.douban.com/subject/1001400/,田中翔太,张龙杰 / Christopher Miller / 赵军杰,中村健一 / Michael Jones / 黄建华 / ...,喜剧,意大利,意大利语,1999-01-08(罗马电影节) / 1999-04-24(国际),200分钟,远方的旅程的抉择特别版,tt6492451,8.1,324711,61.60%,23.40%,9.40%,2.30%,3.30%,《远方的旅程的抉择》是一部探讨时间的意义的宏大电影。故事发生在宁静的乡村，一位智慧的导师完成了一次自我的救赎。在田中翔太的执导下，视觉效果震撼，思想内涵深刻，将喜剧类型的魅力展现得淋漓尽致。本片温暖而治愈，展现了电影艺术的无限可能。
燃烧的梦想之间 Your Lie at Dawn,https://movie.douban.com/subject/1001401/,张强超,王志文 / Paul Smith,吴建杰 / Robert Miller / 吴龙超 / ...,动作,英国,英语,2018-07-19(莫斯科电影节) / 2018-07-14(国际),140分钟,燃烧的梦想之间加长版 / Dream,tt5510045,9.5,1703288,88.60%,5%,2%,3.10%,1.30%,《燃烧的梦想之间》是一部探讨战争的残酷的细腻电影。故事发生在浪漫的海边小镇，一个天真的孩子完成了一次自我的救赎。在张强超的执导下，视觉效果震撼，情感表达细腻，将动作类型的魅力展现得淋漓尽致。本片值得反复品味，获得了观众的一致好评。
永恒的死亡的边缘 Our Hope in the Dark,https://movie.douban.com/subject/1001402/,杨辉明,James Smith,张建文 / 赵秀浩 / 刘辉国 / ...,喜剧 / 儿童 / 纪录片,埃及,法语,1976-09-28(罗马电影节) / 1976-10-10(国际),220分钟,永恒的死亡的边缘(韩) / 永恒的死亡的边缘修复版,tt8192246,6.8,24501,40.20%,34.30%,14.00%,4.70%,6.80%,《永恒的死亡的边缘》是一部探讨生命的价值的细腻电影。故事发生在繁华的都市，一群志同道合的朋友改变了世界的格局。在杨辉明的执导下，视觉效果震撼，气氛营造出色，将喜剧类型的魅力展现得淋漓尽致。本片会成为经典之作，获得了观众的一致好评。
远方的终点的传说 My Fear in the Dark,https://movie.douban.com/subject/1001403/,陈国辉,杨军辉 / 黄华杰,周志平 / 林敏承 / Robert Miller / ...,动作,波兰,法语,1989-03-15(多伦多电影节) / 1989-05-11(国际),165分钟,远方的终点的传说(陆),tt9089398,6.6,17312,30.10%,40.40%,18.40%,4.50%,6.60%,《远方的终点的传说》是一部探讨家庭的温暖的感人电影。故事发生在宁静的乡村，一对失散多年的兄弟改变了世界的格局。在陈国辉的执导下，导演手法独特，配乐动人心弦，将动作类型的魅力展现得淋漓尽致。本片会成为经典之作，展现了电影艺术的无限可能。
现在的死亡的故事 Final Death in the Dark,https://movie.douban.com/subject/1001404/,黄明军,Steven Garcia,Peter Jones / 赵浩恩 / 黄华平 / ...,爱情,泰国,日语,2015-03-16(金球奖) / 2015-05-25(国际),140分钟,现在的死亡的故事(日),tt7232299,6.1,9438,34.90%,37.90%,16.70%,5.40%,5.10%,《现在的死亡的故事》是一部探讨空间的奥秘的深刻电影。故事发生在广袤的沙漠，一个破碎的家庭守护了珍贵的东西。在黄明军的执导下，寓意深远悠长，节奏把控精准，将爱情类型的魅力展现得淋漓尽致。本片触动人心深处，获得了观众的一致好评。
城市现实的旅程 Last Hope to the Future,https://movie.douban.com/subject/1001405/,Robert Jones,Robert Jones / 赵建平 / 伊藤健一,张超伟 / 渡边凉平 / 张恩承 / ...,剧情 / 传记,巴西,葡萄牙语 / 英语,1975-11-05(巴黎电影节) / 1975-11-21(国际),110分钟,城市现实的旅程(新) / 城市现实的旅程特别版,tt4071837,6.7,47396,37.70%,33.30%,18.20%,4.90%,5.90%,《城市现实的旅程》是一部探讨爱情的真谛的深刻电影。故事发生在宁静的乡村，一对失散多年的兄弟面对了一场前所未有的挑战。在Robert的执导下，节奏把控精准，配乐动人心弦，将剧情类型的魅力展现得淋漓尽致。本片值得推荐给所有人，获得了观众的一致好评。
追寻旅程的故事 Found Dream in the Dark,https://movie.douban.com/subject/1001406/,赵明志,张强文,周峰强 / 黄华龙 / 山田雄大 / ...,爱情 / 传记,加拿大 / 伊朗,英语 / 法语 / 西班牙语,1987-02-21(圣丹斯电影节) / 1987-02-23(国际),200分钟,追寻旅程的故事(马) / 追寻旅程的故事加长版,tt6062263,6.6,45790,33.60%,37.70%,15.80%,7.10%,5.80%,《追寻旅程的故事》是一部探讨生命的价值的宏大电影。故事发生在繁华的都市，一位智慧的导师踏上了一段改变命运的旅程。在赵明志的执导下，思想内涵深刻，情感表达细腻，将爱情类型的魅力展现得淋漓尽致。本片展现了人性的光辉，展现了电影艺术的无限可能。
现在的命运的审判 Last Fear from the Past,https://movie.douban.com/subject/1001407/,杨军辉,渡边太郎,刘国建 / 高桥雄大 / 赵文华 / ...,喜剧,澳大利亚,英语,1985-01-18(威尼斯电影节) / 1985-01-24(国际),115分钟,现在的命运的审判(陆) / 现在的命运的审判修复版,tt3160253,6.1,8400,40.80%,40.10%,11.90%,4.20%,3.00%,《现在的命运的审判》是一部探讨自由的渴望的震撼电影。故事发生在宁静的乡村，一位智慧的导师揭开了一个深藏多年的秘密。在杨军辉的执导下，剧情扣人心弦，细节处理到位，将喜剧类型的魅力展现得淋漓尽致。本片让人思考良久，在国际影展上备受瞩目。
海洋起点的证明 Their Dream from the Past,https://movie.douban.com/subject/1001408/,周军龙,斋藤雄大 / 李建建,朴珍俊 / Robert Brown / 金秀贤 / ...,爱情 / 武侠,荷兰,汉语普通话,1972-07-03(巴黎电影节) / 1972-08-02(国际),185分钟,,tt5926041,9.3,943105,87.80%,5%,2.20%,2.40%,2.60%,《海洋起点的证明》是一部探讨身份的认同的宏大电影。故事发生在繁华的都市，一个破碎的家庭突破了自我的极限。在周军龙的执导下，剧情扣人心弦，思想内涵深刻，将爱情类型的魅力展现得淋漓尽致。本片让人思考良久，展现了电影艺术的无限可能。
未来的恐惧之外 My Lie to the Future,https://movie.douban.com/subject/1001409/,赵华峰,张华志,佐藤凉平 / 张恩秀 / 王文平 / ...,剧情 / 真人秀,芬兰,汉语普通话,2011-01-27(釜山电影节) / 2011-01-20(国际),175分钟,未来的恐惧之外(日) / 未来的恐惧之外纪念版,tt1999410,7.5,190602,58.10%,21.40%,11.80%,5.30%,3.40%,《未来的恐惧之外》是一部探讨空间的奥秘的深刻电影。故事发生在未来的世界，一名神秘的陌生人坚守了一个重要的承诺。在赵华峰的执导下，表演真挚感人，寓意深远悠长，将剧情类型的魅力展现得淋漓尽致。本片是一部不可多得的佳作，展现了电影艺术的无限可能。
过去的终点的旅程 Lost Hope at Dawn,https://movie.douban.com/subject/1001410/,吴辉华,陈超龙 / 崔贤珍,吴明峰 / Steven Williams / David Jones / ...,剧情 / 历史 / 犯罪,伊朗,英语,2024-07-21(釜山电影节) / 2024-07-22(国际),165分钟,过去的终点的旅程(港) / 过去的终点的旅程特别版,tt5020937,8.4,480087,74.30%,15.70%,5.00%,3.30%,1.70%,《过去的终点的旅程》是一部探讨真相的揭露的感人电影。故事发生在深邃的太空，一名勇敢的战士揭开了一个深藏多年的秘密。在吴辉华的执导下，气氛营造出色，寓意深远悠长，将剧情类型的魅力展现得淋漓尽致。本片温暖而治愈，获得了观众的一致好评。
太阳现实的救赎 Final Love at Dawn,https://movie.douban.com/subject/1001411/,刘超华,李辉军 / James Garcia / 黄华国,山田健一 / 周强国 / 张智珍 / ...,爱情 / 武侠,英国,英语 / 法语,2020-09-11(威尼斯电影节) / 2020-10-22(国际),105分钟,太阳现实的救赎(台) / 太阳现实的救赎特别版,tt8726601,7.8,188357,56.60%,28.50%,8.00%,4.00%,2.90%,《太阳现实的救赎》是一部探讨真相的揭露的感人电影。故事发生在深邃的太空，一对相爱的恋人跨越了时空的界限。在刘超华的执导下，细节处理到位，气氛营造出色，将爱情类型的魅力展现得淋漓尽致。本片具有很高的艺术价值，展现了电影艺术的无限可能。
沉默的梦境的救赎 Last Death to the Future,https://movie.douban.com/subject/1001412/,王军强,李杰明 / 渡边健一 / Christopher Davis,Robert Smith / David Johnson / 周国平 / ...,历史 / 喜剧,瑞典,日语,2020-06-24(巴黎电影节) / 2020-06-02(国际),195分钟,沉默的梦境的救赎加长版,tt6444597,7.3,82812,50.10%,31.00%,9.70%,5.80%,3.40%,《沉默的梦境的救赎》是一部探讨文化的碰撞的震撼电影。故事发生在古代的王朝，一位坚强的女性战胜了内心的恐惧。在王军强的执导下，情感表达细腻，视觉效果震撼，将历史类型的魅力展现得淋漓尽致。本片令人难以忘怀，在国际影展上备受瞩目。
永恒的梦境的证明 First Dream at Dawn,https://movie.douban.com/subject/1001413/,Steven Miller,渡边次郎,陈平国 / Michael Davis / 铃木次郎 / ...,恐怖 / 剧情 / 悬疑,阿根廷,汉语普通话,2001-06-06(罗马电影节) / 2001-06-10(国际),110分钟,永恒的梦境的证明(韩) / 永恒的梦境的证明纪念版,tt8636929,7.7,56615,61.30%,19.70%,11.80%,4.10%,3.10%,《永恒的梦境的证明》是一部探讨真相的揭露的深刻电影。故事发生在虚拟的网络空间，一个破碎的家庭跨越了时空的界限。在Steven的执导下，导演手法独特，思想内涵深刻，将恐怖类型的魅力展现得淋漓尽致。本片值得反复品味，在国际影展上备受瞩目。
永恒的梦想的审判 Last Love at Dawn,https://movie.douban.com/subject/1001414/,Christopher Brown,James Brown / 赵志龙,林浩贤 / George Garcia / 林承智 / ...,喜剧 / 爱情 / 古装,越南,法语,1979-02-15(柏林电影节) / 1979-04-27(国际),210分钟,永恒的梦想的审判(日),tt8740798,9.1,2568807,89.40%,5%,2%,1.80%,1.80%,《永恒的梦想的审判》是一部探讨命运的挑战的宏大电影。故事发生在恐怖的黑暗领域，一名失意的作家完成了一次自我的救赎。在Christopher的执导下，寓意深远悠长，视觉效果震撼，将喜剧类型的魅力展现得淋漓尽致。本片展现了电影的魅力，展现了电影艺术的无限可能。
记忆中的终点之间 Our Love at Dawn,https://movie.douban.com/subject/1001415/,Robert Brown,Robert Davis / 李军杰 / 小林次郎,张志文 / 周峰鹏 / 张峰峰 / ...,喜剧,美国 / 加拿大,英语 / 法语,2002-05-03(上海电影节) / 2002-08-15(国际),230分钟,,tt8532607,8.3,377732,73.40%,15.90%,5.70%,2.60%,2.40%,《记忆中的终点之间》是一部探讨成长的烦恼的震撼电影。故事发生在战火纷飞的年代，一位坚强的女性改变了世界的格局。在Robert的执导下，剧情扣人心弦，气氛营造出色，将喜剧类型的魅力展现得淋漓尽致。本片是一部不可多得的佳作，在国际影展上备受瞩目。
过去的选择的故事 My Life to the Future,https://movie.douban.com/subject/1001416/,陈军峰,李华国 / 赵明华,Paul Smith / Peter Brown / 周建峰 / ...,科幻,韩国,韩语,1983-03-26(金球奖) / 1983-05-27(国际),125分钟,过去的选择的故事(韩),tt4085343,8.4,497229,73.90%,16.10%,5.00%,2.20%,2.80%,《过去的选择的故事》是一部探讨空间的奥秘的细腻电影。故事发生在宁静的乡村，一个天真的孩子改变了世界的格局。在陈军峰的执导下，视觉效果震撼，导演手法独特，将科幻类型的魅力展现得淋漓尽致。本片会成为经典之作，展现了电影艺术的无限可能。
星辰敌人之下 A Dream in the Dark,https://movie.douban.com/subject/1001417/,杨伟杰,David Brown / 中村次郎 / 朴秀敏,陈志军 / 尹贤敏 / George Rodriguez / ...,动作,瑞士 / 越南 / 土耳其,西班牙语,2006-08-21(戛纳电影节) / 2006-10-19(国际),120分钟,星辰敌人之下特别版,tt8798373,8.5,877380,83.00%,7.00%,5.00%,2.60%,2.40%,《星辰敌人之下》是一部探讨自然的敬畏的震撼电影。故事发生在未来的世界，一位坚强的女性完成了一次自我的救赎。在杨伟杰的执导下，剧情扣人心弦，表演真挚感人，将动作类型的魅力展现得淋漓尽致。本片值得推荐给所有人，在国际影展上备受瞩目。
冻结的黑暗的中心 Found Journey of the Soul,https://movie.douban.com/subject/1001418/,刘杰辉,陈杰伟 / 林俊敏 / 郑浩贤,林秀秀 / 朴英恩 / 渡边凉平 / ...,爱情 / 冒险,瑞典 / 英国,日语,2021-01-17(戛纳电影节) / 2021-02-27(国际),230分钟,冻结的黑暗的中心(新) / 冻结的黑暗的中心纪念版,tt7171577,7.8,77306,61.40%,24.30%,7.80%,3.70%,2.80%,《冻结的黑暗的中心》是一部探讨战争的残酷的深刻电影。故事发生在极地的冰雪世界，一位坚强的女性突破了自我的极限。在刘杰辉的执导下，情感表达细腻，剧情扣人心弦，将爱情类型的魅力展现得淋漓尽致。本片会成为经典之作，展现了电影艺术的无限可能。
午夜自由的约定 Their Lie to the Future,https://movie.douban.com/subject/1001419/,崔珍珍,赵哲恩 / 伊藤健一 / 黄强建,David Wilson / 杨鹏伟 / Christopher Brown / ...,剧情,越南 / 挪威 / 阿根廷,汉语普通话,1997-02-25(金棕榈奖) / 1997-02-03(国际),160分钟,午夜自由的约定(陆),tt7707364,6.9,41376,31.90%,42.30%,13.00%,5.30%,7.50%,《午夜自由的约定》是一部探讨空间的奥秘的细腻电影。故事发生在繁华的都市，一位年轻的冒险家跨越了时空的界限。在崔珍珍的执导下，配乐动人心弦，细节处理到位，将剧情类型的魅力展现得淋漓尽致。本片是一部不可多得的佳作，展现了电影艺术的无限可能。
温暖的自由的故事 Lost Promise of the Soul,https://movie.douban.com/subject/1001420/,Steven Brown,黄平强 / 朴俊英 / 铃木诚,黄建华 / 斋藤三郎 / 李龙平 / ...,科幻,以色列,西班牙语,2020-05-03(奥斯卡金像奖) / 2020-08-16(国际),195分钟,温暖的自由的故事(日),tt9045421,8.2,133306,64.60%,21.30%,7.40%,4.60%,2.10%,《温暖的自由的故事》是一部探讨爱情的真谛的细腻电影。故事发生在险峻的高山之巅，一位年轻的冒险家揭开了一个深藏多年的秘密。在Steven的执导下，视觉效果震撼，思想内涵深刻，将科幻类型的魅力展现得淋漓尽致。本片值得反复品味，展现了电影艺术的无限可能。
冻结的家庭的中心 A Promise from the Past,https://movie.douban.com/subject/1001421/,David Brown,David Wilson / 山田太郎 / David Wilson,刘强建 / John Garcia / David Wilson / ...,动作 / 恐怖 / 短片,中国台湾,汉语普通话,1982-09-28(釜山电影节) / 1982-11-19(国际),90分钟,冻结的家庭的中心(马),tt5994270,6.8,21771,41.10%,33.50%,13.80%,7.30%,4.30%,《冻结的家庭的中心》是一部探讨人性的探索的震撼电影。故事发生在未来的世界，一位孤独的老人揭开了一个深藏多年的秘密。在David的执导下，剧情扣人心弦，导演手法独特，将动作类型的魅力展现得淋漓尽致。本片触动人心深处，在国际影展上备受瞩目。
黄昏怀疑之外 Found Dream at Dusk,https://movie.douban.com/subject/1001422/,黄国鹏,杨文华 / 刘杰华,小林拓也 / 李国国 / Paul Miller / ...,动作 / 纪录片,意大利,意大利语 / 英语,1979-02-27(圣丹斯电影节) / 1979-04-27(国际),90分钟,黄昏怀疑之外修复版,tt6759175,7.3,69322,52.20%,29.60%,11.40%,3.10%,3.70%,《黄昏怀疑之外》是一部探讨家庭的温暖的震撼电影。故事发生在险峻的高山之巅，一位智慧的导师战胜了内心的恐惧。在黄国鹏的执导下，影片画面精美，气氛营造出色，将动作类型的魅力展现得淋漓尽致。本片触动人心深处，获得了观众的一致好评。
追寻敌人的审判 Their Lie at Dusk,https://movie.douban.com/subject/1001423/,Christopher Davis,张伟志 / 杨华辉 / Robert Jones,黄建伟 / 中村凉平 / 黄平峰 / ...,喜剧,日本 / 阿根廷 / 比利时,日语 / 英语 / 法语,1987-11-20(罗马电影节) / 1987-12-09(国际),105分钟,追寻敌人的审判(韩) / 追寻敌人的审判4K修复版,tt5933610,9.7,867433,83.90%,6.10%,5.00%,2.50%,2.50%,《追寻敌人的审判》是一部探讨自由的渴望的深刻电影。故事发生在奇幻的魔法世界，一名勇敢的战士守护了珍贵的东西。在Christopher的执导下，视觉效果震撼，节奏把控精准，将喜剧类型的魅力展现得淋漓尽致。本片令人难以忘怀，展现了电影艺术的无限可能。
追寻绝望的审判 Found Truth to the Future,https://movie.douban.com/subject/1001424/,David Rodriguez,Paul Jones,James Garcia / 渡边健一 / Steven Miller / ...,爱情 / 悬疑,瑞士,英语,2014-10-07(莫斯科电影节) / 2014-11-23(国际),165分钟,Despair,tt7569000,9.7,1068854,85.20%,5%,4.80%,2.80%,2.20%,《追寻绝望的审判》是一部探讨文化的碰撞的深刻电影。故事发生在极地的冰雪世界，一位年轻的冒险家坚守了一个重要的承诺。在David的执导下，视觉效果震撼，配乐动人心弦，将爱情类型的魅力展现得淋漓尽致。本片令人难以忘怀，获得了观众的一致好评。
迷失的梦境之上 Our Journey from the Past,https://movie.douban.com/subject/1001425/,赵龙鹏,James Davis / David Wilson / Robert Garcia,刘军鹏 / 杨志超 / 吴伟超 / ...,传记 / 奇幻 / 爱情,越南,英语,1976-01-24(金球奖) / 1976-03-15(国际),100分钟,迷失的梦境之上(新) / 迷失的梦境之上加长版,tt2182771,7.2,90814,49.00%,27.10%,13.10%,6.90%,3.90%,《迷失的梦境之上》是一部探讨身份的认同的宏大电影。故事发生在神秘的异域，一位智慧的导师坚守了一个重要的承诺。在赵龙鹏的执导下，剧情扣人心弦，寓意深远悠长，将传记类型的魅力展现得淋漓尽致。本片温暖而治愈，在国际影展上备受瞩目。
冻结的承诺的传说 Final Lie in the Dark,https://movie.douban.com/subject/1001426/,伊藤太郎,渡边雄大 / 田中凉平,David Smith / James Miller / David Brown / ...,动作 / 黑色电影 / 传记,西班牙 / 墨西哥 / 越南,日语,2008-07-24(巴黎电影节) / 2008-10-02(国际),200分钟,冻结的承诺的传说(马) / 冻结的承诺的传说4K修复版,tt3583078,9.6,1507825,88.60%,5%,2%,2.00%,2.40%,《冻结的承诺的传说》是一部探讨真相的揭露的细腻电影。故事发生在虚拟的网络空间，一名失意的作家踏上了一段改变命运的旅程。在伊藤太郎的执导下，配乐动人心弦，细节处理到位，将动作类型的魅力展现得淋漓尽致。本片令人难以忘怀，展现了电影艺术的无限可能。
天空终点的救赎 Found Death of the Soul,https://movie.douban.com/subject/1001427/,赵英珍,刘文志 / Peter Johnson / James Davis,山田健一 / 李辉国 / David Smith / ...,动作,韩国,韩语,2015-05-27(金棕榈奖) / 2015-06-02(国际),250分钟,天空终点的救赎4K修复版,tt7654955,7.3,28562,44.10%,31.50%,15.70%,5.40%,3.30%,《天空终点的救赎》是一部探讨成长的烦恼的细腻电影。故事发生在雨林的深处，一位年轻的冒险家完成了一次自我的救赎。在赵英珍的执导下，导演手法独特，情感表达细腻，将动作类型的魅力展现得淋漓尽致。本片触动人心深处，在国际影展上备受瞩目。
孤独的生命的审判 Final Secret at Dawn,https://movie.douban.com/subject/1001428/,周峰文,Steven Davis,John Williams / Michael Davis / 山田次郎 / ...,科幻,芬兰,西班牙语,1971-03-22(柏林电影节) / 1971-05-11(国际),105分钟,,tt3430040,8.1,183680,68.70%,18.50%,6.90%,3.10%,2.80%,《孤独的生命的审判》是一部探讨家庭的温暖的宏大电影。故事发生在奇幻的魔法世界，一名勇敢的战士守护了珍贵的东西。在周峰文的执导下，气氛营造出色，细节处理到位，将科幻类型的魅力展现得淋漓尽致。本片是一部不可多得的佳作，获得了观众的一致好评。
远方的旅程的传说 The Death,https://movie.douban.com/subject/1001429/,渡边三郎,渡边次郎,刘超峰 / 铃木三郎 / Paul Williams / ...,喜剧 / 歌舞 / 脱口秀,比利时,日语,1979-02-14(威尼斯电影节) / 1979-05-05(国际),120分钟,远方的旅程的传说(马),tt3456145,7.6,97726,58.60%,28.80%,7.20%,3.10%,2.30%,《远方的旅程的传说》是一部探讨空间的奥秘的宏大电影。故事发生在雨林的深处，一对相爱的恋人战胜了内心的恐惧。在渡边三郎的执导下，寓意深远悠长，表演真挚感人，将喜剧类型的魅力展现得淋漓尽致。本片是一部不可多得的佳作，展现了电影艺术的无限可能。
遗忘的陌生人的誓言 Last Secret from the Past,https://movie.douban.com/subject/1001430/,George Jones,张珍恩 / Paul Brown,David Johnson / 刘峰辉 / 刘峰峰 / ...,喜剧,中国香港,粤语,1992-01-14(釜山电影节) / 1992-03-01(国际),90分钟,,tt4676514,8,482764,66.00%,17.80%,10.10%,3.60%,2.50%,《遗忘的陌生人的誓言》是一部探讨人性的探索的宏大电影。故事发生在极地的冰雪世界，一个天真的孩子发现了一个惊人的真相。在George的执导下，表演真挚感人，配乐动人心弦，将喜剧类型的魅力展现得淋漓尽致。本片值得反复品味，展现了电影艺术的无限可能。
眼前的选择的痕迹 Last Lie at Dusk,https://movie.douban.com/subject/1001431/,John Rodriguez,张建强 / Paul Rodriguez,张恩英 / 郑俊承 / 渡边翔太 / ...,剧情 / 运动,加拿大 / 瑞典 / 墨西哥,英语 / 法语,2008-09-24(东京电影节) / 2008-11-19(国际),120分钟,,tt5965636,8.3,344697,66.70%,20.90%,6.90%,3.80%,1.70%,《眼前的选择的痕迹》是一部探讨自然的敬畏的宏大电影。故事发生在古代的王朝，一位孤独的老人战胜了内心的恐惧。在John的执导下，节奏把控精准，影片画面精美，将剧情类型的魅力展现得淋漓尽致。本片展现了人性的光辉，展现了电影艺术的无限可能。
喧嚣的秘密的旅程 A Secret in the Dark,https://movie.douban.com/subject/1001432/,Steven Miller,尹秀贤 / 李伟建 / Paul Davis,朴英哲 / James Williams / 赵龙国 / ...,爱情 / 武侠,阿根廷,法语,1994-01-08(金棕榈奖) / 1994-02-18(国际),115分钟,喧嚣的秘密的旅程(港) / Journey,tt2837936,8.5,612713,79.30%,10.70%,5.00%,3.30%,1.70%,《喧嚣的秘密的旅程》是一部探讨命运的挑战的感人电影。故事发生在战火纷飞的年代，一名勇敢的战士踏上了一段改变命运的旅程。在Steven的执导下，表演真挚感人，思想内涵深刻，将爱情类型的魅力展现得淋漓尽致。本片展现了人性的光辉，在国际影展上备受瞩目。
天空束缚的旅程 Our Secret at Dusk,https://movie.douban.com/subject/1001433/,John Jones,陈龙超,高桥雄大 / 杨龙伟 / 张俊智 / ...,爱情 / 古装 / 短片,德国 / 英国,德语 / 英语 / 日语,1984-01-14(奥斯卡金像奖) / 1984-01-26(国际),150分钟,天空束缚的旅程(马),tt5739875,7.7,86602,53.40%,23.70%,12.60%,5.60%,4.70%,《天空束缚的旅程》是一部探讨正义的坚守的宏大电影。故事发生在险峻的高山之巅，一对相爱的恋人面对了一场前所未有的挑战。在John的执导下，气氛营造出色，思想内涵深刻，将爱情类型的魅力展现得淋漓尽致。本片展现了电影的魅力，获得了观众的一致好评。
黎明生命的救赎 The Hate in the Dark,https://movie.douban.com/subject/1001434/,黄龙强,崔智敏 / James Brown,杨伟伟 / Michael Wilson / 李辉国 / ...,奇幻 / 喜剧,美国,英语,2015-10-03(金球奖) / 2015-10-14(国际),140分钟,黎明生命的救赎(新) / 黎明生命的救赎纪念版,tt7381605,9,2187963,87.70%,5%,2.30%,2.10%,2.90%,《黎明生命的救赎》是一部探讨时间的意义的宏大电影。故事发生在神秘的异域，一名勇敢的战士揭开了一个深藏多年的秘密。在黄龙强的执导下，情感表达细腻，剧情扣人心弦，将奇幻类型的魅力展现得淋漓尽致。本片值得推荐给所有人，获得了观众的一致好评。
未来的选择的审判 Their Life in the Dark,https://movie.douban.com/subject/1001435/,王国文,林俊俊,山田大辅 / 伊藤凉平 / 金智英 / ...,科幻,法国,法语,1995-04-19(金球奖) / 1995-06-06(国际),120分钟,未来的选择的审判特别版,tt1077786,7.4,60547,41.40%,37.20%,11.30%,6.70%,3.40%,《未来的选择的审判》是一部探讨自然的敬畏的宏大电影。故事发生在虚拟的网络空间，一个破碎的家庭跨越了时空的界限。在王国文的执导下，思想内涵深刻，剧情扣人心弦，将科幻类型的魅力展现得淋漓尽致。本片令人难以忘怀，在国际影展上备受瞩目。
喧嚣的怀疑的故事 My Journey to the Future,https://movie.douban.com/subject/1001436/,陈伟志,张伟超 / 吴龙军 / 李英恩,王明文 / 赵辉超 / Christopher Miller / ...,西部 / 喜剧 / 黑色电影,爱尔兰,日语,2012-07-24(威尼斯电影节) / 2012-07-15(国际),250分钟,喧嚣的怀疑的故事(韩) / 喧嚣的怀疑的故事修复版,tt2516796,6.3,16274,38.80%,35.20%,14.70%,5.40%,5.90%,《喧嚣的怀疑的故事》是一部探讨自然的敬畏的震撼电影。故事发生在浪漫的海边小镇，一个天真的孩子找到了生命的真谛。在陈伟志的执导下，情感表达细腻，表演真挚感人，将西部类型的魅力展现得淋漓尽致。本片让人思考良久，获得了观众的一致好评。
黎明故乡的抉择 Found Journey from the Past,https://movie.douban.com/subject/1001437/,王杰平,Robert Johnson / 周伟明 / 林英浩,Christopher Davis / 吴鹏峰 / 赵伟志 / ...,科幻 / 武侠 / 歌舞,墨西哥 / 波兰,西班牙语,2011-10-25(奥斯卡金像奖) / 2011-12-26(国际),145分钟,黎明故乡的抉择(日) / 黎明故乡的抉择特别版,tt6234787,8.4,350036,61.60%,24.70%,8.00%,2.50%,3.20%,《黎明故乡的抉择》是一部探讨科技的边界的宏大电影。故事发生在古代的王朝，一位坚强的女性经历了一次深刻的心灵洗礼。在王杰平的执导下，寓意深远悠长，影片画面精美，将科幻类型的魅力展现得淋漓尽致。本片温暖而治愈，获得了观众的一致好评。
太阳恐惧 Their Dream in the Dark,https://movie.douban.com/subject/1001438/,李华华,佐藤太郎,John Garcia / George Garcia / Robert Williams / ...,喜剧,阿根廷,日语,2016-01-15(上海电影节) / 2016-02-05(国际),120分钟,太阳恐惧(台) / 太阳恐惧加长版,tt6223398,7.8,127196,63.30%,24.30%,6.30%,4.00%,2.10%,《太阳恐惧》是一部探讨记忆的珍贵的震撼电影。故事发生在深邃的太空，一个破碎的家庭踏上了一段改变命运的旅程。在李华华的执导下，视觉效果震撼，细节处理到位，将喜剧类型的魅力展现得淋漓尽致。本片充满了希望与力量，在国际影展上备受瞩目。
燃烧的自由之内 First Journey of the Soul,https://movie.douban.com/subject/1001439/,山田翔太,中村雄大 / John Smith / 张超军,田中健一 / 郑秀俊 / 张峰华 / ...,剧情,奥地利 / 芬兰 / 巴西,日语,1977-01-21(奥斯卡金像奖) / 1977-04-24(国际),140分钟,燃烧的自由之内(台) / 燃烧的自由之内纪念版,tt4577670,8.3,149395,64.00%,18.70%,9.10%,5.20%,3.00%,《燃烧的自由之内》是一部探讨成长的烦恼的感人电影。故事发生在神秘的异域，一个破碎的家庭踏上了一段改变命运的旅程。在山田翔太的执导下，情感表达细腻，导演手法独特，将剧情类型的魅力展现得淋漓尽致。本片充满了希望与力量，展现了电影艺术的无限可能。
荒野英雄的传说 First Life of the Soul,https://movie.douban.com/subject/1001440/,杨军志,George Garcia / Paul Wilson / 李明华,陈志超 / David Jones / 刘龙明 / ...,科幻,印度,印地语,1991-02-18(圣丹斯电影节) / 1991-03-06(国际),95分钟,荒野英雄的传说(日),tt6568742,8.1,368594,72.30%,16.00%,6.70%,2.90%,2.10%,《荒野英雄的传说》是一部探讨梦想的追求的宏大电影。故事发生在战火纷飞的年代，一群志同道合的朋友揭开了一个深藏多年的秘密。在杨军志的执导下，思想内涵深刻，表演真挚感人，将科幻类型的魅力展现得淋漓尽致。本片让人思考良久，获得了观众的一致好评。
星辰束缚的誓言 A Secret at Dawn,https://movie.douban.com/subject/1001441/,王志华,黄明军 / 姜俊恩,赵鹏平 / Peter Davis / 刘辉峰 / ...,剧情,比利时,西班牙语,2008-01-25(柏林电影节) / 2008-01-02(国际),165分钟,星辰束缚的誓言(马),tt7278862,9,532829,92.40%,5%,2%,0.50%,0.10%,《星辰束缚的誓言》是一部探讨生命的价值的震撼电影。故事发生在未来的世界，一名勇敢的战士守护了珍贵的东西。在王志华的执导下，表演真挚感人，细节处理到位，将剧情类型的魅力展现得淋漓尽致。本片是一部不可多得的佳作，展现了电影艺术的无限可能。
黄昏旅程的中心 First Hate at Dawn,https://movie.douban.com/subject/1001442/,Paul Jones,金承秀,John Davis / 黄辉鹏 / 陈杰辉 / ...,科幻 / 武侠 / 神话,韩国,韩语,1991-05-05(金棕榈奖) / 1991-07-01(国际),210分钟,黄昏旅程的中心(新),tt3628881,7,67337,42.80%,32.40%,15.00%,6.30%,3.50%,《黄昏旅程的中心》是一部探讨真相的揭露的细腻电影。故事发生在浪漫的海边小镇，一对相爱的恋人找到了生命的真谛。在Paul的执导下，节奏把控精准，情感表达细腻，将科幻类型的魅力展现得淋漓尽致。本片温暖而治愈，获得了观众的一致好评。
黄昏和平之间 Last Fear of the Soul,https://movie.douban.com/subject/1001443/,David Wilson,渡边诚 / 张国国 / 郑恩敏,George Davis / 张辉超 / 赵志国 / ...,动作 / 舞台艺术,中国大陆,汉语普通话 / 方言,2001-09-09(威尼斯电影节) / 2001-11-17(国际),165分钟,黄昏和平之间纪念版,tt8522982,6,16476,37.40%,33.70%,19.00%,4.50%,5.40%,《黄昏和平之间》是一部探讨自然的敬畏的细腻电影。故事发生在极地的冰雪世界，一位孤独的老人发现了一个惊人的真相。在David的执导下，细节处理到位，情感表达细腻，将动作类型的魅力展现得淋漓尽致。本片具有很高的艺术价值，获得了观众的一致好评。
记忆中的朋友的抉择 A Secret at Dawn,https://movie.douban.com/subject/1001444/,田中翔太,张国国 / 赵峰鹏,杨明鹏 / 陈鹏鹏 / 黄军杰 / ...,喜剧,韩国 / 德国,韩语 / 西班牙语,2009-05-20(巴黎电影节) / 2009-08-04(国际),95分钟,记忆中的朋友的抉择(新) / 记忆中的朋友的抉择特别版,tt4803836,6.6,25149,34.90%,35.50%,18.60%,5.60%,5.40%,《记忆中的朋友的抉择》是一部探讨正义的坚守的感人电影。故事发生在奇幻的魔法世界，一位孤独的老人揭开了一个深藏多年的秘密。在田中翔太的执导下，表演真挚感人，细节处理到位，将喜剧类型的魅力展现得淋漓尽致。本片会成为经典之作，在国际影展上备受瞩目。
燃烧的和平的审判 Their Journey at Dawn,https://movie.douban.com/subject/1001445/,李强志,王志华 / 佐藤雄大 / George Miller,杨明龙 / 王国军 / 张辉国 / ...,剧情 / 动作 / 恐怖,墨西哥,西班牙语,1984-06-19(柏林电影节) / 1984-08-15(国际),110分钟,燃烧的和平的审判(港) / 燃烧的和平的审判加长版,tt2547203,7.5,64532,56.10%,27.10%,10.50%,4.00%,2.30%,《燃烧的和平的审判》是一部探讨记忆的珍贵的震撼电影。故事发生在神秘的异域，一位孤独的老人经历了一次深刻的心灵洗礼。在李强志的执导下，视觉效果震撼，表演真挚感人，将剧情类型的魅力展现得淋漓尽致。本片展现了人性的光辉，展现了电影艺术的无限可能。
燃烧的敌人的证明 First Fear to the Future,https://movie.douban.com/subject/1001446/,山田诚,Christopher Wilson / 周辉军,斋藤健一 / 陈辉龙 / 黄文龙 / ...,爱情 / 音乐,日本 / 美国 / 泰国,日语 / 英语,1971-08-10(东京电影节) / 1971-10-02(国际),250分钟,,tt9685812,8.9,289466,81.90%,8.10%,5.00%,3.10%,1.90%,《燃烧的敌人的证明》是一部探讨人性的探索的感人电影。故事发生在恐怖的黑暗领域，一对失散多年的兄弟经历了一次深刻的心灵洗礼。在山田诚的执导下，剧情扣人心弦，节奏把控精准，将爱情类型的魅力展现得淋漓尽致。本片值得反复品味，展现了电影艺术的无限可能。
天空家庭的故事 Last Life of the Soul,https://movie.douban.com/subject/1001447/,陈平文,John Brown,陈国明 / 杨华龙 / 黄伟志 / ...,纪录片 / 科幻,瑞士,日语,2018-04-23(金棕榈奖) / 2018-04-25(国际),210分钟,天空家庭的故事纪念版,tt3676845,6.3,15824,42.60%,39.20%,9.20%,5.40%,3.60%,《天空家庭的故事》是一部探讨时间的意义的宏大电影。故事发生在奇幻的魔法世界，一个天真的孩子跨越了时空的界限。在陈平文的执导下，剧情扣人心弦，情感表达细腻，将纪录片类型的魅力展现得淋漓尽致。本片具有很高的艺术价值，展现了电影艺术的无限可能。
晨曦朋友的誓言 Found Truth from the Past,https://movie.douban.com/subject/1001448/,斋藤拓也,杨文国 / 朴浩哲,Robert Garcia / 斋藤太郎 / James Wilson / ...,动作 / 短片,土耳其 / 捷克 / 泰国,西班牙语,2015-11-12(奥斯卡金像奖) / 2015-12-07(国际),120分钟,晨曦朋友的誓言4K修复版,tt6081951,6.7,24370,36.70%,38.90%,15.60%,5.50%,3.30%,《晨曦朋友的誓言》是一部探讨记忆的珍贵的感人电影。故事发生在恐怖的黑暗领域，一位孤独的老人完成了一次自我的救赎。在斋藤拓也的执导下，导演手法独特，情感表达细腻，将动作类型的魅力展现得淋漓尽致。本片展现了电影的魅力，在国际影展上备受瞩目。
星辰选择的誓言 Their Lie at Dawn,https://movie.douban.com/subject/1001449/,George Garcia,渡边三郎 / 姜敏俊,George Miller / George Jones / 渡边太郎 / ...,爱情 / 黑色电影 / 历史,捷克,法语,1996-02-27(圣丹斯电影节) / 1996-03-06(国际),210分钟,星辰选择的誓言(台) / 星辰选择的誓言4K修复版 / Choice,tt1960976,6.1,18897,37.70%,40.10%,12.40%,5.80%,4.00%,《星辰选择的誓言》是一部探讨空间的奥秘的感人电影。故事发生在广袤的沙漠，一位孤独的老人完成了一次自我的救赎。在George的执导下，导演手法独特，表演真挚感人，将爱情类型的魅力展现得淋漓尽致。本片触动人心深处，在国际影展上备受瞩目。
温暖的命运之内 Our Journey at Dusk,https://movie.douban.com/subject/1001450/,黄建辉,Christopher Davis,小林大辅 / 渡边拓也 / Robert Williams / ...,喜剧 / 家庭,加拿大,法语 / 英语,1982-07-23(戛纳电影节) / 1982-07-22(国际),195分钟,,tt1932878,6.5,36007,37.70%,31.30%,21.50%,6.30%,3.20%,《温暖的命运之内》是一部探讨人性的探索的深刻电影。故事发生在极地的冰雪世界，一位坚强的女性坚守了一个重要的承诺。在黄建辉的执导下，思想内涵深刻，情感表达细腻，将喜剧类型的魅力展现得淋漓尽致。本片具有很高的艺术价值，获得了观众的一致好评。
过去的死亡的歌声 Final Secret at Dusk,https://movie.douban.com/subject/1001451/,John Brown,王龙强,崔贤英 / 陈军伟 / George Garcia / ...,冒险 / 武侠 / 动作,美国,英语 / 西班牙语,1994-01-09(威尼斯电影节) / 1994-01-28(国际),120分钟,过去的死亡的歌声修复版,tt5774507,8.4,305516,60.60%,22.10%,10.60%,4.20%,2.50%,《过去的死亡的歌声》是一部探讨科技的边界的深刻电影。故事发生在一个遥远的小镇，一位年轻的冒险家踏上了一段改变命运的旅程。在John的执导下，视觉效果震撼，情感表达细腻，将冒险类型的魅力展现得淋漓尽致。本片是一部不可多得的佳作，在国际影展上备受瞩目。
晨曦远方之内 Their Dream,https://movie.douban.com/subject/1001452/,李峰军,姜浩浩 / Christopher Davis,铃木翔太 / 赵贤英 / 渡边大辅 / ...,爱情,韩国,韩语,1976-07-08(柏林电影节) / 1976-07-16(国际),195分钟,晨曦远方之内(港) / 晨曦远方之内纪念版,tt6182493,6.9,29408,45.60%,35.40%,10.70%,3.70%,4.60%,《晨曦远方之内》是一部探讨自由的渴望的宏大电影。故事发生在广袤的沙漠，一名神秘的陌生人突破了自我的极限。在李峰军的执导下，气氛营造出色，思想内涵深刻，将爱情类型的魅力展现得淋漓尽致。本片充满了希望与力量，展现了电影艺术的无限可能。
眼前的战争的中心 Last Promise in the Dark,https://movie.douban.com/subject/1001453/,尹贤承,周明杰 / 黄平峰,Steven Brown / 黄峰军 / 黄龙明 / ...,爱情 / 古装 / 战争,捷克 / 土耳其,法语,1980-11-06(釜山电影节) / 1980-11-20(国际),130分钟,,tt3455474,7,45446,55.60%,26.40%,11.10%,2.90%,4.00%,《眼前的战争的中心》是一部探讨记忆的珍贵的感人电影。故事发生在神秘的异域，一名神秘的陌生人跨越了时空的界限。在尹贤承的执导下，表演真挚感人，剧情扣人心弦，将爱情类型的魅力展现得淋漓尽致。本片充满了希望与力量，获得了观众的一致好评。
晨曦陌生人的誓言 Found Dream at Dawn,https://movie.douban.com/subject/1001454/,李龙超,刘辉龙 / 王文志 / 王军龙,杨国辉 / 杨志峰 / 吴峰鹏 / ...,喜剧,葡萄牙 / 挪威 / 墨西哥,日语,2000-07-12(威尼斯电影节) / 2000-07-11(国际),140分钟,晨曦陌生人的誓言(台) / 晨曦陌生人的誓言纪念版,tt2177368,7.4,55324,40.70%,35.20%,16.60%,3.90%,3.60%,《晨曦陌生人的誓言》是一部探讨家庭的温暖的震撼电影。故事发生在雨林的深处，一位年轻的冒险家揭开了一个深藏多年的秘密。在李龙超的执导下，思想内涵深刻，配乐动人心弦，将喜剧类型的魅力展现得淋漓尽致。本片值得反复品味，展现了电影艺术的无限可能。
远方的记忆的审判 A Death at Dusk,https://movie.douban.com/subject/1001455/,杨华辉,吴辉超,Steven Smith / 吴文建 / 刘超国 / ...,爱情 / 神话 / 恐怖,阿根廷,日语,1994-01-08(奥斯卡金像奖) / 1994-04-18(国际),180分钟,远方的记忆的审判(马) / 远方的记忆的审判纪念版,tt2861402,9.2,2759957,83.80%,6.20%,5.00%,3.00%,2.00%,《远方的记忆的审判》是一部探讨自由的渴望的感人电影。故事发生在奇幻的魔法世界，一名勇敢的战士找到了生命的真谛。在杨华辉的执导下，影片画面精美，思想内涵深刻，将爱情类型的魅力展现得淋漓尽致。本片让人思考良久，展现了电影艺术的无限可能。
风雨生命之外 Lost Life in the Dark,https://movie.douban.com/subject/1001456/,Christopher Johnson,张伟平 / 金贤承,Michael Brown / 黄建明 / John Smith / ...,动作,巴西,葡萄牙语 / 英语,1970-08-01(东京电影节) / 1970-08-10(国际),160分钟,风雨生命之外(马) / 风雨生命之外修复版,tt7939717,7.2,93907,42.00%,32.60%,14.30%,5.80%,5.30%,《风雨生命之外》是一部探讨人性的探索的深刻电影。故事发生在战火纷飞的年代，一位坚强的女性找到了生命的真谛。在Christopher的执导下，表演真挚感人，细节处理到位，将动作类型的魅力展现得淋漓尽致。本片触动人心深处，获得了观众的一致好评。
记忆中的终点的传说 First Journey at Dusk,https://movie.douban.com/subject/1001457/,张鹏建,王平明 / 吴平华 / Paul Davis,Steven Smith / 姜敏贤 / 吴明峰 / ...,爱情 / 科幻 / 歌舞,新西兰,西班牙语,1997-10-14(金棕榈奖) / 1997-11-12(国际),170分钟,记忆中的终点的传说(陆) / 记忆中的终点的传说加长版,tt3700985,8.5,388641,80.40%,9.60%,5.00%,3.00%,2.00%,《记忆中的终点的传说》是一部探讨文化的碰撞的宏大电影。故事发生在宁静的乡村，一名神秘的陌生人改变了世界的格局。在张鹏建的执导下，影片画面精美，思想内涵深刻，将爱情类型的魅力展现得淋漓尽致。本片具有很高的艺术价值，获得了观众的一致好评。
最后的真相之下 Last Life to the Future,https://movie.douban.com/subject/1001458/,Steven Rodriguez,刘明建,王龙超 / George Brown / 杨峰峰 / ...,喜剧,韩国 / 西班牙 / 泰国,韩语 / 英语 / 汉语普通话,2018-10-09(巴黎电影节) / 2018-10-21(国际),240分钟,最后的真相之下4K修复版,tt4384618,6.3,13552,34.40%,35.30%,15.40%,9.30%,5.60%,《最后的真相之下》是一部探讨正义的坚守的宏大电影。故事发生在虚拟的网络空间，一个破碎的家庭守护了珍贵的东西。在Steven的执导下，表演真挚感人，配乐动人心弦，将喜剧类型的魅力展现得淋漓尽致。本片展现了人性的光辉，获得了观众的一致好评。
温暖的选择的回声 My Lie in the Dark,https://movie.douban.com/subject/1001459/,周强志,James Miller,王明平 / 林哲秀 / 李珍珍 / ...,爱情 / 歌舞,挪威,西班牙语,2018-07-22(釜山电影节) / 2018-09-11(国际),210分钟,温暖的选择的回声(陆) / Choice,tt8982772,7.7,154368,53.50%,25.50%,13.80%,3.90%,3.30%,《温暖的选择的回声》是一部探讨生命的价值的宏大电影。故事发生在深邃的海洋，一位孤独的老人完成了一次自我的救赎。在周强志的执导下，剧情扣人心弦，节奏把控精准，将爱情类型的魅力展现得淋漓尽致。本片值得推荐给所有人，在国际影展上备受瞩目。
黄昏自由的回声 My Lie to the Future,https://movie.douban.com/subject/1001460/,崔珍俊,Peter Williams / 李敏贤 / 黄华军,黄伟国 / 张秀秀 / 赵浩珍 / ...,科幻,比利时 / 泰国,英语,1981-09-04(东京电影节) / 1981-10-19(国际),90分钟,,tt9201473,6.1,10327,42.70%,33.90%,15.30%,3.30%,4.80%,《黄昏自由的回声》是一部探讨人性的探索的震撼电影。故事发生在末日后的废墟，一个天真的孩子突破了自我的极限。在崔珍俊的执导下，剧情扣人心弦，视觉效果震撼，将科幻类型的魅力展现得淋漓尽致。本片展现了人性的光辉，展现了电影艺术的无限可能。
黎明故乡的救赎 Lost Journey at Dawn,https://movie.douban.com/subject/1001461/,杨杰龙,黄龙龙 / 佐藤雄大,James Williams / 张杰辉 / 渡边雄大 / ...,爱情 / 惊悚 / 奇幻,埃及,汉语普通话,2014-04-01(奥斯卡金像奖) / 2014-05-12(国际),190分钟,黎明故乡的救赎(陆),tt2203307,7.2,74808,50.40%,34.20%,8.00%,4.40%,3.00%,《黎明故乡的救赎》是一部探讨空间的奥秘的宏大电影。故事发生在宁静的乡村，一位坚强的女性完成了一次自我的救赎。在杨杰龙的执导下，视觉效果震撼，节奏把控精准，将爱情类型的魅力展现得淋漓尽致。本片温暖而治愈，获得了观众的一致好评。
未来的选择的歌声 Last Fear,https://movie.douban.com/subject/1001462/,高桥三郎,周强辉 / 赵强超 / 王龙建,Robert Davis / James Davis / 中村凉平 / ...,动作 / 纪录片 / 黑色电影,墨西哥,西班牙语 / 英语,1989-03-20(金球奖) / 1989-03-03(国际),170分钟,,tt9380036,9.2,2728951,92.40%,5%,2%,0.50%,0.10%,《未来的选择的歌声》是一部探讨正义的坚守的宏大电影。故事发生在浪漫的海边小镇，一个破碎的家庭战胜了内心的恐惧。在高桥三郎的执导下，情感表达细腻，视觉效果震撼，将动作类型的魅力展现得淋漓尽致。本片触动人心深处，在国际影展上备受瞩目。
城市遗忘的旅程 Final Death from the Past,https://movie.douban.com/subject/1001463/,姜俊秀,铃木诚 / 金俊浩,陈国军 / Christopher Wilson / 杨伟志 / ...,爱情,俄罗斯 / 挪威,俄语 / 英语,1998-01-15(伦敦电影节) / 1998-02-02(国际),230分钟,,tt2449950,7.1,70100,55.50%,23.70%,13.60%,4.20%,3.00%,《城市遗忘的旅程》是一部探讨真相的揭露的宏大电影。故事发生在险峻的高山之巅，一群志同道合的朋友面对了一场前所未有的挑战。在姜俊秀的执导下，配乐动人心弦，思想内涵深刻，将爱情类型的魅力展现得淋漓尽致。本片温暖而治愈，获得了观众的一致好评。
冰冷的承诺的审判 Last Lie in the Dark,https://movie.douban.com/subject/1001464/,杨强明,James Davis / David Wilson,山田拓也 / 张明鹏 / George Garcia / ...,剧情,墨西哥,西班牙语 / 英语,1985-02-12(柏林电影节) / 1985-05-04(国际),105分钟,Promise,tt8746805,8.2,158755,74.60%,15.10%,5.30%,2.30%,2.70%,《冰冷的承诺的审判》是一部探讨友谊的力量的深刻电影。故事发生在未来的世界，一名失意的作家守护了珍贵的东西。在杨强明的执导下，情感表达细腻，导演手法独特，将剧情类型的魅力展现得淋漓尽致。本片让人思考良久，获得了观众的一致好评。
未来的束缚的旅程 Last Fear at Dusk,https://movie.douban.com/subject/1001465/,佐藤次郎,陈强辉,Peter Wilson / 周伟志 / 张俊敏 / ...,爱情,埃及,法语,2016-08-11(上海电影节) / 2016-09-18(国际),180分钟,未来的束缚的旅程(港) / 未来的束缚的旅程导演剪辑版 / Journey,tt4088335,6.5,19655,35.70%,41.40%,14.90%,3.50%,4.50%,《未来的束缚的旅程》是一部探讨战争的残酷的细腻电影。故事发生在险峻的高山之巅，一对失散多年的兄弟坚守了一个重要的承诺。在佐藤次郎的执导下，影片画面精美，节奏把控精准，将爱情类型的魅力展现得淋漓尽致。本片会成为经典之作，展现了电影艺术的无限可能。
天空陌生人之上 Final Lie at Dawn,https://movie.douban.com/subject/1001466/,斋藤凉平,赵鹏建 / 刘峰军 / 张辉鹏,Michael Johnson / 金智珍 / 王文峰 / ...,科幻 / 灾难,爱尔兰,西班牙语,1989-01-17(奥斯卡金像奖) / 1989-02-09(国际),105分钟,天空陌生人之上(陆) / 天空陌生人之上4K修复版,tt7682443,9.4,708278,78.70%,11.30%,5.00%,2.90%,2.10%,《天空陌生人之上》是一部探讨空间的奥秘的宏大电影。故事发生在末日后的废墟，一位坚强的女性找到了生命的真谛。在斋藤凉平的执导下，配乐动人心弦，影片画面精美，将科幻类型的魅力展现得淋漓尽致。本片令人难以忘怀，获得了观众的一致好评。
太阳陌生人的审判 Final Promise at Dawn,https://movie.douban.com/subject/1001467/,Paul Smith,田中拓也,田中次郎 / 斋藤次郎 / 吴文超 / ...,动作,挪威,汉语普通话,2008-04-16(罗马电影节) / 2008-05-08(国际),250分钟,太阳陌生人的审判(陆) / 太阳陌生人的审判4K修复版,tt8312047,7.8,68723,55.70%,22.50%,13.10%,4.10%,4.60%,《太阳陌生人的审判》是一部探讨成长的烦恼的宏大电影。故事发生在未来的世界，一名失意的作家坚守了一个重要的承诺。在Paul的执导下，配乐动人心弦，气氛营造出色，将动作类型的魅力展现得淋漓尽致。本片是一部不可多得的佳作，在国际影展上备受瞩目。
星辰光明之下 Our Death in the Dark,https://movie.douban.com/subject/1001468/,杨强军,Robert Wilson / 刘志杰 / 张恩智,李英秀 / 佐藤太郎 / 中村健一 / ...,科幻 / 西部 / 纪录片,西班牙,英语,1973-02-14(上海电影节) / 1973-04-18(国际),120分钟,星辰光明之下(马),tt2623229,9,1605283,85.50%,5%,4.50%,2.10%,2.90%,《星辰光明之下》是一部探讨真相的揭露的感人电影。故事发生在雨林的深处，一位坚强的女性守护了珍贵的东西。在杨强军的执导下，剧情扣人心弦，影片画面精美，将科幻类型的魅力展现得淋漓尽致。本片展现了人性的光辉，展现了电影艺术的无限可能。
迷失的梦想 Found Life at Dusk,https://movie.douban.com/subject/1001469/,吴军华,吴国龙,张俊珍 / James Davis / Paul Miller / ...,科幻 / 脱口秀,波兰,汉语普通话,1970-04-01(釜山电影节) / 1970-06-18(国际),150分钟,迷失的梦想(日) / 迷失的梦想4K修复版,tt3659202,8.2,205480,65.60%,18.70%,8.00%,4.10%,3.60%,《迷失的梦想》是一部探讨文化的碰撞的深刻电影。故事发生在险峻的高山之巅，一名失意的作家实现了曾经的梦想。在吴军华的执导下，剧情扣人心弦，细节处理到位，将科幻类型的魅力展现得淋漓尽致。本片令人难以忘怀，在国际影展上备受瞩目。
燃烧的肉体的证明 Last Death in the Dark,https://movie.douban.com/subject/1001470/,李志国,崔浩智 / 王军军,David Rodriguez / Robert Johnson / 赵辉龙 / ...,剧情 / 歌舞,中国香港,粤语,2021-06-20(上海电影节) / 2021-09-03(国际),240分钟,燃烧的肉体的证明特别版,tt1882937,6.8,32123,40.80%,29.90%,19.10%,4.40%,5.80%,《燃烧的肉体的证明》是一部探讨身份的认同的感人电影。故事发生在战火纷飞的年代，一个破碎的家庭经历了一次深刻的心灵洗礼。在李志国的执导下，视觉效果震撼，剧情扣人心弦，将剧情类型的魅力展现得淋漓尽致。本片展现了人性的光辉，在国际影展上备受瞩目。
记忆中的信念的证明 Their Journey at Dawn,https://movie.douban.com/subject/1001471/,杨平峰,吴国志 / George Wilson / David Garcia,林智浩 / Robert Johnson / 李峰国 / ...,动作,印度,泰米尔语 / 印地语,2000-01-11(威尼斯电影节) / 2000-02-23(国际),210分钟,记忆中的信念的证明(台),tt1042663,8.9,846875,79.00%,11.00%,5.00%,2.10%,2.90%,《记忆中的信念的证明》是一部探讨空间的奥秘的深刻电影。故事发生在战火纷飞的年代，一位年轻的冒险家找到了生命的真谛。在杨平峰的执导下，影片画面精美，思想内涵深刻，将动作类型的魅力展现得淋漓尽致。本片是一部不可多得的佳作，获得了观众的一致好评。
燃烧的选择之间 My Secret in the Dark,https://movie.douban.com/subject/1001472/,刘峰国,姜秀贤 / 铃木雄大 / 李国伟,赵平杰 / 刘杰平 / 赵超华 / ...,动作,墨西哥 / 瑞典,西班牙语,1988-01-27(莫斯科电影节) / 1988-02-19(国际),175分钟,燃烧的选择之间(韩) / 燃烧的选择之间4K修复版,tt3720169,9.2,2912869,90.60%,5%,2%,1.20%,1.20%,《燃烧的选择之间》是一部探讨生命的价值的细腻电影。故事发生在浪漫的海边小镇，一位智慧的导师突破了自我的极限。在刘峰国的执导下，表演真挚感人，思想内涵深刻，将动作类型的魅力展现得淋漓尽致。本片值得反复品味，展现了电影艺术的无限可能。
温暖的起点 Last Dream at Dusk,https://movie.douban.com/subject/1001473/,小林翔太,佐藤大辅,高桥翔太 / Robert Jones / Paul Williams / ...,喜剧 / 灾难 / 武侠,巴西,葡萄牙语,2017-04-06(上海电影节) / 2017-04-21(国际),180分钟,温暖的起点(港),tt1564591,6.7,40820,35.50%,34.00%,16.10%,6.10%,8.30%,《温暖的起点》是一部探讨记忆的珍贵的深刻电影。故事发生在繁华的都市，一位智慧的导师揭开了一个深藏多年的秘密。在小林翔太的执导下，节奏把控精准，寓意深远悠长，将喜剧类型的魅力展现得淋漓尽致。本片让人思考良久，展现了电影艺术的无限可能。
远方的空间的旅程 Lost Promise to the Future,https://movie.douban.com/subject/1001474/,张杰鹏,Steven Garcia / 周军伟 / 斋藤拓也,John Smith / 吴辉杰 / 周志明 / ...,喜剧,希腊,英语,1970-05-09(釜山电影节) / 1970-05-01(国际),130分钟,远方的空间的旅程加长版,tt4991757,6.3,14693,29.80%,46.40%,12.00%,5.60%,6.20%,《远方的空间的旅程》是一部探讨正义的坚守的震撼电影。故事发生在浪漫的海边小镇，一位孤独的老人坚守了一个重要的承诺。在张杰鹏的执导下，思想内涵深刻，表演真挚感人，将喜剧类型的魅力展现得淋漓尽致。本片充满了希望与力量，在国际影展上备受瞩目。
未来的现实的誓言 Their Hate at Dusk,https://movie.douban.com/subject/1001475/,Steven Johnson,Paul Brown / 黄超明 / 李强国,李伟军 / 黄龙华 / 王鹏华 / ...,爱情 / 脱口秀 / 真人秀,越南 / 墨西哥 / 荷兰,英语,1989-04-10(釜山电影节) / 1989-05-14(国际),250分钟,未来的现实的誓言(陆) / 未来的现实的誓言导演剪辑版,tt9173190,7.8,85069,53.30%,25.50%,12.20%,5.40%,3.60%,《未来的现实的誓言》是一部探讨生命的价值的震撼电影。故事发生在宁静的乡村，一名勇敢的战士改变了世界的格局。在Steven的执导下，思想内涵深刻，细节处理到位，将爱情类型的魅力展现得淋漓尽致。本片温暖而治愈，展现了电影艺术的无限可能。
未来的记忆之内 My Hope to the Future,https://movie.douban.com/subject/1001476/,David Williams,张敏敏,周鹏峰 / 刘明国 / James Wilson / ...,科幻 / 西部 / 奇幻,荷兰 / 澳大利亚 / 阿根廷,汉语普通话,2010-02-02(戛纳电影节) / 2010-05-17(国际),180分钟,未来的记忆之内(陆),tt6785010,8.1,495206,72.40%,14.20%,6.90%,2.80%,3.70%,《未来的记忆之内》是一部探讨科技的边界的细腻电影。故事发生在古代的王朝，一位智慧的导师改变了世界的格局。在David的执导下，细节处理到位，导演手法独特，将科幻类型的魅力展现得淋漓尽致。本片充满了希望与力量，展现了电影艺术的无限可能。
温暖的黑暗的中心 The Truth from the Past,https://movie.douban.com/subject/1001477/,周龙军,田中太郎 / Robert Rodriguez / Michael Garcia,Paul Smith / 吴国辉 / 崔英智 / ...,动作 / 犯罪,比利时,日语,2022-01-03(圣丹斯电影节) / 2022-02-15(国际),110分钟,温暖的黑暗的中心(港),tt8462734,9.6,2137284,79.90%,10.10%,5.00%,3.40%,1.60%,《温暖的黑暗的中心》是一部探讨身份的认同的震撼电影。故事发生在古代的王朝，一位坚强的女性完成了一次自我的救赎。在周龙军的执导下，配乐动人心弦，视觉效果震撼，将动作类型的魅力展现得淋漓尽致。本片展现了电影的魅力，展现了电影艺术的无限可能。
冻结的希望的传说 Lost Death,https://movie.douban.com/subject/1001478/,李平志,杨文文,佐藤健一 / 张珍敏 / Steven Jones / ...,惊悚 / 科幻,南非,英语,1995-02-02(金棕榈奖) / 1995-03-22(国际),250分钟,冻结的希望的传说(马) / 冻结的希望的传说特别版,tt6182670,9.7,876143,87.50%,5%,2.50%,2.90%,2.10%,《冻结的希望的传说》是一部探讨战争的残酷的深刻电影。故事发生在未来的世界，一对失散多年的兄弟揭开了一个深藏多年的秘密。在李平志的执导下，思想内涵深刻，细节处理到位，将惊悚类型的魅力展现得淋漓尽致。本片让人思考良久，获得了观众的一致好评。
燃烧的恐惧之上 First Hope at Dusk,https://movie.douban.com/subject/1001479/,Paul Davis,黄龙伟 / Robert Johnson / 黄杰文,赵承智 / 田中雄大 / 斋藤雄大 / ...,喜剧 / 战争 / 武侠,南非,法语,1973-08-11(柏林电影节) / 1973-10-16(国际),175分钟,,tt3634535,6.9,13063,32.40%,37.80%,19.80%,6.90%,3.10%,《燃烧的恐惧之上》是一部探讨爱情的真谛的细腻电影。故事发生在奇幻的魔法世界，一个天真的孩子守护了珍贵的东西。在Paul的执导下，导演手法独特，影片画面精美，将喜剧类型的魅力展现得淋漓尽致。本片让人思考良久，获得了观众的一致好评。
迷失的家庭之上 A Dream at Dusk,https://movie.douban.com/subject/1001480/,郑秀智,张明鹏 / 陈辉明 / Christopher Jones,James Davis / 吴平文 / 黄军平 / ...,传记 / 爱情,中国台湾 / 芬兰,汉语普通话,2010-04-28(奥斯卡金像奖) / 2010-06-11(国际),175分钟,,tt2945118,6.9,49675,31.40%,46.50%,14.30%,4.60%,3.20%,《迷失的家庭之上》是一部探讨生命的价值的细腻电影。故事发生在险峻的高山之巅，一个破碎的家庭发现了一个惊人的真相。在郑秀智的执导下，情感表达细腻，节奏把控精准，将传记类型的魅力展现得淋漓尽致。本片令人难以忘怀，获得了观众的一致好评。
迷失的现实的边缘 A Death from the Past,https://movie.douban.com/subject/1001481/,James Smith,山田三郎,李秀浩 / 李伟鹏 / 田中雄大 / ...,真人秀 / 爱情,荷兰,日语,2016-07-25(釜山电影节) / 2016-09-02(国际),135分钟,迷失的现实的边缘(韩) / 迷失的现实的边缘加长版,tt4041698,7.5,61851,57.80%,21.60%,10.90%,3.90%,5.80%,《迷失的现实的边缘》是一部探讨友谊的力量的宏大电影。故事发生在深邃的太空，一名神秘的陌生人守护了珍贵的东西。在James的执导下，剧情扣人心弦，导演手法独特，将真人秀类型的魅力展现得淋漓尽致。本片充满了希望与力量，获得了观众的一致好评。
黎明肉体的抉择 Their Death at Dawn,https://movie.douban.com/subject/1001482/,赵恩浩,George Brown / Peter Rodriguez / 王龙辉,吴平强 / 李强辉 / 周国鹏 / ...,爱情,澳大利亚 / 土耳其,英语 / 汉语普通话,1984-05-08(东京电影节) / 1984-06-11(国际),160分钟,黎明肉体的抉择(日),tt5517478,9.4,611443,90.90%,5%,2%,1.10%,1.00%,《黎明肉体的抉择》是一部探讨记忆的珍贵的细腻电影。故事发生在广袤的沙漠，一位年轻的冒险家跨越了时空的界限。在赵恩浩的执导下，表演真挚感人，影片画面精美，将爱情类型的魅力展现得淋漓尽致。本片让人思考良久，获得了观众的一致好评。
冻结的恐惧的痕迹 Our Life of the Soul,https://movie.douban.com/subject/1001483/,铃木诚,朴哲贤,朴珍俊 / Steven Jones / 黄国军 / ...,喜剧,挪威,西班牙语,1981-01-13(巴黎电影节) / 1981-01-18(国际),135分钟,冻结的恐惧的痕迹(台) / 冻结的恐惧的痕迹特别版,tt8113537,7.1,53217,47.80%,28.30%,13.10%,7.50%,3.30%,《冻结的恐惧的痕迹》是一部探讨身份的认同的震撼电影。故事发生在深邃的海洋，一名神秘的陌生人突破了自我的极限。在铃木诚的执导下，气氛营造出色，剧情扣人心弦，将喜剧类型的魅力展现得淋漓尽致。本片让人思考良久，获得了观众的一致好评。
太阳和平的中心 The Dream at Dusk,https://movie.douban.com/subject/1001484/,周平鹏,伊藤凉平 / George Jones,金英智 / Christopher Smith / Robert Miller / ...,喜剧 / 黑色电影,葡萄牙,英语,2015-10-18(威尼斯电影节) / 2015-10-24(国际),125分钟,太阳和平的中心(新) / 太阳和平的中心特别版,tt6116968,6.1,14693,41.20%,40.30%,9.90%,5.70%,2.90%,《太阳和平的中心》是一部探讨时间的意义的细腻电影。故事发生在战火纷飞的年代，一对相爱的恋人发现了一个惊人的真相。在周平鹏的执导下，导演手法独特，寓意深远悠长，将喜剧类型的魅力展现得淋漓尽致。本片令人难以忘怀，展现了电影艺术的无限可能。
午夜英雄之上 A Death at Dusk,https://movie.douban.com/subject/1001485/,高桥凉平,Peter Smith,Robert Jones / 李强峰 / 崔恩浩 / ...,喜剧,瑞典,法语,2001-09-06(威尼斯电影节) / 2001-09-18(国际),110分钟,午夜英雄之上4K修复版 / Hero,tt5662588,8.5,606673,85.10%,5%,4.90%,2.40%,2.60%,《午夜英雄之上》是一部探讨命运的挑战的细腻电影。故事发生在未来的世界，一对失散多年的兄弟坚守了一个重要的承诺。在高桥凉平的执导下，情感表达细腻，视觉效果震撼，将喜剧类型的魅力展现得淋漓尽致。本片温暖而治愈，在国际影展上备受瞩目。
眼前的灵魂之内 Lost Life at Dawn,https://movie.douban.com/subject/1001486/,李文峰,金英哲,陈峰龙 / 李哲秀 / Peter Rodriguez / ...,剧情,荷兰,英语,2003-07-16(圣丹斯电影节) / 2003-09-27(国际),145分钟,,tt5574145,8.6,981024,77.60%,12.40%,5.00%,2.40%,2.60%,《眼前的灵魂之内》是一部探讨梦想的追求的震撼电影。故事发生在深邃的太空，一位孤独的老人揭开了一个深藏多年的秘密。在李文峰的执导下，视觉效果震撼，配乐动人心弦，将剧情类型的魅力展现得淋漓尽致。本片让人思考良久，获得了观众的一致好评。
晨曦和平的审判 Our Life from the Past,https://movie.douban.com/subject/1001487/,渡边翔太,John Brown / 杨军超,周伟明 / John Garcia / 张智哲 / ...,科幻 / 战争 / 奇幻,匈牙利,法语,2016-08-05(罗马电影节) / 2016-08-24(国际),165分钟,晨曦和平的审判(马),tt8053083,6.1,19335,29.10%,46.50%,13.80%,5.00%,5.60%,《晨曦和平的审判》是一部探讨家庭的温暖的宏大电影。故事发生在古代的王朝，一对失散多年的兄弟完成了一次自我的救赎。在渡边翔太的执导下，配乐动人心弦，寓意深远悠长，将科幻类型的魅力展现得淋漓尽致。本片触动人心深处，展现了电影艺术的无限可能。
午夜希望 The Dream,https://movie.douban.com/subject/1001488/,王龙建,吴国华 / David Wilson / 杨军志,刘志超 / George Johnson / 斋藤健一 / ...,爱情,比利时,法语,1977-03-12(东京电影节) / 1977-05-10(国际),90分钟,午夜希望(韩) / Hope,tt2498339,7.7,192435,52.50%,29.80%,11.70%,3.80%,2.20%,《午夜希望》是一部探讨成长的烦恼的感人电影。故事发生在奇幻的魔法世界，一位坚强的女性改变了世界的格局。在王龙建的执导下，配乐动人心弦，节奏把控精准，将爱情类型的魅力展现得淋漓尽致。本片展现了电影的魅力，展现了电影艺术的无限可能。
海洋起点的中心 Final Death of the Soul,https://movie.douban.com/subject/1001489/,山田拓也,Paul Williams / Robert Miller / 金浩恩,赵鹏华 / David Garcia / 赵浩贤 / ...,爱情 / 音乐,土耳其,法语,1998-03-02(上海电影节) / 1998-05-19(国际),180分钟,海洋起点的中心(陆) / 海洋起点的中心纪念版,tt2155987,8.3,133922,69.00%,16.30%,8.70%,3.30%,2.70%,《海洋起点的中心》是一部探讨家庭的温暖的细腻电影。故事发生在深邃的海洋，一个破碎的家庭面对了一场前所未有的挑战。在山田拓也的执导下，导演手法独特，寓意深远悠长，将爱情类型的魅力展现得淋漓尽致。本片充满了希望与力量，在国际影展上备受瞩目。
晨曦敌人之下 A Life to the Future,https://movie.douban.com/subject/1001490/,Paul Williams,朴浩珍 / 佐藤三郎 / 赵浩贤,斋藤诚 / 陈华超 / 张平军 / ...,喜剧 / 西部 / 脱口秀,中国大陆 / 挪威,汉语普通话 / 日语,1992-06-19(东京电影节) / 1992-06-07(国际),170分钟,晨曦敌人之下(陆),tt9086516,6.4,19046,41.90%,31.50%,17.00%,5.60%,4.00%,《晨曦敌人之下》是一部探讨自然的敬畏的宏大电影。故事发生在深邃的太空，一名神秘的陌生人实现了曾经的梦想。在Paul的执导下，情感表达细腻，影片画面精美，将喜剧类型的魅力展现得淋漓尽致。本片充满了希望与力量，展现了电影艺术的无限可能。
午夜秘密的回声 Final Fear,https://movie.douban.com/subject/1001491/,Robert Davis,David Miller,张强建 / John Brown / Christopher Rodriguez / ...,爱情,墨西哥,西班牙语,1975-06-03(多伦多电影节) / 1975-08-22(国际),250分钟,Secret,tt5094628,8.7,319154,69.70%,20.20%,5.10%,2.30%,2.70%,《午夜秘密的回声》是一部探讨自由的渴望的感人电影。故事发生在宁静的乡村，一位智慧的导师面对了一场前所未有的挑战。在Robert的执导下，情感表达细腻，导演手法独特，将爱情类型的魅力展现得淋漓尽致。本片温暖而治愈，展现了电影艺术的无限可能。
未来的起点的痕迹 Found Hope in the Dark,https://movie.douban.com/subject/1001492/,林承承,James Davis,陈平超 / John Miller / 刘龙平 / ...,科幻,波兰,英语,2016-08-03(金棕榈奖) / 2016-08-02(国际),160分钟,未来的起点的痕迹(新) / 未来的起点的痕迹导演剪辑版,tt3394451,8,371445,60.60%,23.30%,11.00%,2.90%,2.20%,《未来的起点的痕迹》是一部探讨科技的边界的深刻电影。故事发生在恐怖的黑暗领域，一个天真的孩子改变了世界的格局。在林承承的执导下，思想内涵深刻，导演手法独特，将科幻类型的魅力展现得淋漓尽致。本片会成为经典之作，获得了观众的一致好评。
永恒的秘密的回声 Last Hate,https://movie.douban.com/subject/1001493/,铃木太郎,张伟辉 / 陈杰伟 / 刘国文,姜浩贤 / 佐藤雄大 / 吴建伟 / ...,科幻 / 爱情,俄罗斯 / 阿根廷 / 土耳其,俄语,2015-11-12(釜山电影节) / 2015-12-24(国际),165分钟,永恒的秘密的回声(新),tt1035602,9.1,857810,92.40%,5%,2%,0.50%,0.10%,《永恒的秘密的回声》是一部探讨时间的意义的宏大电影。故事发生在深邃的太空，一名神秘的陌生人找到了生命的真谛。在铃木太郎的执导下，表演真挚感人，寓意深远悠长，将科幻类型的魅力展现得淋漓尽致。本片值得推荐给所有人，展现了电影艺术的无限可能。
晨曦谎言的边缘 The Fear at Dawn,https://movie.douban.com/subject/1001494/,杨强平,王杰军 / 黄明明 / 朴秀智,张辉辉 / Michael Rodriguez / 刘明军 / ...,剧情 / 歌舞 / 舞台艺术,美国,英语,1997-03-05(莫斯科电影节) / 1997-06-12(国际),250分钟,晨曦谎言的边缘(陆),tt5405728,8.1,368407,63.40%,19.40%,11.80%,2.80%,2.60%,《晨曦谎言的边缘》是一部探讨生命的价值的深刻电影。故事发生在繁华的都市，一名失意的作家改变了世界的格局。在杨强平的执导下，气氛营造出色，剧情扣人心弦，将剧情类型的魅力展现得淋漓尽致。本片触动人心深处，在国际影展上备受瞩目。
孤独的承诺之外 My Secret from the Past,https://movie.douban.com/subject/1001495/,刘辉华,李文伟 / 朴恩俊,铃木雄大 / George Davis / Paul Rodriguez / ...,爱情 / 恐怖 / 短片,匈牙利,西班牙语,2023-04-02(东京电影节) / 2023-04-26(国际),250分钟,孤独的承诺之外(台),tt8385799,8.1,192179,69.10%,19.00%,6.10%,3.60%,2.20%,《孤独的承诺之外》是一部探讨科技的边界的震撼电影。故事发生在雨林的深处，一名勇敢的战士面对了一场前所未有的挑战。在刘辉华的执导下，气氛营造出色，导演手法独特，将爱情类型的魅力展现得淋漓尽致。本片触动人心深处，获得了观众的一致好评。
永恒的梦想的誓言 Their Hate at Dawn,https://movie.douban.com/subject/1001496/,李军志,Steven Jones / 李承恩,吴鹏鹏 / Steven Wilson / 崔承敏 / ...,喜剧 / 西部,中国大陆,汉语普通话 / 方言,2023-08-21(威尼斯电影节) / 2023-10-14(国际),190分钟,永恒的梦想的誓言(台),tt2301830,7.4,54417,45.90%,37.40%,9.40%,4.20%,3.10%,《永恒的梦想的誓言》是一部探讨友谊的力量的感人电影。故事发生在恐怖的黑暗领域，一位孤独的老人踏上了一段改变命运的旅程。在李军志的执导下，节奏把控精准，导演手法独特，将喜剧类型的魅力展现得淋漓尽致。本片会成为经典之作，展现了电影艺术的无限可能。
孤独的自由之上 Last Promise in the Dark,https://movie.douban.com/subject/1001497/,陈峰伟,赵平国 / 尹秀英 / 吴杰超,黄文鹏 / 林承恩 / George Smith / ...,剧情 / 奇幻 / 动画,法国,法语 / 英语,1982-07-08(巴黎电影节) / 1982-10-07(国际),160分钟,孤独的自由之上加长版,tt4778610,7.9,108167,59.60%,24.90%,9.30%,3.70%,2.50%,《孤独的自由之上》是一部探讨爱情的真谛的宏大电影。故事发生在古代的王朝，一位坚强的女性突破了自我的极限。在陈峰伟的执导下，表演真挚感人，节奏把控精准，将剧情类型的魅力展现得淋漓尽致。本片会成为经典之作，在国际影展上备受瞩目。
未来的绝望之间 The Death at Dusk,https://movie.douban.com/subject/1001498/,李秀浩,Robert Jones / 黄明辉,陈文超 / 朴贤秀 / 李军辉 / ...,剧情,意大利 / 匈牙利 / 希腊,意大利语 / 法语,1991-06-27(柏林电影节) / 1991-09-23(国际),110分钟,,tt7098458,7.3,94533,44.10%,28.80%,14.60%,7.70%,4.80%,《未来的绝望之间》是一部探讨友谊的力量的深刻电影。故事发生在繁华的都市，一名神秘的陌生人守护了珍贵的东西。在李秀浩的执导下，剧情扣人心弦，思想内涵深刻，将剧情类型的魅力展现得淋漓尽致。本片具有很高的艺术价值，展现了电影艺术的无限可能。
过去的秘密的痕迹 Final Death,https://movie.douban.com/subject/1001499/,伊藤太郎,小林诚 / 渡边健一,渡边健一 / 赵杰龙 / 赵文强 / ...,动作,瑞典,汉语普通话,1989-03-06(戛纳电影节) / 1989-05-04(国际),220分钟,过去的秘密的痕迹(马) / 过去的秘密的痕迹加长版 / Secret,tt9876236,8.8,315829,71.90%,15.60%,7.50%,2.90%,2.10%,《过去的秘密的痕迹》是一部探讨命运的挑战的深刻电影。故事发生在神秘的异域，一位年轻的冒险家实现了曾经的梦想。在伊藤太郎的执导下，情感表达细腻，表演真挚感人，将动作类型的魅力展现得淋漓尽致。本片展现了电影的魅力，展现了电影艺术的无限可能。
午夜梦境的故事 First Secret to the Future,https://movie.douban.com/subject/1001500/,铃木雄大,陈龙军 / Robert Smith,赵杰建 / 赵承承 / 周辉文 / ...,剧情 / 舞台艺术 / 犯罪,中国台湾,汉语普通话,1999-05-22(金棕榈奖) / 1999-08-17(国际),175分钟,午夜梦境的故事修复版,tt5831341,8.5,336530,75.10%,14.90%,5.00%,3.00%,2.00%,《午夜梦境的故事》是一部探讨命运的挑战的震撼电影。故事发生在宁静的乡村，一群志同道合的朋友跨越了时空的界限。在铃木雄大的执导下，配乐动人心弦，剧情扣人心弦，将剧情类型的魅力展现得淋漓尽致。本片展现了电影的魅力，获得了观众的一致好评。
荒野梦想之外 My Love from the Past,https://movie.douban.com/subject/1001501/,伊藤次郎,Christopher Brown,Paul Rodriguez / 中村拓也 / David Garcia / ...,剧情 / 黑色电影 / 传记,挪威,法语,1997-07-06(威尼斯电影节) / 1997-09-17(国际),140分钟,,tt6274932,6.7,15073,34.00%,46.00%,13.80%,2.80%,3.40%,《荒野梦想之外》是一部探讨文化的碰撞的感人电影。故事发生在雨林的深处，一群志同道合的朋友突破了自我的极限。在伊藤次郎的执导下，节奏把控精准，细节处理到位，将剧情类型的魅力展现得淋漓尽致。本片会成为经典之作，展现了电影艺术的无限可能。
城市死亡的证明 Found Fear from the Past,https://movie.douban.com/subject/1001502/,王平华,李贤浩,张强超 / 崔敏贤 / John Brown / ...,短片 / 爱情,埃及 / 芬兰 / 南非,英语,1978-08-14(柏林电影节) / 1978-08-04(国际),195分钟,城市死亡的证明(日) / 城市死亡的证明纪念版,tt6470401,8.2,139694,68.50%,20.90%,5.60%,2.70%,2.30%,《城市死亡的证明》是一部探讨和平的珍贵的宏大电影。故事发生在极地的冰雪世界，一群志同道合的朋友发现了一个惊人的真相。在王平华的执导下，配乐动人心弦，视觉效果震撼，将短片类型的魅力展现得淋漓尽致。本片充满了希望与力量，展现了电影艺术的无限可能。
喧嚣的旅程的旅程 A Dream at Dawn,https://movie.douban.com/subject/1001503/,陈峰强,George Wilson / John Smith,John Miller / George Miller / 朴恩敏 / ...,科幻 / 战争 / 恐怖,加拿大,英语 / 法语,2005-12-14(东京电影节) / 2005-12-03(国际),135分钟,,tt6521843,7,28368,49.10%,29.10%,14.90%,3.30%,3.60%,《喧嚣的旅程的旅程》是一部探讨友谊的力量的深刻电影。故事发生在极地的冰雪世界，一对相爱的恋人战胜了内心的恐惧。在陈峰强的执导下，细节处理到位，情感表达细腻，将科幻类型的魅力展现得淋漓尽致。本片展现了电影的魅力，在国际影展上备受瞩目。
冻结的希望的故事 Found Hope to the Future,https://movie.douban.com/subject/1001504/,赵超超,赵平明,Robert Smith / George Wilson / Robert Wilson / ...,剧情 / 运动,西班牙,英语,2018-03-04(金棕榈奖) / 2018-04-09(国际),200分钟,冻结的希望的故事(陆),tt9082585,7.8,73871,49.50%,33.70%,8.70%,5.00%,3.10%,《冻结的希望的故事》是一部探讨和平的珍贵的宏大电影。故事发生在恐怖的黑暗领域，一群志同道合的朋友实现了曾经的梦想。在赵超超的执导下，寓意深远悠长，导演手法独特，将剧情类型的魅力展现得淋漓尽致。本片充满了希望与力量，展现了电影艺术的无限可能。
燃烧的现实的救赎 Your Truth,https://movie.douban.com/subject/1001505/,Christopher Smith,James Jones / 赵伟杰,赵英承 / 朴智承 / Robert Rodriguez / ...,动作 / 武侠,越南,法语,1975-03-20(莫斯科电影节) / 1975-04-14(国际),170分钟,燃烧的现实的救赎(日),tt2145071,8.8,494430,68.80%,20.90%,5.30%,3.30%,1.70%,《燃烧的现实的救赎》是一部探讨时间的意义的震撼电影。故事发生在浪漫的海边小镇，一名神秘的陌生人经历了一次深刻的心灵洗礼。在Christopher的执导下，节奏把控精准，剧情扣人心弦，将动作类型的魅力展现得淋漓尽致。本片让人思考良久，展现了电影艺术的无限可能。
远方的爱情之内 My Life to the Future,https://movie.douban.com/subject/1001506/,Christopher Johnson,周明杰 / 周龙超 / 朴贤承,田中三郎 / 山田次郎 / 刘龙文 / ...,爱情 / 黑色电影 / 武侠,中国台湾,闽南语 / 汉语普通话,2020-01-27(莫斯科电影节) / 2020-02-03(国际),95分钟,,tt2242859,9.5,2708148,87.20%,5%,2.80%,2.20%,2.80%,《远方的爱情之内》是一部探讨空间的奥秘的感人电影。故事发生在神秘的异域，一个破碎的家庭发现了一个惊人的真相。在Christopher的执导下，情感表达细腻，细节处理到位，将爱情类型的魅力展现得淋漓尽致。本片具有很高的艺术价值，获得了观众的一致好评。
过去的敌人的中心 Their Love,https://movie.douban.com/subject/1001507/,刘华国,George Williams / Paul Smith,杨军伟 / 吴建文 / 佐藤凉平 / ...,剧情 / 战争,瑞典 / 挪威,西班牙语,1990-01-06(伦敦电影节) / 1990-01-15(国际),250分钟,过去的敌人的中心(日) / 过去的敌人的中心4K修复版,tt1318480,7.7,97367,57.10%,26.30%,10.10%,3.80%,2.70%,《过去的敌人的中心》是一部探讨家庭的温暖的感人电影。故事发生在雨林的深处，一名失意的作家完成了一次自我的救赎。在刘华国的执导下，视觉效果震撼，导演手法独特，将剧情类型的魅力展现得淋漓尽致。本片让人思考良久，获得了观众的一致好评。
追寻勇气之间 Last Journey at Dusk,https://movie.douban.com/subject/1001508/,杨杰志,Steven Miller / Michael Miller / 小林诚,王军伟 / 李辉龙 / 伊藤诚 / ...,喜剧 / 冒险,丹麦,英语,1980-05-18(莫斯科电影节) / 1980-08-13(国际),185分钟,追寻勇气之间(马),tt1211013,7.7,192953,60.70%,20.00%,11.60%,5.10%,2.60%,《追寻勇气之间》是一部探讨身份的认同的细腻电影。故事发生在极地的冰雪世界，一位坚强的女性踏上了一段改变命运的旅程。在杨杰志的执导下，剧情扣人心弦，表演真挚感人，将喜剧类型的魅力展现得淋漓尽致。本片充满了希望与力量，获得了观众的一致好评。
喧嚣的故乡的抉择 Our Dream in the Dark,https://movie.douban.com/subject/1001509/,赵华伟,王峰文 / Robert Williams / 张强建,黄国平 / 姜智英 / 张明鹏 / ...,科幻 / 儿童,俄罗斯 / 芬兰 / 土耳其,俄语 / 英语 / 汉语普通话,2002-10-26(东京电影节) / 2002-10-03(国际),185分钟,喧嚣的故乡的抉择(新),tt6910357,7.9,108487,62.90%,20.70%,11.00%,3.60%,1.80%,《喧嚣的故乡的抉择》是一部探讨梦想的追求的深刻电影。故事发生在未来的世界，一位孤独的老人坚守了一个重要的承诺。在赵华伟的执导下，情感表达细腻，影片画面精美，将科幻类型的魅力展现得淋漓尽致。本片具有很高的艺术价值，获得了观众的一致好评。
现在的勇气的救赎 Their Love to the Future,https://movie.douban.com/subject/1001510/,Robert Wilson,林敏承 / 姜英承 / 中村拓也,Steven Davis / 姜浩智 / 李英贤 / ...,悬疑 / 运动 / 动作,爱尔兰,汉语普通话,2011-11-20(柏林电影节) / 2011-11-03(国际),185分钟,现在的勇气的救赎(港) / 现在的勇气的救赎纪念版,tt7800380,6.3,5220,36.90%,37.20%,16.60%,3.80%,5.50%,《现在的勇气的救赎》是一部探讨空间的奥秘的细腻电影。故事发生在未来的世界，一个破碎的家庭战胜了内心的恐惧。在Robert的执导下，节奏把控精准，剧情扣人心弦，将悬疑类型的魅力展现得淋漓尽致。本片值得推荐给所有人，在国际影展上备受瞩目。
冻结的信念的传说 The Journey at Dawn,https://movie.douban.com/subject/1001511/,Christopher Brown,山田凉平 / 田中拓也 / David Garcia,中村雄大 / Paul Davis / 刘超志 / ...,剧情 / 纪录片 / 脱口秀,南非,西班牙语,1976-01-17(金球奖) / 1976-01-24(国际),170分钟,冻结的信念的传说(日),tt4032303,8.4,199851,69.80%,16.00%,8.10%,3.40%,2.70%,《冻结的信念的传说》是一部探讨成长的烦恼的震撼电影。故事发生在雨林的深处，一对失散多年的兄弟揭开了一个深藏多年的秘密。在Christopher的执导下，情感表达细腻，寓意深远悠长，将剧情类型的魅力展现得淋漓尽致。本片值得推荐给所有人，在国际影展上备受瞩目。
黎明起点之上 Your Fear at Dusk,https://movie.douban.com/subject/1001512/,Steven Miller,朴浩承 / 王超辉,山田雄大 / Peter Garcia / 朴珍敏 / ...,爱情 / 灾难 / 家庭,土耳其,日语,2007-08-24(罗马电影节) / 2007-08-10(国际),150分钟,黎明起点之上(日) / 黎明起点之上特别版,tt8011769,8.4,260652,67.90%,20.40%,6.70%,3.40%,1.60%,《黎明起点之上》是一部探讨空间的奥秘的震撼电影。故事发生在雨林的深处，一位智慧的导师面对了一场前所未有的挑战。在Steven的执导下，气氛营造出色，剧情扣人心弦，将爱情类型的魅力展现得淋漓尽致。本片值得推荐给所有人，展现了电影艺术的无限可能。
冻结的选择的边缘 Lost Journey,https://movie.douban.com/subject/1001513/,赵浩浩,Robert Garcia / 小林雄大 / 崔承珍,George Jones / 陈建峰 / John Smith / ...,爱情 / 家庭,中国大陆 / 意大利 / 捷克,汉语普通话 / 方言 / 英语,2018-04-04(金球奖) / 2018-05-27(国际),90分钟,冻结的选择的边缘(日),tt2876651,7.3,41761,47.00%,29.70%,13.10%,5.80%,4.40%,《冻结的选择的边缘》是一部探讨生命的价值的震撼电影。故事发生在繁华的都市，一名勇敢的战士改变了世界的格局。在赵浩浩的执导下，剧情扣人心弦，配乐动人心弦，将爱情类型的魅力展现得淋漓尽致。本片值得反复品味，获得了观众的一致好评。
眼前的黑暗的救赎 Found Death at Dawn,https://movie.douban.com/subject/1001514/,陈明龙,周华明 / 林哲智 / 周文鹏,王强明 / Robert Williams / James Garcia / ...,动画 / 爱情 / 情色,巴西 / 芬兰,葡萄牙语 / 英语 / 西班牙语,1995-04-22(金棕榈奖) / 1995-05-28(国际),250分钟,眼前的黑暗的救赎特别版,tt3033238,6.8,18531,39.10%,36.10%,15.70%,5.20%,3.90%,《眼前的黑暗的救赎》是一部探讨正义的坚守的震撼电影。故事发生在恐怖的黑暗领域，一个天真的孩子发现了一个惊人的真相。在陈明龙的执导下，节奏把控精准，影片画面精美，将动画类型的魅力展现得淋漓尽致。本片充满了希望与力量，获得了观众的一致好评。
午夜故乡的边缘 Our Journey at Dusk,https://movie.douban.com/subject/1001515/,黄国文,刘杰明 / Steven Wilson,Paul Garcia / 陈强杰 / 赵国明 / ...,喜剧 / 奇幻 / 西部,印度 / 葡萄牙 / 埃及,印地语,2005-04-07(伦敦电影节) / 2005-04-21(国际),195分钟,午夜故乡的边缘(新),tt9619895,7.5,100415,57.90%,22.10%,12.00%,3.80%,4.20%,《午夜故乡的边缘》是一部探讨家庭的温暖的震撼电影。故事发生在宁静的乡村，一名神秘的陌生人踏上了一段改变命运的旅程。在黄国文的执导下，思想内涵深刻，视觉效果震撼，将喜剧类型的魅力展现得淋漓尽致。本片温暖而治愈，在国际影展上备受瞩目。
记忆中的希望 Last Hope to the Future,https://movie.douban.com/subject/1001516/,John Jones,李贤珍 / 陈强志,崔秀智 / 张超超 / Steven Brown / ...,剧情,南非,法语,1971-05-08(戛纳电影节) / 1971-08-25(国际),160分钟,记忆中的希望(台),tt9654023,7.5,99225,61.10%,21.30%,9.20%,5.60%,2.80%,《记忆中的希望》是一部探讨记忆的珍贵的感人电影。故事发生在虚拟的网络空间，一对相爱的恋人坚守了一个重要的承诺。在John的执导下，节奏把控精准，细节处理到位，将剧情类型的魅力展现得淋漓尽致。本片是一部不可多得的佳作，展现了电影艺术的无限可能。
喧嚣的英雄之外 A Fear from the Past,https://movie.douban.com/subject/1001517/,George Miller,李志志 / 赵恩秀,Peter Davis / Christopher Johnson / David Williams / ...,科幻 / 情色,新西兰 / 葡萄牙,西班牙语,2015-01-20(罗马电影节) / 2015-02-19(国际),95分钟,,tt9074446,9.5,676650,83.00%,7.00%,5.00%,3.40%,1.60%,《喧嚣的英雄之外》是一部探讨家庭的温暖的深刻电影。故事发生在神秘的异域，一个天真的孩子经历了一次深刻的心灵洗礼。在George的执导下，情感表达细腻，配乐动人心弦，将科幻类型的魅力展现得淋漓尽致。本片展现了电影的魅力，获得了观众的一致好评。
风雨死亡的中心 Our Secret of the Soul,https://movie.douban.com/subject/1001518/,高桥三郎,陈强志,尹恩恩 / 王伟明 / 陈鹏杰 / ...,喜剧,南非,法语,1998-06-19(巴黎电影节) / 1998-07-02(国际),135分钟,风雨死亡的中心(新),tt6267011,9,1249305,86.90%,5%,3.10%,3.10%,1.90%,《风雨死亡的中心》是一部探讨梦想的追求的宏大电影。故事发生在繁华的都市，一名失意的作家揭开了一个深藏多年的秘密。在高桥三郎的执导下，细节处理到位，影片画面精美，将喜剧类型的魅力展现得淋漓尽致。本片充满了希望与力量，在国际影展上备受瞩目。
燃烧的敌人的歌声 A Journey at Dusk,https://movie.douban.com/subject/1001519/,杨军军,佐藤次郎 / 陈鹏华 / 斋藤诚,Michael Jones / 张文鹏 / 赵峰明 / ...,爱情 / 历史,意大利 / 中国大陆,意大利语 / 英语 / 法语,1988-06-21(戛纳电影节) / 1988-06-05(国际),140分钟,燃烧的敌人的歌声修复版,tt5099942,8.9,894991,76.70%,13.30%,5.00%,2.40%,2.60%,《燃烧的敌人的歌声》是一部探讨友谊的力量的感人电影。故事发生在古代的王朝，一位智慧的导师实现了曾经的梦想。在杨军军的执导下，配乐动人心弦，影片画面精美，将爱情类型的魅力展现得淋漓尽致。本片具有很高的艺术价值，展现了电影艺术的无限可能。
城市信念的旅程 The Dream in the Dark,https://movie.douban.com/subject/1001520/,黄国平,王志伟 / 李智秀 / 姜俊俊,林俊英 / 张超龙 / Christopher Garcia / ...,剧情 / 家庭,荷兰,日语,2015-08-23(威尼斯电影节) / 2015-09-02(国际),120分钟,城市信念的旅程加长版 / Journey,tt5097841,8.8,507382,78.20%,11.80%,5.00%,2.70%,2.30%,《城市信念的旅程》是一部探讨爱情的真谛的深刻电影。故事发生在末日后的废墟，一位坚强的女性完成了一次自我的救赎。在黄国平的执导下，配乐动人心弦，影片画面精美，将剧情类型的魅力展现得淋漓尽致。本片充满了希望与力量，在国际影展上备受瞩目。
晨曦遗忘之上 A Secret at Dawn,https://movie.douban.com/subject/1001521/,刘志平,黄超辉 / 陈平辉,赵伟峰 / 刘明杰 / 渡边拓也 / ...,剧情 / 真人秀 / 歌舞,新西兰,日语,1997-10-06(釜山电影节) / 1997-10-26(国际),95分钟,,tt8655051,7.7,137006,57.30%,25.70%,10.30%,2.70%,4.00%,《晨曦遗忘之上》是一部探讨记忆的珍贵的细腻电影。故事发生在虚拟的网络空间，一个破碎的家庭踏上了一段改变命运的旅程。在刘志平的执导下，配乐动人心弦，情感表达细腻，将剧情类型的魅力展现得淋漓尽致。本片会成为经典之作，在国际影展上备受瞩目。
未来的希望的边缘 The Lie at Dawn,https://movie.douban.com/subject/1001522/,Michael Smith,Peter Garcia / 王超军,高桥诚 / 金敏俊 / John Davis / ...,科幻 / 动作 / 真人秀,俄罗斯,俄语 / 英语,2008-01-04(莫斯科电影节) / 2008-02-26(国际),210分钟,未来的希望的边缘(日) / 未来的希望的边缘特别版,tt8610325,6.5,36301,39.20%,39.30%,13.70%,4.70%,3.10%,《未来的希望的边缘》是一部探讨真相的揭露的宏大电影。故事发生在宁静的乡村，一名勇敢的战士守护了珍贵的东西。在Michael的执导下，影片画面精美，寓意深远悠长，将科幻类型的魅力展现得淋漓尽致。本片值得反复品味，在国际影展上备受瞩目。
燃烧的谎言之下 Found Fear of the Soul,https://movie.douban.com/subject/1001523/,Peter Johnson,李贤珍 / 李智敏 / John Davis,陈龙文 / 杨超华 / Paul Jones / ...,喜剧 / 家庭,印度,印地语,1986-07-06(东京电影节) / 1986-09-05(国际),125分钟,,tt2177331,7.5,186695,66.00%,18.80%,9.00%,3.20%,3.00%,《燃烧的谎言之下》是一部探讨真相的揭露的宏大电影。故事发生在虚拟的网络空间，一名勇敢的战士踏上了一段改变命运的旅程。在Peter的执导下，表演真挚感人，情感表达细腻，将喜剧类型的魅力展现得淋漓尽致。本片触动人心深处，展现了电影艺术的无限可能。
眼前的英雄之外 The Hate,https://movie.douban.com/subject/1001524/,张杰辉,John Miller / John Garcia,Robert Miller / George Rodriguez / 吴杰明 / ...,喜剧,捷克 / 瑞典,日语,2011-01-07(上海电影节) / 2011-01-10(国际),130分钟,,tt1695340,6.1,14783,35.30%,35.00%,16.20%,6.80%,6.70%,《眼前的英雄之外》是一部探讨自然的敬畏的震撼电影。故事发生在奇幻的魔法世界，一名失意的作家改变了世界的格局。在张杰辉的执导下，配乐动人心弦，视觉效果震撼，将喜剧类型的魅力展现得淋漓尽致。本片令人难以忘怀，获得了观众的一致好评。
黎明梦境的传说 The Love from the Past,https://movie.douban.com/subject/1001525/,斋藤诚,周平华 / Paul Garcia,张鹏超 / 吴伟文 / Peter Smith / ...,爱情 / 神话 / 情色,奥地利,日语,2023-03-16(釜山电影节) / 2023-04-24(国际),145分钟,黎明梦境的传说(台) / 黎明梦境的传说4K修复版,tt5053880,7.6,106781,52.10%,25.10%,13.40%,6.30%,3.10%,《黎明梦境的传说》是一部探讨文化的碰撞的感人电影。故事发生在深邃的海洋，一位坚强的女性守护了珍贵的东西。在斋藤诚的执导下，导演手法独特，情感表达细腻，将爱情类型的魅力展现得淋漓尽致。本片充满了希望与力量，展现了电影艺术的无限可能。
月光故乡 First Hope to the Future,https://movie.douban.com/subject/1001526/,刘华文,王国军 / 刘华国 / 渡边三郎,Peter Rodriguez / 张伟文 / 杨国军 / ...,短片 / 传记 / 喜剧,中国大陆,汉语普通话 / 方言,2000-10-10(金球奖) / 2000-12-25(国际),150分钟,月光故乡(台),tt2444553,7.5,112568,55.90%,28.20%,8.10%,4.70%,3.10%,《月光故乡》是一部探讨时间的意义的细腻电影。故事发生在繁华的都市，一名失意的作家发现了一个惊人的真相。在刘华文的执导下，细节处理到位，视觉效果震撼，将短片类型的魅力展现得淋漓尽致。本片触动人心深处，在国际影展上备受瞩目。
燃烧的梦境的救赎 Their Dream in the Dark,https://movie.douban.com/subject/1001527/,Robert Rodriguez,林哲珍 / 斋藤次郎,Peter Garcia / Steven Johnson / 吴华志 / ...,爱情 / 传记,南非 / 法国,法语,2021-09-24(釜山电影节) / 2021-09-25(国际),150分钟,燃烧的梦境的救赎加长版,tt1252721,7.6,159088,52.10%,31.10%,11.20%,3.00%,2.60%,《燃烧的梦境的救赎》是一部探讨文化的碰撞的细腻电影。故事发生在虚拟的网络空间，一位年轻的冒险家守护了珍贵的东西。在Robert的执导下，气氛营造出色，导演手法独特，将爱情类型的魅力展现得淋漓尽致。本片令人难以忘怀，在国际影展上备受瞩目。
天空和平的证明 My Hope from the Past,https://movie.douban.com/subject/1001528/,黄强国,山田雄大 / 刘建伟,Peter Williams / 姜敏英 / Steven Rodriguez / ...,传记 / 科幻,荷兰 / 芬兰,日语,1974-08-08(多伦多电影节) / 1974-11-15(国际),110分钟,天空和平的证明(陆) / 天空和平的证明导演剪辑版,tt1679917,7.8,83715,54.30%,29.00%,11.30%,2.30%,3.10%,《天空和平的证明》是一部探讨战争的残酷的细腻电影。故事发生在极地的冰雪世界，一名勇敢的战士改变了世界的格局。在黄强国的执导下，寓意深远悠长，剧情扣人心弦，将传记类型的魅力展现得淋漓尽致。本片温暖而治愈，在国际影展上备受瞩目。
迷失的信念的誓言 Your Life,https://movie.douban.com/subject/1001529/,陈志军,高桥雄大 / 铃木健一,周伟杰 / 陈峰龙 / James Wilson / ...,动作 / 喜剧 / 战争,泰国 / 比利时 / 土耳其,法语,2003-07-27(金球奖) / 2003-08-24(国际),210分钟,迷失的信念的誓言(台) / 迷失的信念的誓言特别版,tt5932708,6.1,5052,32.00%,43.30%,12.90%,7.00%,4.80%,《迷失的信念的誓言》是一部探讨正义的坚守的细腻电影。故事发生在浪漫的海边小镇，一个破碎的家庭战胜了内心的恐惧。在陈志军的执导下，节奏把控精准，配乐动人心弦，将动作类型的魅力展现得淋漓尽致。本片具有很高的艺术价值，获得了观众的一致好评。
黄昏梦想之间 Our Love from the Past,https://movie.douban.com/subject/1001530/,Peter Wilson,伊藤太郎 / 田中诚 / 田中雄大,David Jones / Christopher Johnson / 赵鹏志 / ...,喜剧 / 西部,葡萄牙 / 中国大陆 / 挪威,日语,1989-02-09(伦敦电影节) / 1989-03-21(国际),200分钟,黄昏梦想之间(陆) / 黄昏梦想之间加长版 / Dream,tt1189551,6.4,5046,42.50%,30.10%,18.90%,5.30%,3.20%,《黄昏梦想之间》是一部探讨和平的珍贵的宏大电影。故事发生在广袤的沙漠，一个破碎的家庭完成了一次自我的救赎。在Peter的执导下，寓意深远悠长，情感表达细腻，将喜剧类型的魅力展现得淋漓尽致。本片值得反复品味，获得了观众的一致好评。
眼前的灵魂之内 Your Hope from the Past,https://movie.douban.com/subject/1001531/,朴浩秀,James Smith / Steven Davis,吴强伟 / Paul Davis / 林俊俊 / ...,剧情 / 灾难 / 短片,加拿大,英语 / 法语,2022-06-13(圣丹斯电影节) / 2022-08-01(国际),230分钟,眼前的灵魂之内修复版,tt4781338,9.3,2584854,88.80%,5%,2%,2.00%,2.20%,《眼前的灵魂之内》是一部探讨梦想的追求的深刻电影。故事发生在战火纷飞的年代，一群志同道合的朋友跨越了时空的界限。在朴浩秀的执导下，思想内涵深刻，气氛营造出色，将剧情类型的魅力展现得淋漓尽致。本片具有很高的艺术价值，展现了电影艺术的无限可能。
荒野远方的回声 Final Lie of the Soul,https://movie.douban.com/subject/1001532/,吴建明,铃木三郎 / 田中翔太,刘明强 / 小林次郎 / 王辉平 / ...,科幻 / 惊悚,中国香港 / 韩国,粤语 / 法语,2011-06-26(戛纳电影节) / 2011-09-18(国际),165分钟,,tt4245264,8.1,369948,67.60%,20.60%,6.40%,3.30%,2.10%,《荒野远方的回声》是一部探讨命运的挑战的细腻电影。故事发生在深邃的海洋，一个天真的孩子面对了一场前所未有的挑战。在吴建明的执导下，情感表达细腻，影片画面精美，将科幻类型的魅力展现得淋漓尽致。本片值得推荐给所有人，获得了观众的一致好评。
迷失的朋友之下 First Hate from the Past,https://movie.douban.com/subject/1001533/,铃木翔太,中村雄大 / 周平峰,斋藤拓也 / 赵珍英 / James Smith / ...,喜剧,英国,英语 / 法语,1977-01-10(釜山电影节) / 1977-02-13(国际),250分钟,迷失的朋友之下(马) / 迷失的朋友之下纪念版,tt4428489,8.3,112306,65.90%,17.40%,11.10%,3.20%,2.40%,《迷失的朋友之下》是一部探讨家庭的温暖的感人电影。故事发生在宁静的乡村，一名神秘的陌生人发现了一个惊人的真相。在铃木翔太的执导下，寓意深远悠长，细节处理到位，将喜剧类型的魅力展现得淋漓尽致。本片具有很高的艺术价值，获得了观众的一致好评。
眼前的信念的传说 Last Truth at Dawn,https://movie.douban.com/subject/1001534/,金恩俊,Michael Brown,James Wilson / 伊藤诚 / 王国超 / ...,喜剧 / 运动 / 纪录片,日本 / 西班牙,日语,1973-11-22(巴黎电影节) / 1973-12-26(国际),185分钟,眼前的信念的传说(日) / 眼前的信念的传说纪念版,tt6649330,8.3,499468,59.10%,24.30%,8.60%,5.10%,2.90%,《眼前的信念的传说》是一部探讨真相的揭露的感人电影。故事发生在恐怖的黑暗领域，一个破碎的家庭改变了世界的格局。在金恩俊的执导下，寓意深远悠长，配乐动人心弦，将喜剧类型的魅力展现得淋漓尽致。本片令人难以忘怀，展现了电影艺术的无限可能。
城市肉体的传说 First Truth from the Past,https://movie.douban.com/subject/1001535/,张恩恩,张伟辉,陈建国 / Peter Jones / 陈文伟 / ...,家庭 / 战争 / 爱情,韩国,韩语 / 英语,2015-05-03(巴黎电影节) / 2015-07-13(国际),150分钟,城市肉体的传说4K修复版,tt9054543,7,20175,53.80%,27.90%,11.90%,4.40%,2.00%,《城市肉体的传说》是一部探讨友谊的力量的细腻电影。故事发生在广袤的沙漠，一位坚强的女性实现了曾经的梦想。在张恩恩的执导下，细节处理到位，气氛营造出色，将家庭类型的魅力展现得淋漓尽致。本片具有很高的艺术价值，在国际影展上备受瞩目。
星辰故乡的故事 The Fear of the Soul,https://movie.douban.com/subject/1001536/,李建军,陈军志,刘龙超 / 田中拓也 / 斋藤次郎 / ...,科幻,法国,法语 / 英语,1989-08-18(威尼斯电影节) / 1989-10-16(国际),130分钟,星辰故乡的故事(陆),tt3152575,9.3,2447487,88.30%,5%,2%,2.00%,2.70%,《星辰故乡的故事》是一部探讨和平的珍贵的深刻电影。故事发生在奇幻的魔法世界，一位智慧的导师守护了珍贵的东西。在李建军的执导下，剧情扣人心弦，节奏把控精准，将科幻类型的魅力展现得淋漓尽致。本片展现了人性的光辉，展现了电影艺术的无限可能。
太阳肉体 Their Journey in the Dark,https://movie.douban.com/subject/1001537/,John Williams,赵伟军 / 山田雄大,渡边太郎 / 金承恩 / 伊藤凉平 / ...,冒险 / 科幻,越南,汉语普通话,2022-10-03(东京电影节) / 2022-12-07(国际),180分钟,太阳肉体(港),tt5238798,8.7,282339,80.80%,9.20%,5.00%,2.80%,2.20%,《太阳肉体》是一部探讨正义的坚守的深刻电影。故事发生在恐怖的黑暗领域，一名勇敢的战士完成了一次自我的救赎。在John的执导下，气氛营造出色，细节处理到位，将冒险类型的魅力展现得淋漓尽致。本片触动人心深处，获得了观众的一致好评。
迷失的遗忘的旅程 Final Fear at Dusk,https://movie.douban.com/subject/1001538/,赵辉强,黄超鹏 / 黄杰峰 / 张国华,Steven Williams / 王明超 / 林智哲 / ...,动作,墨西哥,西班牙语,1981-01-07(多伦多电影节) / 1981-02-10(国际),180分钟,迷失的遗忘的旅程(陆) / Journey,tt7728531,8.4,200889,72.40%,17.60%,5.00%,2.30%,2.70%,《迷失的遗忘的旅程》是一部探讨和平的珍贵的深刻电影。故事发生在广袤的沙漠，一位坚强的女性突破了自我的极限。在赵辉强的执导下，表演真挚感人，细节处理到位，将动作类型的魅力展现得淋漓尽致。本片温暖而治愈，在国际影展上备受瞩目。
黄昏旅程的约定 Lost Hate,https://movie.douban.com/subject/1001539/,George Jones,田中翔太 / 杨超超 / Christopher Brown,林哲哲 / 张龙志 / 李杰明 / ...,喜剧 / 情色,中国台湾 / 波兰 / 中国香港,闽南语 / 汉语普通话,1993-04-15(圣丹斯电影节) / 1993-04-03(国际),220分钟,黄昏旅程的约定修复版,tt4504902,7.2,59063,42.40%,39.00%,11.30%,3.00%,4.30%,《黄昏旅程的约定》是一部探讨身份的认同的细腻电影。故事发生在浪漫的海边小镇，一个天真的孩子面对了一场前所未有的挑战。在George的执导下，气氛营造出色，导演手法独特，将喜剧类型的魅力展现得淋漓尽致。本片展现了电影的魅力，获得了观众的一致好评。
风雨承诺之间 Final Dream from the Past,https://movie.douban.com/subject/1001540/,赵伟文,陈峰国 / 李国建 / 小林凉平,山田次郎 / Steven Jones / 杨强明 / ...,动画 / 喜剧,埃及,西班牙语,1988-07-13(罗马电影节) / 1988-10-21(国际),125分钟,风雨承诺之间(港),tt3308908,7.6,101998,61.70%,21.20%,10.70%,3.30%,3.10%,《风雨承诺之间》是一部探讨梦想的追求的宏大电影。故事发生在雨林的深处，一位智慧的导师发现了一个惊人的真相。在赵伟文的执导下，节奏把控精准，情感表达细腻，将动画类型的魅力展现得淋漓尽致。本片值得推荐给所有人，在国际影展上备受瞩目。
远方的灵魂的故事 Lost Love,https://movie.douban.com/subject/1001541/,杨伟国,Michael Davis / 陈辉辉,陈鹏杰 / 杨建伟 / James Davis / ...,喜剧 / 儿童,越南 / 挪威 / 墨西哥,法语,1980-08-27(莫斯科电影节) / 1980-10-07(国际),180分钟,远方的灵魂的故事(陆),tt5181344,6.7,43102,31.60%,44.20%,13.40%,5.00%,5.80%,《远方的灵魂的故事》是一部探讨爱情的真谛的宏大电影。故事发生在一个遥远的小镇，一位智慧的导师战胜了内心的恐惧。在杨伟国的执导下，表演真挚感人，配乐动人心弦，将喜剧类型的魅力展现得淋漓尽致。本片让人思考良久，获得了观众的一致好评。
最后的绝望的抉择 My Life of the Soul,https://movie.douban.com/subject/1001542/,铃木诚,David Davis / 佐藤拓也,杨文鹏 / 吴国华 / 中村雄大 / ...,科幻 / 古装 / 奇幻,奥地利,汉语普通话,2017-03-24(金棕榈奖) / 2017-05-04(国际),175分钟,最后的绝望的抉择(台) / 最后的绝望的抉择修复版,tt7303922,6.2,6445,31.10%,35.80%,22.40%,4.40%,6.30%,《最后的绝望的抉择》是一部探讨空间的奥秘的震撼电影。故事发生在极地的冰雪世界，一名勇敢的战士改变了世界的格局。在铃木诚的执导下，影片画面精美，节奏把控精准，将科幻类型的魅力展现得淋漓尽致。本片让人思考良久，获得了观众的一致好评。
孤独的勇气的故事 My Secret to the Future,https://movie.douban.com/subject/1001543/,Peter Rodriguez,Peter Garcia,Peter Garcia / 黄伟龙 / 高桥雄大 / ...,科幻,澳大利亚 / 丹麦,英语 / 日语,1970-08-08(戛纳电影节) / 1970-11-07(国际),145分钟,孤独的勇气的故事(韩),tt5274971,6.4,5669,38.80%,37.40%,14.20%,6.00%,3.60%,《孤独的勇气的故事》是一部探讨空间的奥秘的深刻电影。故事发生在雨林的深处，一位年轻的冒险家面对了一场前所未有的挑战。在Peter的执导下，配乐动人心弦，影片画面精美，将科幻类型的魅力展现得淋漓尽致。本片展现了电影的魅力，获得了观众的一致好评。
未来的自由的旅程 The Hate to the Future,https://movie.douban.com/subject/1001544/,山田雄大,渡边大辅,George Rodriguez / Christopher Davis / 赵国强 / ...,爱情 / 犯罪,美国,英语,1990-07-11(金球奖) / 1990-10-23(国际),230分钟,未来的自由的旅程(韩),tt8670757,8.3,472102,68.50%,16.90%,9.60%,2.60%,2.40%,《未来的自由的旅程》是一部探讨爱情的真谛的震撼电影。故事发生在浪漫的海边小镇，一位智慧的导师突破了自我的极限。在山田雄大的执导下，寓意深远悠长，情感表达细腻，将爱情类型的魅力展现得淋漓尽致。本片值得反复品味，在国际影展上备受瞩目。
迷失的命运的回声 Last Journey from the Past,https://movie.douban.com/subject/1001545/,张强辉,王建明 / 崔珍承 / David Garcia,赵国辉 / Paul Smith / 赵超鹏 / ...,爱情 / 舞台艺术 / 情色,墨西哥,西班牙语,2022-10-16(莫斯科电影节) / 2022-12-01(国际),180分钟,迷失的命运的回声导演剪辑版 / Destiny,tt1506971,6,14122,29.20%,48.00%,12.10%,6.40%,4.30%,《迷失的命运的回声》是一部探讨生命的价值的细腻电影。故事发生在奇幻的魔法世界，一位孤独的老人战胜了内心的恐惧。在张强辉的执导下，思想内涵深刻，影片画面精美，将爱情类型的魅力展现得淋漓尽致。本片充满了希望与力量，展现了电影艺术的无限可能。
风雨旅程的故事 Final Hate,https://movie.douban.com/subject/1001546/,伊藤拓也,Paul Garcia,James Smith / 王明伟 / Christopher Brown / ...,喜剧,土耳其,西班牙语,2024-04-15(金球奖) / 2024-04-05(国际),220分钟,风雨旅程的故事纪念版 / Journey,tt7801207,8.1,172644,71.30%,18.70%,5.00%,2.60%,2.40%,《风雨旅程的故事》是一部探讨生命的价值的震撼电影。故事发生在雨林的深处，一名勇敢的战士跨越了时空的界限。在伊藤拓也的执导下，思想内涵深刻，节奏把控精准，将喜剧类型的魅力展现得淋漓尽致。本片触动人心深处，在国际影展上备受瞩目。
遗忘的陌生人的证明 Last Death,https://movie.douban.com/subject/1001547/,刘龙明,Michael Williams / 张智智 / 李志华,吴强峰 / 朴英浩 / Michael Rodriguez / ...,剧情 / 真人秀 / 恐怖,法国,法语 / 英语,2017-04-27(戛纳电影节) / 2017-05-27(国际),150分钟,遗忘的陌生人的证明(新),tt3938520,8.1,180396,68.60%,19.00%,7.40%,2.10%,2.90%,《遗忘的陌生人的证明》是一部探讨成长的烦恼的宏大电影。故事发生在古代的王朝，一对失散多年的兄弟守护了珍贵的东西。在刘龙明的执导下，情感表达细腻，寓意深远悠长，将剧情类型的魅力展现得淋漓尽致。本片值得反复品味，获得了观众的一致好评。
太阳起点的回声 Found Love to the Future,https://movie.douban.com/subject/1001548/,李恩俊,James Garcia,Robert Wilson / 张强文 / Peter Johnson / ...,科幻 / 历史,澳大利亚 / 英国,英语 / 法语,1981-02-07(莫斯科电影节) / 1981-02-23(国际),165分钟,,tt7336312,6.7,33383,30.80%,40.60%,18.20%,4.60%,5.80%,《太阳起点的回声》是一部探讨友谊的力量的深刻电影。故事发生在奇幻的魔法世界，一个破碎的家庭发现了一个惊人的真相。在李恩俊的执导下，细节处理到位，情感表达细腻，将科幻类型的魅力展现得淋漓尽致。本片温暖而治愈，展现了电影艺术的无限可能。
眼前的旅程的歌声 Last Hope at Dusk,https://movie.douban.com/subject/1001549/,Christopher Garcia,John Rodriguez / Peter Williams / 尹敏承,李强强 / 赵伟龙 / 赵峰明 / ...,喜剧,西班牙,英语,2024-07-04(釜山电影节) / 2024-10-20(国际),150分钟,眼前的旅程的歌声(港) / 眼前的旅程的歌声导演剪辑版,tt5053829,7.5,144021,58.30%,23.70%,9.10%,4.50%,4.40%,《眼前的旅程的歌声》是一部探讨自由的渴望的震撼电影。故事发生在末日后的废墟，一名神秘的陌生人突破了自我的极限。在Christopher的执导下，思想内涵深刻，影片画面精美，将喜剧类型的魅力展现得淋漓尽致。本片值得推荐给所有人，获得了观众的一致好评。
月光陌生人的救赎 Last Fear,https://movie.douban.com/subject/1001550/,陈鹏辉,Robert Jones / 陈文华,刘鹏峰 / 伊藤诚 / 赵辉鹏 / ...,爱情 / 武侠,瑞士,日语,1992-02-17(金棕榈奖) / 1992-02-02(国际),240分钟,月光陌生人的救赎(马) / 月光陌生人的救赎特别版,tt9729465,7.7,197683,60.80%,23.60%,8.50%,4.90%,2.20%,《月光陌生人的救赎》是一部探讨成长的烦恼的深刻电影。故事发生在恐怖的黑暗领域，一对失散多年的兄弟坚守了一个重要的承诺。在陈鹏辉的执导下，导演手法独特，思想内涵深刻，将爱情类型的魅力展现得淋漓尽致。本片充满了希望与力量，获得了观众的一致好评。
过去的希望的约定 Their Truth,https://movie.douban.com/subject/1001551/,Steven Williams,金哲智 / 周国鹏,Paul Jones / James Smith / David Davis / ...,爱情,挪威 / 墨西哥 / 伊朗,日语,1970-05-06(威尼斯电影节) / 1970-07-02(国际),170分钟,过去的希望的约定加长版,tt2316449,9.4,932397,92.40%,5%,2%,0.50%,0.10%,《过去的希望的约定》是一部探讨爱情的真谛的深刻电影。故事发生在深邃的海洋，一名失意的作家战胜了内心的恐惧。在Steven的执导下，配乐动人心弦，细节处理到位，将爱情类型的魅力展现得淋漓尽致。本片具有很高的艺术价值，展现了电影艺术的无限可能。
冻结的肉体的中心 Lost Hate,https://movie.douban.com/subject/1001552/,尹哲俊,姜俊浩,林珍哲 / 陈强平 / 王超明 / ...,科幻,瑞典,日语,1986-04-15(金球奖) / 1986-06-06(国际),190分钟,冻结的肉体的中心(日) / 冻结的肉体的中心4K修复版,tt1481924,6.2,14304,44.30%,29.60%,16.80%,4.60%,4.70%,《冻结的肉体的中心》是一部探讨身份的认同的感人电影。故事发生在极地的冰雪世界，一位坚强的女性踏上了一段改变命运的旅程。在尹哲俊的执导下，表演真挚感人，情感表达细腻，将科幻类型的魅力展现得淋漓尽致。本片展现了电影的魅力，展现了电影艺术的无限可能。
黎明朋友的回声 Your Hate in the Dark,https://movie.douban.com/subject/1001553/,黄鹏杰,刘龙鹏 / 刘平辉 / David Brown,周文文 / James Jones / Michael Smith / ...,动作 / 动画 / 西部,丹麦,英语,2011-03-16(圣丹斯电影节) / 2011-05-01(国际),210分钟,黎明朋友的回声纪念版,tt3309490,8.1,479556,65.80%,17.40%,8.60%,5.50%,2.70%,《黎明朋友的回声》是一部探讨战争的残酷的震撼电影。故事发生在恐怖的黑暗领域，一名勇敢的战士面对了一场前所未有的挑战。在黄鹏杰的执导下，寓意深远悠长，细节处理到位，将动作类型的魅力展现得淋漓尽致。本片值得反复品味，在国际影展上备受瞩目。
黄昏陌生人的审判 A Life at Dawn,https://movie.douban.com/subject/1001554/,Michael Wilson,尹承珍 / 张平军 / Steven Rodriguez,杨明鹏 / Robert Miller / George Johnson / ...,剧情 / 战争,中国台湾,汉语普通话,2019-03-07(东京电影节) / 2019-04-11(国际),115分钟,黄昏陌生人的审判(台),tt5280889,6.8,22437,38.30%,41.80%,12.70%,3.40%,3.80%,《黄昏陌生人的审判》是一部探讨梦想的追求的震撼电影。故事发生在繁华的都市，一名勇敢的战士经历了一次深刻的心灵洗礼。在Michael的执导下，寓意深远悠长，影片画面精美，将剧情类型的魅力展现得淋漓尽致。本片值得推荐给所有人，展现了电影艺术的无限可能。
海洋记忆的旅程 First Dream at Dawn,https://movie.douban.com/subject/1001555/,Paul Williams,Steven Brown / 渡边翔太,田中雄大 / Robert Davis / 田中凉平 / ...,动作,德国 / 法国,德语 / 英语,1973-05-25(柏林电影节) / 1973-08-11(国际),155分钟,海洋记忆的旅程(韩),tt2030120,6.5,31802,39.70%,35.90%,15.30%,5.90%,3.20%,《海洋记忆的旅程》是一部探讨身份的认同的宏大电影。故事发生在繁华的都市，一位智慧的导师找到了生命的真谛。在Paul的执导下，剧情扣人心弦，情感表达细腻，将动作类型的魅力展现得淋漓尽致。本片展现了电影的魅力，在国际影展上备受瞩目。
现在的起点 First Death to the Future,https://movie.douban.com/subject/1001556/,Peter Williams,Robert Williams,Peter Jones / George Wilson / 张伟志 / ...,喜剧 / 武侠 / 舞台艺术,希腊,西班牙语,1975-01-02(上海电影节) / 1975-03-06(国际),240分钟,现在的起点(港) / 现在的起点导演剪辑版,tt1028360,7.7,118766,57.60%,26.50%,10.00%,3.90%,2.00%,《现在的起点》是一部探讨成长的烦恼的深刻电影。故事发生在极地的冰雪世界，一对相爱的恋人发现了一个惊人的真相。在Peter的执导下，情感表达细腻，剧情扣人心弦，将喜剧类型的魅力展现得淋漓尽致。本片展现了人性的光辉，展现了电影艺术的无限可能。
喧嚣的黑暗 Our Secret,https://movie.douban.com/subject/1001557/,赵建龙,Christopher Davis,周超强 / 崔秀浩 / 林智承 / ...,喜剧,加拿大,法语 / 英语,2024-07-19(戛纳电影节) / 2024-09-12(国际),135分钟,喧嚣的黑暗(韩) / 喧嚣的黑暗特别版,tt3432714,8.4,135442,70.30%,15.60%,8.80%,2.30%,3.00%,《喧嚣的黑暗》是一部探讨时间的意义的深刻电影。故事发生在深邃的太空，一名失意的作家实现了曾经的梦想。在赵建龙的执导下，影片画面精美，节奏把控精准，将喜剧类型的魅力展现得淋漓尽致。本片值得推荐给所有人，在国际影展上备受瞩目。
燃烧的起点之外 Your Life at Dawn,https://movie.douban.com/subject/1001558/,George Davis,George Smith,杨龙华 / 高桥凉平 / 小林三郎 / ...,动作 / 纪录片 / 短片,中国香港,粤语 / 英语,1985-11-28(威尼斯电影节) / 1985-11-09(国际),165分钟,燃烧的起点之外4K修复版,tt6013882,6.2,13616,30.00%,41.50%,16.70%,6.30%,5.50%,《燃烧的起点之外》是一部探讨自由的渴望的深刻电影。故事发生在末日后的废墟，一位坚强的女性战胜了内心的恐惧。在George的执导下，导演手法独特，思想内涵深刻，将动作类型的魅力展现得淋漓尽致。本片展现了电影的魅力，展现了电影艺术的无限可能。
风雨灵魂的中心 Their Lie to the Future,https://movie.douban.com/subject/1001559/,王强峰,李龙龙,林浩浩 / 王建伟 / 李建国 / ...,爱情,英国 / 德国,英语 / 法语 / 汉语普通话,2014-03-11(罗马电影节) / 2014-04-28(国际),160分钟,风雨灵魂的中心(马) / 风雨灵魂的中心修复版,tt6103967,6.6,33057,40.70%,37.10%,15.50%,2.90%,3.80%,《风雨灵魂的中心》是一部探讨自然的敬畏的震撼电影。故事发生在战火纷飞的年代，一位坚强的女性跨越了时空的界限。在王强峰的执导下，导演手法独特，剧情扣人心弦，将爱情类型的魅力展现得淋漓尽致。本片令人难以忘怀，获得了观众的一致好评。
眼前的敌人之外 Last Truth of the Soul,https://movie.douban.com/subject/1001560/,高桥次郎,黄杰文 / Peter Miller / 黄志平,铃木健一 / 高桥大辅 / 田中雄大 / ...,科幻 / 真人秀,波兰 / 葡萄牙 / 瑞士,西班牙语,1987-06-02(上海电影节) / 1987-09-01(国际),120分钟,眼前的敌人之外(韩),tt2126671,7.9,60893,58.40%,26.80%,8.50%,2.60%,3.70%,《眼前的敌人之外》是一部探讨科技的边界的细腻电影。故事发生在未来的世界，一位年轻的冒险家突破了自我的极限。在高桥次郎的执导下，思想内涵深刻，节奏把控精准，将科幻类型的魅力展现得淋漓尽致。本片是一部不可多得的佳作，获得了观众的一致好评。
未来的黑暗的故事 Final Love,https://movie.douban.com/subject/1001561/,姜敏珍,刘强辉 / 李峰鹏,铃木凉平 / David Smith / 金智贤 / ...,喜剧,捷克,法语,1998-10-10(巴黎电影节) / 1998-12-22(国际),115分钟,Darkness,tt1272005,8.5,861061,71.20%,17.60%,6.20%,2.90%,2.10%,《未来的黑暗的故事》是一部探讨科技的边界的细腻电影。故事发生在繁华的都市，一对相爱的恋人守护了珍贵的东西。在姜敏珍的执导下，配乐动人心弦，细节处理到位，将喜剧类型的魅力展现得淋漓尽致。本片温暖而治愈，在国际影展上备受瞩目。
月光信念的约定 Last Truth at Dawn,https://movie.douban.com/subject/1001562/,周鹏强,吴超鹏 / Peter Rodriguez / John Miller,James Williams / 刘杰平 / 中村次郎 / ...,爱情 / 惊悚,墨西哥,西班牙语,2005-01-28(罗马电影节) / 2005-01-15(国际),150分钟,月光信念的约定纪念版,tt2218279,8.2,363875,70.00%,20.00%,5.00%,3.10%,1.90%,《月光信念的约定》是一部探讨生命的价值的感人电影。故事发生在宁静的乡村，一群志同道合的朋友坚守了一个重要的承诺。在周鹏强的执导下，寓意深远悠长，影片画面精美，将爱情类型的魅力展现得淋漓尽致。本片充满了希望与力量，展现了电影艺术的无限可能。
黄昏绝望的传说 Final Lie in the Dark,https://movie.douban.com/subject/1001563/,杨志志,Robert Rodriguez / 王国峰,赵承浩 / 吴志伟 / Robert Wilson / ...,爱情 / 灾难 / 历史,巴西 / 新西兰,葡萄牙语 / 西班牙语,2009-11-03(上海电影节) / 2009-11-21(国际),185分钟,黄昏绝望的传说(港) / 黄昏绝望的传说纪念版,tt1730969,6.7,19954,31.10%,44.90%,12.70%,6.10%,5.20%,《黄昏绝望的传说》是一部探讨人性的探索的感人电影。故事发生在奇幻的魔法世界，一名神秘的陌生人经历了一次深刻的心灵洗礼。在杨志志的执导下，情感表达细腻，细节处理到位，将爱情类型的魅力展现得淋漓尽致。本片展现了电影的魅力，在国际影展上备受瞩目。
晨曦旅程之外 A Death at Dawn,https://movie.douban.com/subject/1001564/,周超军,Christopher Rodriguez / 伊藤太郎,金哲承 / 赵超国 / Robert Garcia / ...,喜剧 / 真人秀 / 冒险,葡萄牙 / 泰国 / 中国大陆,西班牙语,2018-03-14(莫斯科电影节) / 2018-04-04(国际),200分钟,晨曦旅程之外特别版 / Journey,tt5887143,7.2,53648,52.60%,31.60%,8.80%,4.40%,2.60%,《晨曦旅程之外》是一部探讨真相的揭露的细腻电影。故事发生在繁华的都市，一对相爱的恋人揭开了一个深藏多年的秘密。在周超军的执导下，节奏把控精准，气氛营造出色，将喜剧类型的魅力展现得淋漓尽致。本片展现了电影的魅力，在国际影展上备受瞩目。
海洋梦境的审判 My Hate to the Future,https://movie.douban.com/subject/1001565/,陈伟志,吴超明,John Williams / 王杰鹏 / Christopher Smith / ...,爱情 / 动作,西班牙,日语,1999-01-08(圣丹斯电影节) / 1999-01-27(国际),180分钟,海洋梦境的审判(新) / 海洋梦境的审判特别版,tt9347298,8,136496,65.70%,18.80%,9.30%,4.30%,1.90%,《海洋梦境的审判》是一部探讨正义的坚守的细腻电影。故事发生在极地的冰雪世界，一个天真的孩子面对了一场前所未有的挑战。在陈伟志的执导下，配乐动人心弦，表演真挚感人，将爱情类型的魅力展现得淋漓尽致。本片具有很高的艺术价值，展现了电影艺术的无限可能。
最后的灵魂之下 The Death at Dawn,https://movie.douban.com/subject/1001566/,林英智,刘文建 / 斋藤凉平 / 尹恩哲,David Garcia / James Wilson / 林英智 / ...,动作 / 武侠,泰国,英语,1970-02-20(圣丹斯电影节) / 1970-03-25(国际),105分钟,最后的灵魂之下(马),tt6887595,7.8,110723,55.10%,26.00%,10.50%,5.70%,2.70%,《最后的灵魂之下》是一部探讨空间的奥秘的宏大电影。故事发生在极地的冰雪世界，一对失散多年的兄弟跨越了时空的界限。在林英智的执导下，配乐动人心弦，影片画面精美，将动作类型的魅力展现得淋漓尽致。本片值得推荐给所有人，展现了电影艺术的无限可能。
现在的空间的旅程 The Truth at Dusk,https://movie.douban.com/subject/1001567/,斋藤健一,小林大辅 / George Williams,周国辉 / Peter Wilson / John Wilson / ...,喜剧 / 恐怖 / 短片,日本,日语,2021-01-18(东京电影节) / 2021-03-17(国际),125分钟,现在的空间的旅程(台) / 现在的空间的旅程特别版,tt9954082,9.6,834756,88.80%,5%,2%,2.40%,1.80%,《现在的空间的旅程》是一部探讨人性的探索的宏大电影。故事发生在险峻的高山之巅，一位孤独的老人踏上了一段改变命运的旅程。在斋藤健一的执导下，影片画面精美，表演真挚感人，将喜剧类型的魅力展现得淋漓尽致。本片是一部不可多得的佳作，在国际影展上备受瞩目。
未来的遗忘之内 Our Dream to the Future,https://movie.douban.com/subject/1001568/,Michael Rodriguez,杨文建,刘国鹏 / 吴强文 / Robert Jones / ...,剧情,印度,泰米尔语 / 印地语,1975-07-20(金棕榈奖) / 1975-10-13(国际),90分钟,未来的遗忘之内(陆) / 未来的遗忘之内导演剪辑版,tt4953791,7.3,93488,48.80%,30.80%,13.50%,3.40%,3.50%,《未来的遗忘之内》是一部探讨空间的奥秘的深刻电影。故事发生在一个遥远的小镇，一名神秘的陌生人突破了自我的极限。在Michael的执导下，配乐动人心弦，影片画面精美，将剧情类型的魅力展现得淋漓尽致。本片值得推荐给所有人，在国际影展上备受瞩目。
太阳自由之内 First Secret,https://movie.douban.com/subject/1001569/,Michael Jones,李峰平 / James Brown / 陈平志,伊藤次郎 / 王鹏国 / 田中拓也 / ...,动作 / 战争,阿根廷 / 韩国 / 英国,西班牙语,1980-02-07(东京电影节) / 1980-03-28(国际),145分钟,太阳自由之内(马) / 太阳自由之内导演剪辑版,tt4933216,8,298505,70.60%,19.40%,5.00%,2.40%,2.60%,《太阳自由之内》是一部探讨时间的意义的深刻电影。故事发生在古代的王朝，一位智慧的导师实现了曾经的梦想。在Michael的执导下，导演手法独特，视觉效果震撼，将动作类型的魅力展现得淋漓尽致。本片充满了希望与力量，展现了电影艺术的无限可能。
午夜绝望的边缘 Lost Promise to the Future,https://movie.douban.com/subject/1001570/,James Williams,Steven Jones,James Jones / 吴伟强 / 吴军军 / ...,动作,巴西 / 南非 / 中国大陆,葡萄牙语,2013-05-16(戛纳电影节) / 2013-06-05(国际),115分钟,午夜绝望的边缘(台) / 午夜绝望的边缘修复版,tt9794834,8,232651,70.30%,18.40%,5.90%,3.10%,2.30%,《午夜绝望的边缘》是一部探讨自由的渴望的感人电影。故事发生在末日后的废墟，一位坚强的女性发现了一个惊人的真相。在James的执导下，配乐动人心弦，剧情扣人心弦，将动作类型的魅力展现得淋漓尽致。本片温暖而治愈，展现了电影艺术的无限可能。
沉默的自由之下 Last Love,https://movie.douban.com/subject/1001571/,伊藤次郎,周建建 / 王明国 / 刘国辉,小林翔太 / 陈强龙 / 吴超龙 / ...,动作 / 情色 / 音乐,芬兰,英语,1976-01-01(莫斯科电影节) / 1976-04-10(国际),100分钟,,tt1766597,8.2,328935,66.50%,20.60%,6.80%,3.20%,2.90%,《沉默的自由之下》是一部探讨和平的珍贵的细腻电影。故事发生在繁华的都市，一群志同道合的朋友改变了世界的格局。在伊藤次郎的执导下，导演手法独特，视觉效果震撼，将动作类型的魅力展现得淋漓尽致。本片展现了电影的魅力，获得了观众的一致好评。
海洋光明的救赎 Last Love of the Soul,https://movie.douban.com/subject/1001572/,Christopher Davis,王强华,高桥大辅 / 周国明 / 金哲承 / ...,音乐 / 爱情 / 家庭,土耳其,汉语普通话,1988-05-12(上海电影节) / 1988-05-21(国际),175分钟,海洋光明的救赎(陆),tt1248451,7.9,75874,61.10%,19.60%,12.90%,3.80%,2.60%,《海洋光明的救赎》是一部探讨生命的价值的深刻电影。故事发生在深邃的太空，一个天真的孩子面对了一场前所未有的挑战。在Christopher的执导下，视觉效果震撼，剧情扣人心弦，将音乐类型的魅力展现得淋漓尽致。本片令人难以忘怀，在国际影展上备受瞩目。
冻结的遗忘 Found Secret at Dusk,https://movie.douban.com/subject/1001573/,姜智英,刘明华 / 周伟伟,张智秀 / 田中三郎 / James Davis / ...,剧情 / 动画 / 音乐,土耳其,日语,2002-03-08(圣丹斯电影节) / 2002-06-11(国际),115分钟,,tt7842510,9.2,2162662,92.40%,5%,2%,0.50%,0.10%,《冻结的遗忘》是一部探讨正义的坚守的震撼电影。故事发生在极地的冰雪世界，一名失意的作家完成了一次自我的救赎。在姜智英的执导下，剧情扣人心弦，气氛营造出色，将剧情类型的魅力展现得淋漓尽致。本片是一部不可多得的佳作，展现了电影艺术的无限可能。
喧嚣的旅程的证明 Lost Death of the Soul,https://movie.douban.com/subject/1001574/,张超杰,赵平文 / 崔俊秀 / 斋藤健一,周杰建 / 李志峰 / 山田雄大 / ...,喜剧 / 短片,泰国,汉语普通话,1979-08-06(柏林电影节) / 1979-08-14(国际),115分钟,喧嚣的旅程的证明(陆) / 喧嚣的旅程的证明特别版,tt6441702,6,13682,39.30%,33.20%,14.70%,8.50%,4.30%,《喧嚣的旅程的证明》是一部探讨和平的珍贵的宏大电影。故事发生在未来的世界，一名神秘的陌生人坚守了一个重要的承诺。在张超杰的执导下，导演手法独特，剧情扣人心弦，将喜剧类型的魅力展现得淋漓尽致。本片令人难以忘怀，在国际影展上备受瞩目。
晨曦黑暗的旅程 A Lie of the Soul,https://movie.douban.com/subject/1001575/,赵杰超,刘明志,陈鹏文 / 张敏秀 / Paul Johnson / ...,科幻,瑞士,日语,2003-07-04(金棕榈奖) / 2003-08-11(国际),230分钟,晨曦黑暗的旅程4K修复版,tt3557213,6.2,12903,34.70%,44.20%,11.90%,5.40%,3.80%,《晨曦黑暗的旅程》是一部探讨时间的意义的感人电影。故事发生在广袤的沙漠，一名失意的作家经历了一次深刻的心灵洗礼。在赵杰超的执导下，节奏把控精准，寓意深远悠长，将科幻类型的魅力展现得淋漓尽致。本片令人难以忘怀，获得了观众的一致好评。
永恒的谎言 First Fear at Dusk,https://movie.douban.com/subject/1001576/,李杰建,张英哲,张军国 / 高桥凉平 / 斋藤健一 / ...,喜剧 / 脱口秀,西班牙,汉语普通话,1994-10-20(东京电影节) / 1994-11-19(国际),170分钟,永恒的谎言(日) / 永恒的谎言4K修复版,tt3048563,7.2,92339,49.20%,27.50%,13.70%,4.90%,4.70%,《永恒的谎言》是一部探讨家庭的温暖的宏大电影。故事发生在古代的王朝，一个破碎的家庭踏上了一段改变命运的旅程。在李杰建的执导下，导演手法独特，节奏把控精准，将喜剧类型的魅力展现得淋漓尽致。本片具有很高的艺术价值，获得了观众的一致好评。
最后的恐惧的抉择 Lost Secret in the Dark,https://movie.douban.com/subject/1001577/,Michael Johnson,Robert Garcia,张平国 / 高桥健一 / 林俊俊 / ...,剧情 / 犯罪 / 古装,希腊 / 巴西,日语,2008-02-10(罗马电影节) / 2008-03-12(国际),120分钟,最后的恐惧的抉择(新) / 最后的恐惧的抉择加长版,tt9885953,8.1,155836,67.20%,22.80%,5.00%,2.40%,2.60%,《最后的恐惧的抉择》是一部探讨空间的奥秘的深刻电影。故事发生在广袤的沙漠，一对相爱的恋人突破了自我的极限。在Michael的执导下，表演真挚感人，情感表达细腻，将剧情类型的魅力展现得淋漓尽致。本片值得反复品味，展现了电影艺术的无限可能。
天空肉体的故事 Our Love of the Soul,https://movie.douban.com/subject/1001578/,Paul Rodriguez,John Rodriguez / 赵建鹏 / 王龙鹏,张建国 / 陈强超 / 黄文龙 / ...,动作 / 奇幻,以色列,法语,1972-04-10(釜山电影节) / 1972-07-15(国际),90分钟,天空肉体的故事(港),tt4678697,7.9,135874,56.60%,26.40%,8.90%,3.90%,4.20%,《天空肉体的故事》是一部探讨真相的揭露的感人电影。故事发生在宁静的乡村，一位智慧的导师踏上了一段改变命运的旅程。在Paul的执导下，寓意深远悠长，细节处理到位，将动作类型的魅力展现得淋漓尽致。本片是一部不可多得的佳作，展现了电影艺术的无限可能。
天空选择的中心 Last Dream in the Dark,https://movie.douban.com/subject/1001579/,David Smith,刘明鹏,张文文 / 李鹏辉 / 伊藤次郎 / ...,科幻 / 动画 / 恐怖,荷兰,西班牙语,2001-02-05(戛纳电影节) / 2001-03-13(国际),190分钟,Choice,tt6894140,8.5,463439,83.00%,7.00%,5.00%,3.50%,1.50%,《天空选择的中心》是一部探讨友谊的力量的震撼电影。故事发生在恐怖的黑暗领域，一位坚强的女性面对了一场前所未有的挑战。在David的执导下，配乐动人心弦，视觉效果震撼，将科幻类型的魅力展现得淋漓尽致。本片展现了人性的光辉，展现了电影艺术的无限可能。
迷失的记忆的旅程 Final Hate in the Dark,https://movie.douban.com/subject/1001580/,李恩承,John Rodriguez / Steven Smith / James Johnson,铃木大辅 / James Garcia / 渡边雄大 / ...,犯罪 / 武侠 / 动作,伊朗,日语,2003-05-17(巴黎电影节) / 2003-08-20(国际),140分钟,迷失的记忆的旅程纪念版 / Journey,tt3006142,6.1,18585,27.30%,39.60%,16.60%,9.90%,6.60%,《迷失的记忆的旅程》是一部探讨时间的意义的感人电影。故事发生在深邃的太空，一个天真的孩子实现了曾经的梦想。在李恩承的执导下，剧情扣人心弦，情感表达细腻，将犯罪类型的魅力展现得淋漓尽致。本片展现了电影的魅力，展现了电影艺术的无限可能。
喧嚣的时间的抉择 My Dream,https://movie.douban.com/subject/1001581/,赵明平,李文辉 / 金智俊,周国建 / 杨鹏军 / 林贤秀 / ...,家庭 / 爱情 / 恐怖,英国 / 加拿大 / 奥地利,英语 / 法语 / 汉语普通话,2011-01-03(伦敦电影节) / 2011-01-07(国际),250分钟,喧嚣的时间的抉择(港),tt6363509,8.1,484468,59.60%,23.70%,9.10%,4.20%,3.40%,《喧嚣的时间的抉择》是一部探讨正义的坚守的震撼电影。故事发生在虚拟的网络空间，一名失意的作家战胜了内心的恐惧。在赵明平的执导下，细节处理到位，气氛营造出色，将家庭类型的魅力展现得淋漓尽致。本片让人思考良久，在国际影展上备受瞩目。
太阳远方的回声 Lost Truth,https://movie.douban.com/subject/1001582/,周华超,John Davis,金哲敏 / 李文平 / James Johnson / ...,动作,比利时 / 土耳其,日语,2014-09-04(多伦多电影节) / 2014-09-25(国际),200分钟,太阳远方的回声(陆),tt5020458,6.9,11664,45.10%,29.60%,15.80%,4.60%,4.90%,《太阳远方的回声》是一部探讨成长的烦恼的震撼电影。故事发生在古代的王朝，一位坚强的女性守护了珍贵的东西。在周华超的执导下，气氛营造出色，思想内涵深刻，将动作类型的魅力展现得淋漓尽致。本片具有很高的艺术价值，在国际影展上备受瞩目。
冻结的陌生人的誓言 Their Dream from the Past,https://movie.douban.com/subject/1001583/,张文强,林俊贤,王鹏鹏 / 朴承恩 / Steven Davis / ...,动作 / 历史 / 儿童,印度 / 中国香港,印地语 / 英语,1996-10-18(多伦多电影节) / 1996-12-27(国际),190分钟,冻结的陌生人的誓言(港) / 冻结的陌生人的誓言修复版,tt5439006,7.9,59509,57.10%,22.90%,13.10%,2.90%,4.00%,《冻结的陌生人的誓言》是一部探讨人性的探索的细腻电影。故事发生在繁华的都市，一个天真的孩子实现了曾经的梦想。在张文强的执导下，情感表达细腻，细节处理到位，将动作类型的魅力展现得淋漓尽致。本片触动人心深处，获得了观众的一致好评。
眼前的生命的歌声 A Lie in the Dark,https://movie.douban.com/subject/1001584/,张伟平,尹俊贤 / 田中翔太 / 周明军,James Miller / Michael Williams / 佐藤次郎 / ...,科幻,挪威,英语,2011-09-02(戛纳电影节) / 2011-12-17(国际),195分钟,眼前的生命的歌声(新),tt3212095,8.3,280060,62.40%,20.80%,9.50%,4.70%,2.60%,《眼前的生命的歌声》是一部探讨命运的挑战的感人电影。故事发生在末日后的废墟，一位孤独的老人突破了自我的极限。在张伟平的执导下，表演真挚感人，气氛营造出色，将科幻类型的魅力展现得淋漓尽致。本片展现了电影的魅力，在国际影展上备受瞩目。
午夜起点的约定 Found Love in the Dark,https://movie.douban.com/subject/1001585/,David Smith,黄峰华 / 赵峰国 / 郑恩秀,吴志超 / 张辉军 / James Brown / ...,剧情 / 黑色电影 / 西部,奥地利,汉语普通话,2011-01-12(金棕榈奖) / 2011-02-11(国际),210分钟,午夜起点的约定加长版,tt3596075,7,37914,38.90%,41.70%,11.80%,4.30%,3.30%,《午夜起点的约定》是一部探讨生命的价值的细腻电影。故事发生在一个遥远的小镇，一位年轻的冒险家改变了世界的格局。在David的执导下，情感表达细腻，寓意深远悠长，将剧情类型的魅力展现得淋漓尽致。本片触动人心深处，展现了电影艺术的无限可能。
喧嚣的信念的回声 Final Promise at Dusk,https://movie.douban.com/subject/1001586/,王鹏龙,Christopher Garcia,杨建峰 / 中村大辅 / 赵敏敏 / ...,爱情 / 纪录片 / 脱口秀,希腊 / 丹麦 / 南非,日语,1971-01-04(柏林电影节) / 1971-01-22(国际),160分钟,喧嚣的信念的回声(台),tt7868345,6.9,22639,29.90%,38.10%,20.40%,7.00%,4.60%,《喧嚣的信念的回声》是一部探讨和平的珍贵的深刻电影。故事发生在险峻的高山之巅，一名神秘的陌生人守护了珍贵的东西。在王鹏龙的执导下，气氛营造出色，细节处理到位，将爱情类型的魅力展现得淋漓尽致。本片具有很高的艺术价值，在国际影展上备受瞩目。
追寻命运之下 The Lie to the Future,https://movie.douban.com/subject/1001587/,林浩英,渡边凉平 / Christopher Rodriguez,李超文 / 王龙文 / 黄峰国 / ...,爱情 / 悬疑,波兰,法语,2000-07-05(柏林电影节) / 2000-09-03(国际),230分钟,追寻命运之下(港),tt9104319,8.6,944957,78.30%,11.70%,5.00%,3.10%,1.90%,《追寻命运之下》是一部探讨自然的敬畏的宏大电影。故事发生在浪漫的海边小镇，一位智慧的导师坚守了一个重要的承诺。在林浩英的执导下，思想内涵深刻，导演手法独特，将爱情类型的魅力展现得淋漓尽致。本片令人难以忘怀，展现了电影艺术的无限可能。
最后的时间的故事 Lost Death at Dawn,https://movie.douban.com/subject/1001588/,朴浩恩,周志平,高桥凉平 / 林珍浩 / James Rodriguez / ...,科幻,阿根廷,日语,2022-02-13(戛纳电影节) / 2022-05-01(国际),165分钟,,tt8110011,6.9,18619,32.10%,42.60%,15.60%,5.10%,4.60%,《最后的时间的故事》是一部探讨人性的探索的感人电影。故事发生在深邃的太空，一个破碎的家庭突破了自我的极限。在朴浩恩的执导下，表演真挚感人，视觉效果震撼，将科幻类型的魅力展现得淋漓尽致。本片具有很高的艺术价值，获得了观众的一致好评。
黎明远方的故事 My Life,https://movie.douban.com/subject/1001589/,林珍哲,崔敏敏,Christopher Williams / 朴敏敏 / 渡边诚 / ...,喜剧 / 奇幻,奥地利,法语,2009-02-05(莫斯科电影节) / 2009-04-19(国际),185分钟,黎明远方的故事(新) / 黎明远方的故事4K修复版,tt5246471,8.2,293013,67.20%,22.80%,5.00%,2.60%,2.40%,《黎明远方的故事》是一部探讨记忆的珍贵的深刻电影。故事发生在广袤的沙漠，一群志同道合的朋友守护了珍贵的东西。在林珍哲的执导下，影片画面精美，情感表达细腻，将喜剧类型的魅力展现得淋漓尽致。本片具有很高的艺术价值，获得了观众的一致好评。
远方的恐惧的回声 The Journey from the Past,https://movie.douban.com/subject/1001590/,Michael Wilson,Christopher Brown,Steven Smith / Robert Smith / 佐藤大辅 / ...,爱情 / 历史 / 家庭,丹麦 / 爱尔兰,西班牙语,1990-04-22(罗马电影节) / 1990-07-19(国际),185分钟,,tt8054882,7.9,70334,61.20%,27.10%,6.70%,2.20%,2.80%,《远方的恐惧的回声》是一部探讨生命的价值的宏大电影。故事发生在繁华的都市，一位坚强的女性发现了一个惊人的真相。在Michael的执导下，视觉效果震撼，影片画面精美，将爱情类型的魅力展现得淋漓尽致。本片触动人心深处，在国际影展上备受瞩目。
遗忘的遗忘之内 First Promise of the Soul,https://movie.douban.com/subject/1001591/,铃木健一,黄龙文,Michael Miller / 张强龙 / 赵恩哲 / ...,动作 / 短片 / 黑色电影,泰国,英语,2018-08-01(奥斯卡金像奖) / 2018-08-13(国际),100分钟,遗忘的遗忘之内(陆) / 遗忘的遗忘之内导演剪辑版,tt3271482,7.7,151752,59.90%,27.70%,6.80%,2.40%,3.20%,《遗忘的遗忘之内》是一部探讨正义的坚守的宏大电影。故事发生在古代的王朝，一位坚强的女性坚守了一个重要的承诺。在铃木健一的执导下，视觉效果震撼，情感表达细腻，将动作类型的魅力展现得淋漓尽致。本片具有很高的艺术价值，获得了观众的一致好评。
喧嚣的战争的传说 First Love at Dawn,https://movie.douban.com/subject/1001592/,杨平平,James Johnson,George Williams / 斋藤太郎 / 黄超辉 / ...,喜剧 / 音乐 / 奇幻,埃及 / 中国台湾,汉语普通话,1975-05-17(釜山电影节) / 1975-05-25(国际),125分钟,喧嚣的战争的传说(新),tt8469289,7.3,35501,55.10%,25.70%,10.40%,5.60%,3.20%,《喧嚣的战争的传说》是一部探讨梦想的追求的深刻电影。故事发生在险峻的高山之巅，一群志同道合的朋友改变了世界的格局。在杨平平的执导下，节奏把控精准，气氛营造出色，将喜剧类型的魅力展现得淋漓尽致。本片具有很高的艺术价值，获得了观众的一致好评。
遗忘的朋友之下 Found Love,https://movie.douban.com/subject/1001593/,吴文国,林贤英 / Peter Rodriguez,李国杰 / Robert Johnson / 铃木凉平 / ...,剧情 / 冒险,韩国,韩语 / 英语,1998-01-05(釜山电影节) / 1998-02-03(国际),230分钟,遗忘的朋友之下(台),tt5160148,9,1809988,87.50%,5%,2.50%,2.10%,2.90%,《遗忘的朋友之下》是一部探讨梦想的追求的深刻电影。故事发生在恐怖的黑暗领域，一位智慧的导师面对了一场前所未有的挑战。在吴文国的执导下，导演手法独特，细节处理到位，将剧情类型的魅力展现得淋漓尽致。本片具有很高的艺术价值，在国际影展上备受瞩目。
黄昏时间之间 A Hate from the Past,https://movie.douban.com/subject/1001594/,陈龙龙,Steven Miller,Steven Smith / 伊藤翔太 / David Jones / ...,爱情 / 舞台艺术,丹麦 / 西班牙 / 爱尔兰,日语,1978-05-14(金球奖) / 1978-08-18(国际),250分钟,黄昏时间之间(新),tt7510244,8.9,928102,77.80%,11.80%,5.40%,2.70%,2.30%,《黄昏时间之间》是一部探讨身份的认同的深刻电影。故事发生在未来的世界，一名神秘的陌生人突破了自我的极限。在陈龙龙的执导下，导演手法独特，配乐动人心弦，将爱情类型的魅力展现得淋漓尽致。本片具有很高的艺术价值，获得了观众的一致好评。
午夜旅程的故事 Final Truth,https://movie.douban.com/subject/1001595/,周辉军,朴英哲 / 山田翔太 / 伊藤健一,田中太郎 / 王伟龙 / 赵强志 / ...,科幻,加拿大,英语 / 法语,1995-06-01(上海电影节) / 1995-07-21(国际),90分钟,午夜旅程的故事(陆),tt7466573,8.6,746762,78.50%,11.50%,5.00%,3.30%,1.70%,《午夜旅程的故事》是一部探讨真相的揭露的宏大电影。故事发生在战火纷飞的年代，一名勇敢的战士坚守了一个重要的承诺。在周辉军的执导下，气氛营造出色，影片画面精美，将科幻类型的魅力展现得淋漓尽致。本片会成为经典之作，展现了电影艺术的无限可能。
风雨自由的故事 Your Hate at Dusk,https://movie.douban.com/subject/1001596/,Steven Brown,James Davis,周龙建 / 赵明平 / 姜哲智 / ...,动作,西班牙 / 芬兰 / 阿根廷,西班牙语,1975-08-22(多伦多电影节) / 1975-11-23(国际),200分钟,,tt1831265,9.4,2009406,79.10%,10.90%,5.00%,3.50%,1.50%,《风雨自由的故事》是一部探讨正义的坚守的宏大电影。故事发生在险峻的高山之巅，一个破碎的家庭面对了一场前所未有的挑战。在Steven的执导下，寓意深远悠长，气氛营造出色，将动作类型的魅力展现得淋漓尽致。本片具有很高的艺术价值，在国际影展上备受瞩目。
星辰远方的回声 Last Life from the Past,https://movie.douban.com/subject/1001597/,周明志,李强建,王辉平 / 杨辉建 / 张强辉 / ...,喜剧 / 剧情 / 西部,埃及 / 瑞典 / 韩国,英语,1991-01-09(伦敦电影节) / 1991-03-14(国际),185分钟,,tt8675367,7.6,62214,54.40%,24.90%,14.30%,2.80%,3.60%,《星辰远方的回声》是一部探讨自由的渴望的细腻电影。故事发生在深邃的海洋，一位智慧的导师踏上了一段改变命运的旅程。在周明志的执导下，表演真挚感人，影片画面精美，将喜剧类型的魅力展现得淋漓尽致。本片触动人心深处，在国际影展上备受瞩目。
未来的光明的边缘 Your Hate from the Past,https://movie.douban.com/subject/1001598/,渡边次郎,朴俊智,王伟伟 / 李智浩 / 林英俊 / ...,科幻 / 悬疑,墨西哥,西班牙语 / 英语,2013-10-04(柏林电影节) / 2013-10-12(国际),100分钟,未来的光明的边缘(港) / Light,tt4137820,8.4,321727,73.60%,13.90%,7.50%,2.30%,2.70%,《未来的光明的边缘》是一部探讨空间的奥秘的深刻电影。故事发生在险峻的高山之巅，一位智慧的导师实现了曾经的梦想。在渡边次郎的执导下，气氛营造出色，细节处理到位，将科幻类型的魅力展现得淋漓尽致。本片会成为经典之作，展现了电影艺术的无限可能。
午夜恐惧之内 Final Hope at Dawn,https://movie.douban.com/subject/1001599/,周龙志,George Smith / 陈平杰,刘国龙 / 王平建 / 崔英智 / ...,剧情 / 家庭 / 舞台艺术,挪威,法语,2011-05-12(巴黎电影节) / 2011-05-25(国际),230分钟,午夜恐惧之内(日),tt4967605,7.6,67822,56.70%,24.70%,12.00%,4.50%,2.10%,《午夜恐惧之内》是一部探讨正义的坚守的感人电影。故事发生在极地的冰雪世界，一个天真的孩子跨越了时空的界限。在周龙志的执导下，情感表达细腻，视觉效果震撼，将剧情类型的魅力展现得淋漓尽致。本片充满了希望与力量，在国际影展上备受瞩目。
未来的谎言的审判 Final Secret,https://movie.douban.com/subject/1001600/,李建国,David Brown / Robert Brown / Michael Williams,高桥大辅 / 尹恩浩 / David Rodriguez / ...,剧情 / 情色,中国台湾,闽南语 / 汉语普通话,1993-10-14(奥斯卡金像奖) / 1993-10-15(国际),220分钟,未来的谎言的审判(港) / 未来的谎言的审判纪念版,tt1150662,6.4,13679,31.60%,37.30%,20.80%,6.90%,3.40%,《未来的谎言的审判》是一部探讨家庭的温暖的感人电影。故事发生在险峻的高山之巅，一个天真的孩子跨越了时空的界限。在李建国的执导下，情感表达细腻，影片画面精美，将剧情类型的魅力展现得淋漓尽致。本片令人难以忘怀，获得了观众的一致好评。
眼前的恐惧的抉择 Last Dream to the Future,https://movie.douban.com/subject/1001601/,高桥大辅,尹智秀 / 赵志辉,田中雄大 / 李鹏伟 / 陈辉伟 / ...,动作,日本,日语,1985-10-03(金棕榈奖) / 1985-10-11(国际),145分钟,眼前的恐惧的抉择(韩),tt3840894,7.1,67872,47.40%,32.00%,10.50%,4.90%,5.20%,《眼前的恐惧的抉择》是一部探讨生命的价值的细腻电影。故事发生在险峻的高山之巅，一对相爱的恋人战胜了内心的恐惧。在高桥大辅的执导下，气氛营造出色，配乐动人心弦，将动作类型的魅力展现得淋漓尽致。本片展现了人性的光辉，在国际影展上备受瞩目。
沉默的空间之内 Found Hate,https://movie.douban.com/subject/1001602/,姜贤智,Michael Miller,黄超建 / 黄龙峰 / 周志军 / ...,动作 / 古装,埃及,英语,1995-09-24(圣丹斯电影节) / 1995-10-09(国际),135分钟,沉默的空间之内(马),tt6447175,8.9,331375,72.60%,17.40%,5.00%,2.30%,2.70%,《沉默的空间之内》是一部探讨真相的揭露的细腻电影。故事发生在未来的世界，一对失散多年的兄弟经历了一次深刻的心灵洗礼。在姜贤智的执导下，细节处理到位，配乐动人心弦，将动作类型的魅力展现得淋漓尽致。本片会成为经典之作，获得了观众的一致好评。
黎明选择的边缘 Final Life at Dusk,https://movie.douban.com/subject/1001603/,Peter Miller,吴辉杰 / 斋藤三郎,小林凉平 / 刘明鹏 / 朴智英 / ...,喜剧 / 儿童 / 武侠,捷克 / 以色列,法语,1984-01-07(金棕榈奖) / 1984-01-10(国际),195分钟,黎明选择的边缘(陆) / Choice,tt6700432,7.3,21293,47.50%,27.20%,16.80%,3.70%,4.80%,《黎明选择的边缘》是一部探讨生命的价值的宏大电影。故事发生在神秘的异域，一个天真的孩子完成了一次自我的救赎。在Peter的执导下，节奏把控精准，思想内涵深刻，将喜剧类型的魅力展现得淋漓尽致。本片让人思考良久，展现了电影艺术的无限可能。
星辰现实的故事 Final Dream in the Dark,https://movie.douban.com/subject/1001604/,金敏秀,伊藤诚 / 伊藤次郎 / 赵鹏平,Michael Rodriguez / David Brown / 王辉伟 / ...,爱情 / 历史 / 武侠,巴西,葡萄牙语 / 英语,1996-10-07(莫斯科电影节) / 1996-12-26(国际),165分钟,,tt4458091,6.3,6268,28.30%,49.60%,11.80%,4.90%,5.40%,《星辰现实的故事》是一部探讨友谊的力量的宏大电影。故事发生在恐怖的黑暗领域，一对失散多年的兄弟揭开了一个深藏多年的秘密。在金敏秀的执导下，情感表达细腻，气氛营造出色，将爱情类型的魅力展现得淋漓尽致。本片令人难以忘怀，展现了电影艺术的无限可能。
风雨恐惧的救赎 A Dream in the Dark,https://movie.douban.com/subject/1001605/,周鹏伟,王军建 / John Jones,David Jones / 杨杰鹏 / 王志志 / ...,动作 / 武侠,日本,日语 / 英语,1974-09-22(威尼斯电影节) / 1974-09-07(国际),145分钟,风雨恐惧的救赎(韩),tt8997728,7.2,72005,50.80%,28.60%,13.30%,4.30%,3.00%,《风雨恐惧的救赎》是一部探讨自由的渴望的感人电影。故事发生在宁静的乡村，一对相爱的恋人经历了一次深刻的心灵洗礼。在周鹏伟的执导下，导演手法独特，寓意深远悠长，将动作类型的魅力展现得淋漓尽致。本片温暖而治愈，在国际影展上备受瞩目。
城市和平的抉择 First Life,https://movie.douban.com/subject/1001606/,中村凉平,张辉强 / Paul Rodriguez / 王军辉,崔贤珍 / James Brown / 中村健一 / ...,喜剧 / 传记 / 悬疑,日本,日语,2001-08-26(戛纳电影节) / 2001-08-10(国际),195分钟,城市和平的抉择(马),tt2935670,8.5,542519,78.10%,11.90%,5.00%,3.00%,2.00%,《城市和平的抉择》是一部探讨爱情的真谛的宏大电影。故事发生在古代的王朝，一名失意的作家完成了一次自我的救赎。在中村凉平的执导下，表演真挚感人，导演手法独特，将喜剧类型的魅力展现得淋漓尽致。本片值得推荐给所有人，获得了观众的一致好评。
遗忘的谎言的约定 Lost Secret to the Future,https://movie.douban.com/subject/1001607/,渡边大辅,王龙国 / 姜珍贤 / 铃木诚,赵国辉 / 崔智浩 / 高桥凉平 / ...,喜剧,新西兰 / 奥地利,法语,1980-04-11(罗马电影节) / 1980-05-26(国际),125分钟,遗忘的谎言的约定(韩) / 遗忘的谎言的约定特别版,tt5643850,7.1,49117,52.50%,25.60%,12.50%,6.10%,3.30%,《遗忘的谎言的约定》是一部探讨战争的残酷的深刻电影。故事发生在繁华的都市，一位年轻的冒险家踏上了一段改变命运的旅程。在渡边大辅的执导下，细节处理到位，影片画面精美，将喜剧类型的魅力展现得淋漓尽致。本片是一部不可多得的佳作，展现了电影艺术的无限可能。
燃烧的现实的约定 Their Hope in the Dark,https://movie.douban.com/subject/1001608/,Christopher Jones,黄辉龙 / James Williams,Peter Williams / 李珍浩 / Paul Jones / ...,科幻,墨西哥,西班牙语 / 英语,2017-07-18(奥斯卡金像奖) / 2017-07-10(国际),135分钟,燃烧的现实的约定(新),tt2393711,8,147974,59.10%,28.20%,7.70%,2.60%,2.40%,《燃烧的现实的约定》是一部探讨记忆的珍贵的深刻电影。故事发生在雨林的深处，一位智慧的导师完成了一次自我的救赎。在Christopher的执导下，思想内涵深刻，导演手法独特，将科幻类型的魅力展现得淋漓尽致。本片触动人心深处，在国际影展上备受瞩目。
冰冷的敌人的边缘 My Hate,https://movie.douban.com/subject/1001609/,Robert Johnson,斋藤大辅 / 张峰平 / 陈军辉,张英哲 / George Miller / 周峰龙 / ...,爱情 / 奇幻 / 情色,以色列 / 南非,汉语普通话,2023-08-17(金球奖) / 2023-09-28(国际),120分钟,,tt7139203,9.8,1839030,91.00%,5%,2%,0.90%,1.10%,《冰冷的敌人的边缘》是一部探讨空间的奥秘的深刻电影。故事发生在极地的冰雪世界，一对相爱的恋人坚守了一个重要的承诺。在Robert的执导下，情感表达细腻，节奏把控精准，将爱情类型的魅力展现得淋漓尽致。本片是一部不可多得的佳作，获得了观众的一致好评。
眼前的承诺的审判 Final Death to the Future,https://movie.douban.com/subject/1001610/,王文强,Peter Rodriguez / 郑英哲,Christopher Brown / 赵英俊 / John Johnson / ...,爱情 / 惊悚,美国,英语 / 西班牙语,2020-09-17(圣丹斯电影节) / 2020-09-27(国际),195分钟,眼前的承诺的审判(韩) / 眼前的承诺的审判修复版,tt8016006,9.1,2030509,91.30%,5%,2%,0.90%,0.80%,《眼前的承诺的审判》是一部探讨爱情的真谛的宏大电影。故事发生在神秘的异域，一名勇敢的战士经历了一次深刻的心灵洗礼。在王文强的执导下，思想内涵深刻，剧情扣人心弦，将爱情类型的魅力展现得淋漓尽致。本片是一部不可多得的佳作，获得了观众的一致好评。
未来的起点的旅程 Last Fear to the Future,https://movie.douban.com/subject/1001611/,伊藤次郎,赵杰建 / 黄辉文,李军军 / Christopher Wilson / 李明平 / ...,科幻 / 战争,意大利,意大利语 / 英语,1978-04-13(釜山电影节) / 1978-07-25(国际),135分钟,未来的起点的旅程(新) / 未来的起点的旅程加长版,tt1693974,7.3,86450,47.30%,35.50%,11.20%,4.10%,1.90%,《未来的起点的旅程》是一部探讨文化的碰撞的感人电影。故事发生在险峻的高山之巅，一位智慧的导师面对了一场前所未有的挑战。在伊藤次郎的执导下，节奏把控精准，寓意深远悠长，将科幻类型的魅力展现得淋漓尽致。本片展现了人性的光辉，在国际影展上备受瞩目。
现在的梦境之间 First Lie in the Dark,https://movie.douban.com/subject/1001612/,Paul Davis,吴志鹏 / Steven Wilson / Peter Miller,张文华 / 周辉杰 / Michael Garcia / ...,剧情 / 战争 / 动画,捷克,英语,1971-02-14(罗马电影节) / 1971-03-08(国际),90分钟,现在的梦境之间(港) / 现在的梦境之间修复版,tt2438463,8.4,180452,75.20%,13.70%,6.10%,2.30%,2.70%,《现在的梦境之间》是一部探讨真相的揭露的震撼电影。故事发生在末日后的废墟，一个天真的孩子改变了世界的格局。在Paul的执导下，配乐动人心弦，视觉效果震撼，将剧情类型的魅力展现得淋漓尽致。本片是一部不可多得的佳作，获得了观众的一致好评。
眼前的真相的抉择 Your Love,https://movie.douban.com/subject/1001613/,杨明军,尹秀哲 / 王华军 / 山田三郎,金浩贤 / 周伟杰 / 赵平峰 / ...,喜剧,匈牙利,英语,1986-01-10(多伦多电影节) / 1986-02-12(国际),155分钟,眼前的真相的抉择加长版,tt4408507,9.8,819925,84.60%,5.40%,5.00%,3.00%,2.00%,《眼前的真相的抉择》是一部探讨文化的碰撞的宏大电影。故事发生在虚拟的网络空间，一名勇敢的战士守护了珍贵的东西。在杨明军的执导下，寓意深远悠长，剧情扣人心弦，将喜剧类型的魅力展现得淋漓尽致。本片会成为经典之作，展现了电影艺术的无限可能。
沉默的绝望的证明 Last Journey from the Past,https://movie.douban.com/subject/1001614/,陈强文,赵军鹏 / 佐藤诚,李敏英 / Peter Miller / 刘文志 / ...,动作 / 家庭,瑞士,法语,1989-03-27(伦敦电影节) / 1989-06-28(国际),195分钟,沉默的绝望的证明(马) / Despair,tt8737123,7.5,129936,64.60%,20.60%,9.40%,3.50%,1.90%,《沉默的绝望的证明》是一部探讨生命的价值的震撼电影。故事发生在虚拟的网络空间，一位孤独的老人战胜了内心的恐惧。在陈强文的执导下，导演手法独特，影片画面精美，将动作类型的魅力展现得淋漓尽致。本片温暖而治愈，在国际影展上备受瞩目。
现在的生命的边缘 Last Promise at Dawn,https://movie.douban.com/subject/1001615/,赵承恩,John Smith,Steven Brown / 黄杰峰 / 佐藤诚 / ...,喜剧 / 脱口秀 / 动画,德国,德语,1987-01-02(莫斯科电影节) / 1987-04-20(国际),220分钟,现在的生命的边缘(陆),tt1005571,6,16065,41.50%,38.80%,13.00%,4.60%,2.10%,《现在的生命的边缘》是一部探讨正义的坚守的感人电影。故事发生在奇幻的魔法世界，一个破碎的家庭实现了曾经的梦想。在赵承恩的执导下，剧情扣人心弦，影片画面精美，将喜剧类型的魅力展现得淋漓尽致。本片展现了电影的魅力，在国际影展上备受瞩目。
永恒的真相 First Secret from the Past,https://movie.douban.com/subject/1001616/,Peter Smith,林智英,铃木翔太 / 刘志国 / 黄强军 / ...,动画 / 剧情 / 黑色电影,比利时 / 加拿大,英语,1971-09-01(柏林电影节) / 1971-09-26(国际),230分钟,,tt9865478,6.2,17717,37.60%,38.80%,12.20%,7.90%,3.50%,《永恒的真相》是一部探讨家庭的温暖的感人电影。故事发生在战火纷飞的年代，一对相爱的恋人跨越了时空的界限。在Peter的执导下，导演手法独特，视觉效果震撼，将动画类型的魅力展现得淋漓尽致。本片充满了希望与力量，展现了电影艺术的无限可能。
荒野家庭的回声 A Death,https://movie.douban.com/subject/1001617/,赵志平,杨明鹏 / 杨文军,John Johnson / 中村三郎 / Steven Smith / ...,爱情,爱尔兰,英语,2003-04-24(金球奖) / 2003-07-28(国际),230分钟,荒野家庭的回声(港),tt4710583,6.2,8527,41.30%,39.90%,10.00%,5.70%,3.10%,《荒野家庭的回声》是一部探讨家庭的温暖的震撼电影。故事发生在战火纷飞的年代，一位年轻的冒险家找到了生命的真谛。在赵志平的执导下，视觉效果震撼，导演手法独特，将爱情类型的魅力展现得淋漓尽致。本片令人难以忘怀，获得了观众的一致好评。
遗忘的勇气的抉择 Our Lie at Dusk,https://movie.douban.com/subject/1001618/,王鹏鹏,陈军志 / 伊藤次郎 / 金珍俊,Christopher Johnson / 周峰文 / James Jones / ...,科幻 / 冒险 / 真人秀,芬兰 / 澳大利亚,日语,2016-01-16(巴黎电影节) / 2016-02-02(国际),165分钟,遗忘的勇气的抉择(台) / 遗忘的勇气的抉择特别版,tt8320925,8.5,282372,81.50%,8.50%,5.00%,2.80%,2.20%,《遗忘的勇气的抉择》是一部探讨空间的奥秘的深刻电影。故事发生在恐怖的黑暗领域，一名失意的作家面对了一场前所未有的挑战。在王鹏鹏的执导下，导演手法独特，细节处理到位，将科幻类型的魅力展现得淋漓尽致。本片具有很高的艺术价值，展现了电影艺术的无限可能。
沉默的命运 The Life to the Future,https://movie.douban.com/subject/1001619/,张浩珍,吴志超 / 林珍敏 / 刘建文,赵伟明 / 刘超伟 / 刘龙平 / ...,科幻 / 历史 / 动画,德国 / 瑞士 / 土耳其,德语 / 英语 / 汉语普通话,2000-04-14(上海电影节) / 2000-07-15(国际),95分钟,沉默的命运(台),tt8373213,7.3,87789,44.90%,27.60%,18.30%,5.80%,3.40%,《沉默的命运》是一部探讨身份的认同的细腻电影。故事发生在极地的冰雪世界，一位智慧的导师经历了一次深刻的心灵洗礼。在张浩珍的执导下，视觉效果震撼，气氛营造出色，将科幻类型的魅力展现得淋漓尽致。本片是一部不可多得的佳作，获得了观众的一致好评。
沉默的现实之间 A Lie at Dusk,https://movie.douban.com/subject/1001620/,Steven Williams,张贤英,山田诚 / 陈龙峰 / 吴超辉 / ...,剧情,爱尔兰 / 瑞士 / 巴西,汉语普通话,2009-08-20(伦敦电影节) / 2009-09-11(国际),110分钟,沉默的现实之间修复版,tt2750478,9.3,1560155,92.40%,5%,2%,0.50%,0.10%,《沉默的现实之间》是一部探讨真相的揭露的震撼电影。故事发生在繁华的都市，一位智慧的导师实现了曾经的梦想。在Steven的执导下，表演真挚感人，剧情扣人心弦，将剧情类型的魅力展现得淋漓尽致。本片令人难以忘怀，展现了电影艺术的无限可能。
星辰信念 First Death,https://movie.douban.com/subject/1001621/,Paul Davis,张平超 / Steven Jones,陈明伟 / John Smith / Christopher Miller / ...,音乐 / 喜剧 / 惊悚,南非,汉语普通话,2004-06-08(东京电影节) / 2004-08-18(国际),220分钟,星辰信念修复版,tt9072598,8.7,600127,78.80%,11.20%,5.00%,2.20%,2.80%,《星辰信念》是一部探讨爱情的真谛的宏大电影。故事发生在极地的冰雪世界，一位孤独的老人完成了一次自我的救赎。在Paul的执导下，寓意深远悠长，节奏把控精准，将音乐类型的魅力展现得淋漓尽致。本片会成为经典之作，展现了电影艺术的无限可能。
远方的时间的中心 Lost Death in the Dark,https://movie.douban.com/subject/1001622/,王鹏明,郑俊哲 / Paul Wilson,James Wilson / 杨军杰 / Christopher Rodriguez / ...,舞台艺术 / 剧情 / 黑色电影,西班牙 / 墨西哥 / 越南,英语,2014-09-05(罗马电影节) / 2014-11-07(国际),220分钟,远方的时间的中心(马) / 远方的时间的中心特别版,tt8163265,9,1488049,90.90%,5%,2%,1.50%,0.60%,《远方的时间的中心》是一部探讨战争的残酷的深刻电影。故事发生在极地的冰雪世界，一位坚强的女性经历了一次深刻的心灵洗礼。在王鹏明的执导下，导演手法独特，表演真挚感人，将舞台艺术类型的魅力展现得淋漓尽致。本片值得反复品味，在国际影展上备受瞩目。
永恒的谎言的救赎 Final Promise in the Dark,https://movie.douban.com/subject/1001623/,王辉军,朴英承 / 吴强文,田中太郎 / 金贤俊 / 姜恩浩 / ...,动作 / 黑色电影,美国 / 瑞典,英语,2005-01-04(奥斯卡金像奖) / 2005-03-11(国际),190分钟,永恒的谎言的救赎(台),tt5424998,8.9,810977,73.40%,16.50%,5.10%,3.30%,1.70%,《永恒的谎言的救赎》是一部探讨梦想的追求的细腻电影。故事发生在未来的世界，一名勇敢的战士发现了一个惊人的真相。在王辉军的执导下，视觉效果震撼，导演手法独特，将动作类型的魅力展现得淋漓尽致。本片会成为经典之作，获得了观众的一致好评。
黎明遗忘之上 Our Death at Dusk,https://movie.douban.com/subject/1001624/,黄建平,刘辉华 / 陈华辉 / 张伟强,Michael Wilson / 林智俊 / 小林健一 / ...,喜剧,中国台湾,汉语普通话,2008-01-02(圣丹斯电影节) / 2008-04-06(国际),130分钟,,tt7674620,6.4,9787,41.10%,33.80%,16.80%,3.50%,4.80%,《黎明遗忘之上》是一部探讨正义的坚守的细腻电影。故事发生在末日后的废墟，一位坚强的女性实现了曾经的梦想。在黄建平的执导下，配乐动人心弦，剧情扣人心弦，将喜剧类型的魅力展现得淋漓尽致。本片充满了希望与力量，在国际影展上备受瞩目。
天空选择之外 Their Lie from the Past,https://movie.douban.com/subject/1001625/,Michael Brown,渡边大辅 / John Wilson / 佐藤诚,Steven Brown / 伊藤拓也 / 吴辉超 / ...,科幻 / 战争,法国,法语 / 英语,1984-09-03(莫斯科电影节) / 1984-10-09(国际),230分钟,天空选择之外(陆),tt7534932,7.2,36956,43.30%,34.90%,14.90%,3.30%,3.60%,《天空选择之外》是一部探讨命运的挑战的深刻电影。故事发生在深邃的太空，一对失散多年的兄弟坚守了一个重要的承诺。在Michael的执导下，情感表达细腻，导演手法独特，将科幻类型的魅力展现得淋漓尽致。本片触动人心深处，在国际影展上备受瞩目。
追寻命运之上 Final Dream at Dawn,https://movie.douban.com/subject/1001626/,尹恩贤,Peter Wilson / 赵智英 / 伊藤三郎,David Brown / Michael Davis / 黄志超 / ...,喜剧,阿根廷 / 希腊,日语,2008-01-03(伦敦电影节) / 2008-02-12(国际),200分钟,Destiny,tt4567969,7.4,55418,54.20%,25.10%,12.10%,4.80%,3.80%,《追寻命运之上》是一部探讨文化的碰撞的震撼电影。故事发生在雨林的深处，一群志同道合的朋友改变了世界的格局。在尹恩贤的执导下，思想内涵深刻，气氛营造出色，将喜剧类型的魅力展现得淋漓尽致。本片令人难以忘怀，展现了电影艺术的无限可能。
远方的光明的痕迹 First Secret of the Soul,https://movie.douban.com/subject/1001627/,Christopher Miller,Paul Davis,Robert Garcia / 吴杰华 / 郑贤恩 / ...,喜剧 / 舞台艺术,日本,日语 / 英语,2009-10-21(圣丹斯电影节) / 2009-11-10(国际),165分钟,远方的光明的痕迹(马),tt3020081,7.4,38334,50.90%,30.80%,12.40%,4.00%,1.90%,《远方的光明的痕迹》是一部探讨记忆的珍贵的震撼电影。故事发生在广袤的沙漠，一名失意的作家突破了自我的极限。在Christopher的执导下，情感表达细腻，导演手法独特，将喜剧类型的魅力展现得淋漓尽致。本片具有很高的艺术价值，获得了观众的一致好评。
永恒的空间的救赎 Their Death,https://movie.douban.com/subject/1001628/,David Garcia,Christopher Garcia,田中三郎 / 吴明军 / 尹贤浩 / ...,动作 / 音乐,意大利 / 韩国,意大利语 / 西班牙语,1992-04-11(圣丹斯电影节) / 1992-05-02(国际),180分钟,永恒的空间的救赎(马),tt3646316,6.3,19032,44.90%,30.00%,16.00%,4.20%,4.90%,《永恒的空间的救赎》是一部探讨梦想的追求的感人电影。故事发生在战火纷飞的年代，一群志同道合的朋友经历了一次深刻的心灵洗礼。在David的执导下，配乐动人心弦，导演手法独特，将动作类型的魅力展现得淋漓尽致。本片值得反复品味，展现了电影艺术的无限可能。
记忆中的死亡之间 First Journey at Dawn,https://movie.douban.com/subject/1001629/,郑秀哲,Paul Jones / James Williams / 山田拓也,郑敏承 / Paul Jones / Michael Wilson / ...,剧情 / 古装 / 冒险,俄罗斯 / 巴西,俄语,1987-01-11(柏林电影节) / 1987-03-16(国际),90分钟,记忆中的死亡之间(韩),tt5465554,9,2537699,92.40%,5%,2%,0.50%,0.10%,《记忆中的死亡之间》是一部探讨自由的渴望的细腻电影。故事发生在宁静的乡村，一个破碎的家庭守护了珍贵的东西。在郑秀哲的执导下，寓意深远悠长，节奏把控精准，将剧情类型的魅力展现得淋漓尽致。本片触动人心深处，获得了观众的一致好评。
孤独的黑暗的回声 First Hope at Dusk,https://movie.douban.com/subject/1001630/,李强文,渡边健一 / 崔智敏 / Michael Wilson,杨强龙 / 吴杰鹏 / George Miller / ...,爱情 / 悬疑,中国香港,粤语 / 英语,2008-02-07(上海电影节) / 2008-02-11(国际),115分钟,孤独的黑暗的回声(陆) / 孤独的黑暗的回声特别版,tt8896215,7.6,125769,57.80%,22.10%,12.80%,3.40%,3.90%,《孤独的黑暗的回声》是一部探讨记忆的珍贵的细腻电影。故事发生在奇幻的魔法世界，一群志同道合的朋友守护了珍贵的东西。在李强文的执导下，表演真挚感人，思想内涵深刻，将爱情类型的魅力展现得淋漓尽致。本片让人思考良久，在国际影展上备受瞩目。
午夜绝望的抉择 Our Love of the Soul,https://movie.douban.com/subject/1001631/,中村三郎,周辉强 / 王鹏建,吴军辉 / 斋藤翔太 / 赵贤秀 / ...,科幻,新西兰,汉语普通话,1972-06-14(上海电影节) / 1972-09-08(国际),195分钟,午夜绝望的抉择(日),tt4599500,9.1,2086400,89.70%,5%,2%,1.60%,1.70%,《午夜绝望的抉择》是一部探讨和平的珍贵的深刻电影。故事发生在奇幻的魔法世界，一群志同道合的朋友战胜了内心的恐惧。在中村三郎的执导下，剧情扣人心弦，导演手法独特，将科幻类型的魅力展现得淋漓尽致。本片温暖而治愈，在国际影展上备受瞩目。
海洋远方的痕迹 Last Promise to the Future,https://movie.douban.com/subject/1001632/,周文平,陈明峰 / 刘强峰,赵龙明 / 赵哲哲 / 黄辉强 / ...,爱情 / 歌舞 / 动作,土耳其,日语,2006-03-02(威尼斯电影节) / 2006-05-05(国际),90分钟,海洋远方的痕迹(陆),tt2208546,9.3,2454322,91.10%,5%,2%,0.90%,1.00%,《海洋远方的痕迹》是一部探讨家庭的温暖的深刻电影。故事发生在浪漫的海边小镇，一名神秘的陌生人改变了世界的格局。在周文平的执导下，气氛营造出色，影片画面精美，将爱情类型的魅力展现得淋漓尽致。本片充满了希望与力量，获得了观众的一致好评。
晨曦勇气之下 A Secret in the Dark,https://movie.douban.com/subject/1001633/,李杰伟,陈华国 / 渡边凉平 / Steven Miller,王伟华 / 李军华 / David Rodriguez / ...,剧情 / 西部,法国,法语 / 英语,2002-04-08(巴黎电影节) / 2002-05-18(国际),190分钟,晨曦勇气之下(台),tt2602403,6.9,24014,36.90%,36.70%,13.40%,8.60%,4.40%,《晨曦勇气之下》是一部探讨正义的坚守的宏大电影。故事发生在战火纷飞的年代，一名勇敢的战士改变了世界的格局。在李杰伟的执导下，节奏把控精准，表演真挚感人，将剧情类型的魅力展现得淋漓尽致。本片充满了希望与力量，获得了观众的一致好评。
黎明梦境之间 First Lie,https://movie.douban.com/subject/1001634/,田中大辅,Peter Garcia / 杨华峰 / 铃木凉平,周平龙 / 赵浩贤 / 赵华杰 / ...,动作,美国 / 中国大陆 / 巴西,英语 / 西班牙语,2021-11-25(柏林电影节) / 2021-11-02(国际),115分钟,黎明梦境之间(陆),tt3244235,8.2,219645,69.70%,16.30%,8.00%,3.70%,2.30%,《黎明梦境之间》是一部探讨命运的挑战的深刻电影。故事发生在神秘的异域，一位年轻的冒险家踏上了一段改变命运的旅程。在田中大辅的执导下，导演手法独特，节奏把控精准，将动作类型的魅力展现得淋漓尽致。本片具有很高的艺术价值，获得了观众的一致好评。
冻结的谎言之外 Their Secret of the Soul,https://movie.douban.com/subject/1001635/,姜恩珍,David Rodriguez,山田诚 / 姜秀承 / 姜浩哲 / ...,喜剧 / 歌舞 / 动画,泰国,英语,2024-06-09(奥斯卡金像奖) / 2024-08-05(国际),200分钟,冻结的谎言之外(韩),tt6546629,8.9,369383,84.10%,5.90%,5.00%,2.40%,2.60%,《冻结的谎言之外》是一部探讨和平的珍贵的感人电影。故事发生在末日后的废墟，一名失意的作家改变了世界的格局。在姜恩珍的执导下，思想内涵深刻，气氛营造出色，将喜剧类型的魅力展现得淋漓尽致。本片温暖而治愈，获得了观众的一致好评。
太阳战争的审判 First Life at Dawn,https://movie.douban.com/subject/1001636/,Peter Davis,陈超华 / 刘建超,陈龙伟 / Steven Johnson / 斋藤拓也 / ...,家庭 / 喜剧 / 爱情,瑞典,汉语普通话,2001-01-05(多伦多电影节) / 2001-03-14(国际),230分钟,太阳战争的审判(韩) / 太阳战争的审判4K修复版,tt2595646,6.2,6112,35.00%,33.20%,21.00%,6.80%,4.00%,《太阳战争的审判》是一部探讨生命的价值的宏大电影。故事发生在古代的王朝，一位智慧的导师面对了一场前所未有的挑战。在Peter的执导下，配乐动人心弦，视觉效果震撼，将家庭类型的魅力展现得淋漓尽致。本片具有很高的艺术价值，在国际影展上备受瞩目。
追寻终点之间 First Love of the Soul,https://movie.douban.com/subject/1001637/,王华军,朴浩浩 / 张明国,George Garcia / 赵峰国 / Steven Wilson / ...,动作 / 脱口秀,荷兰,西班牙语,2019-01-16(金棕榈奖) / 2019-02-02(国际),185分钟,追寻终点之间(马),tt8130292,8.7,672156,73.90%,16.10%,5.00%,2.60%,2.40%,《追寻终点之间》是一部探讨命运的挑战的震撼电影。故事发生在雨林的深处，一名失意的作家完成了一次自我的救赎。在王华军的执导下，视觉效果震撼，寓意深远悠长，将动作类型的魅力展现得淋漓尽致。本片展现了人性的光辉，展现了电影艺术的无限可能。
现在的家庭的故事 The Hate at Dawn,https://movie.douban.com/subject/1001638/,Paul Williams,David Williams / 姜贤珍 / Christopher Williams,Peter Johnson / 赵珍哲 / 张恩英 / ...,剧情,墨西哥,西班牙语 / 英语,2009-03-16(釜山电影节) / 2009-04-17(国际),90分钟,现在的家庭的故事(陆) / 现在的家庭的故事纪念版,tt8974931,9.7,2019914,85.90%,5%,4.10%,3.30%,1.70%,《现在的家庭的故事》是一部探讨爱情的真谛的感人电影。故事发生在虚拟的网络空间，一对失散多年的兄弟找到了生命的真谛。在Paul的执导下，配乐动人心弦，思想内涵深刻，将剧情类型的魅力展现得淋漓尽致。本片充满了希望与力量，在国际影展上备受瞩目。
晨曦光明的旅程 A Love of the Soul,https://movie.douban.com/subject/1001639/,伊藤雄大,赵峰龙,刘峰文 / John Garcia / 王国建 / ...,爱情,南非,日语,2008-04-08(金棕榈奖) / 2008-07-02(国际),130分钟,晨曦光明的旅程(韩),tt3625542,7.6,60255,51.00%,29.00%,12.70%,3.90%,3.40%,《晨曦光明的旅程》是一部探讨科技的边界的感人电影。故事发生在古代的王朝，一位孤独的老人改变了世界的格局。在伊藤雄大的执导下，配乐动人心弦，导演手法独特，将爱情类型的魅力展现得淋漓尽致。本片展现了人性的光辉，在国际影展上备受瞩目。
孤独的承诺的救赎 Last Lie of the Soul,https://movie.douban.com/subject/1001640/,周国志,Robert Jones / 王伟杰,李文华 / 高桥雄大 / Steven Johnson / ...,爱情 / 悬疑,埃及,西班牙语,2013-10-09(多伦多电影节) / 2013-11-16(国际),150分钟,孤独的承诺的救赎(陆),tt7610438,6.5,48803,42.70%,31.90%,13.70%,5.50%,6.20%,《孤独的承诺的救赎》是一部探讨正义的坚守的感人电影。故事发生在广袤的沙漠，一位年轻的冒险家突破了自我的极限。在周国志的执导下，视觉效果震撼，细节处理到位，将爱情类型的魅力展现得淋漓尽致。本片展现了人性的光辉，展现了电影艺术的无限可能。
过去的恐惧之下 Found Life of the Soul,https://movie.douban.com/subject/1001641/,黄明强,Steven Smith / 王辉军,刘鹏明 / Steven Brown / James Smith / ...,动作,南非,西班牙语,1970-07-10(伦敦电影节) / 1970-07-28(国际),155分钟,过去的恐惧之下(马) / 过去的恐惧之下纪念版,tt9582497,7.3,20668,48.80%,29.90%,11.20%,6.50%,3.60%,《过去的恐惧之下》是一部探讨战争的残酷的深刻电影。故事发生在战火纷飞的年代，一名失意的作家战胜了内心的恐惧。在黄明强的执导下，寓意深远悠长，细节处理到位，将动作类型的魅力展现得淋漓尽致。本片温暖而治愈，展现了电影艺术的无限可能。
最后的灵魂的约定 A Life at Dusk,https://movie.douban.com/subject/1001642/,Steven Williams,王建强 / 周辉文 / Paul Wilson,周伟军 / 周龙军 / 黄平伟 / ...,剧情 / 历史,美国 / 德国,英语 / 西班牙语,1975-01-28(莫斯科电影节) / 1975-02-19(国际),95分钟,最后的灵魂的约定(日),tt3560106,8.4,429438,69.70%,17.30%,7.20%,3.70%,2.10%,《最后的灵魂的约定》是一部探讨时间的意义的细腻电影。故事发生在战火纷飞的年代，一对失散多年的兄弟跨越了时空的界限。在Steven的执导下，细节处理到位，表演真挚感人，将剧情类型的魅力展现得淋漓尽致。本片是一部不可多得的佳作，在国际影展上备受瞩目。
喧嚣的谎言 Final Fear at Dusk,https://movie.douban.com/subject/1001643/,铃木大辅,王超龙 / George Brown / 佐藤拓也,刘军杰 / 姜英承 / 佐藤大辅 / ...,喜剧,以色列 / 中国香港 / 德国,法语,1973-01-28(柏林电影节) / 1973-01-04(国际),155分钟,喧嚣的谎言导演剪辑版,tt7107899,7,84304,46.40%,29.60%,12.70%,6.60%,4.70%,《喧嚣的谎言》是一部探讨爱情的真谛的细腻电影。故事发生在浪漫的海边小镇，一对相爱的恋人改变了世界的格局。在铃木大辅的执导下，寓意深远悠长，剧情扣人心弦，将喜剧类型的魅力展现得淋漓尽致。本片展现了人性的光辉，获得了观众的一致好评。
星辰英雄的传说 Our Promise to the Future,https://movie.douban.com/subject/1001644/,刘龙峰,李志龙,周明伟 / James Garcia / 黄文峰 / ...,爱情 / 黑色电影 / 家庭,巴西,葡萄牙语 / 英语,2019-06-18(圣丹斯电影节) / 2019-09-11(国际),250分钟,星辰英雄的传说纪念版,tt3854927,6.8,33583,41.10%,38.00%,11.40%,5.50%,4.00%,《星辰英雄的传说》是一部探讨爱情的真谛的感人电影。故事发生在虚拟的网络空间，一个破碎的家庭踏上了一段改变命运的旅程。在刘龙峰的执导下，表演真挚感人，气氛营造出色，将爱情类型的魅力展现得淋漓尽致。本片值得反复品味，展现了电影艺术的无限可能。
追寻旅程的审判 Found Journey of the Soul,https://movie.douban.com/subject/1001645/,Christopher Brown,张俊恩 / 赵鹏志 / David Smith,David Rodriguez / 李浩恩 / 崔俊珍 / ...,恐怖 / 动作,印度,泰米尔语 / 印地语,1980-04-02(奥斯卡金像奖) / 1980-07-03(国际),95分钟,追寻旅程的审判(陆),tt4192537,8.5,586483,85.60%,5%,4.40%,2.80%,2.20%,《追寻旅程的审判》是一部探讨成长的烦恼的宏大电影。故事发生在雨林的深处，一对相爱的恋人揭开了一个深藏多年的秘密。在Christopher的执导下，剧情扣人心弦，寓意深远悠长，将恐怖类型的魅力展现得淋漓尽致。本片充满了希望与力量，展现了电影艺术的无限可能。
风雨远方的审判 Their Love of the Soul,https://movie.douban.com/subject/1001646/,姜英敏,佐藤健一,James Rodriguez / Paul Williams / 铃木诚 / ...,动作 / 情色 / 古装,爱尔兰,英语,2021-01-05(上海电影节) / 2021-02-01(国际),200分钟,风雨远方的审判(陆),tt5209327,8.4,129826,70.30%,19.70%,5.00%,3.40%,1.60%,《风雨远方的审判》是一部探讨战争的残酷的宏大电影。故事发生在奇幻的魔法世界，一名失意的作家踏上了一段改变命运的旅程。在姜英敏的执导下，气氛营造出色，情感表达细腻，将动作类型的魅力展现得淋漓尽致。本片触动人心深处，在国际影展上备受瞩目。
冰冷的命运的痕迹 My Fear from the Past,https://movie.douban.com/subject/1001647/,张军强,赵建明 / 伊藤凉平 / 尹贤浩,Paul Brown / 赵华建 / 崔贤哲 / ...,爱情 / 歌舞,英国,英语 / 法语,2019-08-13(奥斯卡金像奖) / 2019-08-02(国际),210分钟,冰冷的命运的痕迹(日),tt8515726,7.8,149923,66.70%,20.20%,8.10%,3.00%,2.00%,《冰冷的命运的痕迹》是一部探讨正义的坚守的感人电影。故事发生在奇幻的魔法世界，一对失散多年的兄弟踏上了一段改变命运的旅程。在张军强的执导下，思想内涵深刻，寓意深远悠长，将爱情类型的魅力展现得淋漓尽致。本片温暖而治愈，展现了电影艺术的无限可能。
追寻束缚的证明 Their Death,https://movie.douban.com/subject/1001648/,渡边凉平,Robert Rodriguez / 赵俊英,斋藤凉平 / David Johnson / 佐藤太郎 / ...,武侠 / 动画 / 剧情,丹麦,西班牙语,1992-07-15(奥斯卡金像奖) / 1992-07-13(国际),145分钟,追寻束缚的证明(港),tt9837413,8.1,269501,63.90%,24.40%,6.60%,2.50%,2.60%,《追寻束缚的证明》是一部探讨自由的渴望的感人电影。故事发生在极地的冰雪世界，一对失散多年的兄弟坚守了一个重要的承诺。在渡边凉平的执导下，配乐动人心弦，剧情扣人心弦，将武侠类型的魅力展现得淋漓尽致。本片值得推荐给所有人，展现了电影艺术的无限可能。
海洋记忆之上 Our Hope from the Past,https://movie.douban.com/subject/1001649/,杨国伟,黄杰杰 / 中村次郎 / George Rodriguez,黄鹏平 / 黄军龙 / Robert Williams / ...,爱情 / 运动 / 喜剧,波兰,法语,2010-06-22(金球奖) / 2010-06-12(国际),110分钟,,tt9720319,7,44915,45.00%,29.70%,14.00%,5.60%,5.70%,《海洋记忆之上》是一部探讨命运的挑战的宏大电影。故事发生在虚拟的网络空间，一群志同道合的朋友坚守了一个重要的承诺。在杨国伟的执导下，情感表达细腻，气氛营造出色，将爱情类型的魅力展现得淋漓尽致。本片值得推荐给所有人，在国际影展上备受瞩目。
晨曦英雄的旅程 Last Truth in the Dark,https://movie.douban.com/subject/1001650/,林哲浩,Peter Miller / 李英英,吴建超 / 张平超 / 佐藤诚 / ...,剧情 / 音乐 / 传记,日本,日语 / 英语,2018-04-04(东京电影节) / 2018-04-03(国际),185分钟,晨曦英雄的旅程(日) / 晨曦英雄的旅程纪念版,tt7861316,8,358161,65.00%,23.10%,6.90%,2.90%,2.10%,《晨曦英雄的旅程》是一部探讨梦想的追求的细腻电影。故事发生在繁华的都市，一名勇敢的战士突破了自我的极限。在林哲浩的执导下，配乐动人心弦，情感表达细腻，将剧情类型的魅力展现得淋漓尽致。本片触动人心深处，在国际影展上备受瞩目。
遗忘的谎言的救赎 My Life to the Future,https://movie.douban.com/subject/1001651/,陈鹏华,李承英 / Robert Wilson,张军伟 / 赵恩哲 / 渡边凉平 / ...,剧情 / 情色,以色列,英语,2014-01-14(莫斯科电影节) / 2014-01-25(国际),105分钟,遗忘的谎言的救赎(新) / 遗忘的谎言的救赎修复版,tt5809266,8.1,308383,62.50%,20.90%,10.50%,3.90%,2.20%,《遗忘的谎言的救赎》是一部探讨真相的揭露的感人电影。故事发生在末日后的废墟，一名勇敢的战士发现了一个惊人的真相。在陈鹏华的执导下，配乐动人心弦，寓意深远悠长，将剧情类型的魅力展现得淋漓尽致。本片值得反复品味，展现了电影艺术的无限可能。
荒野秘密之内 Found Hope of the Soul,https://movie.douban.com/subject/1001652/,刘建建,刘强超 / 李国建 / 朴英恩,张明辉 / 陈鹏龙 / 周伟伟 / ...,动作 / 犯罪,埃及 / 越南 / 意大利,汉语普通话,1993-06-01(威尼斯电影节) / 1993-08-12(国际),145分钟,荒野秘密之内(台) / 荒野秘密之内加长版,tt5578513,9.6,2313032,87.70%,5%,2.30%,3.30%,1.70%,《荒野秘密之内》是一部探讨正义的坚守的深刻电影。故事发生在深邃的海洋，一名神秘的陌生人战胜了内心的恐惧。在刘建建的执导下，思想内涵深刻，寓意深远悠长，将动作类型的魅力展现得淋漓尽致。本片充满了希望与力量，在国际影展上备受瞩目。
城市梦境的痕迹 Their Promise of the Soul,https://movie.douban.com/subject/1001653/,斋藤诚,李哲浩 / 金哲英,赵辉文 / 刘华建 / 田中健一 / ...,科幻,中国香港 / 瑞士 / 西班牙,粤语 / 英语 / 西班牙语,2005-07-01(莫斯科电影节) / 2005-09-08(国际),195分钟,城市梦境的痕迹(韩) / 城市梦境的痕迹导演剪辑版,tt8998507,7.6,144957,58.10%,22.30%,10.40%,5.40%,3.80%,《城市梦境的痕迹》是一部探讨友谊的力量的震撼电影。故事发生在深邃的太空，一位坚强的女性坚守了一个重要的承诺。在斋藤诚的执导下，思想内涵深刻，剧情扣人心弦，将科幻类型的魅力展现得淋漓尽致。本片展现了人性的光辉，在国际影展上备受瞩目。
星辰现实的歌声 Your Hate from the Past,https://movie.douban.com/subject/1001654/,王明辉,陈杰国 / 郑恩敏 / 张国明,渡边大辅 / 伊藤翔太 / Christopher Rodriguez / ...,科幻,印度,印地语 / 英语,2000-02-15(柏林电影节) / 2000-05-24(国际),95分钟,星辰现实的歌声(马),tt7609764,6.1,12793,37.30%,43.10%,12.60%,3.50%,3.50%,《星辰现实的歌声》是一部探讨自然的敬畏的宏大电影。故事发生在古代的王朝，一位孤独的老人找到了生命的真谛。在王明辉的执导下，剧情扣人心弦，细节处理到位，将科幻类型的魅力展现得淋漓尽致。本片值得反复品味，展现了电影艺术的无限可能。
天空家庭之间 My Dream of the Soul,https://movie.douban.com/subject/1001655/,Paul Miller,张敏恩,Peter Williams / Paul Wilson / 铃木三郎 / ...,爱情,奥地利,日语,1990-07-11(圣丹斯电影节) / 1990-07-11(国际),185分钟,天空家庭之间(台) / 天空家庭之间加长版,tt1098638,8.4,401596,61.70%,21.10%,10.70%,2.90%,3.60%,《天空家庭之间》是一部探讨人性的探索的细腻电影。故事发生在繁华的都市，一个破碎的家庭面对了一场前所未有的挑战。在Paul的执导下，节奏把控精准，思想内涵深刻，将爱情类型的魅力展现得淋漓尽致。本片值得推荐给所有人，展现了电影艺术的无限可能。
记忆中的信念的中心 Found Death at Dusk,https://movie.douban.com/subject/1001656/,伊藤拓也,周强龙 / 尹智俊,高桥三郎 / Michael Rodriguez / 赵珍敏 / ...,剧情,比利时 / 瑞士 / 奥地利,汉语普通话,1985-02-25(釜山电影节) / 1985-05-21(国际),120分钟,记忆中的信念的中心(陆) / 记忆中的信念的中心修复版,tt8734555,8.7,376134,74.40%,15.60%,5.00%,2.90%,2.10%,《记忆中的信念的中心》是一部探讨爱情的真谛的细腻电影。故事发生在末日后的废墟，一名勇敢的战士实现了曾经的梦想。在伊藤拓也的执导下，视觉效果震撼，节奏把控精准，将剧情类型的魅力展现得淋漓尽致。本片展现了电影的魅力，获得了观众的一致好评。
风雨英雄的誓言 First Lie of the Soul,https://movie.douban.com/subject/1001657/,David Davis,周国平 / Christopher Rodriguez / 陈文强,周杰鹏 / 陈龙鹏 / Christopher Garcia / ...,爱情,挪威,汉语普通话,1985-10-22(东京电影节) / 1985-11-22(国际),220分钟,风雨英雄的誓言(韩) / 风雨英雄的誓言导演剪辑版 / Hero,tt4064390,7.7,168569,64.80%,19.00%,11.10%,3.40%,1.70%,《风雨英雄的誓言》是一部探讨空间的奥秘的细腻电影。故事发生在一个遥远的小镇，一名勇敢的战士踏上了一段改变命运的旅程。在David的执导下，细节处理到位，寓意深远悠长，将爱情类型的魅力展现得淋漓尽致。本片展现了人性的光辉，获得了观众的一致好评。
永恒的空间之内 Their Love at Dawn,https://movie.douban.com/subject/1001658/,George Smith,赵强伟 / 张敏恩 / 李强超,Peter Miller / 铃木翔太 / 赵浩浩 / ...,科幻 / 真人秀 / 悬疑,丹麦 / 荷兰,法语,1993-05-18(巴黎电影节) / 1993-07-20(国际),195分钟,永恒的空间之内(日),tt9034024,8.3,280542,58.80%,28.50%,6.80%,3.90%,2.00%,《永恒的空间之内》是一部探讨真相的揭露的震撼电影。故事发生在未来的世界，一对失散多年的兄弟战胜了内心的恐惧。在George的执导下，视觉效果震撼，表演真挚感人，将科幻类型的魅力展现得淋漓尽致。本片温暖而治愈，展现了电影艺术的无限可能。
现在的秘密之间 A Dream from the Past,https://movie.douban.com/subject/1001659/,尹敏贤,李明华 / 高桥大辅,中村雄大 / 刘志峰 / 李鹏超 / ...,科幻 / 奇幻,中国台湾,闽南语 / 汉语普通话,2014-06-26(东京电影节) / 2014-06-01(国际),115分钟,现在的秘密之间导演剪辑版 / Secret,tt6375709,9.4,2018915,91.00%,5%,2%,1.10%,0.90%,《现在的秘密之间》是一部探讨记忆的珍贵的感人电影。故事发生在战火纷飞的年代，一名失意的作家改变了世界的格局。在尹敏贤的执导下，细节处理到位，情感表达细腻，将科幻类型的魅力展现得淋漓尽致。本片令人难以忘怀，获得了观众的一致好评。
天空绝望之下 Our Truth at Dusk,https://movie.douban.com/subject/1001660/,赵恩智,田中雄大 / 张超建 / Robert Williams,周峰峰 / 铃木三郎 / 杨伟国 / ...,科幻 / 历史 / 家庭,中国大陆 / 以色列,汉语普通话 / 英语,2017-01-01(多伦多电影节) / 2017-02-06(国际),185分钟,天空绝望之下(日),tt4104830,9.4,1976724,92.40%,5%,2%,0.50%,0.10%,《天空绝望之下》是一部探讨友谊的力量的深刻电影。故事发生在未来的世界，一对相爱的恋人突破了自我的极限。在赵恩智的执导下，表演真挚感人，剧情扣人心弦，将科幻类型的魅力展现得淋漓尽致。本片具有很高的艺术价值，在国际影展上备受瞩目。
记忆中的战争的歌声 Lost Hope in the Dark,https://movie.douban.com/subject/1001661/,佐藤三郎,张鹏鹏 / 王华华 / Peter Davis,张超峰 / David Wilson / 刘杰文 / ...,喜剧,阿根廷,西班牙语,1982-06-09(罗马电影节) / 1982-07-23(国际),180分钟,记忆中的战争的歌声(马) / 记忆中的战争的歌声特别版,tt9461276,7.6,127638,65.20%,17.90%,9.40%,3.10%,4.40%,《记忆中的战争的歌声》是一部探讨战争的残酷的深刻电影。故事发生在险峻的高山之巅，一位孤独的老人面对了一场前所未有的挑战。在佐藤三郎的执导下，情感表达细腻，配乐动人心弦，将喜剧类型的魅力展现得淋漓尽致。本片让人思考良久，展现了电影艺术的无限可能。
黄昏承诺的审判 Their Hope to the Future,https://movie.douban.com/subject/1001662/,赵龙杰,赵建文 / 小林拓也 / 田中翔太,周文峰 / 周建龙 / Christopher Williams / ...,爱情 / 儿童,埃及 / 俄罗斯,西班牙语,2016-09-28(柏林电影节) / 2016-11-03(国际),250分钟,Promise,tt9448364,8.8,410097,77.40%,12.60%,5.00%,2.80%,2.20%,《黄昏承诺的审判》是一部探讨空间的奥秘的感人电影。故事发生在虚拟的网络空间，一位年轻的冒险家找到了生命的真谛。在赵龙杰的执导下，情感表达细腻，节奏把控精准，将爱情类型的魅力展现得淋漓尽致。本片展现了电影的魅力，在国际影展上备受瞩目。
迷失的真相之上 Your Journey at Dusk,https://movie.douban.com/subject/1001663/,佐藤凉平,朴珍秀 / James Jones,山田凉平 / 周峰伟 / James Johnson / ...,爱情,波兰,汉语普通话,2016-06-27(威尼斯电影节) / 2016-07-20(国际),110分钟,,tt7208166,6.6,43307,33.50%,34.20%,19.10%,7.60%,5.60%,《迷失的真相之上》是一部探讨自然的敬畏的震撼电影。故事发生在深邃的太空，一对相爱的恋人战胜了内心的恐惧。在佐藤凉平的执导下，思想内涵深刻，剧情扣人心弦，将爱情类型的魅力展现得淋漓尽致。本片温暖而治愈，在国际影展上备受瞩目。
最后的希望的抉择 Lost Fear,https://movie.douban.com/subject/1001664/,郑哲承,吴辉明,David Rodriguez / 王强峰 / 黄明华 / ...,家庭 / 动作 / 传记,中国香港,粤语 / 英语,2014-07-17(伦敦电影节) / 2014-08-25(国际),90分钟,最后的希望的抉择(新) / 最后的希望的抉择修复版,tt8561698,7.4,62483,41.40%,38.00%,10.40%,5.20%,5.00%,《最后的希望的抉择》是一部探讨成长的烦恼的感人电影。故事发生在虚拟的网络空间，一对相爱的恋人面对了一场前所未有的挑战。在郑哲承的执导下，寓意深远悠长，情感表达细腻，将家庭类型的魅力展现得淋漓尽致。本片会成为经典之作，在国际影展上备受瞩目。
黄昏灵魂的救赎 Found Hope to the Future,https://movie.douban.com/subject/1001665/,黄国辉,周建强 / 佐藤翔太 / 佐藤翔太,赵峰杰 / 吴强文 / 中村凉平 / ...,动作 / 真人秀 / 神话,新西兰,法语,1974-02-10(上海电影节) / 1974-04-28(国际),250分钟,黄昏灵魂的救赎(陆),tt5331976,6.8,24047,33.80%,35.80%,19.60%,5.40%,5.40%,《黄昏灵魂的救赎》是一部探讨和平的珍贵的感人电影。故事发生在极地的冰雪世界，一位孤独的老人守护了珍贵的东西。在黄国辉的执导下，寓意深远悠长，节奏把控精准，将动作类型的魅力展现得淋漓尽致。本片触动人心深处，展现了电影艺术的无限可能。
未来的死亡的证明 My Hate to the Future,https://movie.douban.com/subject/1001666/,Michael Wilson,郑秀承,斋藤拓也 / Christopher Johnson / 杨建杰 / ...,科幻,西班牙 / 土耳其,西班牙语,1996-02-20(上海电影节) / 1996-02-15(国际),95分钟,未来的死亡的证明(韩),tt6489541,9.1,901820,92.40%,5%,2%,0.50%,0.10%,《未来的死亡的证明》是一部探讨记忆的珍贵的细腻电影。故事发生在战火纷飞的年代，一位坚强的女性完成了一次自我的救赎。在Michael的执导下，剧情扣人心弦，思想内涵深刻，将科幻类型的魅力展现得淋漓尽致。本片值得反复品味，展现了电影艺术的无限可能。
永恒的现实之内 Your Life,https://movie.douban.com/subject/1001667/,李辉峰,Peter Garcia / 李敏英 / Paul Wilson,Peter Smith / 山田凉平 / George Johnson / ...,喜剧,波兰,日语,2004-06-16(巴黎电影节) / 2004-08-11(国际),95分钟,永恒的现实之内(台),tt8518230,8.3,197621,60.80%,26.80%,7.00%,3.60%,1.80%,《永恒的现实之内》是一部探讨空间的奥秘的震撼电影。故事发生在深邃的海洋，一对相爱的恋人揭开了一个深藏多年的秘密。在李辉峰的执导下，配乐动人心弦，剧情扣人心弦，将喜剧类型的魅力展现得淋漓尽致。本片温暖而治愈，在国际影展上备受瞩目。
冰冷的梦境 Their Journey at Dawn,https://movie.douban.com/subject/1001668/,吴龙华,赵秀秀 / 刘文峰 / 陈平杰,陈建强 / 李俊恩 / 赵军华 / ...,喜剧 / 舞台艺术 / 西部,爱尔兰,西班牙语,1976-02-08(威尼斯电影节) / 1976-02-24(国际),105分钟,冰冷的梦境(新) / 冰冷的梦境修复版,tt2738609,6.5,45808,42.50%,33.30%,15.60%,5.80%,2.80%,《冰冷的梦境》是一部探讨时间的意义的宏大电影。故事发生在奇幻的魔法世界，一位孤独的老人面对了一场前所未有的挑战。在吴龙华的执导下，视觉效果震撼，细节处理到位，将喜剧类型的魅力展现得淋漓尽致。本片充满了希望与力量，展现了电影艺术的无限可能。
未来的肉体的誓言 The Dream in the Dark,https://movie.douban.com/subject/1001669/,吴杰峰,朴承贤 / Christopher Davis / 陈杰龙,吴辉强 / 刘军华 / James Williams / ...,动作 / 历史,越南,汉语普通话,2017-10-12(戛纳电影节) / 2017-10-10(国际),185分钟,未来的肉体的誓言加长版,tt2445700,8,240003,73.70%,16.30%,5.00%,2.50%,2.50%,《未来的肉体的誓言》是一部探讨记忆的珍贵的细腻电影。故事发生在神秘的异域，一群志同道合的朋友战胜了内心的恐惧。在吴杰峰的执导下，视觉效果震撼，思想内涵深刻，将动作类型的魅力展现得淋漓尽致。本片是一部不可多得的佳作，获得了观众的一致好评。
海洋死亡的回声 Found Hope at Dusk,https://movie.douban.com/subject/1001670/,吴明明,朴珍俊 / 吴志国,山田太郎 / Paul Jones / 金浩智 / ...,运动 / 爱情 / 歌舞,韩国,韩语 / 英语,2008-08-18(圣丹斯电影节) / 2008-08-25(国际),150分钟,海洋死亡的回声(新) / 海洋死亡的回声特别版,tt1728099,7.8,190176,53.00%,25.90%,14.00%,3.70%,3.40%,《海洋死亡的回声》是一部探讨和平的珍贵的震撼电影。故事发生在末日后的废墟，一名失意的作家守护了珍贵的东西。在吴明明的执导下，配乐动人心弦，影片画面精美，将运动类型的魅力展现得淋漓尽致。本片温暖而治愈，在国际影展上备受瞩目。
城市秘密的旅程 My Promise at Dawn,https://movie.douban.com/subject/1001671/,李恩恩,斋藤健一 / 刘龙军 / 杨辉国,尹哲珍 / 王辉峰 / 赵超杰 / ...,喜剧,土耳其,汉语普通话,2024-02-15(伦敦电影节) / 2024-03-01(国际),175分钟,城市秘密的旅程(日) / 城市秘密的旅程导演剪辑版,tt3206927,6.3,11822,42.30%,29.10%,18.60%,5.30%,4.70%,《城市秘密的旅程》是一部探讨命运的挑战的宏大电影。故事发生在险峻的高山之巅，一位智慧的导师找到了生命的真谛。在李恩恩的执导下，寓意深远悠长，剧情扣人心弦，将喜剧类型的魅力展现得淋漓尽致。本片令人难以忘怀，在国际影展上备受瞩目。
现在的束缚的传说 Final Truth at Dusk,https://movie.douban.com/subject/1001672/,陈强强,李明辉,中村三郎 / 赵杰明 / 赵超国 / ...,剧情 / 武侠 / 运动,加拿大,英语 / 法语,1989-06-09(金棕榈奖) / 1989-09-14(国际),155分钟,现在的束缚的传说(日) / 现在的束缚的传说导演剪辑版,tt4605246,7.8,155539,53.80%,24.20%,14.60%,3.60%,3.80%,《现在的束缚的传说》是一部探讨战争的残酷的深刻电影。故事发生在一个遥远的小镇，一个破碎的家庭发现了一个惊人的真相。在陈强强的执导下，剧情扣人心弦，节奏把控精准，将剧情类型的魅力展现得淋漓尽致。本片是一部不可多得的佳作，在国际影展上备受瞩目。
冰冷的承诺的回声 Last Death in the Dark,https://movie.douban.com/subject/1001673/,林贤珍,李平辉 / 田中次郎 / David Jones,张杰明 / 佐藤三郎 / Christopher Davis / ...,黑色电影 / 科幻 / 犯罪,匈牙利 / 德国 / 芬兰,西班牙语,1983-08-27(金球奖) / 1983-11-06(国际),105分钟,冰冷的承诺的回声(新) / 冰冷的承诺的回声特别版,tt3271927,9.6,1360012,92.30%,5%,2%,0.50%,0.20%,《冰冷的承诺的回声》是一部探讨正义的坚守的宏大电影。故事发生在奇幻的魔法世界，一名勇敢的战士发现了一个惊人的真相。在林贤珍的执导下，影片画面精美，情感表达细腻，将黑色电影类型的魅力展现得淋漓尽致。本片展现了人性的光辉，在国际影展上备受瞩目。
荒野梦想的传说 The Death in the Dark,https://movie.douban.com/subject/1001674/,James Wilson,George Wilson,张浩敏 / 渡边大辅 / James Brown / ...,喜剧,中国台湾,闽南语 / 汉语普通话,1989-02-21(多伦多电影节) / 1989-03-25(国际),155分钟,荒野梦想的传说(港),tt8975868,6.7,44446,37.00%,42.20%,12.80%,4.60%,3.40%,《荒野梦想的传说》是一部探讨生命的价值的细腻电影。故事发生在浪漫的海边小镇，一个天真的孩子经历了一次深刻的心灵洗礼。在James的执导下，剧情扣人心弦，表演真挚感人，将喜剧类型的魅力展现得淋漓尽致。本片是一部不可多得的佳作，获得了观众的一致好评。
燃烧的怀疑的边缘 Your Life in the Dark,https://movie.douban.com/subject/1001675/,刘国平,刘峰强,小林三郎 / 李国伟 / 李志平 / ...,动作 / 犯罪 / 真人秀,西班牙,英语,1977-12-26(威尼斯电影节) / 1977-12-25(国际),250分钟,,tt3363385,8.3,465966,64.30%,20.00%,8.20%,4.60%,2.90%,《燃烧的怀疑的边缘》是一部探讨文化的碰撞的深刻电影。故事发生在宁静的乡村，一对相爱的恋人踏上了一段改变命运的旅程。在刘国平的执导下，寓意深远悠长，表演真挚感人，将动作类型的魅力展现得淋漓尽致。本片具有很高的艺术价值，获得了观众的一致好评。
月光承诺的救赎 Found Journey of the Soul,https://movie.douban.com/subject/1001676/,高桥凉平,陈志文,张哲恩 / John Jones / 黄龙强 / ...,动作 / 恐怖 / 惊悚,南非,日语,1997-07-15(多伦多电影节) / 1997-08-14(国际),160分钟,月光承诺的救赎(马) / 月光承诺的救赎导演剪辑版 / Promise,tt2023354,6.6,49529,42.90%,37.50%,13.60%,3.30%,2.70%,《月光承诺的救赎》是一部探讨命运的挑战的细腻电影。故事发生在险峻的高山之巅，一对失散多年的兄弟发现了一个惊人的真相。在高桥凉平的执导下，表演真挚感人，思想内涵深刻，将动作类型的魅力展现得淋漓尽致。本片具有很高的艺术价值，获得了观众的一致好评。
太阳束缚 Their Truth in the Dark,https://movie.douban.com/subject/1001677/,林贤恩,赵伟建 / George Johnson,Michael Johnson / 杨杰峰 / 朴贤英 / ...,喜剧 / 情色 / 惊悚,西班牙,汉语普通话,2019-01-21(金球奖) / 2019-03-28(国际),95分钟,太阳束缚(马),tt9404379,9.4,2503515,85.40%,5%,4.60%,2.50%,2.50%,《太阳束缚》是一部探讨真相的揭露的深刻电影。故事发生在末日后的废墟，一位坚强的女性战胜了内心的恐惧。在林贤恩的执导下，配乐动人心弦，寓意深远悠长，将喜剧类型的魅力展现得淋漓尽致。本片让人思考良久，获得了观众的一致好评。
天空希望的誓言 Final Hope,https://movie.douban.com/subject/1001678/,伊藤雄大,Christopher Brown / 吴辉明,渡边健一 / 黄平杰 / 吴明军 / ...,剧情 / 舞台艺术,墨西哥,西班牙语,1996-05-16(釜山电影节) / 1996-07-23(国际),200分钟,天空希望的誓言(日) / 天空希望的誓言特别版 / Hope,tt9792383,6.7,32467,41.50%,39.20%,12.00%,4.00%,3.30%,《天空希望的誓言》是一部探讨生命的价值的宏大电影。故事发生在末日后的废墟，一位坚强的女性改变了世界的格局。在伊藤雄大的执导下，表演真挚感人，气氛营造出色，将剧情类型的魅力展现得淋漓尽致。本片展现了人性的光辉，获得了观众的一致好评。
未来的秘密的回声 Their Death of the Soul,https://movie.douban.com/subject/1001679/,山田诚,Steven Williams / Christopher Johnson / 张珍哲,吴华明 / 佐藤太郎 / 赵杰龙 / ...,剧情,美国,英语,1988-05-21(多伦多电影节) / 1988-06-18(国际),190分钟,未来的秘密的回声(台),tt7901007,8.9,863518,80.50%,9.50%,5.00%,2.60%,2.40%,《未来的秘密的回声》是一部探讨人性的探索的震撼电影。故事发生在未来的世界，一位孤独的老人跨越了时空的界限。在山田诚的执导下，视觉效果震撼，导演手法独特，将剧情类型的魅力展现得淋漓尽致。本片值得反复品味，获得了观众的一致好评。
沉默的选择的中心 First Journey in the Dark,https://movie.douban.com/subject/1001680/,李俊承,赵俊贤,张志军 / 张鹏平 / 林秀俊 / ...,剧情,比利时,汉语普通话,1990-05-12(金球奖) / 1990-08-18(国际),175分钟,沉默的选择的中心(韩),tt4920608,8.6,767155,79.50%,10.30%,5.20%,2.80%,2.20%,《沉默的选择的中心》是一部探讨自然的敬畏的震撼电影。故事发生在险峻的高山之巅，一个天真的孩子跨越了时空的界限。在李俊承的执导下，导演手法独特，影片画面精美，将剧情类型的魅力展现得淋漓尽致。本片令人难以忘怀，展现了电影艺术的无限可能。
风雨勇气的审判 Lost Death at Dusk,https://movie.douban.com/subject/1001681/,小林雄大,Peter Smith / James Jones / Christopher Garcia,朴智智 / 崔贤英 / 刘志峰 / ...,剧情,阿根廷,日语,2018-03-25(威尼斯电影节) / 2018-04-10(国际),130分钟,风雨勇气的审判(港),tt6363629,6.8,20106,35.00%,38.30%,14.90%,7.60%,4.20%,《风雨勇气的审判》是一部探讨真相的揭露的震撼电影。故事发生在深邃的海洋，一名神秘的陌生人跨越了时空的界限。在小林雄大的执导下，思想内涵深刻，情感表达细腻，将剧情类型的魅力展现得淋漓尽致。本片温暖而治愈，获得了观众的一致好评。
黄昏命运的誓言 Our Truth from the Past,https://movie.douban.com/subject/1001682/,佐藤雄大,吴文强 / Steven Wilson,佐藤大辅 / Peter Rodriguez / 陈志峰 / ...,动作 / 恐怖,捷克,日语,2011-04-22(罗马电影节) / 2011-04-12(国际),150分钟,黄昏命运的誓言(马),tt3243216,8.7,822747,78.20%,11.80%,5.00%,3.30%,1.70%,《黄昏命运的誓言》是一部探讨成长的烦恼的感人电影。故事发生在极地的冰雪世界，一个破碎的家庭实现了曾经的梦想。在佐藤雄大的执导下，气氛营造出色，视觉效果震撼，将动作类型的魅力展现得淋漓尽致。本片值得推荐给所有人，获得了观众的一致好评。
风雨故乡的中心 A Secret of the Soul,https://movie.douban.com/subject/1001683/,刘建平,田中翔太 / Peter Smith / 高桥太郎,杨志龙 / 赵明军 / 吴华建 / ...,爱情 / 黑色电影,巴西,葡萄牙语 / 英语,1996-08-23(上海电影节) / 1996-10-04(国际),155分钟,,tt8253323,6.1,14740,43.80%,33.20%,14.00%,5.40%,3.60%,《风雨故乡的中心》是一部探讨爱情的真谛的宏大电影。故事发生在繁华的都市，一位孤独的老人发现了一个惊人的真相。在刘建平的执导下，导演手法独特，影片画面精美，将爱情类型的魅力展现得淋漓尽致。本片让人思考良久，展现了电影艺术的无限可能。
喧嚣的家庭之间 First Lie to the Future,https://movie.douban.com/subject/1001684/,山田大辅,George Miller / 小林大辅,Michael Miller / 崔珍承 / Christopher Brown / ...,爱情 / 运动,奥地利,英语,1986-10-02(东京电影节) / 1986-12-28(国际),130分钟,喧嚣的家庭之间(马) / 喧嚣的家庭之间修复版,tt8609746,7.3,79897,46.90%,27.90%,14.50%,6.80%,3.90%,《喧嚣的家庭之间》是一部探讨文化的碰撞的宏大电影。故事发生在深邃的海洋，一对相爱的恋人揭开了一个深藏多年的秘密。在山田大辅的执导下，细节处理到位，剧情扣人心弦，将爱情类型的魅力展现得淋漓尽致。本片充满了希望与力量，在国际影展上备受瞩目。
沉默的家庭的痕迹 Final Fear in the Dark,https://movie.douban.com/subject/1001685/,李峰军,赵超超 / 朴珍浩 / 斋藤健一,中村健一 / Michael Williams / 黄超平 / ...,儿童 / 舞台艺术 / 爱情,土耳其,西班牙语,1971-12-14(多伦多电影节) / 1971-12-18(国际),125分钟,沉默的家庭的痕迹特别版,tt6420743,7.7,111686,56.80%,29.50%,7.80%,2.70%,3.20%,《沉默的家庭的痕迹》是一部探讨时间的意义的感人电影。故事发生在宁静的乡村，一名失意的作家完成了一次自我的救赎。在李峰军的执导下，影片画面精美，思想内涵深刻，将儿童类型的魅力展现得淋漓尽致。本片是一部不可多得的佳作，展现了电影艺术的无限可能。
冰冷的敌人的约定 Your Love at Dusk,https://movie.douban.com/subject/1001686/,斋藤拓也,金敏贤 / 高桥太郎 / 姜承智,铃木翔太 / 佐藤翔太 / 张浩浩 / ...,科幻 / 儿童 / 西部,墨西哥,西班牙语,2024-11-20(戛纳电影节) / 2024-11-15(国际),200分钟,,tt7058776,8.1,483465,73.40%,16.60%,5.00%,2.10%,2.90%,《冰冷的敌人的约定》是一部探讨爱情的真谛的震撼电影。故事发生在虚拟的网络空间，一个破碎的家庭揭开了一个深藏多年的秘密。在斋藤拓也的执导下，表演真挚感人，节奏把控精准，将科幻类型的魅力展现得淋漓尽致。本片温暖而治愈，展现了电影艺术的无限可能。
城市陌生人的歌声 Last Fear from the Past,https://movie.douban.com/subject/1001687/,中村三郎,王鹏建 / 朴俊智 / 陈明强,田中三郎 / 刘建军 / 高桥次郎 / ...,科幻,比利时,汉语普通话,2016-01-16(上海电影节) / 2016-01-05(国际),175分钟,城市陌生人的歌声4K修复版,tt5968111,7.3,84441,46.90%,36.60%,8.40%,4.60%,3.50%,《城市陌生人的歌声》是一部探讨身份的认同的深刻电影。故事发生在险峻的高山之巅，一对相爱的恋人面对了一场前所未有的挑战。在中村三郎的执导下，气氛营造出色，视觉效果震撼，将科幻类型的魅力展现得淋漓尽致。本片展现了人性的光辉，展现了电影艺术的无限可能。
孤独的希望的证明 Your Lie to the Future,https://movie.douban.com/subject/1001688/,James Williams,John Wilson / 刘鹏龙,山田诚 / John Jones / 刘龙伟 / ...,西部 / 剧情,葡萄牙,西班牙语,1972-10-09(罗马电影节) / 1972-11-07(国际),165分钟,孤独的希望的证明(日) / 孤独的希望的证明加长版,tt4482915,8.7,372102,81.30%,8.70%,5.00%,3.10%,1.90%,《孤独的希望的证明》是一部探讨战争的残酷的宏大电影。故事发生在末日后的废墟，一位智慧的导师面对了一场前所未有的挑战。在James的执导下，寓意深远悠长，影片画面精美，将西部类型的魅力展现得淋漓尽致。本片展现了人性的光辉，获得了观众的一致好评。
月光遗忘的回声 Their Hope from the Past,https://movie.douban.com/subject/1001689/,李华鹏,周文军,吴志强 / David Smith / 李珍秀 / ...,剧情 / 传记 / 动画,奥地利 / 瑞典 / 希腊,西班牙语,1988-01-19(金球奖) / 1988-02-02(国际),115分钟,月光遗忘的回声(日) / 月光遗忘的回声4K修复版,tt8298180,7.7,153773,54.70%,24.10%,11.90%,3.80%,5.50%,《月光遗忘的回声》是一部探讨空间的奥秘的宏大电影。故事发生在雨林的深处，一位孤独的老人坚守了一个重要的承诺。在李华鹏的执导下，配乐动人心弦，细节处理到位，将剧情类型的魅力展现得淋漓尽致。本片值得反复品味，在国际影展上备受瞩目。
现在的恐惧的抉择 A Truth of the Soul,https://movie.douban.com/subject/1001690/,陈鹏军,赵浩智 / 李明伟,金俊秀 / David Johnson / Steven Davis / ...,剧情 / 传记,巴西,葡萄牙语,2019-01-21(莫斯科电影节) / 2019-01-07(国际),230分钟,现在的恐惧的抉择(新) / 现在的恐惧的抉择导演剪辑版,tt9490254,7.6,54225,53.70%,27.00%,12.40%,4.80%,2.10%,《现在的恐惧的抉择》是一部探讨自然的敬畏的震撼电影。故事发生在未来的世界，一对失散多年的兄弟坚守了一个重要的承诺。在陈鹏军的执导下，情感表达细腻，视觉效果震撼，将剧情类型的魅力展现得淋漓尽致。本片让人思考良久，获得了观众的一致好评。
午夜旅程之上 Lost Promise,https://movie.douban.com/subject/1001691/,周杰超,斋藤拓也,郑英俊 / Christopher Smith / 中村翔太 / ...,科幻,巴西,葡萄牙语,1981-02-09(巴黎电影节) / 1981-03-09(国际),145分钟,午夜旅程之上(日) / 午夜旅程之上4K修复版,tt7392003,7,35505,50.60%,28.60%,13.90%,4.20%,2.70%,《午夜旅程之上》是一部探讨生命的价值的宏大电影。故事发生在末日后的废墟，一位智慧的导师实现了曾经的梦想。在周杰超的执导下，情感表达细腻，思想内涵深刻，将科幻类型的魅力展现得淋漓尽致。本片让人思考良久，获得了观众的一致好评。
月光承诺的故事 Our Death,https://movie.douban.com/subject/1001692/,Peter Brown,姜恩英 / Michael Williams,Steven Davis / 刘伟辉 / David Miller / ...,科幻 / 神话,伊朗,汉语普通话,1981-04-07(莫斯科电影节) / 1981-07-10(国际),250分钟,月光承诺的故事(陆) / Promise,tt3874273,9.7,2574615,82.30%,7.70%,5.00%,3.10%,1.90%,《月光承诺的故事》是一部探讨梦想的追求的宏大电影。故事发生在神秘的异域，一名失意的作家突破了自我的极限。在Peter的执导下，细节处理到位，导演手法独特，将科幻类型的魅力展现得淋漓尽致。本片值得推荐给所有人，获得了观众的一致好评。
远方的希望的边缘 Found Journey from the Past,https://movie.douban.com/subject/1001693/,小林翔太,赵杰文 / 赵龙平 / 渡边诚,郑浩秀 / 周文杰 / George Smith / ...,剧情,泰国 / 俄罗斯,英语,2021-06-22(东京电影节) / 2021-08-15(国际),120分钟,远方的希望的边缘(马) / 远方的希望的边缘修复版,tt6068258,6.4,5466,38.70%,41.00%,10.80%,4.00%,5.50%,《远方的希望的边缘》是一部探讨生命的价值的宏大电影。故事发生在繁华的都市，一位孤独的老人改变了世界的格局。在小林翔太的执导下，视觉效果震撼，情感表达细腻，将剧情类型的魅力展现得淋漓尽致。本片令人难以忘怀，在国际影展上备受瞩目。
喧嚣的战争的救赎 Their Fear,https://movie.douban.com/subject/1001694/,Paul Williams,吴超伟 / 李峰伟,George Williams / John Davis / 刘峰辉 / ...,科幻 / 战争,墨西哥 / 巴西 / 葡萄牙,西班牙语 / 英语 / 日语,1988-06-14(巴黎电影节) / 1988-07-23(国际),130分钟,喧嚣的战争的救赎(台),tt1213568,8.6,506368,73.50%,13.80%,7.70%,2.70%,2.30%,《喧嚣的战争的救赎》是一部探讨时间的意义的震撼电影。故事发生在浪漫的海边小镇，一名失意的作家完成了一次自我的救赎。在Paul的执导下，视觉效果震撼，导演手法独特，将科幻类型的魅力展现得淋漓尽致。本片让人思考良久，在国际影展上备受瞩目。
最后的自由的证明 Your Life to the Future,https://movie.douban.com/subject/1001695/,朴智秀,朴英珍 / 刘伟国 / Christopher Wilson,吴华鹏 / 伊藤三郎 / James Smith / ...,爱情 / 奇幻 / 脱口秀,德国,德语 / 英语,1976-09-28(巴黎电影节) / 1976-10-23(国际),120分钟,最后的自由的证明(陆),tt2212729,7.9,66253,63.80%,23.60%,7.60%,3.10%,1.90%,《最后的自由的证明》是一部探讨梦想的追求的宏大电影。故事发生在宁静的乡村，一对失散多年的兄弟改变了世界的格局。在朴智秀的执导下，寓意深远悠长，气氛营造出色，将爱情类型的魅力展现得淋漓尽致。本片具有很高的艺术价值，获得了观众的一致好评。
星辰谎言的中心 Final Love at Dawn,https://movie.douban.com/subject/1001696/,朴秀秀,李浩承 / 张明建 / Steven Wilson,尹秀俊 / 周建志 / 铃木大辅 / ...,武侠 / 动作,越南,英语,1973-08-23(奥斯卡金像奖) / 1973-09-23(国际),175分钟,,tt8759823,7.4,40497,48.80%,35.50%,8.50%,4.30%,2.90%,《星辰谎言的中心》是一部探讨正义的坚守的宏大电影。故事发生在奇幻的魔法世界，一名勇敢的战士踏上了一段改变命运的旅程。在朴秀秀的执导下，情感表达细腻，思想内涵深刻，将武侠类型的魅力展现得淋漓尽致。本片是一部不可多得的佳作，在国际影展上备受瞩目。
遗忘的命运之外 Final Love to the Future,https://movie.douban.com/subject/1001697/,陈鹏鹏,Steven Wilson,David Wilson / 小林健一 / Steven Miller / ...,喜剧 / 纪录片,匈牙利,英语,1977-11-27(圣丹斯电影节) / 1977-11-27(国际),110分钟,遗忘的命运之外(港) / 遗忘的命运之外修复版 / Destiny,tt9864286,6.2,5244,32.40%,39.60%,19.00%,6.20%,2.80%,《遗忘的命运之外》是一部探讨成长的烦恼的感人电影。故事发生在雨林的深处，一位孤独的老人经历了一次深刻的心灵洗礼。在陈鹏鹏的执导下，配乐动人心弦，影片画面精美，将喜剧类型的魅力展现得淋漓尽致。本片令人难以忘怀，展现了电影艺术的无限可能。
遗忘的黑暗之外 Last Dream,https://movie.douban.com/subject/1001698/,李强建,Christopher Smith / 林恩浩 / John Johnson,刘国鹏 / James Jones / 渡边健一 / ...,科幻,荷兰,日语,2016-04-09(上海电影节) / 2016-06-23(国际),145分钟,遗忘的黑暗之外(陆) / 遗忘的黑暗之外4K修复版 / Darkness,tt8041157,7.8,114562,60.30%,22.50%,9.00%,5.20%,3.00%,《遗忘的黑暗之外》是一部探讨真相的揭露的感人电影。故事发生在浪漫的海边小镇，一位坚强的女性面对了一场前所未有的挑战。在李强建的执导下，影片画面精美，气氛营造出色，将科幻类型的魅力展现得淋漓尽致。本片值得推荐给所有人，在国际影展上备受瞩目。
太阳黑暗的抉择 First Truth,https://movie.douban.com/subject/1001699/,刘平华,张建超 / Robert Brown,吴平平 / John Wilson / 斋藤健一 / ...,神话 / 科幻 / 犯罪,越南 / 瑞典 / 美国,日语,2004-09-21(戛纳电影节) / 2004-11-18(国际),125分钟,太阳黑暗的抉择(陆),tt6717711,9.5,2939092,92.40%,5%,2%,0.50%,0.10%,《太阳黑暗的抉择》是一部探讨友谊的力量的感人电影。故事发生在战火纷飞的年代，一个天真的孩子揭开了一个深藏多年的秘密。在刘平华的执导下，表演真挚感人，剧情扣人心弦，将神话类型的魅力展现得淋漓尽致。本片是一部不可多得的佳作，在国际影展上备受瞩目。
午夜怀疑的抉择 First Truth in the Dark,https://movie.douban.com/subject/1001700/,Christopher Jones,渡边健一,Steven Johnson / 王志龙 / 赵国明 / ...,剧情 / 动画 / 犯罪,中国大陆,汉语普通话 / 方言,1983-02-08(威尼斯电影节) / 1983-02-14(国际),115分钟,午夜怀疑的抉择(马) / 午夜怀疑的抉择纪念版,tt7300675,8.4,286623,67.50%,21.00%,5.80%,3.20%,2.50%,《午夜怀疑的抉择》是一部探讨文化的碰撞的震撼电影。故事发生在恐怖的黑暗领域，一个破碎的家庭守护了珍贵的东西。在Christopher的执导下，剧情扣人心弦，寓意深远悠长，将剧情类型的魅力展现得淋漓尽致。本片充满了希望与力量，展现了电影艺术的无限可能。
未来的秘密的故事 A Hate at Dawn,https://movie.douban.com/subject/1001701/,斋藤健一,王龙鹏 / 中村拓也 / 周鹏志,赵平平 / 李建龙 / 林浩哲 / ...,科幻 / 惊悚,埃及,西班牙语,2000-01-28(奥斯卡金像奖) / 2000-01-18(国际),210分钟,,tt1222339,9.8,645453,92.40%,5%,2%,0.50%,0.10%,《未来的秘密的故事》是一部探讨自然的敬畏的震撼电影。故事发生在深邃的太空，一对失散多年的兄弟战胜了内心的恐惧。在斋藤健一的执导下，情感表达细腻，寓意深远悠长，将科幻类型的魅力展现得淋漓尽致。本片具有很高的艺术价值，获得了观众的一致好评。
天空真相之外 Last Truth,https://movie.douban.com/subject/1001702/,John Garcia,李俊哲 / John Garcia,David Brown / David Brown / 杨龙建 / ...,动作,奥地利 / 捷克 / 挪威,汉语普通话,1992-11-10(莫斯科电影节) / 1992-12-26(国际),155分钟,,tt5665415,8,146282,66.80%,19.40%,8.80%,2.90%,2.10%,《天空真相之外》是一部探讨家庭的温暖的深刻电影。故事发生在未来的世界，一对失散多年的兄弟实现了曾经的梦想。在John的执导下，情感表达细腻，节奏把控精准，将动作类型的魅力展现得淋漓尽致。本片充满了希望与力量，获得了观众的一致好评。
孤独的旅程的中心 Their Promise at Dawn,https://movie.douban.com/subject/1001703/,杨超伟,陈龙国 / 陈伟峰,伊藤次郎 / George Garcia / 小林大辅 / ...,喜剧,挪威,西班牙语,2019-06-16(上海电影节) / 2019-06-25(国际),145分钟,孤独的旅程的中心(韩) / 孤独的旅程的中心纪念版,tt4377501,6.9,31657,40.90%,32.00%,14.70%,8.50%,3.90%,《孤独的旅程的中心》是一部探讨命运的挑战的细腻电影。故事发生在虚拟的网络空间，一位年轻的冒险家跨越了时空的界限。在杨超伟的执导下，影片画面精美，视觉效果震撼，将喜剧类型的魅力展现得淋漓尽致。本片让人思考良久，在国际影展上备受瞩目。
黄昏和平的传说 My Hope,https://movie.douban.com/subject/1001704/,王杰明,黄建军,渡边雄大 / 张英智 / Robert Williams / ...,喜剧,丹麦,英语,2016-01-01(东京电影节) / 2016-03-13(国际),135分钟,黄昏和平的传说(日) / 黄昏和平的传说特别版,tt1864734,6.7,20946,39.80%,38.00%,11.80%,7.10%,3.30%,《黄昏和平的传说》是一部探讨身份的认同的深刻电影。故事发生在深邃的太空，一个破碎的家庭面对了一场前所未有的挑战。在王杰明的执导下，配乐动人心弦，情感表达细腻，将喜剧类型的魅力展现得淋漓尽致。本片具有很高的艺术价值，在国际影展上备受瞩目。
冻结的信念之下 First Secret at Dusk,https://movie.douban.com/subject/1001705/,吴华超,伊藤诚,刘明辉 / 黄辉超 / 崔珍敏 / ...,动作 / 传记 / 奇幻,意大利,意大利语,1988-06-28(东京电影节) / 1988-07-02(国际),140分钟,,tt5260829,8.4,158900,61.20%,23.20%,9.70%,3.60%,2.30%,《冻结的信念之下》是一部探讨战争的残酷的深刻电影。故事发生在极地的冰雪世界，一对失散多年的兄弟突破了自我的极限。在吴华超的执导下，寓意深远悠长，表演真挚感人，将动作类型的魅力展现得淋漓尽致。本片具有很高的艺术价值，在国际影展上备受瞩目。
遗忘的真相之外 Final Lie,https://movie.douban.com/subject/1001706/,佐藤太郎,林恩珍 / 姜秀恩,林贤智 / 郑俊恩 / 吴军峰 / ...,科幻 / 黑色电影 / 惊悚,匈牙利,日语,2000-04-26(柏林电影节) / 2000-05-03(国际),120分钟,遗忘的真相之外(马) / 遗忘的真相之外修复版,tt3445562,6.3,16337,37.00%,34.40%,14.80%,9.30%,4.50%,《遗忘的真相之外》是一部探讨科技的边界的深刻电影。故事发生在深邃的海洋，一位智慧的导师完成了一次自我的救赎。在佐藤太郎的执导下，配乐动人心弦，视觉效果震撼，将科幻类型的魅力展现得淋漓尽致。本片令人难以忘怀，展现了电影艺术的无限可能。
沉默的死亡的中心 The Hope to the Future,https://movie.douban.com/subject/1001707/,Paul Wilson,黄建龙,金俊承 / 林俊恩 / 周平伟 / ...,剧情,葡萄牙,汉语普通话,2017-10-01(戛纳电影节) / 2017-10-26(国际),110分钟,沉默的死亡的中心(韩) / 沉默的死亡的中心4K修复版,tt6973148,8.3,119539,71.80%,15.90%,7.30%,2.30%,2.70%,《沉默的死亡的中心》是一部探讨和平的珍贵的细腻电影。故事发生在宁静的乡村，一个天真的孩子改变了世界的格局。在Paul的执导下，寓意深远悠长，思想内涵深刻，将剧情类型的魅力展现得淋漓尽致。本片触动人心深处，展现了电影艺术的无限可能。
未来的梦境的故事 First Promise from the Past,https://movie.douban.com/subject/1001708/,郑承浩,张超辉,Michael Brown / 王文鹏 / 崔秀秀 / ...,爱情,奥地利,日语,2020-07-28(圣丹斯电影节) / 2020-10-04(国际),130分钟,未来的梦境的故事(日),tt7583077,9.8,2700227,92.40%,5%,2%,0.50%,0.10%,《未来的梦境的故事》是一部探讨正义的坚守的宏大电影。故事发生在宁静的乡村，一位智慧的导师发现了一个惊人的真相。在郑承浩的执导下，气氛营造出色，影片画面精美，将爱情类型的魅力展现得淋漓尽致。本片触动人心深处，展现了电影艺术的无限可能。
眼前的敌人的歌声 Last Hate at Dusk,https://movie.douban.com/subject/1001709/,刘平鹏,陈文建 / George Davis / 张建峰,佐藤拓也 / George Rodriguez / Michael Johnson / ...,爱情 / 灾难,美国,英语 / 法语,1974-01-02(莫斯科电影节) / 1974-02-19(国际),100分钟,眼前的敌人的歌声(马),tt2072846,8.4,442510,70.00%,16.80%,7.40%,2.30%,3.50%,《眼前的敌人的歌声》是一部探讨真相的揭露的细腻电影。故事发生在繁华的都市，一位年轻的冒险家坚守了一个重要的承诺。在刘平鹏的执导下，情感表达细腻，影片画面精美，将爱情类型的魅力展现得淋漓尽致。本片值得反复品味，展现了电影艺术的无限可能。
天空记忆的审判 First Love to the Future,https://movie.douban.com/subject/1001710/,Michael Jones,吴平国 / 周志超 / 中村凉平,李志国 / 李秀承 / 中村大辅 / ...,爱情 / 黑色电影,荷兰,西班牙语,2021-05-12(金球奖) / 2021-06-27(国际),115分钟,天空记忆的审判(新) / 天空记忆的审判加长版,tt1263799,7.3,75396,49.90%,27.80%,14.70%,3.10%,4.50%,《天空记忆的审判》是一部探讨生命的价值的深刻电影。故事发生在古代的王朝，一位智慧的导师实现了曾经的梦想。在Michael的执导下，寓意深远悠长，表演真挚感人，将爱情类型的魅力展现得淋漓尽致。本片触动人心深处，展现了电影艺术的无限可能。
冰冷的记忆的中心 Their Lie,https://movie.douban.com/subject/1001711/,John Brown,吴杰超 / 周志鹏,Michael Davis / 李志伟 / 赵龙建 / ...,动作 / 西部 / 短片,韩国,韩语 / 英语,1994-08-05(柏林电影节) / 1994-09-20(国际),105分钟,冰冷的记忆的中心(港) / 冰冷的记忆的中心特别版,tt1078849,6.3,16563,38.20%,33.80%,14.40%,7.10%,6.50%,《冰冷的记忆的中心》是一部探讨身份的认同的深刻电影。故事发生在深邃的海洋，一位年轻的冒险家找到了生命的真谛。在John的执导下，影片画面精美，情感表达细腻，将动作类型的魅力展现得淋漓尽致。本片会成为经典之作，展现了电影艺术的无限可能。
风雨故乡的约定 Final Death of the Soul,https://movie.douban.com/subject/1001712/,李明杰,John Williams / 黄龙龙 / Michael Johnson,王志华 / 王明平 / Paul Garcia / ...,剧情 / 奇幻,澳大利亚,英语,2022-04-17(釜山电影节) / 2022-05-27(国际),145分钟,,tt5711847,9.4,1937041,90.20%,5%,2%,1.50%,1.30%,《风雨故乡的约定》是一部探讨爱情的真谛的宏大电影。故事发生在战火纷飞的年代，一名勇敢的战士找到了生命的真谛。在李明杰的执导下，导演手法独特，配乐动人心弦，将剧情类型的魅力展现得淋漓尽致。本片充满了希望与力量，展现了电影艺术的无限可能。
遗忘的故乡之内 Our Promise at Dawn,https://movie.douban.com/subject/1001713/,田中雄大,John Brown,杨平杰 / David Brown / 林智珍 / ...,剧情,埃及,法语,1972-07-09(金球奖) / 1972-09-21(国际),240分钟,,tt6147077,7.6,79541,52.70%,30.20%,9.20%,4.70%,3.20%,《遗忘的故乡之内》是一部探讨科技的边界的细腻电影。故事发生在神秘的异域，一名勇敢的战士实现了曾经的梦想。在田中雄大的执导下，节奏把控精准，导演手法独特，将剧情类型的魅力展现得淋漓尽致。本片值得推荐给所有人，展现了电影艺术的无限可能。
眼前的黑暗的证明 My Life from the Past,https://movie.douban.com/subject/1001714/,吴国国,刘鹏辉 / 高桥诚 / Christopher Jones,Robert Williams / 周龙华 / 赵明峰 / ...,喜剧 / 惊悚 / 脱口秀,英国 / 中国大陆,英语 / 法语 / 日语,1978-06-06(金球奖) / 1978-09-21(国际),220分钟,眼前的黑暗的证明加长版,tt8877821,9.4,2636339,86.00%,5%,4.00%,3.30%,1.70%,《眼前的黑暗的证明》是一部探讨成长的烦恼的感人电影。故事发生在末日后的废墟，一名神秘的陌生人找到了生命的真谛。在吴国国的执导下，寓意深远悠长，细节处理到位，将喜剧类型的魅力展现得淋漓尽致。本片具有很高的艺术价值，获得了观众的一致好评。
迷失的谎言的中心 Last Love of the Soul,https://movie.douban.com/subject/1001715/,George Davis,陈建军 / 金浩恩 / 陈辉伟,吴龙国 / 张明超 / 李俊哲 / ...,科幻 / 古装 / 冒险,俄罗斯 / 泰国 / 瑞士,俄语 / 汉语普通话,2010-10-25(莫斯科电影节) / 2010-11-14(国际),145分钟,迷失的谎言的中心(韩),tt3184278,8.7,941091,70.40%,15.70%,7.90%,2.90%,3.10%,《迷失的谎言的中心》是一部探讨命运的挑战的深刻电影。故事发生在一个遥远的小镇，一名神秘的陌生人完成了一次自我的救赎。在George的执导下，寓意深远悠长，表演真挚感人，将科幻类型的魅力展现得淋漓尽致。本片展现了人性的光辉，获得了观众的一致好评。
冰冷的起点的证明 Last Promise,https://movie.douban.com/subject/1001716/,George Miller,朴浩浩,铃木拓也 / 王建文 / Paul Jones / ...,科幻 / 犯罪,伊朗,日语,1981-09-05(东京电影节) / 1981-12-16(国际),140分钟,冰冷的起点的证明(韩),tt7821566,8.2,213445,61.60%,25.40%,6.90%,3.20%,2.90%,《冰冷的起点的证明》是一部探讨人性的探索的细腻电影。故事发生在深邃的太空，一个破碎的家庭完成了一次自我的救赎。在George的执导下，影片画面精美，思想内涵深刻，将科幻类型的魅力展现得淋漓尽致。本片充满了希望与力量，展现了电影艺术的无限可能。
孤独的敌人之上 First Life of the Soul,https://movie.douban.com/subject/1001717/,田中健一,渡边太郎 / 陈峰龙 / 吴强龙,姜英智 / George Jones / Paul Brown / ...,冒险 / 武侠 / 剧情,美国,英语 / 西班牙语,1996-10-03(奥斯卡金像奖) / 1996-10-05(国际),125分钟,孤独的敌人之上(台) / 孤独的敌人之上导演剪辑版,tt1083172,6.9,32206,35.10%,42.90%,14.40%,3.60%,4.00%,《孤独的敌人之上》是一部探讨友谊的力量的深刻电影。故事发生在恐怖的黑暗领域，一对相爱的恋人经历了一次深刻的心灵洗礼。在田中健一的执导下，气氛营造出色，影片画面精美，将冒险类型的魅力展现得淋漓尽致。本片具有很高的艺术价值，获得了观众的一致好评。
太阳朋友之内 My Promise at Dawn,https://movie.douban.com/subject/1001718/,李建辉,李伟杰 / 周华龙,渡边太郎 / 杨伟超 / 黄伟建 / ...,科幻 / 灾难 / 犯罪,以色列,汉语普通话,1997-06-16(伦敦电影节) / 1997-09-23(国际),110分钟,太阳朋友之内(台) / 太阳朋友之内修复版,tt9536518,8,449403,67.90%,20.00%,7.10%,2.10%,2.90%,《太阳朋友之内》是一部探讨文化的碰撞的感人电影。故事发生在深邃的海洋，一位孤独的老人经历了一次深刻的心灵洗礼。在李建辉的执导下，气氛营造出色，节奏把控精准，将科幻类型的魅力展现得淋漓尽致。本片会成为经典之作，展现了电影艺术的无限可能。
过去的遗忘的边缘 First Hate,https://movie.douban.com/subject/1001719/,山田健一,陈伟龙 / 田中三郎,王平平 / David Jones / 王辉伟 / ...,动作,瑞典,英语,1970-12-15(多伦多电影节) / 1970-12-28(国际),100分钟,过去的遗忘的边缘(陆) / 过去的遗忘的边缘导演剪辑版,tt1081162,7.4,91817,42.80%,35.00%,12.80%,3.90%,5.50%,《过去的遗忘的边缘》是一部探讨人性的探索的宏大电影。故事发生在恐怖的黑暗领域，一对失散多年的兄弟改变了世界的格局。在山田健一的执导下，气氛营造出色，细节处理到位，将动作类型的魅力展现得淋漓尽致。本片值得反复品味，展现了电影艺术的无限可能。
冻结的梦想 First Promise from the Past,https://movie.douban.com/subject/1001720/,赵文杰,张超志,刘强建 / George Garcia / 高桥诚 / ...,喜剧 / 纪录片,土耳其,西班牙语,1981-11-03(莫斯科电影节) / 1981-12-08(国际),150分钟,冻结的梦想(日),tt7642818,7.1,69338,43.10%,38.90%,9.80%,5.20%,3.00%,《冻结的梦想》是一部探讨空间的奥秘的深刻电影。故事发生在雨林的深处，一个天真的孩子踏上了一段改变命运的旅程。在赵文杰的执导下，细节处理到位，寓意深远悠长，将喜剧类型的魅力展现得淋漓尽致。本片值得推荐给所有人，展现了电影艺术的无限可能。
晨曦空间的旅程 Found Life in the Dark,https://movie.douban.com/subject/1001721/,高桥拓也,郑珍珍 / 田中拓也 / 斋藤大辅,Michael Miller / 李军鹏 / 山田三郎 / ...,科幻,南非 / 瑞士 / 泰国,西班牙语,1986-05-15(釜山电影节) / 1986-07-10(国际),230分钟,晨曦空间的旅程(新) / 晨曦空间的旅程4K修复版,tt5892933,6.4,5037,39.90%,30.60%,15.20%,8.90%,5.40%,《晨曦空间的旅程》是一部探讨爱情的真谛的深刻电影。故事发生在宁静的乡村，一位坚强的女性守护了珍贵的东西。在高桥拓也的执导下，寓意深远悠长，影片画面精美，将科幻类型的魅力展现得淋漓尽致。本片触动人心深处，获得了观众的一致好评。
天空英雄的旅程 Lost Secret of the Soul,https://movie.douban.com/subject/1001722/,Robert Rodriguez,赵军伟 / 林智恩,渡边次郎 / 吴国龙 / 杨国鹏 / ...,爱情 / 儿童,美国 / 希腊,英语 / 法语 / 西班牙语,1999-07-13(奥斯卡金像奖) / 1999-08-24(国际),230分钟,天空英雄的旅程特别版 / Hero,tt2324261,7.1,60340,48.10%,29.70%,12.20%,5.80%,4.20%,《天空英雄的旅程》是一部探讨家庭的温暖的宏大电影。故事发生在宁静的乡村，一位坚强的女性突破了自我的极限。在Robert的执导下，导演手法独特，节奏把控精准，将爱情类型的魅力展现得淋漓尽致。本片具有很高的艺术价值，在国际影展上备受瞩目。
遗忘的空间的传说 A Lie in the Dark,https://movie.douban.com/subject/1001723/,John Jones,George Smith / 李志强 / 林秀哲,Robert Miller / 张伟平 / 刘杰文 / ...,家庭 / 动作 / 冒险,意大利,意大利语 / 英语,2021-03-03(圣丹斯电影节) / 2021-05-01(国际),135分钟,,tt8112615,7,91730,49.90%,34.50%,9.20%,4.40%,2.00%,《遗忘的空间的传说》是一部探讨成长的烦恼的感人电影。故事发生在古代的王朝，一个破碎的家庭发现了一个惊人的真相。在John的执导下，表演真挚感人，影片画面精美，将家庭类型的魅力展现得淋漓尽致。本片令人难以忘怀，获得了观众的一致好评。
太阳黑暗之下 Their Promise of the Soul,https://movie.douban.com/subject/1001724/,Christopher Garcia,姜贤敏 / 李俊英 / 郑珍哲,王华明 / 黄强华 / James Brown / ...,科幻,伊朗,法语,1977-10-13(多伦多电影节) / 1977-11-16(国际),195分钟,太阳黑暗之下(台) / 太阳黑暗之下修复版,tt1788349,6.4,13598,37.80%,43.30%,10.90%,3.80%,4.20%,《太阳黑暗之下》是一部探讨命运的挑战的深刻电影。故事发生在未来的世界，一名失意的作家守护了珍贵的东西。在Christopher的执导下，情感表达细腻，剧情扣人心弦，将科幻类型的魅力展现得淋漓尽致。本片是一部不可多得的佳作，展现了电影艺术的无限可能。
荒野谎言的救赎 My Death at Dawn,https://movie.douban.com/subject/1001725/,高桥诚,Steven Wilson / 李秀敏 / 王文杰,伊藤健一 / 张哲恩 / 田中翔太 / ...,爱情 / 运动,瑞士 / 澳大利亚,法语,1978-01-08(柏林电影节) / 1978-01-08(国际),210分钟,荒野谎言的救赎(新),tt8725252,9.5,2708069,87.20%,5%,2.80%,3.40%,1.60%,《荒野谎言的救赎》是一部探讨身份的认同的感人电影。故事发生在繁华的都市，一位孤独的老人跨越了时空的界限。在高桥诚的执导下，配乐动人心弦，节奏把控精准，将爱情类型的魅力展现得淋漓尽致。本片触动人心深处，获得了观众的一致好评。
过去的肉体的歌声 Last Secret to the Future,https://movie.douban.com/subject/1001726/,杨军鹏,杨伟平 / 田中拓也 / James Jones,陈国杰 / 佐藤太郎 / 杨峰伟 / ...,动作 / 悬疑 / 真人秀,中国台湾,闽南语 / 汉语普通话,2013-08-02(柏林电影节) / 2013-10-21(国际),240分钟,过去的肉体的歌声(陆),tt2621081,9.1,961459,92.10%,5%,2%,0.50%,0.40%,《过去的肉体的歌声》是一部探讨自然的敬畏的细腻电影。故事发生在繁华的都市，一对失散多年的兄弟突破了自我的极限。在杨军鹏的执导下，表演真挚感人，气氛营造出色，将动作类型的魅力展现得淋漓尽致。本片让人思考良久，展现了电影艺术的无限可能。
城市战争之下 First Promise of the Soul,https://movie.douban.com/subject/1001727/,李敏英,吴明强 / James Rodriguez,Robert Garcia / 伊藤次郎 / 刘杰强 / ...,爱情 / 纪录片 / 悬疑,捷克,英语,2004-04-20(莫斯科电影节) / 2004-06-05(国际),190分钟,,tt6080290,8.5,718151,74.80%,15.20%,5.00%,2.20%,2.80%,《城市战争之下》是一部探讨人性的探索的深刻电影。故事发生在神秘的异域，一位孤独的老人突破了自我的极限。在李敏英的执导下，视觉效果震撼，表演真挚感人，将爱情类型的魅力展现得淋漓尽致。本片会成为经典之作，在国际影展上备受瞩目。
远方的绝望的抉择 First Hate to the Future,https://movie.douban.com/subject/1001728/,铃木雄大,刘军强,黄华明 / 黄超杰 / 王明志 / ...,动作 / 情色 / 舞台艺术,泰国 / 爱尔兰 / 荷兰,汉语普通话,2008-01-23(罗马电影节) / 2008-02-05(国际),100分钟,远方的绝望的抉择(日) / Despair,tt1412055,8.1,220170,67.30%,18.80%,8.90%,3.00%,2.00%,《远方的绝望的抉择》是一部探讨空间的奥秘的宏大电影。故事发生在浪漫的海边小镇，一名神秘的陌生人实现了曾经的梦想。在铃木雄大的执导下，气氛营造出色，剧情扣人心弦，将动作类型的魅力展现得淋漓尽致。本片值得推荐给所有人，展现了电影艺术的无限可能。
过去的空间的抉择 First Hate in the Dark,https://movie.douban.com/subject/1001729/,崔浩秀,John Williams / 刘华杰,高桥健一 / 刘辉峰 / 林贤智 / ...,剧情 / 纪录片,埃及,英语,1996-09-13(上海电影节) / 1996-10-20(国际),130分钟,过去的空间的抉择4K修复版,tt5152379,8.6,732534,75.30%,14.70%,5.00%,2.50%,2.50%,《过去的空间的抉择》是一部探讨正义的坚守的深刻电影。故事发生在雨林的深处，一名勇敢的战士完成了一次自我的救赎。在崔浩秀的执导下，剧情扣人心弦，思想内涵深刻，将剧情类型的魅力展现得淋漓尽致。本片会成为经典之作，获得了观众的一致好评。
月光光明 Their Hope of the Soul,https://movie.douban.com/subject/1001730/,郑珍俊,李军文,田中凉平 / 李俊浩 / George Rodriguez / ...,动作,中国台湾,汉语普通话,2004-02-26(莫斯科电影节) / 2004-03-26(国际),155分钟,月光光明(新) / 月光光明4K修复版,tt2964599,6.5,49113,42.30%,36.10%,13.70%,5.40%,2.50%,《月光光明》是一部探讨爱情的真谛的宏大电影。故事发生在末日后的废墟，一名失意的作家实现了曾经的梦想。在郑珍俊的执导下，细节处理到位，配乐动人心弦，将动作类型的魅力展现得淋漓尽致。本片是一部不可多得的佳作，在国际影展上备受瞩目。
记忆中的爱情的传说 The Hope at Dawn,https://movie.douban.com/subject/1001731/,黄志杰,刘文平,周建龙 / 李明国 / 小林大辅 / ...,科幻,韩国,韩语 / 英语,1996-01-26(多伦多电影节) / 1996-02-27(国际),115分钟,记忆中的爱情的传说(台) / 记忆中的爱情的传说4K修复版 / Love,tt4231233,6.8,12233,39.00%,33.90%,15.10%,6.30%,5.70%,《记忆中的爱情的传说》是一部探讨成长的烦恼的细腻电影。故事发生在末日后的废墟，一个天真的孩子踏上了一段改变命运的旅程。在黄志杰的执导下，表演真挚感人，配乐动人心弦，将科幻类型的魅力展现得淋漓尽致。本片具有很高的艺术价值，获得了观众的一致好评。
孤独的勇气的传说 Our Dream of the Soul,https://movie.douban.com/subject/1001732/,陈龙文,杨峰平,铃木雄大 / 张杰国 / 姜哲浩 / ...,喜剧 / 情色,土耳其 / 伊朗,汉语普通话,1991-02-14(伦敦电影节) / 1991-03-09(国际),155分钟,孤独的勇气的传说(马),tt5909336,8.7,586918,74.60%,15.40%,5.00%,2.70%,2.30%,《孤独的勇气的传说》是一部探讨成长的烦恼的宏大电影。故事发生在险峻的高山之巅，一位智慧的导师坚守了一个重要的承诺。在陈龙文的执导下，细节处理到位，影片画面精美，将喜剧类型的魅力展现得淋漓尽致。本片展现了人性的光辉，在国际影展上备受瞩目。
眼前的信念之上 Your Secret in the Dark,https://movie.douban.com/subject/1001733/,Michael Jones,李国华 / Christopher Rodriguez,黄国志 / 张贤智 / Robert Davis / ...,动作,匈牙利,日语,1979-04-28(东京电影节) / 1979-04-06(国际),175分钟,眼前的信念之上(陆),tt6766867,8.4,186437,60.80%,21.40%,9.20%,3.80%,4.80%,《眼前的信念之上》是一部探讨科技的边界的细腻电影。故事发生在繁华的都市，一名勇敢的战士经历了一次深刻的心灵洗礼。在Michael的执导下，表演真挚感人，气氛营造出色，将动作类型的魅力展现得淋漓尽致。本片触动人心深处，获得了观众的一致好评。
星辰英雄的审判 A Hope at Dusk,https://movie.douban.com/subject/1001734/,张峰文,佐藤太郎 / 斋藤三郎,Paul Rodriguez / 金贤承 / Paul Brown / ...,动作 / 犯罪,德国,德语,2020-06-14(莫斯科电影节) / 2020-08-14(国际),120分钟,星辰英雄的审判(新),tt4426809,7.7,74657,55.50%,31.10%,8.40%,3.00%,2.00%,《星辰英雄的审判》是一部探讨自然的敬畏的震撼电影。故事发生在广袤的沙漠，一个破碎的家庭守护了珍贵的东西。在张峰文的执导下，气氛营造出色，寓意深远悠长，将动作类型的魅力展现得淋漓尽致。本片会成为经典之作，展现了电影艺术的无限可能。
遗忘的梦境的约定 My Life in the Dark,https://movie.douban.com/subject/1001735/,George Miller,陈华志,黄志文 / 赵智珍 / Robert Wilson / ...,动作 / 奇幻 / 情色,中国香港 / 瑞士 / 泰国,粤语 / 汉语普通话,1992-07-06(圣丹斯电影节) / 1992-09-04(国际),200分钟,遗忘的梦境的约定(陆) / 遗忘的梦境的约定特别版,tt4821536,6.7,35349,35.70%,39.90%,15.60%,5.30%,3.50%,《遗忘的梦境的约定》是一部探讨科技的边界的宏大电影。故事发生在广袤的沙漠，一个破碎的家庭面对了一场前所未有的挑战。在George的执导下，寓意深远悠长，配乐动人心弦，将动作类型的魅力展现得淋漓尽致。本片值得推荐给所有人，展现了电影艺术的无限可能。
追寻死亡之上 The Life at Dusk,https://movie.douban.com/subject/1001736/,斋藤诚,赵志军,John Williams / 陈强文 / 吴文国 / ...,喜剧 / 犯罪,丹麦,西班牙语,2010-03-16(釜山电影节) / 2010-04-17(国际),150分钟,追寻死亡之上(日) / 追寻死亡之上加长版,tt5827248,7.9,105036,58.80%,26.70%,9.40%,3.50%,1.60%,《追寻死亡之上》是一部探讨真相的揭露的深刻电影。故事发生在末日后的废墟，一个破碎的家庭面对了一场前所未有的挑战。在斋藤诚的执导下，配乐动人心弦，影片画面精美，将喜剧类型的魅力展现得淋漓尽致。本片展现了人性的光辉，在国际影展上备受瞩目。
风雨旅程的中心 Your Fear,https://movie.douban.com/subject/1001737/,李平龙,伊藤三郎,Robert Brown / Robert Miller / 小林太郎 / ...,爱情 / 儿童 / 音乐,越南,西班牙语,1999-09-03(上海电影节) / 1999-10-11(国际),180分钟,风雨旅程的中心(日) / 风雨旅程的中心修复版,tt4376357,9.6,2965570,89.00%,5%,2%,2.50%,1.50%,《风雨旅程的中心》是一部探讨成长的烦恼的深刻电影。故事发生在极地的冰雪世界，一对相爱的恋人找到了生命的真谛。在李平龙的执导下，节奏把控精准，细节处理到位，将爱情类型的魅力展现得淋漓尽致。本片展现了人性的光辉，获得了观众的一致好评。
黄昏朋友的抉择 Final Love,https://movie.douban.com/subject/1001738/,王龙文,张军峰,黄军华 / 黄国辉 / 渡边拓也 / ...,科幻,阿根廷 / 巴西 / 土耳其,英语,2022-01-14(多伦多电影节) / 2022-01-22(国际),250分钟,,tt9522877,7,58235,43.80%,28.30%,14.70%,6.50%,6.70%,《黄昏朋友的抉择》是一部探讨身份的认同的细腻电影。故事发生在宁静的乡村，一位孤独的老人完成了一次自我的救赎。在王龙文的执导下，细节处理到位，配乐动人心弦，将科幻类型的魅力展现得淋漓尽致。本片会成为经典之作，在国际影展上备受瞩目。
孤独的陌生人之内 The Journey from the Past,https://movie.douban.com/subject/1001739/,Christopher Davis,James Wilson,George Williams / Paul Williams / 张志建 / ...,科幻 / 情色,奥地利 / 法国,日语,1972-10-06(巴黎电影节) / 1972-12-15(国际),220分钟,孤独的陌生人之内加长版,tt8911552,6.8,43170,37.10%,33.50%,16.50%,5.90%,7.00%,《孤独的陌生人之内》是一部探讨空间的奥秘的细腻电影。故事发生在神秘的异域，一位年轻的冒险家找到了生命的真谛。在Christopher的执导下，影片画面精美，导演手法独特，将科幻类型的魅力展现得淋漓尽致。本片具有很高的艺术价值，在国际影展上备受瞩目。
月光起点之下 Found Love at Dusk,https://movie.douban.com/subject/1001740/,刘超强,佐藤大辅 / 郑俊浩,Michael Wilson / 李鹏峰 / 李建志 / ...,剧情 / 恐怖 / 真人秀,荷兰,西班牙语,1983-06-03(奥斯卡金像奖) / 1983-08-19(国际),185分钟,月光起点之下(陆) / 月光起点之下修复版,tt6260369,7.5,155140,57.10%,22.80%,11.90%,5.30%,2.90%,《月光起点之下》是一部探讨友谊的力量的细腻电影。故事发生在雨林的深处，一名勇敢的战士找到了生命的真谛。在刘超强的执导下，表演真挚感人，配乐动人心弦，将剧情类型的魅力展现得淋漓尽致。本片值得推荐给所有人，展现了电影艺术的无限可能。
遗忘的承诺的旅程 Their Secret to the Future,https://movie.douban.com/subject/1001741/,刘峰文,郑英恩 / James Johnson / 田中拓也,赵超平 / Paul Johnson / 张敏敏 / ...,喜剧,加拿大 / 匈牙利,法语 / 英语 / 西班牙语,1985-03-17(柏林电影节) / 1985-06-19(国际),95分钟,遗忘的承诺的旅程(新) / 遗忘的承诺的旅程加长版,tt1284486,9.7,2893530,86.80%,5%,3.20%,2.30%,2.70%,《遗忘的承诺的旅程》是一部探讨科技的边界的感人电影。故事发生在繁华的都市，一位智慧的导师改变了世界的格局。在刘峰文的执导下，视觉效果震撼，气氛营造出色，将喜剧类型的魅力展现得淋漓尽致。本片令人难以忘怀，展现了电影艺术的无限可能。
喧嚣的遗忘之外 A Hope in the Dark,https://movie.douban.com/subject/1001742/,George Brown,Paul Brown / 斋藤凉平,George Davis / 陈文峰 / John Miller / ...,科幻 / 黑色电影,韩国,韩语,1974-06-03(柏林电影节) / 1974-06-24(国际),115分钟,喧嚣的遗忘之外导演剪辑版,tt9200945,8.1,468188,57.40%,22.20%,13.10%,4.00%,3.30%,《喧嚣的遗忘之外》是一部探讨身份的认同的细腻电影。故事发生在未来的世界，一个破碎的家庭实现了曾经的梦想。在George的执导下，导演手法独特，节奏把控精准，将科幻类型的魅力展现得淋漓尽致。本片展现了人性的光辉，展现了电影艺术的无限可能。
现在的起点之外 The Journey to the Future,https://movie.douban.com/subject/1001743/,李峰华,George Garcia / 林哲贤 / 王华龙,James Williams / Paul Miller / 高桥凉平 / ...,爱情,匈牙利 / 英国,日语,1972-01-04(上海电影节) / 1972-02-05(国际),115分钟,现在的起点之外(日),tt6668990,9.6,1915448,86.00%,5%,4.00%,3.20%,1.80%,《现在的起点之外》是一部探讨成长的烦恼的宏大电影。故事发生在战火纷飞的年代，一位坚强的女性战胜了内心的恐惧。在李峰华的执导下，影片画面精美，思想内涵深刻，将爱情类型的魅力展现得淋漓尽致。本片具有很高的艺术价值，在国际影展上备受瞩目。
晨曦信念的证明 Our Truth,https://movie.douban.com/subject/1001744/,John Wilson,李敏敏,周文文 / 王龙辉 / 张强龙 / ...,科幻,伊朗,法语,2014-12-16(伦敦电影节) / 2014-12-19(国际),110分钟,晨曦信念的证明(日) / 晨曦信念的证明加长版,tt5773423,7.3,86274,51.40%,26.70%,12.50%,5.80%,3.60%,《晨曦信念的证明》是一部探讨正义的坚守的深刻电影。故事发生在奇幻的魔法世界，一位智慧的导师守护了珍贵的东西。在John的执导下，视觉效果震撼，细节处理到位，将科幻类型的魅力展现得淋漓尽致。本片充满了希望与力量，展现了电影艺术的无限可能。
记忆中的承诺之上 The Journey of the Soul,https://movie.douban.com/subject/1001745/,张平伟,王龙强,吴超伟 / 杨平超 / Peter Davis / ...,科幻,泰国,西班牙语,2020-09-26(奥斯卡金像奖) / 2020-12-15(国际),160分钟,记忆中的承诺之上(港) / 记忆中的承诺之上特别版,tt7847516,7.5,184563,66.20%,19.20%,9.10%,3.80%,1.70%,《记忆中的承诺之上》是一部探讨空间的奥秘的宏大电影。故事发生在广袤的沙漠，一位年轻的冒险家改变了世界的格局。在张平伟的执导下，剧情扣人心弦，导演手法独特，将科幻类型的魅力展现得淋漓尽致。本片值得反复品味，获得了观众的一致好评。
太阳英雄之上 Lost Lie from the Past,https://movie.douban.com/subject/1001746/,金敏俊,斋藤拓也 / 周超鹏 / Christopher Brown,Christopher Miller / 斋藤太郎 / 李哲浩 / ...,剧情 / 真人秀,印度,印地语,2010-03-09(金球奖) / 2010-03-09(国际),220分钟,太阳英雄之上(日),tt4751652,7.8,66105,61.20%,22.80%,9.50%,3.30%,3.20%,《太阳英雄之上》是一部探讨家庭的温暖的深刻电影。故事发生在奇幻的魔法世界，一对失散多年的兄弟揭开了一个深藏多年的秘密。在金敏俊的执导下，视觉效果震撼，寓意深远悠长，将剧情类型的魅力展现得淋漓尽致。本片展现了人性的光辉，在国际影展上备受瞩目。
现在的家庭的痕迹 Last Secret of the Soul,https://movie.douban.com/subject/1001747/,Paul Johnson,Peter Wilson,李杰国 / 陈鹏文 / 张国峰 / ...,科幻,瑞典 / 中国台湾 / 泰国,法语,1991-01-28(戛纳电影节) / 1991-01-26(国际),240分钟,现在的家庭的痕迹(韩) / 现在的家庭的痕迹导演剪辑版,tt9343783,8.1,281026,70.90%,17.10%,7.00%,2.20%,2.80%,《现在的家庭的痕迹》是一部探讨战争的残酷的宏大电影。故事发生在奇幻的魔法世界，一位智慧的导师经历了一次深刻的心灵洗礼。在Paul的执导下，导演手法独特，视觉效果震撼，将科幻类型的魅力展现得淋漓尽致。本片充满了希望与力量，在国际影展上备受瞩目。
未来的记忆的歌声 Last Hope,https://movie.douban.com/subject/1001748/,George Smith,John Smith / 赵辉峰,伊藤次郎 / 张杰龙 / Steven Johnson / ...,科幻,中国大陆,汉语普通话,1973-08-06(柏林电影节) / 1973-09-25(国际),250分钟,未来的记忆的歌声(陆) / 未来的记忆的歌声加长版,tt3285542,8.1,338074,65.70%,19.50%,9.40%,3.80%,1.60%,《未来的记忆的歌声》是一部探讨正义的坚守的震撼电影。故事发生在战火纷飞的年代，一名失意的作家战胜了内心的恐惧。在George的执导下，节奏把控精准，思想内涵深刻，将科幻类型的魅力展现得淋漓尽致。本片触动人心深处，在国际影展上备受瞩目。
冻结的起点的证明 A Hope from the Past,https://movie.douban.com/subject/1001749/,周文强,George Wilson / 张秀俊,小林三郎 / Peter Wilson / Paul Brown / ...,爱情,印度,泰米尔语 / 印地语,1978-01-22(伦敦电影节) / 1978-02-27(国际),150分钟,冻结的起点的证明(韩) / 冻结的起点的证明修复版,tt8854007,8.3,138438,71.40%,18.60%,5.00%,3.00%,2.00%,《冻结的起点的证明》是一部探讨梦想的追求的深刻电影。故事发生在繁华的都市，一位孤独的老人守护了珍贵的东西。在周文强的执导下，影片画面精美，情感表达细腻，将爱情类型的魅力展现得淋漓尽致。本片值得推荐给所有人，在国际影展上备受瞩目。
沉默的秘密的誓言 Found Dream in the Dark,https://movie.douban.com/subject/1001750/,佐藤太郎,崔英浩 / 陈建志 / 周平国,杨峰华 / 刘超华 / 伊藤三郎 / ...,动作 / 真人秀 / 惊悚,加拿大,英语,2021-04-06(釜山电影节) / 2021-06-09(国际),90分钟,,tt8113084,7.2,96273,43.30%,32.90%,14.30%,5.20%,4.30%,《沉默的秘密的誓言》是一部探讨生命的价值的深刻电影。故事发生在深邃的太空，一群志同道合的朋友坚守了一个重要的承诺。在佐藤太郎的执导下，节奏把控精准，剧情扣人心弦，将动作类型的魅力展现得淋漓尽致。本片温暖而治愈，展现了电影艺术的无限可能。
最后的英雄之内 Our Journey of the Soul,https://movie.douban.com/subject/1001751/,陈超杰,王文鹏 / Michael Davis,Robert Johnson / 斋藤次郎 / Christopher Jones / ...,动作 / 战争,法国,法语 / 英语,1990-07-02(罗马电影节) / 1990-07-21(国际),110分钟,最后的英雄之内(韩),tt6222553,6,15893,38.30%,32.30%,16.10%,7.00%,6.30%,《最后的英雄之内》是一部探讨和平的珍贵的感人电影。故事发生在雨林的深处，一群志同道合的朋友揭开了一个深藏多年的秘密。在陈超杰的执导下，寓意深远悠长，气氛营造出色，将动作类型的魅力展现得淋漓尽致。本片展现了电影的魅力，展现了电影艺术的无限可能。
风雨记忆 The Dream,https://movie.douban.com/subject/1001752/,中村雄大,刘伟超 / 张峰明 / 李华军,James Wilson / 李明伟 / 吴强鹏 / ...,剧情 / 武侠,越南,英语,2014-01-15(金棕榈奖) / 2014-02-21(国际),140分钟,风雨记忆(日) / 风雨记忆纪念版,tt2799043,9.8,2364849,80.90%,9.10%,5.00%,3.40%,1.60%,《风雨记忆》是一部探讨命运的挑战的宏大电影。故事发生在未来的世界，一位年轻的冒险家突破了自我的极限。在中村雄大的执导下，寓意深远悠长，情感表达细腻，将剧情类型的魅力展现得淋漓尽致。本片触动人心深处，展现了电影艺术的无限可能。
冻结的恐惧的歌声 Our Secret of the Soul,https://movie.douban.com/subject/1001753/,刘国峰,赵贤智 / 王华志,杨杰鹏 / James Jones / Christopher Wilson / ...,动作 / 冒险,中国大陆 / 墨西哥 / 葡萄牙,汉语普通话 / 方言,1983-01-25(伦敦电影节) / 1983-02-28(国际),195分钟,冻结的恐惧的歌声(日) / 冻结的恐惧的歌声加长版,tt5407217,8.1,293877,70.50%,17.60%,6.40%,3.60%,1.90%,《冻结的恐惧的歌声》是一部探讨科技的边界的感人电影。故事发生在恐怖的黑暗领域，一位年轻的冒险家实现了曾经的梦想。在刘国峰的执导下，剧情扣人心弦，表演真挚感人，将动作类型的魅力展现得淋漓尽致。本片温暖而治愈，展现了电影艺术的无限可能。
风雨死亡之内 A Hate of the Soul,https://movie.douban.com/subject/1001754/,小林次郎,铃木雄大 / 黄峰伟,李军文 / 赵珍俊 / 王文华 / ...,剧情 / 动画 / 歌舞,以色列 / 奥地利 / 美国,法语,2020-07-04(奥斯卡金像奖) / 2020-09-27(国际),135分钟,风雨死亡之内(马),tt4986978,7.6,52005,58.30%,21.70%,12.80%,3.60%,3.60%,《风雨死亡之内》是一部探讨生命的价值的感人电影。故事发生在战火纷飞的年代，一位坚强的女性守护了珍贵的东西。在小林次郎的执导下，思想内涵深刻，导演手法独特，将剧情类型的魅力展现得淋漓尽致。本片让人思考良久，在国际影展上备受瞩目。
未来的梦想的约定 A Death at Dusk,https://movie.douban.com/subject/1001755/,斋藤三郎,渡边次郎 / 高桥雄大,赵辉国 / 张伟杰 / 赵平峰 / ...,喜剧,奥地利,西班牙语,1975-05-23(威尼斯电影节) / 1975-06-18(国际),200分钟,未来的梦想的约定(马) / 未来的梦想的约定导演剪辑版 / Dream,tt7997916,9.6,1711631,79.90%,10.10%,5.00%,2.50%,2.50%,《未来的梦想的约定》是一部探讨和平的珍贵的震撼电影。故事发生在古代的王朝，一对失散多年的兄弟踏上了一段改变命运的旅程。在斋藤三郎的执导下，剧情扣人心弦，气氛营造出色，将喜剧类型的魅力展现得淋漓尽致。本片值得反复品味，获得了观众的一致好评。
冰冷的黑暗的歌声 Our Hate at Dawn,https://movie.douban.com/subject/1001756/,伊藤凉平,张鹏志 / 刘文强 / 王华强,尹浩俊 / Peter Davis / Steven Johnson / ...,爱情,波兰,西班牙语,2014-09-21(釜山电影节) / 2014-09-07(国际),110分钟,冰冷的黑暗的歌声纪念版 / Darkness,tt2083373,7.8,166398,50.40%,31.50%,11.10%,4.50%,2.50%,《冰冷的黑暗的歌声》是一部探讨科技的边界的感人电影。故事发生在雨林的深处，一位年轻的冒险家改变了世界的格局。在伊藤凉平的执导下，气氛营造出色，配乐动人心弦，将爱情类型的魅力展现得淋漓尽致。本片展现了人性的光辉，获得了观众的一致好评。
太阳肉体的审判 Last Hate from the Past,https://movie.douban.com/subject/1001757/,高桥三郎,小林次郎 / Peter Miller / 吴文辉,张文超 / 张超文 / George Williams / ...,爱情 / 短片 / 纪录片,韩国 / 希腊 / 日本,韩语 / 英语 / 西班牙语,2008-01-18(威尼斯电影节) / 2008-03-05(国际),155分钟,,tt8841495,6.2,18035,27.40%,46.00%,13.70%,6.20%,6.70%,《太阳肉体的审判》是一部探讨成长的烦恼的感人电影。故事发生在雨林的深处，一名失意的作家完成了一次自我的救赎。在高桥三郎的执导下，节奏把控精准，情感表达细腻，将爱情类型的魅力展现得淋漓尽致。本片具有很高的艺术价值，展现了电影艺术的无限可能。
荒野和平之间 Found Hope to the Future,https://movie.douban.com/subject/1001758/,Christopher Brown,尹浩贤 / 山田凉平 / Michael Rodriguez,林智贤 / 王强华 / Paul Williams / ...,动作 / 舞台艺术,瑞士,汉语普通话,1991-10-05(奥斯卡金像奖) / 1991-11-01(国际),100分钟,荒野和平之间(港) / 荒野和平之间4K修复版,tt6873006,9.8,819643,87.70%,5%,2.30%,2.30%,2.70%,《荒野和平之间》是一部探讨时间的意义的震撼电影。故事发生在末日后的废墟，一群志同道合的朋友完成了一次自我的救赎。在Christopher的执导下，视觉效果震撼，配乐动人心弦，将动作类型的魅力展现得淋漓尽致。本片值得推荐给所有人，展现了电影艺术的无限可能。
沉默的信念 Our Love at Dusk,https://movie.douban.com/subject/1001759/,李鹏超,李珍贤,张鹏明 / John Miller / John Williams / ...,动作 / 家庭,葡萄牙,汉语普通话,1988-10-26(金球奖) / 1988-11-13(国际),120分钟,沉默的信念特别版,tt7117131,7.2,38490,51.00%,27.30%,13.00%,4.30%,4.40%,《沉默的信念》是一部探讨空间的奥秘的震撼电影。故事发生在繁华的都市，一个天真的孩子完成了一次自我的救赎。在李鹏超的执导下，剧情扣人心弦，导演手法独特，将动作类型的魅力展现得淋漓尽致。本片令人难以忘怀，获得了观众的一致好评。
晨曦勇气的中心 Lost Secret at Dusk,https://movie.douban.com/subject/1001760/,杨国峰,王明龙 / 杨国志,赵志志 / John Johnson / 陈华志 / ...,喜剧,南非,汉语普通话,2013-02-12(莫斯科电影节) / 2013-04-01(国际),145分钟,晨曦勇气的中心(新),tt1958774,9.5,914458,78.90%,11.10%,5.00%,3.10%,1.90%,《晨曦勇气的中心》是一部探讨战争的残酷的震撼电影。故事发生在浪漫的海边小镇，一名失意的作家面对了一场前所未有的挑战。在杨国峰的执导下，导演手法独特，表演真挚感人，将喜剧类型的魅力展现得淋漓尽致。本片触动人心深处，获得了观众的一致好评。
未来的谎言的歌声 Their Promise in the Dark,https://movie.douban.com/subject/1001761/,Michael Rodriguez,铃木太郎 / James Smith,杨志辉 / 赵敏珍 / Steven Garcia / ...,真人秀 / 爱情,意大利,意大利语,2020-09-07(多伦多电影节) / 2020-09-27(国际),95分钟,未来的谎言的歌声(新),tt4350330,8.4,408547,68.00%,22.00%,5.00%,2.70%,2.30%,《未来的谎言的歌声》是一部探讨战争的残酷的细腻电影。故事发生在极地的冰雪世界，一名神秘的陌生人改变了世界的格局。在Michael的执导下，导演手法独特，剧情扣人心弦，将真人秀类型的魅力展现得淋漓尽致。本片触动人心深处，获得了观众的一致好评。
天空承诺的证明 A Truth at Dusk,https://movie.douban.com/subject/1001762/,李平文,Christopher Wilson / 李敏恩,中村雄大 / 刘伟国 / 金浩俊 / ...,剧情,丹麦 / 印度,英语,1977-04-16(威尼斯电影节) / 1977-07-01(国际),175分钟,天空承诺的证明(日),tt2463594,7.1,90474,47.90%,32.70%,11.40%,3.30%,4.70%,《天空承诺的证明》是一部探讨梦想的追求的细腻电影。故事发生在古代的王朝，一位智慧的导师发现了一个惊人的真相。在李平文的执导下，气氛营造出色，表演真挚感人，将剧情类型的魅力展现得淋漓尽致。本片值得推荐给所有人，获得了观众的一致好评。
星辰束缚的故事 Found Fear in the Dark,https://movie.douban.com/subject/1001763/,王平龙,田中次郎 / James Williams / 刘平志,陈龙明 / Paul Wilson / 赵国文 / ...,动作,韩国 / 南非,韩语 / 英语 / 西班牙语,2019-01-27(多伦多电影节) / 2019-02-04(国际),140分钟,,tt5003833,8.3,115756,61.90%,21.30%,10.40%,3.10%,3.30%,《星辰束缚的故事》是一部探讨时间的意义的震撼电影。故事发生在古代的王朝，一位智慧的导师踏上了一段改变命运的旅程。在王平龙的执导下，思想内涵深刻，影片画面精美，将动作类型的魅力展现得淋漓尽致。本片充满了希望与力量，获得了观众的一致好评。
星辰命运的审判 Last Promise to the Future,https://movie.douban.com/subject/1001764/,Robert Johnson,周峰辉 / 小林健一 / Christopher Brown,David Jones / 李平杰 / Michael Williams / ...,剧情 / 喜剧,匈牙利,西班牙语,1992-02-01(罗马电影节) / 1992-05-01(国际),185分钟,星辰命运的审判(马) / Destiny,tt1962425,7.7,101480,50.10%,28.90%,14.30%,4.70%,2.00%,《星辰命运的审判》是一部探讨生命的价值的深刻电影。故事发生在虚拟的网络空间，一位孤独的老人突破了自我的极限。在Robert的执导下，表演真挚感人，导演手法独特，将剧情类型的魅力展现得淋漓尽致。本片展现了人性的光辉，获得了观众的一致好评。
过去的和平 Lost Promise,https://movie.douban.com/subject/1001765/,George Jones,金恩哲 / George Williams / James Brown,David Brown / 朴智珍 / 铃木三郎 / ...,剧情 / 歌舞,比利时 / 墨西哥 / 南非,日语,2012-03-03(莫斯科电影节) / 2012-03-21(国际),160分钟,,tt7563232,6.3,12163,38.00%,40.60%,14.10%,3.10%,4.20%,《过去的和平》是一部探讨科技的边界的深刻电影。故事发生在战火纷飞的年代，一位坚强的女性实现了曾经的梦想。在George的执导下，导演手法独特，节奏把控精准，将剧情类型的魅力展现得淋漓尽致。本片令人难以忘怀，展现了电影艺术的无限可能。
海洋黑暗的传说 First Life,https://movie.douban.com/subject/1001766/,周建文,Michael Brown / Paul Brown,崔秀贤 / 田中太郎 / Christopher Williams / ...,科幻 / 战争 / 冒险,德国 / 捷克 / 挪威,德语 / 西班牙语,1986-01-11(圣丹斯电影节) / 1986-01-25(国际),95分钟,海洋黑暗的传说(港),tt3192232,7.3,34625,42.10%,40.20%,11.90%,2.70%,3.10%,《海洋黑暗的传说》是一部探讨空间的奥秘的震撼电影。故事发生在深邃的海洋，一群志同道合的朋友踏上了一段改变命运的旅程。在周建文的执导下，细节处理到位，情感表达细腻，将科幻类型的魅力展现得淋漓尽致。本片具有很高的艺术价值，在国际影展上备受瞩目。
温暖的陌生人之内 Found Promise,https://movie.douban.com/subject/1001767/,John Jones,杨强峰 / 高桥大辅 / Michael Johnson,黄文鹏 / 佐藤大辅 / 金英秀 / ...,动作 / 儿童,捷克,英语,1982-08-02(圣丹斯电影节) / 1982-11-13(国际),105分钟,温暖的陌生人之内特别版,tt9672996,7.5,124248,53.60%,31.70%,7.80%,4.50%,2.40%,《温暖的陌生人之内》是一部探讨真相的揭露的感人电影。故事发生在战火纷飞的年代，一名勇敢的战士守护了珍贵的东西。在John的执导下，细节处理到位，视觉效果震撼，将动作类型的魅力展现得淋漓尽致。本片令人难以忘怀，获得了观众的一致好评。
海洋希望的抉择 My Truth at Dusk,https://movie.douban.com/subject/1001768/,山田翔太,金贤俊 / 张浩贤,朴哲哲 / 铃木凉平 / 山田三郎 / ...,科幻 / 传记,新西兰,法语,1973-09-17(奥斯卡金像奖) / 1973-10-25(国际),185分钟,海洋希望的抉择纪念版 / Hope,tt8420999,8,395388,75.70%,14.30%,5.00%,3.30%,1.70%,《海洋希望的抉择》是一部探讨时间的意义的震撼电影。故事发生在战火纷飞的年代，一名失意的作家找到了生命的真谛。在山田翔太的执导下，思想内涵深刻，情感表达细腻，将科幻类型的魅力展现得淋漓尽致。本片值得推荐给所有人，在国际影展上备受瞩目。
眼前的敌人的回声 Last Hope in the Dark,https://movie.douban.com/subject/1001769/,周国超,Michael Miller,George Miller / 吴建华 / 王峰强 / ...,儿童 / 爱情 / 歌舞,希腊,日语,1992-03-24(罗马电影节) / 1992-06-18(国际),130分钟,眼前的敌人的回声(港),tt2542324,8.8,226831,77.50%,11.80%,5.70%,2.90%,2.10%,《眼前的敌人的回声》是一部探讨正义的坚守的震撼电影。故事发生在末日后的废墟，一对相爱的恋人跨越了时空的界限。在周国超的执导下，视觉效果震撼，表演真挚感人，将儿童类型的魅力展现得淋漓尽致。本片令人难以忘怀，展现了电影艺术的无限可能。
风雨灵魂之内 A Dream from the Past,https://movie.douban.com/subject/1001770/,尹恩珍,Steven Williams / James Brown / 尹英俊,James Davis / 黄强峰 / Christopher Garcia / ...,动作,德国,德语,1998-10-15(戛纳电影节) / 1998-11-15(国际),105分钟,风雨灵魂之内(韩) / 风雨灵魂之内纪念版,tt5559438,6.5,46086,40.80%,35.80%,13.30%,4.30%,5.80%,《风雨灵魂之内》是一部探讨文化的碰撞的震撼电影。故事发生在虚拟的网络空间，一个天真的孩子找到了生命的真谛。在尹恩珍的执导下，思想内涵深刻，视觉效果震撼，将动作类型的魅力展现得淋漓尽致。本片值得推荐给所有人，展现了电影艺术的无限可能。
永恒的命运的故事 Final Journey of the Soul,https://movie.douban.com/subject/1001771/,山田雄大,Michael Williams,James Wilson / 姜俊俊 / 中村翔太 / ...,喜剧 / 战争,新西兰,西班牙语,1977-06-10(奥斯卡金像奖) / 1977-09-03(国际),105分钟,永恒的命运的故事(台) / 永恒的命运的故事修复版,tt7457556,9.2,1684143,85.30%,5%,4.70%,2.60%,2.40%,《永恒的命运的故事》是一部探讨空间的奥秘的感人电影。故事发生在虚拟的网络空间，一个破碎的家庭面对了一场前所未有的挑战。在山田雄大的执导下，气氛营造出色，情感表达细腻，将喜剧类型的魅力展现得淋漓尽致。本片充满了希望与力量，展现了电影艺术的无限可能。
温暖的故乡之间 Your Dream at Dawn,https://movie.douban.com/subject/1001772/,David Johnson,李杰军 / 杨平华 / 黄志杰,吴龙峰 / 斋藤大辅 / 张智承 / ...,爱情,泰国,汉语普通话,1995-07-15(伦敦电影节) / 1995-07-16(国际),240分钟,温暖的故乡之间导演剪辑版,tt2527590,7.6,142989,65.90%,18.10%,10.00%,3.00%,3.00%,《温暖的故乡之间》是一部探讨正义的坚守的细腻电影。故事发生在古代的王朝，一位智慧的导师战胜了内心的恐惧。在David的执导下，剧情扣人心弦，寓意深远悠长，将爱情类型的魅力展现得淋漓尽致。本片展现了人性的光辉，展现了电影艺术的无限可能。
喧嚣的光明的誓言 Your Secret in the Dark,https://movie.douban.com/subject/1001773/,崔俊哲,黄文军 / Peter Miller / 张军辉,张明国 / 周辉伟 / 渡边拓也 / ...,科幻 / 短片 / 古装,中国香港,粤语 / 英语,2012-01-24(奥斯卡金像奖) / 2012-01-12(国际),230分钟,喧嚣的光明的誓言(港) / Light,tt4934376,8.8,871839,77.40%,12.60%,5.00%,2.90%,2.10%,《喧嚣的光明的誓言》是一部探讨时间的意义的细腻电影。故事发生在极地的冰雪世界，一对相爱的恋人突破了自我的极限。在崔俊哲的执导下，细节处理到位，剧情扣人心弦，将科幻类型的魅力展现得淋漓尽致。本片会成为经典之作，展现了电影艺术的无限可能。
燃烧的时间之外 My Life to the Future,https://movie.douban.com/subject/1001774/,John Garcia,Michael Rodriguez / James Jones / 陈国建,Peter Miller / John Davis / 朴秀敏 / ...,爱情 / 历史,南非,汉语普通话,1970-02-16(罗马电影节) / 1970-05-12(国际),165分钟,燃烧的时间之外4K修复版,tt3439222,6.4,16874,32.40%,42.70%,13.90%,5.80%,5.20%,《燃烧的时间之外》是一部探讨生命的价值的震撼电影。故事发生在险峻的高山之巅，一对失散多年的兄弟突破了自我的极限。在John的执导下，视觉效果震撼，情感表达细腻，将爱情类型的魅力展现得淋漓尽致。本片令人难以忘怀，展现了电影艺术的无限可能。
黄昏家庭的誓言 Our Truth of the Soul,https://movie.douban.com/subject/1001775/,铃木翔太,Steven Smith / 周华龙,渡边凉平 / James Rodriguez / 渡边健一 / ...,科幻,德国,德语 / 英语,2001-04-10(金棕榈奖) / 2001-07-01(国际),135分钟,黄昏家庭的誓言(陆),tt3505671,7.6,144742,63.30%,23.70%,8.00%,2.90%,2.10%,《黄昏家庭的誓言》是一部探讨空间的奥秘的深刻电影。故事发生在末日后的废墟，一位孤独的老人突破了自我的极限。在铃木翔太的执导下，细节处理到位，剧情扣人心弦，将科幻类型的魅力展现得淋漓尽致。本片会成为经典之作，展现了电影艺术的无限可能。
燃烧的肉体的歌声 First Death in the Dark,https://movie.douban.com/subject/1001776/,刘文超,铃木次郎,黄志杰 / 吴龙伟 / 高桥凉平 / ...,爱情,加拿大,英语,1975-06-27(金棕榈奖) / 1975-06-06(国际),190分钟,,tt9029980,7.2,59559,53.80%,27.80%,9.80%,4.70%,3.90%,《燃烧的肉体的歌声》是一部探讨命运的挑战的细腻电影。故事发生在古代的王朝，一对相爱的恋人战胜了内心的恐惧。在刘文超的执导下，视觉效果震撼，寓意深远悠长，将爱情类型的魅力展现得淋漓尽致。本片是一部不可多得的佳作，获得了观众的一致好评。
沉默的朋友的救赎 My Promise of the Soul,https://movie.douban.com/subject/1001777/,John Johnson,刘超平,Steven Miller / 张敏敏 / 陈明国 / ...,科幻 / 历史 / 纪录片,挪威,西班牙语,1994-09-15(上海电影节) / 1994-11-13(国际),250分钟,沉默的朋友的救赎(港),tt6984453,7.4,93605,55.60%,27.30%,10.60%,4.10%,2.40%,《沉默的朋友的救赎》是一部探讨成长的烦恼的深刻电影。故事发生在奇幻的魔法世界，一对相爱的恋人守护了珍贵的东西。在John的执导下，导演手法独特，情感表达细腻，将科幻类型的魅力展现得淋漓尽致。本片触动人心深处，在国际影展上备受瞩目。
午夜希望之上 Found Lie of the Soul,https://movie.douban.com/subject/1001778/,Michael Smith,张杰建 / 周鹏平,王华超 / 吴华辉 / 佐藤大辅 / ...,喜剧 / 动画 / 冒险,新西兰,法语,2001-08-06(金球奖) / 2001-09-18(国际),125分钟,午夜希望之上加长版 / Hope,tt4548356,7.1,68642,40.90%,41.30%,12.20%,3.80%,1.80%,《午夜希望之上》是一部探讨时间的意义的细腻电影。故事发生在深邃的海洋，一群志同道合的朋友实现了曾经的梦想。在Michael的执导下，剧情扣人心弦，思想内涵深刻，将喜剧类型的魅力展现得淋漓尽致。本片展现了人性的光辉，获得了观众的一致好评。
追寻谎言之内 Found Hate from the Past,https://movie.douban.com/subject/1001779/,David Wilson,Paul Williams,小林诚 / 林哲俊 / 吴杰国 / ...,动作 / 传记 / 音乐,法国 / 墨西哥,法语 / 英语 / 日语,2008-11-28(巴黎电影节) / 2008-12-12(国际),160分钟,追寻谎言之内4K修复版,tt2226390,9.7,844142,90.70%,5%,2%,1.50%,0.80%,《追寻谎言之内》是一部探讨科技的边界的细腻电影。故事发生在广袤的沙漠，一位智慧的导师经历了一次深刻的心灵洗礼。在David的执导下，导演手法独特，思想内涵深刻，将动作类型的魅力展现得淋漓尽致。本片展现了人性的光辉，展现了电影艺术的无限可能。
永恒的束缚之上 The Hope in the Dark,https://movie.douban.com/subject/1001780/,周平伟,伊藤太郎,John Jones / David Smith / Steven Smith / ...,科幻 / 恐怖 / 舞台艺术,中国台湾,汉语普通话,1987-02-09(戛纳电影节) / 1987-02-11(国际),210分钟,,tt1706948,7.6,131616,53.20%,25.90%,10.90%,5.70%,4.30%,《永恒的束缚之上》是一部探讨梦想的追求的细腻电影。故事发生在一个遥远的小镇，一位年轻的冒险家坚守了一个重要的承诺。在周平伟的执导下，细节处理到位，思想内涵深刻，将科幻类型的魅力展现得淋漓尽致。本片具有很高的艺术价值，在国际影展上备受瞩目。
黄昏旅程的传说 Final Hope at Dawn,https://movie.douban.com/subject/1001781/,刘华鹏,David Brown / 王志超,王强鹏 / 陈国平 / Christopher Williams / ...,科幻 / 黑色电影,意大利,意大利语 / 英语,2017-07-28(上海电影节) / 2017-09-13(国际),135分钟,黄昏旅程的传说(陆),tt3696633,7.8,62651,56.20%,28.70%,8.30%,3.30%,3.50%,《黄昏旅程的传说》是一部探讨人性的探索的感人电影。故事发生在古代的王朝，一位智慧的导师踏上了一段改变命运的旅程。在刘华鹏的执导下，配乐动人心弦，细节处理到位，将科幻类型的魅力展现得淋漓尽致。本片触动人心深处，在国际影展上备受瞩目。
温暖的陌生人的痕迹 Your Life of the Soul,https://movie.douban.com/subject/1001782/,吴伟鹏,田中凉平,黄伟华 / 陈鹏文 / 周伟鹏 / ...,剧情 / 真人秀,土耳其,法语,1973-01-03(金球奖) / 1973-01-08(国际),150分钟,,tt8513609,8.2,368094,67.30%,17.90%,8.70%,4.30%,1.80%,《温暖的陌生人的痕迹》是一部探讨记忆的珍贵的震撼电影。故事发生在神秘的异域，一对失散多年的兄弟突破了自我的极限。在吴伟鹏的执导下，气氛营造出色，导演手法独特，将剧情类型的魅力展现得淋漓尽致。本片令人难以忘怀，展现了电影艺术的无限可能。
最后的死亡的约定 First Lie at Dawn,https://movie.douban.com/subject/1001783/,John Davis,高桥大辅 / 周明辉,姜贤恩 / 张华杰 / James Wilson / ...,动作 / 战争,中国台湾,汉语普通话,1998-03-09(上海电影节) / 1998-05-22(国际),100分钟,最后的死亡的约定(港),tt3437575,7.8,123498,48.90%,27.70%,15.80%,3.60%,4.00%,《最后的死亡的约定》是一部探讨真相的揭露的感人电影。故事发生在奇幻的魔法世界，一位年轻的冒险家突破了自我的极限。在John的执导下，影片画面精美，寓意深远悠长，将动作类型的魅力展现得淋漓尽致。本片展现了电影的魅力，获得了观众的一致好评。
燃烧的束缚的誓言 Their Journey from the Past,https://movie.douban.com/subject/1001784/,李国平,Robert Brown / 陈建伟 / John Miller,姜俊承 / 陈平军 / George Davis / ...,歌舞 / 喜剧 / 纪录片,日本,日语,2000-09-17(柏林电影节) / 2000-11-06(国际),180分钟,燃烧的束缚的誓言(陆),tt5149121,8.1,227536,71.20%,18.00%,5.80%,2.60%,2.40%,《燃烧的束缚的誓言》是一部探讨和平的珍贵的感人电影。故事发生在虚拟的网络空间，一对相爱的恋人跨越了时空的界限。在李国平的执导下，影片画面精美，思想内涵深刻，将歌舞类型的魅力展现得淋漓尽致。本片触动人心深处，在国际影展上备受瞩目。
最后的希望 Found Dream,https://movie.douban.com/subject/1001785/,Peter Jones,李峰军 / 刘建强,黄峰强 / 王伟峰 / David Miller / ...,剧情,以色列 / 意大利 / 巴西,汉语普通话,2018-04-28(罗马电影节) / 2018-04-13(国际),210分钟,最后的希望纪念版,tt6681194,8.4,259969,63.20%,19.30%,10.00%,4.00%,3.50%,《最后的希望》是一部探讨身份的认同的深刻电影。故事发生在神秘的异域，一个破碎的家庭改变了世界的格局。在Peter的执导下，寓意深远悠长，细节处理到位，将剧情类型的魅力展现得淋漓尽致。本片令人难以忘怀，展现了电影艺术的无限可能。
永恒的自由的边缘 Lost Life in the Dark,https://movie.douban.com/subject/1001786/,张明强,周龙杰,崔秀承 / 张哲俊 / 中村翔太 / ...,剧情,瑞典,西班牙语,1979-09-02(奥斯卡金像奖) / 1979-09-22(国际),140分钟,永恒的自由的边缘纪念版,tt8186063,9.3,644564,87.00%,5%,3.00%,3.00%,2.00%,《永恒的自由的边缘》是一部探讨爱情的真谛的深刻电影。故事发生在深邃的海洋，一个天真的孩子改变了世界的格局。在张明强的执导下，剧情扣人心弦，配乐动人心弦，将剧情类型的魅力展现得淋漓尽致。本片是一部不可多得的佳作，展现了电影艺术的无限可能。
孤独的怀疑之下 First Dream at Dusk,https://movie.douban.com/subject/1001787/,Michael Smith,山田拓也,张龙峰 / Christopher Johnson / 姜珍珍 / ...,悬疑 / 剧情,爱尔兰 / 印度 / 法国,日语,2024-07-27(戛纳电影节) / 2024-09-13(国际),250分钟,孤独的怀疑之下(新),tt3817740,8.8,853692,79.40%,10.60%,5.00%,3.00%,2.00%,《孤独的怀疑之下》是一部探讨梦想的追求的深刻电影。故事发生在深邃的海洋，一位坚强的女性守护了珍贵的东西。在Michael的执导下，影片画面精美，表演真挚感人，将悬疑类型的魅力展现得淋漓尽致。本片充满了希望与力量，获得了观众的一致好评。
星辰时间之上 Final Secret in the Dark,https://movie.douban.com/subject/1001788/,Robert Williams,John Williams / Peter Smith,山田次郎 / 佐藤太郎 / 张国军 / ...,喜剧 / 历史,瑞典,英语,2015-05-21(多伦多电影节) / 2015-07-16(国际),100分钟,星辰时间之上(台) / 星辰时间之上修复版,tt1600828,8.4,364141,67.40%,17.10%,8.00%,3.80%,3.70%,《星辰时间之上》是一部探讨科技的边界的感人电影。故事发生在未来的世界，一对相爱的恋人揭开了一个深藏多年的秘密。在Robert的执导下，影片画面精美，细节处理到位，将喜剧类型的魅力展现得淋漓尽致。本片是一部不可多得的佳作，在国际影展上备受瞩目。
永恒的记忆的审判 My Hate at Dusk,https://movie.douban.com/subject/1001789/,铃木三郎,Robert Johnson / Robert Davis,John Davis / 赵敏英 / 赵哲哲 / ...,喜剧 / 儿童,英国,英语 / 法语,2017-08-24(威尼斯电影节) / 2017-09-04(国际),240分钟,永恒的记忆的审判(台) / 永恒的记忆的审判特别版,tt2491480,8.3,369811,70.40%,18.10%,6.50%,2.00%,3.00%,《永恒的记忆的审判》是一部探讨生命的价值的宏大电影。故事发生在恐怖的黑暗领域，一名勇敢的战士跨越了时空的界限。在铃木三郎的执导下，思想内涵深刻，影片画面精美，将喜剧类型的魅力展现得淋漓尽致。本片是一部不可多得的佳作，展现了电影艺术的无限可能。
海洋怀疑的誓言 First Secret,https://movie.douban.com/subject/1001790/,赵哲浩,陈超鹏 / 中村拓也 / 林贤哲,吴平志 / 周军辉 / John Smith / ...,剧情 / 历史,比利时,法语,2019-03-21(圣丹斯电影节) / 2019-04-21(国际),150分钟,海洋怀疑的誓言加长版,tt6915469,9.2,736034,92.10%,5%,2%,0.50%,0.40%,《海洋怀疑的誓言》是一部探讨真相的揭露的细腻电影。故事发生在深邃的太空，一位孤独的老人完成了一次自我的救赎。在赵哲浩的执导下，思想内涵深刻，影片画面精美，将剧情类型的魅力展现得淋漓尽致。本片展现了电影的魅力，获得了观众的一致好评。
最后的家庭的抉择 Found Truth at Dawn,https://movie.douban.com/subject/1001791/,John Smith,佐藤翔太 / Peter Wilson / 山田三郎,张恩贤 / Paul Smith / 陈平鹏 / ...,科幻,瑞典,日语,2024-01-24(釜山电影节) / 2024-01-22(国际),240分钟,最后的家庭的抉择(港) / 最后的家庭的抉择加长版,tt8956135,8.3,444732,70.70%,15.20%,7.20%,3.20%,3.70%,《最后的家庭的抉择》是一部探讨正义的坚守的震撼电影。故事发生在奇幻的魔法世界，一名神秘的陌生人踏上了一段改变命运的旅程。在John的执导下，视觉效果震撼，思想内涵深刻，将科幻类型的魅力展现得淋漓尽致。本片充满了希望与力量，展现了电影艺术的无限可能。
黄昏希望的证明 Your Journey to the Future,https://movie.douban.com/subject/1001792/,杨建志,张杰志 / Steven Jones / Steven Davis,Peter Williams / Paul Brown / 张平峰 / ...,喜剧 / 情色 / 犯罪,意大利,意大利语 / 英语,1972-07-15(东京电影节) / 1972-10-22(国际),140分钟,黄昏希望的证明(台),tt6787177,8.3,179167,67.50%,22.40%,5.10%,2.30%,2.70%,《黄昏希望的证明》是一部探讨家庭的温暖的深刻电影。故事发生在雨林的深处，一群志同道合的朋友面对了一场前所未有的挑战。在杨建志的执导下，思想内涵深刻，影片画面精美，将喜剧类型的魅力展现得淋漓尽致。本片具有很高的艺术价值，获得了观众的一致好评。
追寻承诺之内 Last Promise from the Past,https://movie.douban.com/subject/1001793/,Christopher Brown,斋藤三郎 / 小林雄大 / 张珍哲,Peter Brown / 佐藤大辅 / 吴超明 / ...,剧情 / 舞台艺术 / 武侠,西班牙,汉语普通话,1985-06-08(奥斯卡金像奖) / 1985-07-10(国际),130分钟,追寻承诺之内(马) / 追寻承诺之内加长版,tt8640934,8.1,366552,63.20%,20.00%,11.70%,3.40%,1.70%,《追寻承诺之内》是一部探讨命运的挑战的宏大电影。故事发生在深邃的太空，一群志同道合的朋友坚守了一个重要的承诺。在Christopher的执导下，寓意深远悠长，气氛营造出色，将剧情类型的魅力展现得淋漓尽致。本片温暖而治愈，在国际影展上备受瞩目。
冻结的真相的抉择 Our Death,https://movie.douban.com/subject/1001794/,David Garcia,Robert Williams / 王强鹏 / 赵文辉,周鹏建 / 林珍智 / 小林诚 / ...,动作 / 运动,中国香港,粤语 / 汉语普通话,1978-05-15(威尼斯电影节) / 1978-07-22(国际),110分钟,冻结的真相的抉择(韩),tt5539346,7.1,62562,55.90%,27.40%,10.00%,2.90%,3.80%,《冻结的真相的抉择》是一部探讨战争的残酷的感人电影。故事发生在广袤的沙漠，一群志同道合的朋友突破了自我的极限。在David的执导下，表演真挚感人，影片画面精美，将动作类型的魅力展现得淋漓尽致。本片具有很高的艺术价值，展现了电影艺术的无限可能。
冻结的故乡的审判 My Love at Dusk,https://movie.douban.com/subject/1001795/,赵国明,Steven Smith / Peter Rodriguez,陈国龙 / Peter Davis / Steven Miller / ...,剧情 / 武侠,爱尔兰,日语,2017-10-19(金棕榈奖) / 2017-10-02(国际),160分钟,冻结的故乡的审判(韩),tt3742782,8.9,827907,85.20%,5%,4.80%,2.20%,2.80%,《冻结的故乡的审判》是一部探讨和平的珍贵的感人电影。故事发生在深邃的海洋，一位年轻的冒险家守护了珍贵的东西。在赵国明的执导下，配乐动人心弦，导演手法独特，将剧情类型的魅力展现得淋漓尽致。本片会成为经典之作，展现了电影艺术的无限可能。
星辰光明的边缘 Final Journey at Dusk,https://movie.douban.com/subject/1001796/,George Miller,George Rodriguez / 黄国国,渡边翔太 / 杨强辉 / George Miller / ...,爱情,新西兰,英语,1995-03-16(上海电影节) / 1995-04-22(国际),230分钟,星辰光明的边缘(马),tt2686715,9.6,1843975,85.70%,5%,4.30%,2.10%,2.90%,《星辰光明的边缘》是一部探讨空间的奥秘的深刻电影。故事发生在战火纷飞的年代，一个天真的孩子突破了自我的极限。在George的执导下，寓意深远悠长，思想内涵深刻，将爱情类型的魅力展现得淋漓尽致。本片让人思考良久，获得了观众的一致好评。
风雨爱情的誓言 Final Secret to the Future,https://movie.douban.com/subject/1001797/,黄龙华,金秀敏 / Robert Smith / 刘强军,黄超超 / 佐藤凉平 / 林珍浩 / ...,爱情,澳大利亚 / 巴西 / 法国,英语 / 汉语普通话,2000-04-12(金球奖) / 2000-06-04(国际),200分钟,风雨爱情的誓言特别版,tt2099618,9.4,1716366,89.90%,5%,2%,1.40%,1.70%,《风雨爱情的誓言》是一部探讨文化的碰撞的宏大电影。故事发生在广袤的沙漠，一对失散多年的兄弟突破了自我的极限。在黄龙华的执导下，配乐动人心弦，思想内涵深刻，将爱情类型的魅力展现得淋漓尽致。本片值得推荐给所有人，展现了电影艺术的无限可能。
过去的家庭之上 Found Journey in the Dark,https://movie.douban.com/subject/1001798/,刘华平,赵敏俊,周军龙 / Robert Wilson / 吴杰鹏 / ...,舞台艺术 / 纪录片 / 剧情,以色列,英语,2008-11-09(金球奖) / 2008-12-01(国际),210分钟,过去的家庭之上(韩),tt4713172,8.4,451262,70.50%,16.40%,7.30%,2.80%,3.00%,《过去的家庭之上》是一部探讨人性的探索的震撼电影。故事发生在古代的王朝，一名失意的作家找到了生命的真谛。在刘华平的执导下，表演真挚感人，剧情扣人心弦，将舞台艺术类型的魅力展现得淋漓尽致。本片展现了电影的魅力，展现了电影艺术的无限可能。
远方的家庭之间 Lost Death at Dawn,https://movie.douban.com/subject/1001799/,周明杰,铃木翔太,李强杰 / 赵明文 / 崔智秀 / ...,剧情 / 恐怖 / 脱口秀,印度,印地语,2000-08-21(莫斯科电影节) / 2000-10-27(国际),125分钟,远方的家庭之间加长版,tt5328618,6.4,19650,30.80%,38.30%,15.70%,6.10%,9.10%,《远方的家庭之间》是一部探讨身份的认同的宏大电影。故事发生在战火纷飞的年代，一个天真的孩子找到了生命的真谛。在周明杰的执导下，气氛营造出色，表演真挚感人，将剧情类型的魅力展现得淋漓尽致。本片值得推荐给所有人，在国际影展上备受瞩目。
天空战争的回声 My Life at Dusk,https://movie.douban.com/subject/1001800/,周伟辉,中村太郎 / 林哲恩 / 黄平伟,Steven Smith / 伊藤三郎 / 李辉杰 / ...,剧情,意大利,意大利语 / 英语,2010-03-08(莫斯科电影节) / 2010-05-13(国际),220分钟,天空战争的回声(港),tt6615943,9.3,2196596,89.10%,5%,2%,2.50%,1.40%,《天空战争的回声》是一部探讨成长的烦恼的细腻电影。故事发生在险峻的高山之巅，一位孤独的老人找到了生命的真谛。在周伟辉的执导下，配乐动人心弦，寓意深远悠长，将剧情类型的魅力展现得淋漓尽致。本片展现了人性的光辉，展现了电影艺术的无限可能。
现在的怀疑的约定 Final Life at Dawn,https://movie.douban.com/subject/1001801/,黄建华,陈超明,赵明超 / David Smith / James Smith / ...,运动 / 西部 / 剧情,韩国 / 荷兰,韩语 / 英语,2005-07-01(柏林电影节) / 2005-09-08(国际),180分钟,现在的怀疑的约定(新),tt7258940,6.6,31663,39.60%,35.30%,15.10%,6.40%,3.60%,《现在的怀疑的约定》是一部探讨时间的意义的感人电影。故事发生在战火纷飞的年代，一对相爱的恋人经历了一次深刻的心灵洗礼。在黄建华的执导下，视觉效果震撼，影片画面精美，将运动类型的魅力展现得淋漓尽致。本片展现了电影的魅力，展现了电影艺术的无限可能。
黎明恐惧的抉择 A Truth,https://movie.douban.com/subject/1001802/,铃木太郎,周鹏平 / 刘强杰,赵恩智 / 王华伟 / 金贤英 / ...,爱情,芬兰 / 爱尔兰,法语,2007-04-05(金棕榈奖) / 2007-05-14(国际),220分钟,黎明恐惧的抉择(马),tt1803403,6.6,36957,41.30%,31.10%,15.50%,5.00%,7.10%,《黎明恐惧的抉择》是一部探讨空间的奥秘的深刻电影。故事发生在深邃的太空，一个破碎的家庭找到了生命的真谛。在铃木太郎的执导下，影片画面精美，情感表达细腻，将爱情类型的魅力展现得淋漓尽致。本片触动人心深处，展现了电影艺术的无限可能。
太阳时间之下 Final Dream at Dawn,https://movie.douban.com/subject/1001803/,朴智承,George Johnson / John Johnson,赵浩哲 / 张鹏建 / 崔恩恩 / ...,舞台艺术 / 音乐 / 爱情,爱尔兰 / 葡萄牙 / 丹麦,法语,1992-01-01(奥斯卡金像奖) / 1992-03-08(国际),100分钟,太阳时间之下(台),tt9015230,6.2,15305,40.00%,40.70%,13.40%,3.30%,2.60%,《太阳时间之下》是一部探讨正义的坚守的宏大电影。故事发生在未来的世界，一群志同道合的朋友面对了一场前所未有的挑战。在朴智承的执导下，配乐动人心弦，表演真挚感人，将舞台艺术类型的魅力展现得淋漓尽致。本片令人难以忘怀，展现了电影艺术的无限可能。
黄昏光明的证明 A Journey in the Dark,https://movie.douban.com/subject/1001804/,Steven Davis,George Brown,James Wilson / 杨明峰 / 王平明 / ...,爱情,比利时,汉语普通话,1986-01-09(巴黎电影节) / 1986-01-15(国际),220分钟,黄昏光明的证明(韩) / 黄昏光明的证明加长版,tt8531253,7.4,86315,43.50%,37.70%,11.50%,3.10%,4.20%,《黄昏光明的证明》是一部探讨友谊的力量的宏大电影。故事发生在神秘的异域，一名勇敢的战士面对了一场前所未有的挑战。在Steven的执导下，表演真挚感人，剧情扣人心弦，将爱情类型的魅力展现得淋漓尽致。本片令人难以忘怀，展现了电影艺术的无限可能。
太阳死亡的痕迹 The Life from the Past,https://movie.douban.com/subject/1001805/,王志国,David Williams / Steven Miller,Peter Williams / James Brown / 陈志国 / ...,喜剧 / 战争,挪威,西班牙语,1970-02-04(圣丹斯电影节) / 1970-05-21(国际),170分钟,太阳死亡的痕迹4K修复版,tt3349655,8.2,197167,72.60%,15.90%,6.50%,2.90%,2.10%,《太阳死亡的痕迹》是一部探讨真相的揭露的感人电影。故事发生在神秘的异域，一个破碎的家庭跨越了时空的界限。在王志国的执导下，导演手法独特，影片画面精美，将喜剧类型的魅力展现得淋漓尽致。本片充满了希望与力量，展现了电影艺术的无限可能。
风雨绝望的回声 A Lie in the Dark,https://movie.douban.com/subject/1001806/,李军峰,Peter Smith / James Williams,Paul Johnson / 赵超文 / 张华志 / ...,爱情 / 恐怖 / 动画,中国台湾,汉语普通话,1985-03-12(巴黎电影节) / 1985-04-26(国际),230分钟,风雨绝望的回声导演剪辑版,tt7996556,7.7,54391,58.90%,20.70%,13.10%,4.00%,3.30%,《风雨绝望的回声》是一部探讨文化的碰撞的深刻电影。故事发生在恐怖的黑暗领域，一名失意的作家经历了一次深刻的心灵洗礼。在李军峰的执导下，表演真挚感人，细节处理到位，将爱情类型的魅力展现得淋漓尽致。本片充满了希望与力量，在国际影展上备受瞩目。
远方的束缚之内 Their Secret of the Soul,https://movie.douban.com/subject/1001807/,朴哲贤,田中凉平 / 黄强超,王峰峰 / 赵辉军 / 赵龙国 / ...,爱情 / 音乐 / 儿童,德国,德语,1986-02-26(东京电影节) / 1986-02-11(国际),110分钟,远方的束缚之内纪念版,tt4874188,7.6,139208,52.30%,28.50%,12.70%,3.80%,2.70%,《远方的束缚之内》是一部探讨友谊的力量的细腻电影。故事发生在深邃的太空，一名神秘的陌生人实现了曾经的梦想。在朴哲贤的执导下，视觉效果震撼，情感表达细腻，将爱情类型的魅力展现得淋漓尽致。本片触动人心深处，在国际影展上备受瞩目。
远方的遗忘的抉择 Final Truth at Dusk,https://movie.douban.com/subject/1001808/,吴华辉,张平峰 / 姜承恩,赵哲承 / 李贤浩 / 朴敏恩 / ...,剧情 / 传记 / 历史,意大利 / 阿根廷,意大利语 / 英语,1980-01-24(巴黎电影节) / 1980-01-23(国际),150分钟,远方的遗忘的抉择(港) / 远方的遗忘的抉择特别版,tt5024217,7.1,45166,52.60%,32.00%,8.90%,3.40%,3.10%,《远方的遗忘的抉择》是一部探讨友谊的力量的宏大电影。故事发生在深邃的太空，一个破碎的家庭找到了生命的真谛。在吴华辉的执导下，导演手法独特，节奏把控精准，将剧情类型的魅力展现得淋漓尽致。本片值得反复品味，在国际影展上备受瞩目。
天空和平的审判 Found Promise in the Dark,https://movie.douban.com/subject/1001809/,王伟鹏,斋藤诚,James Miller / Paul Miller / John Brown / ...,喜剧,以色列 / 墨西哥,西班牙语,1976-03-04(戛纳电影节) / 1976-03-04(国际),145分钟,天空和平的审判(台) / 天空和平的审判特别版,tt6580457,9.4,516200,91.20%,5%,2%,0.80%,1.00%,《天空和平的审判》是一部探讨科技的边界的细腻电影。故事发生在战火纷飞的年代，一位坚强的女性突破了自我的极限。在王伟鹏的执导下，视觉效果震撼，影片画面精美，将喜剧类型的魅力展现得淋漓尽致。本片令人难以忘怀，在国际影展上备受瞩目。
喧嚣的起点的誓言 Final Fear from the Past,https://movie.douban.com/subject/1001810/,赵强明,张恩恩 / Robert Johnson,赵俊珍 / 山田太郎 / 高桥次郎 / ...,剧情 / 动作 / 科幻,巴西 / 印度 / 荷兰,葡萄牙语 / 英语,1977-09-09(奥斯卡金像奖) / 1977-11-11(国际),90分钟,,tt2144608,6,19803,46.30%,36.10%,10.40%,3.10%,4.10%,《喧嚣的起点的誓言》是一部探讨正义的坚守的宏大电影。故事发生在末日后的废墟，一对相爱的恋人实现了曾经的梦想。在赵强明的执导下，思想内涵深刻，寓意深远悠长，将剧情类型的魅力展现得淋漓尽致。本片值得反复品味，展现了电影艺术的无限可能。
月光梦境之下 Their Dream at Dawn,https://movie.douban.com/subject/1001811/,Paul Smith,田中大辅 / 赵强明 / 李超明,李秀贤 / 黄军辉 / 朴俊恩 / ...,剧情,瑞士,法语,1974-02-03(莫斯科电影节) / 1974-04-13(国际),125分钟,月光梦境之下导演剪辑版,tt4350382,7.3,51883,54.00%,30.20%,8.80%,4.00%,3.00%,《月光梦境之下》是一部探讨爱情的真谛的震撼电影。故事发生在浪漫的海边小镇，一对相爱的恋人突破了自我的极限。在Paul的执导下，寓意深远悠长，配乐动人心弦，将剧情类型的魅力展现得淋漓尽致。本片是一部不可多得的佳作，展现了电影艺术的无限可能。
黎明命运之下 Your Love at Dawn,https://movie.douban.com/subject/1001812/,周华华,小林雄大,尹哲英 / David Johnson / 赵敏智 / ...,动作 / 舞台艺术,以色列,西班牙语,2023-01-23(东京电影节) / 2023-02-20(国际),240分钟,黎明命运之下(陆),tt1418661,7.4,87702,46.10%,33.80%,12.60%,3.90%,3.60%,《黎明命运之下》是一部探讨爱情的真谛的感人电影。故事发生在恐怖的黑暗领域，一对相爱的恋人战胜了内心的恐惧。在周华华的执导下，剧情扣人心弦，思想内涵深刻，将动作类型的魅力展现得淋漓尽致。本片会成为经典之作，在国际影展上备受瞩目。
温暖的远方之间 Your Journey from the Past,https://movie.douban.com/subject/1001813/,Steven Wilson,山田诚,Steven Garcia / 王辉平 / 陈龙平 / ...,科幻,爱尔兰 / 葡萄牙 / 瑞士,法语,1991-10-25(金球奖) / 1991-11-08(国际),90分钟,温暖的远方之间(马),tt7026454,9.2,2455509,89.80%,5%,2%,1.30%,1.90%,《温暖的远方之间》是一部探讨爱情的真谛的感人电影。故事发生在古代的王朝，一对失散多年的兄弟踏上了一段改变命运的旅程。在Steven的执导下，寓意深远悠长，配乐动人心弦，将科幻类型的魅力展现得淋漓尽致。本片充满了希望与力量，在国际影展上备受瞩目。
荒野英雄的旅程 A Hope at Dawn,https://movie.douban.com/subject/1001814/,王伟龙,杨平志 / 朴英哲 / 赵敏承,赵秀英 / Steven Miller / Robert Smith / ...,战争 / 爱情,中国台湾,汉语普通话,1997-01-05(圣丹斯电影节) / 1997-04-21(国际),95分钟,荒野英雄的旅程(台),tt2353326,6.3,18557,35.90%,44.10%,10.50%,3.80%,5.70%,《荒野英雄的旅程》是一部探讨空间的奥秘的宏大电影。故事发生在战火纷飞的年代，一位孤独的老人面对了一场前所未有的挑战。在王伟龙的执导下，表演真挚感人，视觉效果震撼，将战争类型的魅力展现得淋漓尽致。本片具有很高的艺术价值，在国际影展上备受瞩目。
过去的勇气之下 Last Secret,https://movie.douban.com/subject/1001815/,铃木次郎,黄龙文 / 杨国伟,伊藤凉平 / Christopher Garcia / 吴超强 / ...,科幻,挪威,法语,2017-04-22(巴黎电影节) / 2017-05-15(国际),150分钟,过去的勇气之下(台),tt8887213,7.2,64576,46.80%,36.90%,9.20%,2.90%,4.20%,《过去的勇气之下》是一部探讨文化的碰撞的感人电影。故事发生在神秘的异域，一名勇敢的战士经历了一次深刻的心灵洗礼。在铃木次郎的执导下，视觉效果震撼，情感表达细腻，将科幻类型的魅力展现得淋漓尽致。本片值得反复品味，获得了观众的一致好评。
遗忘的故乡的传说 A Hate,https://movie.douban.com/subject/1001816/,赵伟伟,吴伟军 / 高桥雄大 / 张峰明,小林雄大 / 斋藤次郎 / 张明志 / ...,剧情,日本 / 土耳其 / 瑞士,日语 / 英语 / 法语,2017-08-03(金球奖) / 2017-10-04(国际),95分钟,,tt4340369,7.1,55189,55.40%,27.70%,10.20%,3.90%,2.80%,《遗忘的故乡的传说》是一部探讨梦想的追求的宏大电影。故事发生在雨林的深处，一个天真的孩子完成了一次自我的救赎。在赵伟伟的执导下，节奏把控精准，配乐动人心弦，将剧情类型的魅力展现得淋漓尽致。本片会成为经典之作，展现了电影艺术的无限可能。
过去的故乡的回声 Our Dream,https://movie.douban.com/subject/1001817/,郑哲俊,Paul Rodriguez / 黄华平 / 吴强军,小林拓也 / 尹浩承 / George Rodriguez / ...,喜剧 / 战争,匈牙利,法语,2023-02-25(上海电影节) / 2023-02-28(国际),140分钟,过去的故乡的回声(新),tt2823334,8.1,125628,68.80%,21.20%,5.00%,2.90%,2.10%,《过去的故乡的回声》是一部探讨和平的珍贵的震撼电影。故事发生在末日后的废墟，一名神秘的陌生人坚守了一个重要的承诺。在郑哲俊的执导下，节奏把控精准，视觉效果震撼，将喜剧类型的魅力展现得淋漓尽致。本片展现了人性的光辉，在国际影展上备受瞩目。
未来的真相的誓言 Their Dream at Dawn,https://movie.douban.com/subject/1001818/,黄峰国,尹敏珍 / 赵志建 / 尹珍智,李明杰 / 张伟军 / Steven Wilson / ...,爱情 / 武侠 / 战争,中国台湾 / 以色列 / 奥地利,汉语普通话 / 英语,2014-04-12(釜山电影节) / 2014-06-24(国际),125分钟,未来的真相的誓言(港) / 未来的真相的誓言特别版,tt4523339,6.1,7273,34.20%,42.10%,13.00%,5.00%,5.70%,《未来的真相的誓言》是一部探讨时间的意义的细腻电影。故事发生在繁华的都市，一对相爱的恋人突破了自我的极限。在黄峰国的执导下，表演真挚感人，细节处理到位，将爱情类型的魅力展现得淋漓尽致。本片展现了人性的光辉，获得了观众的一致好评。
冻结的战争的传说 Found Hate from the Past,https://movie.douban.com/subject/1001819/,Christopher Rodriguez,佐藤大辅 / 斋藤诚 / 赵平超,陈文峰 / Steven Davis / James Smith / ...,剧情,墨西哥,西班牙语,1996-06-25(莫斯科电影节) / 1996-07-23(国际),110分钟,,tt3861930,8,155764,58.80%,28.80%,7.10%,2.70%,2.60%,《冻结的战争的传说》是一部探讨记忆的珍贵的细腻电影。故事发生在深邃的海洋，一位孤独的老人完成了一次自我的救赎。在Christopher的执导下，节奏把控精准，寓意深远悠长，将剧情类型的魅力展现得淋漓尽致。本片值得反复品味，在国际影展上备受瞩目。
永恒的时间的救赎 Final Promise in the Dark,https://movie.douban.com/subject/1001820/,张超鹏,Michael Garcia,黄伟文 / 中村凉平 / 吴军军 / ...,爱情 / 音乐,日本,日语,2021-09-15(奥斯卡金像奖) / 2021-12-18(国际),230分钟,永恒的时间的救赎(韩),tt5473745,7.9,157051,51.00%,25.20%,16.50%,4.60%,2.70%,《永恒的时间的救赎》是一部探讨真相的揭露的感人电影。故事发生在一个遥远的小镇，一群志同道合的朋友突破了自我的极限。在张超鹏的执导下，寓意深远悠长，情感表达细腻，将爱情类型的魅力展现得淋漓尽致。本片值得反复品味，在国际影展上备受瞩目。
沉默的遗忘的抉择 Last Hope at Dusk,https://movie.douban.com/subject/1001821/,王峰文,赵龙建 / John Johnson / Paul Brown,周伟龙 / 伊藤大辅 / Christopher Smith / ...,爱情,澳大利亚,英语,2001-02-11(戛纳电影节) / 2001-04-14(国际),140分钟,沉默的遗忘的抉择(港),tt4553370,7.1,64925,45.20%,31.20%,14.00%,4.70%,4.90%,《沉默的遗忘的抉择》是一部探讨身份的认同的宏大电影。故事发生在神秘的异域，一位年轻的冒险家踏上了一段改变命运的旅程。在王峰文的执导下，剧情扣人心弦，寓意深远悠长，将爱情类型的魅力展现得淋漓尽致。本片展现了电影的魅力，获得了观众的一致好评。
黄昏谎言之外 My Secret,https://movie.douban.com/subject/1001822/,赵文志,斋藤太郎 / Paul Williams / 周华超,姜珍浩 / Steven Williams / 周超鹏 / ...,科幻 / 家庭 / 情色,奥地利 / 葡萄牙,法语,1978-05-20(圣丹斯电影节) / 1978-07-08(国际),120分钟,黄昏谎言之外(台) / 黄昏谎言之外修复版,tt4502517,8,473200,67.20%,19.30%,7.60%,3.60%,2.30%,《黄昏谎言之外》是一部探讨自然的敬畏的震撼电影。故事发生在广袤的沙漠，一名失意的作家改变了世界的格局。在赵文志的执导下，节奏把控精准，细节处理到位，将科幻类型的魅力展现得淋漓尽致。本片温暖而治愈，展现了电影艺术的无限可能。
月光遗忘的歌声 Last Fear to the Future,https://movie.douban.com/subject/1001823/,Christopher Jones,Robert Miller / Peter Garcia / 黄峰建,Steven Davis / 张伟超 / 刘平建 / ...,动作 / 爱情,奥地利,汉语普通话,2009-07-28(圣丹斯电影节) / 2009-07-24(国际),195分钟,月光遗忘的歌声(新),tt9283592,8.2,446241,69.50%,20.40%,5.10%,2.10%,2.90%,《月光遗忘的歌声》是一部探讨记忆的珍贵的震撼电影。故事发生在末日后的废墟，一位智慧的导师守护了珍贵的东西。在Christopher的执导下，视觉效果震撼，表演真挚感人，将动作类型的魅力展现得淋漓尽致。本片触动人心深处，获得了观众的一致好评。
荒野束缚之下 Final Hate in the Dark,https://movie.douban.com/subject/1001824/,Paul Brown,赵伟鹏 / 刘志华,David Miller / 山田健一 / 吴平强 / ...,科幻,波兰,法语,2006-07-17(柏林电影节) / 2006-09-10(国际),140分钟,荒野束缚之下(韩) / 荒野束缚之下特别版,tt8630932,8.1,272092,72.10%,15.30%,7.60%,2.10%,2.90%,《荒野束缚之下》是一部探讨记忆的珍贵的深刻电影。故事发生在繁华的都市，一名失意的作家发现了一个惊人的真相。在Paul的执导下，剧情扣人心弦，导演手法独特，将科幻类型的魅力展现得淋漓尽致。本片展现了人性的光辉，在国际影展上备受瞩目。
孤独的命运的旅程 Our Fear to the Future,https://movie.douban.com/subject/1001825/,Michael Smith,陈平杰 / 郑恩贤,斋藤雄大 / 赵华超 / Michael Jones / ...,剧情 / 灾难 / 传记,印度,泰米尔语 / 印地语,2023-01-01(圣丹斯电影节) / 2023-03-05(国际),95分钟,,tt5022650,7.1,35077,47.40%,35.20%,11.60%,2.30%,3.50%,《孤独的命运的旅程》是一部探讨战争的残酷的深刻电影。故事发生在广袤的沙漠，一对失散多年的兄弟改变了世界的格局。在Michael的执导下，寓意深远悠长，剧情扣人心弦，将剧情类型的魅力展现得淋漓尽致。本片具有很高的艺术价值，展现了电影艺术的无限可能。
午夜生命的证明 Last Life in the Dark,https://movie.douban.com/subject/1001826/,张承贤,李承英 / Steven Johnson / James Rodriguez,吴伟鹏 / 赵秀贤 / 小林健一 / ...,动作,印度,泰米尔语 / 印地语,1985-03-08(金棕榈奖) / 1985-06-21(国际),100分钟,午夜生命的证明(陆),tt3378359,9.4,1271661,83.10%,6.90%,5.00%,2.10%,2.90%,《午夜生命的证明》是一部探讨记忆的珍贵的细腻电影。故事发生在浪漫的海边小镇，一个破碎的家庭经历了一次深刻的心灵洗礼。在张承贤的执导下，表演真挚感人，影片画面精美，将动作类型的魅力展现得淋漓尽致。本片展现了人性的光辉，展现了电影艺术的无限可能。
晨曦希望的边缘 My Love at Dusk,https://movie.douban.com/subject/1001827/,张辉龙,吴超辉 / 赵志平 / Robert Williams,Steven Williams / Paul Brown / 陈鹏峰 / ...,动作,瑞典,日语,2017-10-25(罗马电影节) / 2017-11-19(国际),110分钟,晨曦希望的边缘(陆) / 晨曦希望的边缘特别版,tt7468275,8.2,287665,74.70%,15.30%,5.00%,2.50%,2.50%,《晨曦希望的边缘》是一部探讨爱情的真谛的宏大电影。故事发生在繁华的都市，一名失意的作家跨越了时空的界限。在张辉龙的执导下，节奏把控精准，气氛营造出色，将动作类型的魅力展现得淋漓尽致。本片是一部不可多得的佳作，展现了电影艺术的无限可能。
黎明秘密的传说 Found Life in the Dark,https://movie.douban.com/subject/1001828/,George Davis,崔敏俊 / George Williams / 王华军,吴建平 / John Davis / 张浩浩 / ...,纪录片 / 武侠 / 喜剧,爱尔兰 / 韩国 / 阿根廷,日语,1994-04-27(巴黎电影节) / 1994-05-07(国际),190分钟,黎明秘密的传说特别版,tt8004608,7.2,50615,53.60%,26.30%,10.70%,4.50%,4.90%,《黎明秘密的传说》是一部探讨爱情的真谛的震撼电影。故事发生在繁华的都市，一名勇敢的战士找到了生命的真谛。在George的执导下，视觉效果震撼，气氛营造出色，将纪录片类型的魅力展现得淋漓尽致。本片值得推荐给所有人，获得了观众的一致好评。
太阳束缚的回声 My Journey at Dusk,https://movie.douban.com/subject/1001829/,朴秀贤,李贤恩 / 斋藤次郎 / 黄超国,刘鹏明 / 吴明军 / 刘国强 / ...,剧情 / 家庭,丹麦,西班牙语,1986-05-25(巴黎电影节) / 1986-07-02(国际),95分钟,太阳束缚的回声(韩) / 太阳束缚的回声修复版,tt2800152,6.8,44715,38.20%,42.30%,13.60%,2.60%,3.30%,《太阳束缚的回声》是一部探讨科技的边界的震撼电影。故事发生在深邃的太空，一名神秘的陌生人坚守了一个重要的承诺。在朴秀贤的执导下，剧情扣人心弦，节奏把控精准，将剧情类型的魅力展现得淋漓尽致。本片值得反复品味，获得了观众的一致好评。
遗忘的朋友的约定 Your Lie to the Future,https://movie.douban.com/subject/1001830/,张建峰,James Miller,吴建鹏 / David Miller / 林俊俊 / ...,动作 / 犯罪,埃及 / 爱尔兰 / 南非,汉语普通话,1977-08-19(东京电影节) / 1977-11-20(国际),200分钟,遗忘的朋友的约定(韩),tt2816058,7,86552,49.10%,26.50%,14.50%,6.30%,3.60%,《遗忘的朋友的约定》是一部探讨爱情的真谛的深刻电影。故事发生在深邃的太空，一群志同道合的朋友面对了一场前所未有的挑战。在张建峰的执导下，视觉效果震撼，思想内涵深刻，将动作类型的魅力展现得淋漓尽致。本片会成为经典之作，展现了电影艺术的无限可能。
太阳勇气的救赎 Our Journey of the Soul,https://movie.douban.com/subject/1001831/,吴强文,李平国 / Christopher Smith / Paul Smith,铃木次郎 / James Brown / 刘鹏伟 / ...,动作 / 脱口秀,希腊 / 德国 / 波兰,英语,2023-02-10(柏林电影节) / 2023-02-01(国际),230分钟,太阳勇气的救赎(港) / 太阳勇气的救赎导演剪辑版,tt5174834,9.6,2430165,92.40%,5%,2%,0.50%,0.10%,《太阳勇气的救赎》是一部探讨科技的边界的细腻电影。故事发生在未来的世界，一个破碎的家庭实现了曾经的梦想。在吴强文的执导下，表演真挚感人，配乐动人心弦，将动作类型的魅力展现得淋漓尽致。本片触动人心深处，获得了观众的一致好评。
追寻灵魂的传说 Their Hate,https://movie.douban.com/subject/1001832/,高桥拓也,李明辉 / 张文鹏,Peter Davis / 张承俊 / Peter Garcia / ...,剧情 / 悬疑,匈牙利,法语,1999-01-14(釜山电影节) / 1999-01-10(国际),95分钟,追寻灵魂的传说(陆),tt1886982,8.6,610493,78.10%,11.90%,5.00%,3.40%,1.60%,《追寻灵魂的传说》是一部探讨正义的坚守的感人电影。故事发生在广袤的沙漠，一对相爱的恋人守护了珍贵的东西。在高桥拓也的执导下，情感表达细腻，表演真挚感人，将剧情类型的魅力展现得淋漓尽致。本片充满了希望与力量，获得了观众的一致好评。
追寻战争 First Hope in the Dark,https://movie.douban.com/subject/1001833/,小林凉平,Paul Wilson / 周龙文,周军辉 / 陈国志 / 铃木三郎 / ...,爱情,丹麦 / 意大利,法语,1994-01-12(巴黎电影节) / 1994-04-05(国际),250分钟,追寻战争导演剪辑版,tt2166446,8.3,144385,62.90%,18.90%,10.50%,3.10%,4.60%,《追寻战争》是一部探讨自然的敬畏的深刻电影。故事发生在古代的王朝，一位孤独的老人实现了曾经的梦想。在小林凉平的执导下，视觉效果震撼，导演手法独特，将爱情类型的魅力展现得淋漓尽致。本片值得推荐给所有人，获得了观众的一致好评。
沉默的肉体的传说 A Love to the Future,https://movie.douban.com/subject/1001834/,Peter Davis,陈超华 / Robert Williams,王华峰 / 张杰强 / Michael Williams / ...,科幻,墨西哥 / 日本 / 美国,西班牙语 / 英语,2020-05-12(金球奖) / 2020-07-19(国际),135分钟,沉默的肉体的传说纪念版,tt9881614,6.4,13279,42.90%,35.80%,12.70%,4.90%,3.70%,《沉默的肉体的传说》是一部探讨梦想的追求的细腻电影。故事发生在末日后的废墟，一位孤独的老人战胜了内心的恐惧。在Peter的执导下，影片画面精美，配乐动人心弦，将科幻类型的魅力展现得淋漓尽致。本片温暖而治愈，在国际影展上备受瞩目。
未来的时间的回声 The Love of the Soul,https://movie.douban.com/subject/1001835/,刘军超,Robert Johnson / 周明伟 / 张珍英,李敏俊 / 刘伟志 / 林珍浩 / ...,喜剧 / 动作 / 动画,波兰,西班牙语,1977-09-08(圣丹斯电影节) / 1977-09-22(国际),130分钟,未来的时间的回声(韩) / 未来的时间的回声修复版,tt1263754,7.6,146080,58.70%,27.00%,9.20%,3.20%,1.90%,《未来的时间的回声》是一部探讨身份的认同的感人电影。故事发生在奇幻的魔法世界，一对相爱的恋人踏上了一段改变命运的旅程。在刘军超的执导下，导演手法独特，情感表达细腻，将喜剧类型的魅力展现得淋漓尽致。本片温暖而治愈，获得了观众的一致好评。
冻结的起点的故事 A Hope from the Past,https://movie.douban.com/subject/1001836/,Paul Jones,John Garcia,郑英敏 / 朴英俊 / 赵敏浩 / ...,科幻,意大利,意大利语,1976-02-20(威尼斯电影节) / 1976-04-01(国际),250分钟,冻结的起点的故事4K修复版,tt5090777,8.1,461399,62.30%,19.60%,10.50%,3.90%,3.70%,《冻结的起点的故事》是一部探讨友谊的力量的细腻电影。故事发生在奇幻的魔法世界，一对相爱的恋人发现了一个惊人的真相。在Paul的执导下，气氛营造出色，情感表达细腻，将科幻类型的魅力展现得淋漓尽致。本片令人难以忘怀，展现了电影艺术的无限可能。
风雨起点的回声 My Fear in the Dark,https://movie.douban.com/subject/1001837/,杨平文,Christopher Williams,Steven Miller / 王峰志 / 姜秀承 / ...,喜剧 / 动画,波兰,汉语普通话,2023-04-12(金球奖) / 2023-06-07(国际),135分钟,风雨起点的回声纪念版,tt7858089,7.1,76752,45.90%,30.40%,13.40%,6.70%,3.60%,《风雨起点的回声》是一部探讨真相的揭露的深刻电影。故事发生在奇幻的魔法世界，一名失意的作家揭开了一个深藏多年的秘密。在杨平文的执导下，配乐动人心弦，视觉效果震撼，将喜剧类型的魅力展现得淋漓尽致。本片值得推荐给所有人，获得了观众的一致好评。
记忆中的空间之内 Found Death from the Past,https://movie.douban.com/subject/1001838/,Michael Williams,田中诚 / 渡边太郎,李军伟 / Michael Miller / 刘超鹏 / ...,动作,英国,英语,2017-06-28(圣丹斯电影节) / 2017-07-22(国际),130分钟,记忆中的空间之内特别版,tt5572583,6.2,13242,38.90%,35.00%,14.80%,6.90%,4.40%,《记忆中的空间之内》是一部探讨成长的烦恼的宏大电影。故事发生在未来的世界，一对失散多年的兄弟实现了曾经的梦想。在Michael的执导下，配乐动人心弦，寓意深远悠长，将动作类型的魅力展现得淋漓尽致。本片会成为经典之作，获得了观众的一致好评。
冰冷的选择的传说 Final Truth to the Future,https://movie.douban.com/subject/1001839/,Robert Garcia,Michael Smith / 杨强军 / Christopher Miller,姜恩承 / Peter Smith / Christopher Jones / ...,动作 / 灾难,法国,法语,2002-09-02(伦敦电影节) / 2002-11-26(国际),240分钟,冰冷的选择的传说(台) / 冰冷的选择的传说修复版,tt2068998,7.9,57929,53.80%,25.50%,13.40%,3.90%,3.40%,《冰冷的选择的传说》是一部探讨文化的碰撞的细腻电影。故事发生在深邃的海洋，一位坚强的女性实现了曾经的梦想。在Robert的执导下，节奏把控精准，气氛营造出色，将动作类型的魅力展现得淋漓尽致。本片值得反复品味，在国际影展上备受瞩目。
城市死亡的回声 Found Dream at Dusk,https://movie.douban.com/subject/1001840/,陈华平,刘文峰,李超龙 / 斋藤翔太 / Steven Rodriguez / ...,科幻,西班牙,西班牙语,2005-01-11(伦敦电影节) / 2005-01-15(国际),180分钟,城市死亡的回声(韩) / 城市死亡的回声纪念版,tt3305847,9.5,1656197,87.90%,5%,2.10%,2.80%,2.20%,《城市死亡的回声》是一部探讨自由的渴望的震撼电影。故事发生在未来的世界，一名勇敢的战士找到了生命的真谛。在陈华平的执导下，表演真挚感人，导演手法独特，将科幻类型的魅力展现得淋漓尽致。本片会成为经典之作，在国际影展上备受瞩目。
永恒的空间的故事 Our Hate to the Future,https://movie.douban.com/subject/1001841/,朴珍俊,张文平,杨峰龙 / Paul Smith / Michael Smith / ...,剧情 / 武侠 / 历史,南非,日语,2006-05-09(金球奖) / 2006-08-27(国际),125分钟,永恒的空间的故事(陆),tt8506731,7.1,58229,46.20%,34.00%,13.10%,3.60%,3.10%,《永恒的空间的故事》是一部探讨空间的奥秘的感人电影。故事发生在深邃的海洋，一对失散多年的兄弟发现了一个惊人的真相。在朴珍俊的执导下，配乐动人心弦，寓意深远悠长，将剧情类型的魅力展现得淋漓尽致。本片展现了电影的魅力，在国际影展上备受瞩目。
燃烧的谎言的约定 My Life of the Soul,https://movie.douban.com/subject/1001842/,黄建杰,林英英 / 赵国超 / 金承珍,吴平峰 / 斋藤大辅 / 赵鹏峰 / ...,剧情 / 惊悚,意大利 / 希腊,意大利语 / 英语 / 西班牙语,2019-03-17(奥斯卡金像奖) / 2019-03-14(国际),135分钟,燃烧的谎言的约定(港) / 燃烧的谎言的约定修复版,tt1158150,8,396932,63.80%,19.90%,9.50%,3.90%,2.90%,《燃烧的谎言的约定》是一部探讨身份的认同的震撼电影。故事发生在深邃的海洋，一位年轻的冒险家面对了一场前所未有的挑战。在黄建杰的执导下，剧情扣人心弦，配乐动人心弦，将剧情类型的魅力展现得淋漓尽致。本片是一部不可多得的佳作，在国际影展上备受瞩目。
星辰光明之上 First Lie from the Past,https://movie.douban.com/subject/1001843/,周军超,Michael Williams,黄强龙 / John Miller / 刘杰鹏 / ...,动作 / 纪录片,巴西,葡萄牙语 / 英语,2010-01-15(柏林电影节) / 2010-01-05(国际),145分钟,星辰光明之上(日) / 星辰光明之上导演剪辑版 / Light,tt4642218,7.9,137514,61.20%,22.30%,10.90%,3.80%,1.80%,《星辰光明之上》是一部探讨真相的揭露的宏大电影。故事发生在繁华的都市，一位孤独的老人坚守了一个重要的承诺。在周军超的执导下，节奏把控精准，细节处理到位，将动作类型的魅力展现得淋漓尽致。本片具有很高的艺术价值，在国际影展上备受瞩目。
荒野承诺的歌声 Lost Fear at Dusk,https://movie.douban.com/subject/1001844/,James Brown,朴智贤 / 李建强,John Miller / 黄伟平 / Christopher Garcia / ...,动作 / 灾难,美国,英语 / 西班牙语,1971-10-10(圣丹斯电影节) / 1971-10-12(国际),200分钟,荒野承诺的歌声(台),tt6299695,6.3,12730,37.60%,42.10%,11.50%,3.80%,5.00%,《荒野承诺的歌声》是一部探讨爱情的真谛的震撼电影。故事发生在浪漫的海边小镇，一个天真的孩子战胜了内心的恐惧。在James的执导下，视觉效果震撼，思想内涵深刻，将动作类型的魅力展现得淋漓尽致。本片是一部不可多得的佳作，展现了电影艺术的无限可能。
太阳空间的回声 A Lie,https://movie.douban.com/subject/1001845/,Peter Davis,王龙杰,高桥大辅 / 杨平平 / 陈辉明 / ...,科幻,瑞典 / 以色列,日语,2006-01-03(奥斯卡金像奖) / 2006-01-07(国际),150分钟,太阳空间的回声(日),tt1738604,7.1,31540,48.90%,28.60%,14.70%,5.30%,2.50%,《太阳空间的回声》是一部探讨记忆的珍贵的细腻电影。故事发生在末日后的废墟，一名神秘的陌生人实现了曾经的梦想。在Peter的执导下，细节处理到位，影片画面精美，将科幻类型的魅力展现得淋漓尽致。本片展现了人性的光辉，在国际影展上备受瞩目。
遗忘的梦境的中心 Lost Fear at Dusk,https://movie.douban.com/subject/1001846/,张国文,Michael Jones / 杨伟平,Paul Miller / 刘伟军 / James Williams / ...,科幻 / 情色 / 冒险,日本,日语 / 英语,2004-05-09(威尼斯电影节) / 2004-08-09(国际),230分钟,遗忘的梦境的中心(港) / 遗忘的梦境的中心修复版,tt8885603,7.3,37914,43.90%,33.90%,11.60%,5.40%,5.20%,《遗忘的梦境的中心》是一部探讨自然的敬畏的细腻电影。故事发生在未来的世界，一位孤独的老人找到了生命的真谛。在张国文的执导下，细节处理到位，剧情扣人心弦，将科幻类型的魅力展现得淋漓尽致。本片令人难以忘怀，在国际影展上备受瞩目。
最后的自由之上 First Hate to the Future,https://movie.douban.com/subject/1001847/,赵强文,Michael Jones,小林翔太 / 杨文国 / 黄国峰 / ...,喜剧 / 恐怖 / 奇幻,瑞典,西班牙语,1973-10-24(釜山电影节) / 1973-12-08(国际),210分钟,,tt8424239,8.2,116682,62.90%,19.10%,10.20%,3.20%,4.60%,《最后的自由之上》是一部探讨身份的认同的深刻电影。故事发生在神秘的异域，一名勇敢的战士突破了自我的极限。在赵强文的执导下，气氛营造出色，表演真挚感人，将喜剧类型的魅力展现得淋漓尽致。本片触动人心深处，展现了电影艺术的无限可能。
黎明旅程的审判 Last Truth from the Past,https://movie.douban.com/subject/1001848/,小林翔太,小林拓也 / 张军强 / James Brown,Michael Williams / 黄文杰 / David Smith / ...,悬疑 / 科幻 / 战争,伊朗,汉语普通话,1992-05-06(东京电影节) / 1992-08-22(国际),140分钟,黎明旅程的审判加长版,tt7727817,8.1,388279,74.40%,12.90%,7.70%,3.40%,1.60%,《黎明旅程的审判》是一部探讨家庭的温暖的宏大电影。故事发生在雨林的深处，一个破碎的家庭突破了自我的极限。在小林翔太的执导下，导演手法独特，节奏把控精准，将悬疑类型的魅力展现得淋漓尽致。本片具有很高的艺术价值，获得了观众的一致好评。
遗忘的自由的传说 Their Love at Dawn,https://movie.douban.com/subject/1001849/,杨华军,中村凉平,铃木雄大 / 田中次郎 / 杨龙建 / ...,爱情 / 动作 / 犯罪,南非,日语,2012-01-11(多伦多电影节) / 2012-01-20(国际),210分钟,遗忘的自由的传说纪念版,tt6643738,8,169603,61.90%,23.80%,7.60%,4.50%,2.20%,《遗忘的自由的传说》是一部探讨正义的坚守的细腻电影。故事发生在浪漫的海边小镇，一位坚强的女性突破了自我的极限。在杨华军的执导下，剧情扣人心弦，气氛营造出色，将爱情类型的魅力展现得淋漓尽致。本片值得反复品味，在国际影展上备受瞩目。
迷失的肉体之上 Our Promise at Dusk,https://movie.douban.com/subject/1001850/,吴文建,Christopher Johnson / 高桥健一,周鹏明 / 姜浩英 / 田中翔太 / ...,爱情 / 黑色电影,俄罗斯,俄语 / 英语,1974-03-26(罗马电影节) / 1974-06-11(国际),165分钟,,tt8285203,6.9,30334,31.40%,39.80%,18.70%,5.50%,4.60%,《迷失的肉体之上》是一部探讨家庭的温暖的细腻电影。故事发生在未来的世界，一对失散多年的兄弟跨越了时空的界限。在吴文建的执导下，寓意深远悠长，配乐动人心弦，将爱情类型的魅力展现得淋漓尽致。本片具有很高的艺术价值，展现了电影艺术的无限可能。
遗忘的勇气的回声 First Dream at Dawn,https://movie.douban.com/subject/1001851/,George Davis,黄杰华 / 周超军,张建国 / 小林翔太 / 王明伟 / ...,爱情 / 古装,加拿大 / 韩国 / 比利时,英语 / 日语,1980-08-05(金棕榈奖) / 1980-10-05(国际),220分钟,遗忘的勇气的回声(日) / 遗忘的勇气的回声加长版,tt1305864,8.1,353973,74.20%,14.70%,6.10%,3.30%,1.70%,《遗忘的勇气的回声》是一部探讨梦想的追求的深刻电影。故事发生在深邃的太空，一位年轻的冒险家找到了生命的真谛。在George的执导下，剧情扣人心弦，配乐动人心弦，将爱情类型的魅力展现得淋漓尽致。本片值得反复品味，展现了电影艺术的无限可能。
海洋梦想的抉择 Lost Love to the Future,https://movie.douban.com/subject/1001852/,周辉鹏,赵志鹏,Peter Garcia / 李国军 / Christopher Williams / ...,剧情 / 短片,芬兰,英语,2010-09-17(巴黎电影节) / 2010-12-20(国际),160分钟,,tt1098018,6.1,19544,36.70%,34.40%,15.50%,9.40%,4.00%,《海洋梦想的抉择》是一部探讨生命的价值的宏大电影。故事发生在广袤的沙漠，一对相爱的恋人改变了世界的格局。在周辉鹏的执导下，剧情扣人心弦，表演真挚感人，将剧情类型的魅力展现得淋漓尽致。本片值得反复品味，在国际影展上备受瞩目。
温暖的终点的誓言 Lost Fear,https://movie.douban.com/subject/1001853/,张明强,杨辉文 / John Jones / 黄文超,张平鹏 / 王超文 / 张鹏华 / ...,剧情 / 恐怖,韩国 / 墨西哥,韩语 / 英语 / 日语,1982-01-04(金球奖) / 1982-02-27(国际),125分钟,,tt5430423,7.4,70002,43.60%,37.60%,12.80%,3.70%,2.30%,《温暖的终点的誓言》是一部探讨人性的探索的宏大电影。故事发生在险峻的高山之巅，一个天真的孩子突破了自我的极限。在张明强的执导下，影片画面精美，细节处理到位，将剧情类型的魅力展现得淋漓尽致。本片让人思考良久，在国际影展上备受瞩目。
遗忘的终点的旅程 A Life to the Future,https://movie.douban.com/subject/1001854/,赵强辉,吴明强 / 陈华强,田中雄大 / 陈龙杰 / Christopher Jones / ...,爱情,日本,日语,2015-05-08(上海电影节) / 2015-08-18(国际),135分钟,遗忘的终点的旅程(韩) / 遗忘的终点的旅程纪念版,tt4918602,8.8,810665,68.20%,17.50%,8.40%,4.10%,1.80%,《遗忘的终点的旅程》是一部探讨爱情的真谛的深刻电影。故事发生在未来的世界，一名神秘的陌生人找到了生命的真谛。在赵强辉的执导下，配乐动人心弦，细节处理到位，将爱情类型的魅力展现得淋漓尽致。本片具有很高的艺术价值，获得了观众的一致好评。
追寻家庭的抉择 Our Life to the Future,https://movie.douban.com/subject/1001855/,James Smith,赵贤浩 / George Johnson / 郑承俊,姜俊珍 / 张俊贤 / 陈平龙 / ...,歌舞 / 动作,爱尔兰,法语,1975-02-12(莫斯科电影节) / 1975-04-07(国际),200分钟,追寻家庭的抉择(新),tt9868631,8.7,288408,83.40%,6.60%,5.00%,2.20%,2.80%,《追寻家庭的抉择》是一部探讨空间的奥秘的细腻电影。故事发生在险峻的高山之巅，一名失意的作家战胜了内心的恐惧。在James的执导下，视觉效果震撼，寓意深远悠长，将歌舞类型的魅力展现得淋漓尽致。本片触动人心深处，获得了观众的一致好评。
遗忘的绝望之下 Final Truth from the Past,https://movie.douban.com/subject/1001856/,George Williams,王杰华,杨超鹏 / 郑承俊 / Michael Garcia / ...,喜剧 / 武侠,美国,英语 / 西班牙语,1979-07-28(金棕榈奖) / 1979-09-16(国际),150分钟,遗忘的绝望之下(陆),tt3771862,8.9,563924,80.70%,9.30%,5.00%,2.50%,2.50%,《遗忘的绝望之下》是一部探讨成长的烦恼的细腻电影。故事发生在险峻的高山之巅，一位智慧的导师改变了世界的格局。在George的执导下，剧情扣人心弦，影片画面精美，将喜剧类型的魅力展现得淋漓尽致。本片值得反复品味，获得了观众的一致好评。
永恒的自由的回声 Final Hate to the Future,https://movie.douban.com/subject/1001857/,John Johnson,赵智智,Steven Wilson / 黄华志 / James Jones / ...,爱情 / 犯罪,德国,德语 / 英语,1971-01-25(多伦多电影节) / 1971-01-05(国际),175分钟,永恒的自由的回声4K修复版,tt8141587,9.8,1288739,90.30%,5%,2%,1.20%,1.50%,《永恒的自由的回声》是一部探讨正义的坚守的震撼电影。故事发生在古代的王朝，一对相爱的恋人揭开了一个深藏多年的秘密。在John的执导下，细节处理到位，视觉效果震撼，将爱情类型的魅力展现得淋漓尽致。本片值得推荐给所有人，展现了电影艺术的无限可能。
冻结的梦境的痕迹 My Truth in the Dark,https://movie.douban.com/subject/1001858/,李国志,吴鹏超 / 高桥拓也 / David Johnson,高桥雄大 / 王志华 / 杨军伟 / ...,动作,土耳其,法语,1993-07-07(罗马电影节) / 1993-10-02(国际),240分钟,冻结的梦境的痕迹(港) / 冻结的梦境的痕迹纪念版,tt6382113,7.9,81224,59.80%,25.10%,9.70%,2.30%,3.10%,《冻结的梦境的痕迹》是一部探讨爱情的真谛的细腻电影。故事发生在极地的冰雪世界，一位孤独的老人守护了珍贵的东西。在李国志的执导下，气氛营造出色，配乐动人心弦，将动作类型的魅力展现得淋漓尽致。本片是一部不可多得的佳作，获得了观众的一致好评。
遗忘的生命的回声 A Dream,https://movie.douban.com/subject/1001859/,高桥凉平,周华文 / Paul Miller,铃木凉平 / John Smith / 杨志华 / ...,科幻 / 脱口秀 / 恐怖,俄罗斯 / 土耳其,俄语 / 法语,1982-09-01(圣丹斯电影节) / 1982-11-18(国际),115分钟,遗忘的生命的回声修复版,tt9032874,8.8,506080,71.90%,16.70%,6.40%,2.50%,2.50%,《遗忘的生命的回声》是一部探讨友谊的力量的细腻电影。故事发生在奇幻的魔法世界，一个天真的孩子面对了一场前所未有的挑战。在高桥凉平的执导下，细节处理到位，导演手法独特，将科幻类型的魅力展现得淋漓尽致。本片值得反复品味，在国际影展上备受瞩目。
冰冷的战争之上 Found Fear of the Soul,https://movie.douban.com/subject/1001860/,佐藤次郎,Michael Wilson / 刘文华 / 山田诚,周龙峰 / 赵超军 / 尹恩承 / ...,动作 / 历史 / 科幻,荷兰,法语,1979-06-20(釜山电影节) / 1979-09-12(国际),230分钟,冰冷的战争之上(日) / 冰冷的战争之上导演剪辑版,tt9142215,9.3,1598798,86.10%,5%,3.90%,3.30%,1.70%,《冰冷的战争之上》是一部探讨自然的敬畏的深刻电影。故事发生在深邃的海洋，一名失意的作家守护了珍贵的东西。在佐藤次郎的执导下，节奏把控精准，剧情扣人心弦，将动作类型的魅力展现得淋漓尽致。本片展现了人性的光辉，展现了电影艺术的无限可能。
午夜命运的誓言 The Hope to the Future,https://movie.douban.com/subject/1001861/,吴文峰,王军辉,赵珍智 / 杨明平 / 杨强辉 / ...,科幻,澳大利亚,英语,1974-11-12(东京电影节) / 1974-11-18(国际),110分钟,午夜命运的誓言(台),tt4045467,6.5,41383,46.80%,28.00%,15.20%,4.50%,5.50%,《午夜命运的誓言》是一部探讨自由的渴望的细腻电影。故事发生在神秘的异域，一个天真的孩子战胜了内心的恐惧。在吴文峰的执导下，情感表达细腻，思想内涵深刻，将科幻类型的魅力展现得淋漓尽致。本片展现了电影的魅力，在国际影展上备受瞩目。
荒野承诺的旅程 Found Truth at Dusk,https://movie.douban.com/subject/1001862/,吴志明,George Garcia / John Miller / 赵明建,George Miller / 李辉华 / 高桥大辅 / ...,悬疑 / 家庭 / 动作,俄罗斯,俄语 / 英语,2015-08-02(罗马电影节) / 2015-08-04(国际),110分钟,荒野承诺的旅程(日) / 荒野承诺的旅程加长版 / Journey,tt3954892,7.7,182755,55.60%,26.00%,10.20%,3.50%,4.70%,《荒野承诺的旅程》是一部探讨真相的揭露的感人电影。故事发生在神秘的异域，一名失意的作家发现了一个惊人的真相。在吴志明的执导下，剧情扣人心弦，思想内涵深刻，将悬疑类型的魅力展现得淋漓尽致。本片充满了希望与力量，在国际影展上备受瞩目。
晨曦灵魂的旅程 Final Hope at Dusk,https://movie.douban.com/subject/1001863/,John Johnson,朴恩智,高桥诚 / 吴峰杰 / 王超志 / ...,爱情 / 纪录片,加拿大 / 奥地利 / 意大利,英语,2017-01-05(上海电影节) / 2017-03-11(国际),90分钟,晨曦灵魂的旅程(陆),tt5888521,6.3,10869,35.10%,35.30%,18.40%,6.90%,4.30%,《晨曦灵魂的旅程》是一部探讨梦想的追求的细腻电影。故事发生在宁静的乡村，一群志同道合的朋友面对了一场前所未有的挑战。在John的执导下，视觉效果震撼，寓意深远悠长，将爱情类型的魅力展现得淋漓尽致。本片值得推荐给所有人，在国际影展上备受瞩目。
记忆中的命运的约定 First Secret in the Dark,https://movie.douban.com/subject/1001864/,周明华,David Jones / 李志建,陈龙强 / 张珍俊 / 伊藤凉平 / ...,爱情 / 舞台艺术 / 音乐,印度,泰米尔语 / 印地语,1994-01-01(莫斯科电影节) / 1994-01-23(国际),195分钟,,tt7152915,7.1,33321,48.60%,30.40%,13.10%,4.00%,3.90%,《记忆中的命运的约定》是一部探讨空间的奥秘的宏大电影。故事发生在古代的王朝，一对相爱的恋人改变了世界的格局。在周明华的执导下，寓意深远悠长，视觉效果震撼，将爱情类型的魅力展现得淋漓尽致。本片令人难以忘怀，在国际影展上备受瞩目。
太阳信念之下 Their Secret at Dusk,https://movie.douban.com/subject/1001865/,周国明,金浩贤,George Miller / 赵英贤 / 杨建杰 / ...,动作,中国香港,粤语,2000-02-05(莫斯科电影节) / 2000-05-28(国际),110分钟,太阳信念之下(日) / 太阳信念之下纪念版,tt3645165,7.6,133923,60.00%,25.50%,9.50%,2.40%,2.60%,《太阳信念之下》是一部探讨梦想的追求的感人电影。故事发生在未来的世界，一位年轻的冒险家突破了自我的极限。在周国明的执导下，细节处理到位，导演手法独特，将动作类型的魅力展现得淋漓尽致。本片充满了希望与力量，展现了电影艺术的无限可能。
喧嚣的空间的歌声 Lost Fear from the Past,https://movie.douban.com/subject/1001866/,铃木太郎,刘辉峰 / 吴国超,吴建平 / Paul Garcia / Michael Smith / ...,爱情,中国香港,粤语 / 英语,2000-08-13(柏林电影节) / 2000-10-06(国际),125分钟,喧嚣的空间的歌声(韩) / 喧嚣的空间的歌声导演剪辑版,tt9023666,9.4,2868308,80.90%,9.10%,5.00%,2.90%,2.10%,《喧嚣的空间的歌声》是一部探讨自然的敬畏的深刻电影。故事发生在战火纷飞的年代，一位年轻的冒险家实现了曾经的梦想。在铃木太郎的执导下，思想内涵深刻，情感表达细腻，将爱情类型的魅力展现得淋漓尽致。本片令人难以忘怀，在国际影展上备受瞩目。
月光爱情之外 Your Death,https://movie.douban.com/subject/1001867/,小林健一,Michael Rodriguez / 高桥凉平,佐藤三郎 / Christopher Garcia / 佐藤健一 / ...,动作 / 音乐 / 儿童,巴西,葡萄牙语 / 英语,1978-01-15(奥斯卡金像奖) / 1978-01-11(国际),190分钟,月光爱情之外(日),tt8333507,9.4,892006,92.40%,5%,2%,0.50%,0.10%,《月光爱情之外》是一部探讨自由的渴望的感人电影。故事发生在末日后的废墟，一名勇敢的战士揭开了一个深藏多年的秘密。在小林健一的执导下，寓意深远悠长，导演手法独特，将动作类型的魅力展现得淋漓尽致。本片让人思考良久，获得了观众的一致好评。
冰冷的爱情的约定 Final Promise at Dawn,https://movie.douban.com/subject/1001868/,杨文军,山田次郎 / 刘文伟,张珍俊 / 佐藤太郎 / 渡边大辅 / ...,剧情 / 短片,波兰,汉语普通话,2019-03-24(上海电影节) / 2019-04-11(国际),90分钟,冰冷的爱情的约定(台) / 冰冷的爱情的约定修复版,tt3751768,8.9,468540,83.60%,6.40%,5.00%,3.50%,1.50%,《冰冷的爱情的约定》是一部探讨空间的奥秘的宏大电影。故事发生在一个遥远的小镇，一个破碎的家庭突破了自我的极限。在杨文军的执导下，视觉效果震撼，节奏把控精准，将剧情类型的魅力展现得淋漓尽致。本片值得反复品味，在国际影展上备受瞩目。
荒野记忆的歌声 Last Journey from the Past,https://movie.douban.com/subject/1001869/,朴浩哲,王杰华 / James Johnson,铃木次郎 / David Rodriguez / 周志龙 / ...,爱情,俄罗斯,俄语 / 英语,2020-04-19(金棕榈奖) / 2020-06-10(国际),220分钟,荒野记忆的歌声(日),tt5422180,6.8,15306,37.60%,39.00%,12.00%,6.60%,4.80%,《荒野记忆的歌声》是一部探讨生命的价值的深刻电影。故事发生在浪漫的海边小镇，一位坚强的女性战胜了内心的恐惧。在朴浩哲的执导下，表演真挚感人，情感表达细腻，将爱情类型的魅力展现得淋漓尽致。本片触动人心深处，获得了观众的一致好评。
远方的远方的传说 Their Life in the Dark,https://movie.douban.com/subject/1001870/,赵建志,小林诚 / James Miller / David Davis,Steven Garcia / 姜贤珍 / 刘明辉 / ...,动作 / 家庭,爱尔兰,英语,2023-06-16(罗马电影节) / 2023-08-04(国际),110分钟,远方的远方的传说(陆) / 远方的远方的传说纪念版,tt7687826,8.1,313732,67.30%,19.70%,8.00%,3.10%,1.90%,《远方的远方的传说》是一部探讨梦想的追求的感人电影。故事发生在深邃的海洋，一名神秘的陌生人实现了曾经的梦想。在赵建志的执导下，思想内涵深刻，细节处理到位，将动作类型的魅力展现得淋漓尽致。本片会成为经典之作，在国际影展上备受瞩目。
晨曦英雄的审判 Last Secret,https://movie.douban.com/subject/1001871/,崔贤浩,陈鹏龙,刘强华 / Paul Brown / 杨明志 / ...,运动 / 科幻 / 音乐,奥地利 / 意大利 / 泰国,汉语普通话,1997-02-27(釜山电影节) / 1997-02-22(国际),135分钟,晨曦英雄的审判加长版 / Hero,tt1589912,6.5,30400,40.50%,32.70%,15.80%,6.20%,4.80%,《晨曦英雄的审判》是一部探讨生命的价值的感人电影。故事发生在未来的世界，一名神秘的陌生人踏上了一段改变命运的旅程。在崔贤浩的执导下，视觉效果震撼，导演手法独特，将运动类型的魅力展现得淋漓尽致。本片温暖而治愈，获得了观众的一致好评。
黎明光明之间 My Love,https://movie.douban.com/subject/1001872/,James Rodriguez,伊藤翔太 / 黄平超,Robert Miller / Robert Jones / Peter Miller / ...,动作 / 动画,中国香港,粤语 / 英语,1982-09-05(柏林电影节) / 1982-10-08(国际),155分钟,黎明光明之间(陆) / 黎明光明之间纪念版 / Light,tt7415093,7.9,98731,60.10%,22.40%,11.10%,2.70%,3.70%,《黎明光明之间》是一部探讨命运的挑战的震撼电影。故事发生在浪漫的海边小镇，一名失意的作家找到了生命的真谛。在James的执导下，剧情扣人心弦，气氛营造出色，将动作类型的魅力展现得淋漓尽致。本片令人难以忘怀，展现了电影艺术的无限可能。
冻结的秘密的旅程 Our Truth in the Dark,https://movie.douban.com/subject/1001873/,张杰文,赵建国 / 张军建 / 斋藤拓也,Robert Jones / 周鹏峰 / George Garcia / ...,喜剧 / 武侠 / 灾难,阿根廷,西班牙语,2009-04-07(金球奖) / 2009-07-28(国际),175分钟,冻结的秘密的旅程修复版,tt3388526,7,80706,43.90%,34.50%,15.00%,3.40%,3.20%,《冻结的秘密的旅程》是一部探讨家庭的温暖的宏大电影。故事发生在浪漫的海边小镇，一个破碎的家庭坚守了一个重要的承诺。在张杰文的执导下，表演真挚感人，节奏把控精准，将喜剧类型的魅力展现得淋漓尽致。本片展现了人性的光辉，获得了观众的一致好评。
冻结的英雄的审判 Your Secret of the Soul,https://movie.douban.com/subject/1001874/,高桥翔太,金敏恩 / 周平杰,吴明鹏 / 周强超 / 佐藤大辅 / ...,科幻 / 神话,希腊,法语,2011-06-26(威尼斯电影节) / 2011-08-15(国际),185分钟,冻结的英雄的审判(台) / 冻结的英雄的审判加长版,tt9085515,6.2,9934,29.60%,43.90%,14.60%,7.90%,4.00%,《冻结的英雄的审判》是一部探讨和平的珍贵的深刻电影。故事发生在奇幻的魔法世界，一群志同道合的朋友突破了自我的极限。在高桥翔太的执导下，表演真挚感人，气氛营造出色，将科幻类型的魅力展现得淋漓尽致。本片值得推荐给所有人，在国际影展上备受瞩目。
天空爱情的故事 A Death at Dawn,https://movie.douban.com/subject/1001875/,David Rodriguez,金承承 / 王文文 / 黄平华,Michael Rodriguez / 李辉龙 / Christopher Johnson / ...,剧情,中国大陆 / 法国 / 阿根廷,汉语普通话 / 法语,1974-07-04(戛纳电影节) / 1974-08-23(国际),110分钟,天空爱情的故事4K修复版,tt4335506,7.6,51527,56.50%,26.00%,9.60%,3.70%,4.20%,《天空爱情的故事》是一部探讨正义的坚守的宏大电影。故事发生在末日后的废墟，一名勇敢的战士踏上了一段改变命运的旅程。在David的执导下，影片画面精美，表演真挚感人，将剧情类型的魅力展现得淋漓尽致。本片值得反复品味，在国际影展上备受瞩目。
黎明灵魂的中心 Your Promise in the Dark,https://movie.douban.com/subject/1001876/,张军杰,Steven Jones / Steven Johnson / Steven Davis,Robert Miller / 铃木拓也 / 杨华建 / ...,动作 / 剧情 / 黑色电影,美国,英语 / 西班牙语,1976-02-03(多伦多电影节) / 1976-02-01(国际),165分钟,,tt2561810,8,377355,61.70%,26.50%,6.80%,2.40%,2.60%,《黎明灵魂的中心》是一部探讨身份的认同的感人电影。故事发生在宁静的乡村，一位孤独的老人实现了曾经的梦想。在张军杰的执导下，寓意深远悠长，表演真挚感人，将动作类型的魅力展现得淋漓尽致。本片充满了希望与力量，展现了电影艺术的无限可能。
孤独的爱情的约定 First Life to the Future,https://movie.douban.com/subject/1001877/,周峰志,张平超 / 高桥太郎 / John Wilson,David Wilson / 张龙鹏 / 铃木健一 / ...,剧情 / 动画,日本,日语,1979-10-22(多伦多电影节) / 1979-11-18(国际),125分钟,孤独的爱情的约定加长版 / Love,tt1799557,9.7,889644,77.80%,12.20%,5.00%,2.50%,2.50%,《孤独的爱情的约定》是一部探讨友谊的力量的感人电影。故事发生在险峻的高山之巅，一群志同道合的朋友发现了一个惊人的真相。在周峰志的执导下，导演手法独特，剧情扣人心弦，将剧情类型的魅力展现得淋漓尽致。本片触动人心深处，展现了电影艺术的无限可能。
午夜恐惧 Found Journey at Dawn,https://movie.douban.com/subject/1001878/,小林健一,周军峰,刘建峰 / John Garcia / Robert Wilson / ...,动作,伊朗,日语,2012-08-13(上海电影节) / 2012-08-05(国际),180分钟,午夜恐惧(日) / 午夜恐惧纪念版,tt5052675,9.3,2520270,84.40%,5.60%,5.00%,2.20%,2.80%,《午夜恐惧》是一部探讨身份的认同的感人电影。故事发生在未来的世界，一名神秘的陌生人揭开了一个深藏多年的秘密。在小林健一的执导下，情感表达细腻，节奏把控精准，将动作类型的魅力展现得淋漓尽致。本片让人思考良久，获得了观众的一致好评。
太阳终点之间 Found Hate in the Dark,https://movie.douban.com/subject/1001879/,张恩英,Peter Jones,伊藤诚 / 杨平国 / 姜智俊 / ...,音乐 / 喜剧,瑞士 / 伊朗,西班牙语,2014-10-11(柏林电影节) / 2014-11-02(国际),220分钟,太阳终点之间(日) / 太阳终点之间修复版,tt2180387,8.2,137542,60.70%,20.80%,11.40%,3.20%,3.90%,《太阳终点之间》是一部探讨正义的坚守的感人电影。故事发生在奇幻的魔法世界，一群志同道合的朋友突破了自我的极限。在张恩英的执导下，视觉效果震撼，思想内涵深刻，将音乐类型的魅力展现得淋漓尽致。本片展现了电影的魅力，获得了观众的一致好评。
城市自由 Their Death at Dawn,https://movie.douban.com/subject/1001880/,陈文超,周文军 / 铃木翔太 / James Wilson,山田大辅 / 高桥雄大 / 赵强龙 / ...,爱情 / 悬疑,越南,西班牙语,1996-09-21(罗马电影节) / 1996-12-03(国际),100分钟,城市自由(马),tt7376633,7.5,89675,62.50%,19.40%,12.60%,2.80%,2.70%,《城市自由》是一部探讨文化的碰撞的细腻电影。故事发生在极地的冰雪世界，一个天真的孩子跨越了时空的界限。在陈文超的执导下，细节处理到位，寓意深远悠长，将爱情类型的魅力展现得淋漓尽致。本片让人思考良久，展现了电影艺术的无限可能。
过去的旅程的中心 My Secret in the Dark,https://movie.douban.com/subject/1001881/,姜珍英,山田健一 / 金恩敏 / 赵鹏龙,田中雄大 / Peter Brown / 王超明 / ...,动作,伊朗 / 俄罗斯,日语,1971-11-19(上海电影节) / 1971-11-22(国际),175分钟,过去的旅程的中心(新),tt7778084,6.2,12517,31.60%,41.20%,17.90%,4.00%,5.30%,《过去的旅程的中心》是一部探讨真相的揭露的宏大电影。故事发生在虚拟的网络空间，一位年轻的冒险家揭开了一个深藏多年的秘密。在姜珍英的执导下，节奏把控精准，寓意深远悠长，将动作类型的魅力展现得淋漓尽致。本片展现了人性的光辉，展现了电影艺术的无限可能。
黄昏和平的中心 Last Journey of the Soul,https://movie.douban.com/subject/1001882/,Steven Rodriguez,王辉杰 / 黄明强 / 杨华建,金珍贤 / 李龙强 / 黄龙建 / ...,动作 / 音乐,美国,英语 / 法语,1978-10-08(金球奖) / 1978-11-22(国际),120分钟,黄昏和平的中心导演剪辑版,tt4074356,6.1,10764,36.10%,38.90%,17.10%,4.70%,3.20%,《黄昏和平的中心》是一部探讨文化的碰撞的细腻电影。故事发生在深邃的海洋，一名勇敢的战士改变了世界的格局。在Steven的执导下，情感表达细腻，配乐动人心弦，将动作类型的魅力展现得淋漓尽致。本片令人难以忘怀，在国际影展上备受瞩目。
风雨爱情的回声 The Love of the Soul,https://movie.douban.com/subject/1001883/,王杰杰,佐藤三郎 / 佐藤雄大,小林健一 / 黄伟平 / 刘杰明 / ...,爱情 / 歌舞 / 儿童,芬兰 / 越南 / 挪威,汉语普通话,1990-03-04(金球奖) / 1990-05-06(国际),135分钟,风雨爱情的回声(新),tt6329245,6.6,33059,29.90%,36.90%,17.90%,6.30%,9.00%,《风雨爱情的回声》是一部探讨文化的碰撞的深刻电影。故事发生在一个遥远的小镇，一名勇敢的战士面对了一场前所未有的挑战。在王杰杰的执导下，细节处理到位，视觉效果震撼，将爱情类型的魅力展现得淋漓尽致。本片值得推荐给所有人，获得了观众的一致好评。
沉默的死亡的旅程 First Hate of the Soul,https://movie.douban.com/subject/1001884/,王超峰,铃木拓也 / 伊藤大辅 / James Davis,渡边太郎 / 刘峰杰 / 王文明 / ...,爱情 / 舞台艺术,比利时,英语,1982-01-12(金棕榈奖) / 1982-02-05(国际),195分钟,沉默的死亡的旅程(新) / Journey,tt1581115,7.1,72286,46.40%,30.20%,12.00%,5.60%,5.80%,《沉默的死亡的旅程》是一部探讨梦想的追求的宏大电影。故事发生在广袤的沙漠，一名神秘的陌生人踏上了一段改变命运的旅程。在王超峰的执导下，细节处理到位，节奏把控精准，将爱情类型的魅力展现得淋漓尽致。本片展现了人性的光辉，在国际影展上备受瞩目。
眼前的秘密的痕迹 Found Secret from the Past,https://movie.douban.com/subject/1001885/,小林凉平,斋藤次郎 / 金贤贤 / Robert Smith,Christopher Brown / 吴杰志 / 张建鹏 / ...,动作,新西兰,日语,1991-10-03(戛纳电影节) / 1991-11-25(国际),125分钟,眼前的秘密的痕迹(港),tt9701311,8,491589,66.80%,22.20%,6.00%,2.40%,2.60%,《眼前的秘密的痕迹》是一部探讨友谊的力量的深刻电影。故事发生在繁华的都市，一对相爱的恋人跨越了时空的界限。在小林凉平的执导下，配乐动人心弦，视觉效果震撼，将动作类型的魅力展现得淋漓尽致。本片让人思考良久，获得了观众的一致好评。
追寻现实的救赎 The Lie at Dawn,https://movie.douban.com/subject/1001886/,斋藤诚,李平伟 / Christopher Smith / 赵龙伟,王建鹏 / Robert Johnson / 赵杰建 / ...,喜剧 / 古装,南非 / 美国 / 意大利,英语,1979-03-02(奥斯卡金像奖) / 1979-03-10(国际),175分钟,追寻现实的救赎纪念版,tt9861621,8.7,869782,79.40%,10.60%,5.00%,2.10%,2.90%,《追寻现实的救赎》是一部探讨科技的边界的宏大电影。故事发生在战火纷飞的年代，一位年轻的冒险家突破了自我的极限。在斋藤诚的执导下，细节处理到位，寓意深远悠长，将喜剧类型的魅力展现得淋漓尽致。本片值得推荐给所有人，展现了电影艺术的无限可能。
冰冷的灵魂的传说 Lost Hate,https://movie.douban.com/subject/1001887/,渡边次郎,James Johnson / John Wilson,John Smith / Robert Jones / John Rodriguez / ...,爱情,奥地利,英语,1985-09-14(东京电影节) / 1985-11-07(国际),125分钟,冰冷的灵魂的传说(港),tt9347836,7,85767,53.50%,23.40%,12.90%,5.60%,4.60%,《冰冷的灵魂的传说》是一部探讨科技的边界的感人电影。故事发生在深邃的太空，一个破碎的家庭踏上了一段改变命运的旅程。在渡边次郎的执导下，寓意深远悠长，配乐动人心弦，将爱情类型的魅力展现得淋漓尽致。本片会成为经典之作，展现了电影艺术的无限可能。
孤独的真相的边缘 Our Truth to the Future,https://movie.douban.com/subject/1001888/,吴强建,田中次郎,田中翔太 / 张辉峰 / Peter Jones / ...,科幻 / 运动,韩国 / 加拿大 / 葡萄牙,韩语 / 英语 / 法语,1995-01-23(金球奖) / 1995-03-24(国际),195分钟,孤独的真相的边缘(新),tt7329107,7.2,69812,43.60%,34.10%,12.80%,4.50%,5.00%,《孤独的真相的边缘》是一部探讨文化的碰撞的宏大电影。故事发生在极地的冰雪世界，一群志同道合的朋友踏上了一段改变命运的旅程。在吴强建的执导下，情感表达细腻，视觉效果震撼，将科幻类型的魅力展现得淋漓尽致。本片会成为经典之作，获得了观众的一致好评。
未来的信念之上 Last Truth at Dusk,https://movie.douban.com/subject/1001889/,伊藤次郎,David Johnson / Paul Miller / 小林诚,林英秀 / Peter Wilson / 尹俊承 / ...,恐怖 / 动作,阿根廷,日语,2015-05-20(巴黎电影节) / 2015-06-02(国际),140分钟,未来的信念之上(新) / 未来的信念之上4K修复版,tt5163907,7.7,189424,53.20%,24.90%,14.80%,4.60%,2.50%,《未来的信念之上》是一部探讨真相的揭露的细腻电影。故事发生在战火纷飞的年代，一名神秘的陌生人战胜了内心的恐惧。在伊藤次郎的执导下，剧情扣人心弦，视觉效果震撼，将恐怖类型的魅力展现得淋漓尽致。本片令人难以忘怀，获得了观众的一致好评。
天空和平的抉择 Our Truth at Dusk,https://movie.douban.com/subject/1001890/,Michael Williams,尹恩珍,李恩承 / Paul Miller / 林哲贤 / ...,短片 / 喜剧,以色列,西班牙语,2021-10-05(戛纳电影节) / 2021-11-20(国际),165分钟,天空和平的抉择(港) / 天空和平的抉择修复版,tt2134906,7.4,22720,43.50%,35.10%,14.00%,4.50%,2.90%,《天空和平的抉择》是一部探讨爱情的真谛的细腻电影。故事发生在繁华的都市，一个破碎的家庭突破了自我的极限。在Michael的执导下，影片画面精美，情感表达细腻，将短片类型的魅力展现得淋漓尽致。本片值得推荐给所有人，获得了观众的一致好评。
迷失的旅程的故事 Final Hope to the Future,https://movie.douban.com/subject/1001891/,斋藤大辅,李敏秀 / Christopher Brown,Steven Wilson / 李志志 / 周超强 / ...,动作,匈牙利,英语,2010-02-22(釜山电影节) / 2010-02-24(国际),115分钟,迷失的旅程的故事(日),tt3974899,9.2,2651836,86.80%,5%,3.20%,3.20%,1.80%,《迷失的旅程的故事》是一部探讨自然的敬畏的感人电影。故事发生在战火纷飞的年代，一位智慧的导师揭开了一个深藏多年的秘密。在斋藤大辅的执导下，表演真挚感人，情感表达细腻，将动作类型的魅力展现得淋漓尽致。本片触动人心深处，展现了电影艺术的无限可能。
冰冷的终点之下 Lost Fear,https://movie.douban.com/subject/1001892/,郑智俊,李智恩,姜敏智 / 田中太郎 / 刘辉平 / ...,悬疑 / 恐怖 / 剧情,德国,德语 / 英语,1999-07-20(釜山电影节) / 1999-09-26(国际),150分钟,冰冷的终点之下特别版,tt6140475,9.6,2843072,84.60%,5.40%,5.00%,2.50%,2.50%,《冰冷的终点之下》是一部探讨记忆的珍贵的感人电影。故事发生在深邃的海洋，一名神秘的陌生人发现了一个惊人的真相。在郑智俊的执导下，情感表达细腻，剧情扣人心弦，将悬疑类型的魅力展现得淋漓尽致。本片会成为经典之作，在国际影展上备受瞩目。
海洋陌生人之上 Our Death from the Past,https://movie.douban.com/subject/1001893/,Peter Smith,王龙超 / George Brown,刘强平 / 张华强 / 中村太郎 / ...,爱情 / 短片,墨西哥,西班牙语,1997-08-25(戛纳电影节) / 1997-10-08(国际),250分钟,海洋陌生人之上(日) / 海洋陌生人之上纪念版,tt8672566,9.3,1195418,90.10%,5%,2%,1.30%,1.60%,《海洋陌生人之上》是一部探讨生命的价值的宏大电影。故事发生在末日后的废墟，一名勇敢的战士守护了珍贵的东西。在Peter的执导下，情感表达细腻，思想内涵深刻，将爱情类型的魅力展现得淋漓尽致。本片是一部不可多得的佳作，在国际影展上备受瞩目。
星辰战争之间 Your Death to the Future,https://movie.douban.com/subject/1001894/,Michael Davis,李国平,佐藤凉平 / Christopher Davis / John Johnson / ...,剧情,越南,法语,1972-12-22(戛纳电影节) / 1972-12-12(国际),160分钟,星辰战争之间加长版,tt9888211,6.5,19818,30.50%,41.10%,18.30%,5.80%,4.30%,《星辰战争之间》是一部探讨文化的碰撞的深刻电影。故事发生在虚拟的网络空间，一群志同道合的朋友完成了一次自我的救赎。在Michael的执导下，影片画面精美，剧情扣人心弦，将剧情类型的魅力展现得淋漓尽致。本片令人难以忘怀，在国际影展上备受瞩目。
过去的自由的回声 Your Fear in the Dark,https://movie.douban.com/subject/1001895/,Peter Miller,陈强峰 / 郑敏贤 / 铃木次郎,李伟杰 / 崔智恩 / 赵华辉 / ...,喜剧,波兰,西班牙语,2021-02-27(伦敦电影节) / 2021-05-10(国际),160分钟,,tt6596762,7.7,175596,57.70%,26.40%,9.10%,2.80%,4.00%,《过去的自由的回声》是一部探讨命运的挑战的感人电影。故事发生在虚拟的网络空间，一个天真的孩子完成了一次自我的救赎。在Peter的执导下，导演手法独特，剧情扣人心弦，将喜剧类型的魅力展现得淋漓尽致。本片充满了希望与力量，展现了电影艺术的无限可能。
沉默的希望的歌声 My Secret at Dawn,https://movie.douban.com/subject/1001896/,杨强志,John Brown / 高桥雄大,李志峰 / 金珍贤 / 黄志建 / ...,剧情 / 战争 / 西部,波兰,西班牙语,1982-01-05(巴黎电影节) / 1982-01-26(国际),140分钟,沉默的希望的歌声(韩) / 沉默的希望的歌声纪念版,tt9345494,7.7,141618,54.00%,23.20%,14.50%,4.90%,3.40%,《沉默的希望的歌声》是一部探讨身份的认同的宏大电影。故事发生在神秘的异域，一群志同道合的朋友改变了世界的格局。在杨强志的执导下，影片画面精美，细节处理到位，将剧情类型的魅力展现得淋漓尽致。本片充满了希望与力量，在国际影展上备受瞩目。
眼前的故乡的边缘 First Dream at Dawn,https://movie.douban.com/subject/1001897/,John Johnson,王华强 / 陈华平 / Christopher Johnson,张明建 / Peter Garcia / 吴国龙 / ...,科幻 / 古装 / 喜剧,中国台湾,汉语普通话,1974-08-17(戛纳电影节) / 1974-10-11(国际),115分钟,眼前的故乡的边缘(日),tt3007519,7.6,71777,55.00%,26.70%,9.30%,3.90%,5.10%,《眼前的故乡的边缘》是一部探讨自由的渴望的深刻电影。故事发生在极地的冰雪世界，一群志同道合的朋友实现了曾经的梦想。在John的执导下，影片画面精美，细节处理到位，将科幻类型的魅力展现得淋漓尽致。本片充满了希望与力量，展现了电影艺术的无限可能。
最后的梦境的回声 A Death,https://movie.douban.com/subject/1001898/,张珍贤,张鹏国,佐藤拓也 / 佐藤三郎 / 杨鹏龙 / ...,动作,越南,法语,2020-09-09(奥斯卡金像奖) / 2020-11-08(国际),155分钟,最后的梦境的回声4K修复版,tt6478752,8.2,373645,72.90%,17.10%,5.00%,2.80%,2.20%,《最后的梦境的回声》是一部探讨梦想的追求的深刻电影。故事发生在浪漫的海边小镇，一个天真的孩子突破了自我的极限。在张珍贤的执导下，思想内涵深刻，表演真挚感人，将动作类型的魅力展现得淋漓尽致。本片触动人心深处，获得了观众的一致好评。
记忆中的陌生人之内 Lost Love at Dawn,https://movie.douban.com/subject/1001899/,李敏智,张华鹏 / 张俊智,铃木三郎 / 朴俊俊 / 张超志 / ...,家庭 / 爱情,加拿大,英语,2010-05-09(多伦多电影节) / 2010-07-04(国际),105分钟,记忆中的陌生人之内纪念版,tt3116321,6.5,37483,32.70%,47.00%,11.60%,4.20%,4.50%,《记忆中的陌生人之内》是一部探讨命运的挑战的震撼电影。故事发生在深邃的太空，一群志同道合的朋友完成了一次自我的救赎。在李敏智的执导下，视觉效果震撼，情感表达细腻，将家庭类型的魅力展现得淋漓尽致。本片让人思考良久，获得了观众的一致好评。
风雨勇气的证明 Our Dream at Dawn,https://movie.douban.com/subject/1001900/,尹恩敏,Steven Smith / 崔敏珍 / Robert Davis,李智俊 / 赵军峰 / 周强明 / ...,科幻 / 惊悚 / 战争,加拿大,英语,2024-10-15(莫斯科电影节) / 2024-12-02(国际),110分钟,,tt5866260,6.8,49251,40.20%,38.00%,14.80%,4.40%,2.60%,《风雨勇气的证明》是一部探讨空间的奥秘的宏大电影。故事发生在极地的冰雪世界，一位年轻的冒险家坚守了一个重要的承诺。在尹恩敏的执导下，寓意深远悠长，剧情扣人心弦，将科幻类型的魅力展现得淋漓尽致。本片充满了希望与力量，展现了电影艺术的无限可能。
黄昏遗忘的边缘 Last Secret from the Past,https://movie.douban.com/subject/1001901/,铃木次郎,佐藤太郎 / 黄建志 / 林恩浩,刘超华 / 山田拓也 / 李华华 / ...,科幻 / 脱口秀,伊朗,英语,1991-05-07(罗马电影节) / 1991-08-02(国际),95分钟,黄昏遗忘的边缘(新) / 黄昏遗忘的边缘导演剪辑版,tt5199588,6.7,11675,42.70%,30.80%,14.80%,8.00%,3.70%,《黄昏遗忘的边缘》是一部探讨爱情的真谛的震撼电影。故事发生在极地的冰雪世界，一对相爱的恋人揭开了一个深藏多年的秘密。在铃木次郎的执导下，视觉效果震撼，节奏把控精准，将科幻类型的魅力展现得淋漓尽致。本片展现了人性的光辉，获得了观众的一致好评。
天空遗忘 Your Hope to the Future,https://movie.douban.com/subject/1001902/,陈超龙,赵贤恩 / 尹承哲 / 伊藤次郎,佐藤健一 / 张辉峰 / 赵杰超 / ...,动作 / 历史,南非 / 法国 / 加拿大,日语,1994-04-13(伦敦电影节) / 1994-06-28(国际),190分钟,天空遗忘(新),tt4238755,9.1,2910080,89.80%,5%,2%,1.70%,1.50%,《天空遗忘》是一部探讨自由的渴望的宏大电影。故事发生在古代的王朝，一名勇敢的战士经历了一次深刻的心灵洗礼。在陈超龙的执导下，气氛营造出色，影片画面精美，将动作类型的魅力展现得淋漓尽致。本片触动人心深处，在国际影展上备受瞩目。
孤独的终点的传说 Lost Love in the Dark,https://movie.douban.com/subject/1001903/,吴军强,渡边凉平 / 赵俊英,陈建伟 / Steven Jones / 张龙峰 / ...,动作 / 历史,意大利,意大利语,2005-02-15(金棕榈奖) / 2005-04-20(国际),95分钟,,tt2460800,8.2,363730,62.40%,22.00%,10.60%,3.00%,2.00%,《孤独的终点的传说》是一部探讨家庭的温暖的宏大电影。故事发生在雨林的深处，一名勇敢的战士揭开了一个深藏多年的秘密。在吴军强的执导下，表演真挚感人，细节处理到位，将动作类型的魅力展现得淋漓尽致。本片触动人心深处，展现了电影艺术的无限可能。
过去的秘密之外 First Lie,https://movie.douban.com/subject/1001904/,黄强平,山田拓也 / 金哲智,周伟伟 / 王杰强 / Steven Garcia / ...,奇幻 / 动作,英国 / 丹麦,英语 / 法语 / 汉语普通话,1996-03-08(多伦多电影节) / 1996-03-17(国际),250分钟,过去的秘密之外(马),tt3400114,7.2,35367,51.10%,27.70%,11.70%,6.20%,3.30%,《过去的秘密之外》是一部探讨生命的价值的震撼电影。故事发生在险峻的高山之巅，一位坚强的女性经历了一次深刻的心灵洗礼。在黄强平的执导下，气氛营造出色，表演真挚感人，将奇幻类型的魅力展现得淋漓尽致。本片展现了人性的光辉，在国际影展上备受瞩目。
城市真相的故事 The Secret of the Soul,https://movie.douban.com/subject/1001905/,赵平国,Christopher Johnson,赵龙国 / Michael Garcia / 杨平平 / ...,武侠 / 动作,伊朗,西班牙语,1990-04-10(戛纳电影节) / 1990-05-18(国际),230分钟,城市真相的故事(台) / 城市真相的故事4K修复版,tt6880124,9.1,2598652,91.00%,5%,2%,1.30%,0.70%,《城市真相的故事》是一部探讨自由的渴望的深刻电影。故事发生在深邃的太空，一对相爱的恋人突破了自我的极限。在赵平国的执导下，气氛营造出色，剧情扣人心弦，将武侠类型的魅力展现得淋漓尽致。本片触动人心深处，获得了观众的一致好评。
永恒的束缚的回声 The Love of the Soul,https://movie.douban.com/subject/1001906/,崔俊贤,Steven Johnson / 张智哲 / 赵智俊,杨峰文 / David Jones / 赵峰军 / ...,科幻 / 舞台艺术 / 家庭,日本 / 越南 / 荷兰,日语,2012-01-25(多伦多电影节) / 2012-01-14(国际),180分钟,永恒的束缚的回声加长版,tt9543699,7.7,137707,56.30%,22.70%,14.40%,4.40%,2.20%,《永恒的束缚的回声》是一部探讨命运的挑战的宏大电影。故事发生在繁华的都市，一位年轻的冒险家踏上了一段改变命运的旅程。在崔俊贤的执导下，剧情扣人心弦，配乐动人心弦，将科幻类型的魅力展现得淋漓尽致。本片展现了电影的魅力，展现了电影艺术的无限可能。
黄昏怀疑之内 First Hate at Dusk,https://movie.douban.com/subject/1001907/,Christopher Williams,Paul Williams,张平强 / 王志志 / George Davis / ...,剧情 / 黑色电影 / 家庭,希腊,汉语普通话,1983-03-14(圣丹斯电影节) / 1983-05-20(国际),200分钟,黄昏怀疑之内(韩) / 黄昏怀疑之内加长版,tt6276398,9.1,2282472,92.40%,5%,2%,0.50%,0.10%,《黄昏怀疑之内》是一部探讨自由的渴望的深刻电影。故事发生在深邃的海洋，一位坚强的女性战胜了内心的恐惧。在Christopher的执导下，影片画面精美，表演真挚感人，将剧情类型的魅力展现得淋漓尽致。本片温暖而治愈，在国际影展上备受瞩目。
燃烧的信念的中心 A Death at Dusk,https://movie.douban.com/subject/1001908/,John Johnson,Paul Miller,Steven Wilson / 王国华 / James Jones / ...,喜剧 / 古装,意大利,意大利语,1991-01-02(威尼斯电影节) / 1991-02-28(国际),240分钟,燃烧的信念的中心导演剪辑版,tt6213514,7.7,192609,57.40%,27.00%,7.80%,3.70%,4.10%,《燃烧的信念的中心》是一部探讨记忆的珍贵的感人电影。故事发生在极地的冰雪世界，一对失散多年的兄弟经历了一次深刻的心灵洗礼。在John的执导下，影片画面精美，视觉效果震撼，将喜剧类型的魅力展现得淋漓尽致。本片触动人心深处，展现了电影艺术的无限可能。
荒野英雄之上 Found Hate,https://movie.douban.com/subject/1001909/,张强建,Peter Wilson / Steven Garcia / 佐藤太郎,中村大辅 / Michael Miller / 陈强超 / ...,爱情 / 武侠,巴西 / 挪威 / 印度,葡萄牙语,1990-08-28(威尼斯电影节) / 1990-08-04(国际),185分钟,荒野英雄之上(韩),tt1351583,8.1,229695,62.60%,23.80%,7.30%,4.10%,2.20%,《荒野英雄之上》是一部探讨身份的认同的宏大电影。故事发生在神秘的异域，一名失意的作家战胜了内心的恐惧。在张强建的执导下，气氛营造出色，细节处理到位，将爱情类型的魅力展现得淋漓尽致。本片值得推荐给所有人，展现了电影艺术的无限可能。
最后的真相的回声 Their Hate at Dawn,https://movie.douban.com/subject/1001910/,李鹏军,赵华龙,刘强明 / 刘明峰 / 陈伟军 / ...,喜剧 / 家庭,匈牙利,西班牙语,1972-01-18(戛纳电影节) / 1972-01-03(国际),140分钟,最后的真相的回声(台),tt4579326,6.1,18674,37.00%,35.80%,17.60%,6.60%,3.00%,《最后的真相的回声》是一部探讨梦想的追求的细腻电影。故事发生在未来的世界，一对失散多年的兄弟面对了一场前所未有的挑战。在李鹏军的执导下，细节处理到位，导演手法独特，将喜剧类型的魅力展现得淋漓尽致。本片值得推荐给所有人，在国际影展上备受瞩目。
燃烧的终点的约定 Final Promise at Dawn,https://movie.douban.com/subject/1001911/,张伟伟,James Garcia / 斋藤三郎 / 刘超伟,张智英 / George Smith / 陈文志 / ...,剧情,葡萄牙,日语,1974-09-22(东京电影节) / 1974-12-13(国际),115分钟,燃烧的终点的约定(韩) / 燃烧的终点的约定导演剪辑版,tt8709890,7.8,199659,59.90%,25.50%,8.70%,3.10%,2.80%,《燃烧的终点的约定》是一部探讨友谊的力量的震撼电影。故事发生在战火纷飞的年代，一位年轻的冒险家完成了一次自我的救赎。在张伟伟的执导下，配乐动人心弦，气氛营造出色，将剧情类型的魅力展现得淋漓尽致。本片是一部不可多得的佳作，展现了电影艺术的无限可能。
最后的承诺的旅程 Their Truth at Dusk,https://movie.douban.com/subject/1001912/,李浩智,周强杰 / Paul Brown / 郑恩英,林英英 / Paul Johnson / 朴恩敏 / ...,剧情 / 恐怖 / 舞台艺术,中国大陆,汉语普通话,1997-09-18(上海电影节) / 1997-09-10(国际),100分钟,最后的承诺的旅程特别版,tt7537262,9,1039644,84.30%,5.70%,5.00%,2.30%,2.70%,《最后的承诺的旅程》是一部探讨自由的渴望的宏大电影。故事发生在雨林的深处，一位孤独的老人改变了世界的格局。在李浩智的执导下，情感表达细腻，细节处理到位，将剧情类型的魅力展现得淋漓尽致。本片会成为经典之作，在国际影展上备受瞩目。
喧嚣的和平的边缘 Found Promise,https://movie.douban.com/subject/1001913/,刘超峰,Robert Garcia,张华军 / 周龙建 / 高桥雄大 / ...,喜剧 / 儿童,加拿大,法语 / 英语,1997-07-24(莫斯科电影节) / 1997-09-14(国际),150分钟,喧嚣的和平的边缘(日),tt4984948,8.2,331831,65.20%,23.60%,6.20%,3.30%,1.70%,《喧嚣的和平的边缘》是一部探讨友谊的力量的震撼电影。故事发生在雨林的深处，一位智慧的导师实现了曾经的梦想。在刘超峰的执导下，细节处理到位，寓意深远悠长，将喜剧类型的魅力展现得淋漓尽致。本片展现了电影的魅力，展现了电影艺术的无限可能。
天空灵魂的誓言 Final Love to the Future,https://movie.douban.com/subject/1001914/,林智智,伊藤三郎 / George Smith,佐藤三郎 / 金智俊 / Michael Davis / ...,剧情 / 运动,芬兰,英语,2020-02-04(莫斯科电影节) / 2020-02-14(国际),180分钟,天空灵魂的誓言(台),tt3727441,8.5,880444,68.30%,19.50%,6.20%,4.00%,2.00%,《天空灵魂的誓言》是一部探讨记忆的珍贵的震撼电影。故事发生在末日后的废墟，一对相爱的恋人坚守了一个重要的承诺。在林智智的执导下，节奏把控精准，思想内涵深刻，将剧情类型的魅力展现得淋漓尽致。本片令人难以忘怀，展现了电影艺术的无限可能。
眼前的光明的歌声 Final Hope to the Future,https://movie.douban.com/subject/1001915/,姜俊承,赵浩敏 / 陈龙军,小林诚 / Robert Garcia / 山田三郎 / ...,喜剧 / 恐怖 / 冒险,土耳其,英语,1997-07-07(金球奖) / 1997-09-09(国际),105分钟,眼前的光明的歌声(韩) / 眼前的光明的歌声加长版 / Light,tt2917566,8.6,647560,82.20%,7.80%,5.00%,3.10%,1.90%,《眼前的光明的歌声》是一部探讨爱情的真谛的震撼电影。故事发生在广袤的沙漠，一位孤独的老人经历了一次深刻的心灵洗礼。在姜俊承的执导下，配乐动人心弦，气氛营造出色，将喜剧类型的魅力展现得淋漓尽致。本片值得推荐给所有人，获得了观众的一致好评。
星辰起点之上 First Truth,https://movie.douban.com/subject/1001916/,赵文华,Peter Williams / 尹智英,张平超 / 高桥太郎 / 王超峰 / ...,科幻 / 音乐 / 冒险,日本 / 希腊,日语 / 法语,1984-03-06(威尼斯电影节) / 1984-03-19(国际),180分钟,星辰起点之上(日),tt1183791,6.3,15813,31.00%,46.50%,14.90%,5.10%,2.50%,《星辰起点之上》是一部探讨成长的烦恼的感人电影。故事发生在未来的世界，一个破碎的家庭踏上了一段改变命运的旅程。在赵文华的执导下，视觉效果震撼，寓意深远悠长，将科幻类型的魅力展现得淋漓尽致。本片会成为经典之作，在国际影展上备受瞩目。
冻结的自由之下 Last Dream at Dusk,https://movie.douban.com/subject/1001917/,Michael Brown,George Miller / 山田诚 / 陈辉志,张文国 / 杨鹏建 / 王峰国 / ...,动作 / 灾难 / 科幻,挪威,汉语普通话,2007-01-10(东京电影节) / 2007-02-01(国际),140分钟,冻结的自由之下(台) / 冻结的自由之下4K修复版,tt8613844,6.9,10246,33.80%,34.30%,17.20%,7.80%,6.90%,《冻结的自由之下》是一部探讨生命的价值的震撼电影。故事发生在恐怖的黑暗领域，一位智慧的导师突破了自我的极限。在Michael的执导下，寓意深远悠长，情感表达细腻，将动作类型的魅力展现得淋漓尽致。本片充满了希望与力量，展现了电影艺术的无限可能。
星辰命运的中心 My Hope in the Dark,https://movie.douban.com/subject/1001918/,渡边太郎,Peter Davis,Michael Williams / 金承恩 / 金贤珍 / ...,剧情,埃及,日语,1998-02-11(金球奖) / 1998-05-26(国际),195分钟,星辰命运的中心(日),tt3618347,7.8,184057,60.70%,22.10%,11.40%,4.00%,1.80%,《星辰命运的中心》是一部探讨和平的珍贵的深刻电影。故事发生在深邃的海洋，一对失散多年的兄弟实现了曾经的梦想。在渡边太郎的执导下，寓意深远悠长，视觉效果震撼，将剧情类型的魅力展现得淋漓尽致。本片展现了人性的光辉，在国际影展上备受瞩目。
星辰和平的传说 A Dream at Dusk,https://movie.douban.com/subject/1001919/,George Johnson,Peter Davis,王强辉 / John Brown / 尹恩珍 / ...,科幻 / 家庭 / 奇幻,俄罗斯,俄语,2023-07-19(戛纳电影节) / 2023-09-10(国际),155分钟,星辰和平的传说(新) / 星辰和平的传说修复版,tt5673662,6.3,7766,32.60%,41.80%,14.50%,4.90%,6.20%,《星辰和平的传说》是一部探讨自然的敬畏的感人电影。故事发生在未来的世界，一名勇敢的战士战胜了内心的恐惧。在George的执导下，气氛营造出色，思想内涵深刻，将科幻类型的魅力展现得淋漓尽致。本片让人思考良久，在国际影展上备受瞩目。
城市死亡之内 My Promise to the Future,https://movie.douban.com/subject/1001920/,George Brown,杨峰志 / 铃木三郎,渡边太郎 / 吴文志 / 铃木诚 / ...,科幻,越南,英语,1985-08-18(圣丹斯电影节) / 1985-09-12(国际),175分钟,城市死亡之内(马) / 城市死亡之内纪念版,tt6785338,8.4,366751,63.60%,22.60%,7.40%,2.70%,3.70%,《城市死亡之内》是一部探讨自然的敬畏的宏大电影。故事发生在恐怖的黑暗领域，一对失散多年的兄弟完成了一次自我的救赎。在George的执导下，气氛营造出色，配乐动人心弦，将科幻类型的魅力展现得淋漓尽致。本片展现了电影的魅力，在国际影展上备受瞩目。
月光光明的回声 Found Death in the Dark,https://movie.douban.com/subject/1001921/,Robert Jones,中村凉平 / 李超明 / 王平辉,George Jones / Paul Smith / 田中三郎 / ...,爱情,新西兰 / 波兰 / 荷兰,西班牙语,1977-12-18(莫斯科电影节) / 1977-12-08(国际),95分钟,,tt4041813,9.6,1640000,81.40%,8.60%,5.00%,2.80%,2.20%,《月光光明的回声》是一部探讨和平的珍贵的宏大电影。故事发生在虚拟的网络空间，一名失意的作家发现了一个惊人的真相。在Robert的执导下，导演手法独特，情感表达细腻，将爱情类型的魅力展现得淋漓尽致。本片值得反复品味，在国际影展上备受瞩目。
冰冷的梦境的中心 A Love to the Future,https://movie.douban.com/subject/1001922/,周文华,黄华志 / 赵伟龙 / 吴军建,James Wilson / 杨文军 / 周强建 / ...,战争 / 剧情,印度,泰米尔语 / 印地语,1993-02-13(多伦多电影节) / 1993-02-13(国际),200分钟,冰冷的梦境的中心(台) / 冰冷的梦境的中心导演剪辑版,tt3361915,6.3,7265,36.80%,35.10%,17.20%,4.60%,6.30%,《冰冷的梦境的中心》是一部探讨身份的认同的感人电影。故事发生在宁静的乡村，一位年轻的冒险家改变了世界的格局。在周文华的执导下，表演真挚感人，寓意深远悠长，将战争类型的魅力展现得淋漓尽致。本片令人难以忘怀，在国际影展上备受瞩目。
风雨现实的边缘 Last Promise in the Dark,https://movie.douban.com/subject/1001923/,张强军,渡边健一 / Paul Williams / Christopher Rodriguez,王强文 / 杨峰明 / John Brown / ...,爱情 / 西部 / 惊悚,爱尔兰,法语,2015-04-23(柏林电影节) / 2015-07-22(国际),240分钟,风雨现实的边缘导演剪辑版,tt3959166,7.6,67199,63.00%,21.00%,8.30%,3.30%,4.40%,《风雨现实的边缘》是一部探讨命运的挑战的细腻电影。故事发生在宁静的乡村，一对相爱的恋人揭开了一个深藏多年的秘密。在张强军的执导下，思想内涵深刻，气氛营造出色，将爱情类型的魅力展现得淋漓尽致。本片值得反复品味，展现了电影艺术的无限可能。
海洋家庭的边缘 Our Death of the Soul,https://movie.douban.com/subject/1001924/,刘鹏峰,陈峰杰 / 王文龙 / David Miller,陈华志 / 刘文国 / David Wilson / ...,爱情 / 灾难,日本,日语 / 英语,2014-04-06(威尼斯电影节) / 2014-04-06(国际),210分钟,海洋家庭的边缘(台) / 海洋家庭的边缘导演剪辑版,tt6190291,8,331760,66.10%,19.60%,8.70%,2.50%,3.10%,《海洋家庭的边缘》是一部探讨梦想的追求的震撼电影。故事发生在宁静的乡村，一位坚强的女性找到了生命的真谛。在刘鹏峰的执导下，节奏把控精准，表演真挚感人，将爱情类型的魅力展现得淋漓尽致。本片是一部不可多得的佳作，在国际影展上备受瞩目。
晨曦朋友之内 The Dream in the Dark,https://movie.douban.com/subject/1001925/,张敏贤,黄辉志,朴恩珍 / Peter Brown / 姜哲秀 / ...,剧情 / 歌舞,澳大利亚,英语,1970-05-02(巴黎电影节) / 1970-07-25(国际),160分钟,晨曦朋友之内4K修复版,tt6430772,7.2,75726,52.00%,33.40%,7.70%,4.00%,2.90%,《晨曦朋友之内》是一部探讨生命的价值的深刻电影。故事发生在一个遥远的小镇，一对相爱的恋人找到了生命的真谛。在张敏贤的执导下，剧情扣人心弦，配乐动人心弦，将剧情类型的魅力展现得淋漓尽致。本片令人难以忘怀，获得了观众的一致好评。
现在的选择的痕迹 Final Death at Dawn,https://movie.douban.com/subject/1001926/,George Williams,王伟国 / John Miller / 黄杰超,崔恩贤 / Christopher Williams / 杨辉强 / ...,喜剧,捷克 / 希腊,日语,1978-03-28(金棕榈奖) / 1978-04-15(国际),240分钟,现在的选择的痕迹(港) / 现在的选择的痕迹导演剪辑版,tt5136857,8.5,751050,80.50%,9.50%,5.00%,2.40%,2.60%,《现在的选择的痕迹》是一部探讨命运的挑战的深刻电影。故事发生在一个遥远的小镇，一位智慧的导师守护了珍贵的东西。在George的执导下，影片画面精美，思想内涵深刻，将喜剧类型的魅力展现得淋漓尽致。本片展现了人性的光辉，获得了观众的一致好评。
天空起点的故事 Found Life,https://movie.douban.com/subject/1001927/,James Davis,George Smith / David Garcia,李强强 / 赵超平 / 田中次郎 / ...,科幻 / 情色 / 古装,奥地利,西班牙语,1983-03-08(东京电影节) / 1983-06-25(国际),210分钟,天空起点的故事(日),tt7571441,6.5,38636,33.40%,38.00%,16.00%,5.40%,7.20%,《天空起点的故事》是一部探讨自由的渴望的震撼电影。故事发生在广袤的沙漠，一位智慧的导师改变了世界的格局。在James的执导下，节奏把控精准，影片画面精美，将科幻类型的魅力展现得淋漓尽致。本片展现了电影的魅力，在国际影展上备受瞩目。
远方的真相的回声 Last Dream at Dawn,https://movie.douban.com/subject/1001928/,James Jones,陈超峰 / 吴杰龙,张杰龙 / 伊藤三郎 / 姜贤珍 / ...,动作 / 音乐,泰国 / 法国,法语,1997-01-12(釜山电影节) / 1997-02-17(国际),170分钟,远方的真相的回声导演剪辑版,tt3352015,8.1,294120,70.60%,19.40%,5.00%,2.60%,2.40%,《远方的真相的回声》是一部探讨自由的渴望的细腻电影。故事发生在恐怖的黑暗领域，一个破碎的家庭战胜了内心的恐惧。在James的执导下，寓意深远悠长，思想内涵深刻，将动作类型的魅力展现得淋漓尽致。本片温暖而治愈，在国际影展上备受瞩目。
遗忘的绝望 My Love at Dawn,https://movie.douban.com/subject/1001929/,尹哲珍,赵峰军 / 黄文伟 / 王平强,山田翔太 / 李辉鹏 / George Davis / ...,科幻 / 歌舞 / 家庭,法国 / 丹麦,法语 / 英语 / 日语,1972-01-10(东京电影节) / 1972-01-08(国际),160分钟,遗忘的绝望(日) / 遗忘的绝望修复版 / Despair,tt7670914,7.8,151158,65.50%,19.00%,10.40%,2.80%,2.30%,《遗忘的绝望》是一部探讨成长的烦恼的细腻电影。故事发生在古代的王朝，一位孤独的老人改变了世界的格局。在尹哲珍的执导下，表演真挚感人，思想内涵深刻，将科幻类型的魅力展现得淋漓尽致。本片令人难以忘怀，展现了电影艺术的无限可能。
最后的灵魂之下 First Lie at Dawn,https://movie.douban.com/subject/1001930/,姜哲珍,刘明杰,渡边拓也 / Robert Garcia / 李峰建 / ...,剧情 / 音乐,荷兰,法语,1994-09-06(东京电影节) / 1994-12-06(国际),250分钟,,tt6095644,7.5,140067,53.70%,27.10%,11.30%,3.90%,4.00%,《最后的灵魂之下》是一部探讨真相的揭露的感人电影。故事发生在浪漫的海边小镇，一位坚强的女性经历了一次深刻的心灵洗礼。在姜哲珍的执导下，导演手法独特，情感表达细腻，将剧情类型的魅力展现得淋漓尽致。本片让人思考良久，获得了观众的一致好评。
燃烧的终点之上 Final Fear to the Future,https://movie.douban.com/subject/1001931/,黄峰国,Paul Rodriguez / 吴建辉 / 王平强,周国华 / 周平志 / Robert Wilson / ...,科幻,新西兰,汉语普通话,1988-03-22(戛纳电影节) / 1988-03-14(国际),210分钟,燃烧的终点之上(台) / 燃烧的终点之上4K修复版,tt1791138,7.6,111509,52.10%,24.80%,14.20%,5.10%,3.80%,《燃烧的终点之上》是一部探讨爱情的真谛的震撼电影。故事发生在极地的冰雪世界，一个天真的孩子发现了一个惊人的真相。在黄峰国的执导下，视觉效果震撼，情感表达细腻，将科幻类型的魅力展现得淋漓尽致。本片充满了希望与力量，在国际影展上备受瞩目。
太阳光明 Lost Death from the Past,https://movie.douban.com/subject/1001932/,王伟峰,黄文平,杨明辉 / 姜俊浩 / Peter Miller / ...,喜剧,中国大陆,汉语普通话,2024-06-25(莫斯科电影节) / 2024-09-14(国际),185分钟,太阳光明(马) / 太阳光明导演剪辑版 / Light,tt2984678,7.5,186814,59.70%,27.90%,7.10%,2.40%,2.90%,《太阳光明》是一部探讨爱情的真谛的震撼电影。故事发生在虚拟的网络空间，一对相爱的恋人经历了一次深刻的心灵洗礼。在王伟峰的执导下，节奏把控精准，细节处理到位，将喜剧类型的魅力展现得淋漓尽致。本片展现了电影的魅力，展现了电影艺术的无限可能。
黄昏时间的抉择 The Truth in the Dark,https://movie.douban.com/subject/1001933/,金承恩,张哲敏,吴国超 / 李秀智 / 王军伟 / ...,爱情 / 灾难,奥地利,西班牙语,2005-02-08(金球奖) / 2005-02-12(国际),110分钟,黄昏时间的抉择(港) / 黄昏时间的抉择加长版,tt4178732,7.4,33451,50.40%,26.20%,12.70%,6.00%,4.70%,《黄昏时间的抉择》是一部探讨真相的揭露的震撼电影。故事发生在宁静的乡村，一对相爱的恋人面对了一场前所未有的挑战。在金承恩的执导下，视觉效果震撼，表演真挚感人，将爱情类型的魅力展现得淋漓尽致。本片令人难以忘怀，展现了电影艺术的无限可能。
午夜灵魂的旅程 Your Promise from the Past,https://movie.douban.com/subject/1001934/,李英浩,Steven Brown / 王志龙 / 吴辉平,Robert Davis / Peter Davis / 陈伟辉 / ...,剧情,波兰,日语,1989-02-19(东京电影节) / 1989-05-14(国际),145分钟,午夜灵魂的旅程(陆) / 午夜灵魂的旅程修复版 / Journey,tt2886413,7.1,48657,47.40%,26.50%,16.50%,6.00%,3.60%,《午夜灵魂的旅程》是一部探讨生命的价值的细腻电影。故事发生在战火纷飞的年代，一群志同道合的朋友完成了一次自我的救赎。在李英浩的执导下，配乐动人心弦，导演手法独特，将剧情类型的魅力展现得淋漓尽致。本片充满了希望与力量，展现了电影艺术的无限可能。
风雨选择的抉择 My Hate from the Past,https://movie.douban.com/subject/1001935/,张文华,张哲恩 / 赵珍秀,黄强峰 / 王强华 / Steven Wilson / ...,喜剧 / 传记 / 剧情,中国香港,粤语 / 英语,2019-11-09(莫斯科电影节) / 2019-11-26(国际),250分钟,风雨选择的抉择加长版 / Choice,tt5686689,6.3,14968,32.30%,41.30%,13.30%,8.30%,4.80%,《风雨选择的抉择》是一部探讨正义的坚守的深刻电影。故事发生在战火纷飞的年代，一位智慧的导师突破了自我的极限。在张文华的执导下，剧情扣人心弦，导演手法独特，将喜剧类型的魅力展现得淋漓尽致。本片是一部不可多得的佳作，获得了观众的一致好评。
沉默的光明的审判 Final Hope from the Past,https://movie.douban.com/subject/1001936/,Peter Garcia,林浩秀 / 尹珍秀,崔英珍 / 斋藤凉平 / Michael Williams / ...,动作 / 儿童 / 犯罪,新西兰,法语,2002-03-27(威尼斯电影节) / 2002-06-20(国际),115分钟,沉默的光明的审判(台),tt4454519,6.6,17044,36.80%,35.60%,16.30%,6.80%,4.50%,《沉默的光明的审判》是一部探讨科技的边界的感人电影。故事发生在浪漫的海边小镇，一位智慧的导师战胜了内心的恐惧。在Peter的执导下，情感表达细腻，节奏把控精准，将动作类型的魅力展现得淋漓尽致。本片展现了人性的光辉，展现了电影艺术的无限可能。
远方的时间的边缘 The Hate of the Soul,https://movie.douban.com/subject/1001937/,赵辉平,小林诚 / 中村次郎,吴龙伟 / James Rodriguez / 赵华国 / ...,剧情 / 冒险 / 纪录片,印度,印地语 / 英语,1980-07-14(莫斯科电影节) / 1980-07-12(国际),170分钟,远方的时间的边缘(陆),tt6291676,6.6,42133,37.20%,38.80%,16.00%,3.60%,4.40%,《远方的时间的边缘》是一部探讨生命的价值的宏大电影。故事发生在深邃的太空，一位年轻的冒险家找到了生命的真谛。在赵辉平的执导下，配乐动人心弦，气氛营造出色，将剧情类型的魅力展现得淋漓尽致。本片展现了电影的魅力，展现了电影艺术的无限可能。
孤独的承诺之下 Final Dream at Dusk,https://movie.douban.com/subject/1001938/,金俊哲,David Davis / John Miller,张伟伟 / 林智智 / Steven Rodriguez / ...,喜剧,西班牙 / 荷兰,法语,1991-11-27(金球奖) / 1991-12-06(国际),90分钟,,tt4778320,7,35459,47.80%,29.70%,12.60%,6.20%,3.70%,《孤独的承诺之下》是一部探讨自由的渴望的感人电影。故事发生在神秘的异域，一群志同道合的朋友踏上了一段改变命运的旅程。在金俊哲的执导下，气氛营造出色，情感表达细腻，将喜剧类型的魅力展现得淋漓尽致。本片会成为经典之作，获得了观众的一致好评。
风雨朋友的边缘 Last Dream at Dusk,https://movie.douban.com/subject/1001939/,陈龙超,Michael Miller,渡边雄大 / 张超杰 / 张辉强 / ...,科幻 / 歌舞 / 西部,印度,泰米尔语 / 印地语,1992-10-22(金棕榈奖) / 1992-11-09(国际),90分钟,风雨朋友的边缘(新) / 风雨朋友的边缘修复版,tt6153677,8,166277,63.60%,22.10%,9.10%,2.50%,2.70%,《风雨朋友的边缘》是一部探讨记忆的珍贵的震撼电影。故事发生在未来的世界，一对相爱的恋人完成了一次自我的救赎。在陈龙超的执导下，寓意深远悠长，气氛营造出色，将科幻类型的魅力展现得淋漓尽致。本片让人思考良久，在国际影展上备受瞩目。
燃烧的自由的歌声 First Fear at Dawn,https://movie.douban.com/subject/1001940/,田中翔太,张志峰,伊藤三郎 / 周建文 / George Williams / ...,剧情 / 战争 / 音乐,巴西,葡萄牙语 / 英语,2023-06-05(上海电影节) / 2023-07-02(国际),210分钟,燃烧的自由的歌声(韩) / 燃烧的自由的歌声特别版,tt5005134,7.8,53478,63.40%,24.40%,6.20%,3.10%,2.90%,《燃烧的自由的歌声》是一部探讨命运的挑战的细腻电影。故事发生在极地的冰雪世界，一名失意的作家揭开了一个深藏多年的秘密。在田中翔太的执导下，细节处理到位，表演真挚感人，将剧情类型的魅力展现得淋漓尽致。本片令人难以忘怀，展现了电影艺术的无限可能。
黎明爱情之外 My Fear at Dawn,https://movie.douban.com/subject/1001941/,郑俊珍,陈华华 / 斋藤雄大 / 王杰超,黄平鹏 / 陈伟建 / 刘军文 / ...,喜剧 / 家庭,埃及,日语,1979-03-13(戛纳电影节) / 1979-04-08(国际),170分钟,黎明爱情之外(马),tt8079998,9.1,2017866,90.70%,5%,2%,1.40%,0.90%,《黎明爱情之外》是一部探讨家庭的温暖的宏大电影。故事发生在极地的冰雪世界，一个天真的孩子发现了一个惊人的真相。在郑俊珍的执导下，气氛营造出色，思想内涵深刻，将喜剧类型的魅力展现得淋漓尽致。本片令人难以忘怀，获得了观众的一致好评。
冻结的死亡的歌声 First Promise from the Past,https://movie.douban.com/subject/1001942/,John Davis,赵龙峰 / 张明华 / 李超伟,斋藤三郎 / 山田诚 / 李明辉 / ...,喜剧 / 灾难 / 脱口秀,泰国,西班牙语,2002-08-17(威尼斯电影节) / 2002-10-17(国际),195分钟,冻结的死亡的歌声特别版,tt5035376,8.4,382526,70.10%,16.80%,7.50%,2.90%,2.70%,《冻结的死亡的歌声》是一部探讨人性的探索的深刻电影。故事发生在未来的世界，一位坚强的女性踏上了一段改变命运的旅程。在John的执导下，影片画面精美，视觉效果震撼，将喜剧类型的魅力展现得淋漓尽致。本片触动人心深处，获得了观众的一致好评。
星辰和平之上 Last Secret in the Dark,https://movie.douban.com/subject/1001943/,刘建建,James Williams / David Wilson / 周超平,崔承贤 / 王平平 / 小林雄大 / ...,动作 / 悬疑 / 冒险,西班牙 / 澳大利亚 / 奥地利,西班牙语,1981-08-18(奥斯卡金像奖) / 1981-10-01(国际),105分钟,星辰和平之上(新) / 星辰和平之上修复版,tt7232323,7.1,68861,54.60%,31.20%,9.20%,3.20%,1.80%,《星辰和平之上》是一部探讨自由的渴望的深刻电影。故事发生在浪漫的海边小镇，一名失意的作家发现了一个惊人的真相。在刘建建的执导下，细节处理到位，影片画面精美，将动作类型的魅力展现得淋漓尽致。本片触动人心深处，展现了电影艺术的无限可能。
星辰爱情的抉择 Found Death,https://movie.douban.com/subject/1001944/,黄辉鹏,赵伟杰,陈辉志 / 李哲贤 / Paul Williams / ...,剧情 / 动画 / 舞台艺术,美国,英语,1985-08-19(戛纳电影节) / 1985-09-06(国际),120分钟,星辰爱情的抉择修复版,tt6549775,8,421049,73.40%,13.50%,7.80%,2.80%,2.50%,《星辰爱情的抉择》是一部探讨真相的揭露的震撼电影。故事发生在恐怖的黑暗领域，一群志同道合的朋友经历了一次深刻的心灵洗礼。在黄辉鹏的执导下，配乐动人心弦，剧情扣人心弦，将剧情类型的魅力展现得淋漓尽致。本片值得反复品味，在国际影展上备受瞩目。
现在的肉体之间 Last Journey in the Dark,https://movie.douban.com/subject/1001945/,David Miller,林浩承,赵辉国 / David Miller / 王辉平 / ...,爱情,比利时,汉语普通话,2021-04-07(伦敦电影节) / 2021-06-23(国际),180分钟,现在的肉体之间(陆),tt8441281,8.6,684318,70.10%,19.90%,5.00%,2.70%,2.30%,《现在的肉体之间》是一部探讨自由的渴望的感人电影。故事发生在繁华的都市，一位智慧的导师找到了生命的真谛。在David的执导下，节奏把控精准，影片画面精美，将爱情类型的魅力展现得淋漓尽致。本片展现了人性的光辉，获得了观众的一致好评。
荒野爱情 First Secret from the Past,https://movie.douban.com/subject/1001946/,Peter Brown,高桥雄大 / 王辉超 / Steven Brown,黄辉国 / 李国文 / 张军辉 / ...,喜剧 / 历史 / 真人秀,土耳其,汉语普通话,2002-04-15(圣丹斯电影节) / 2002-07-24(国际),115分钟,Love,tt6850411,6.6,22209,41.10%,32.60%,13.80%,5.70%,6.80%,《荒野爱情》是一部探讨身份的认同的震撼电影。故事发生在战火纷飞的年代，一名神秘的陌生人找到了生命的真谛。在Peter的执导下，剧情扣人心弦，配乐动人心弦，将喜剧类型的魅力展现得淋漓尽致。本片展现了人性的光辉，在国际影展上备受瞩目。
荒野生命之间 Your Love,https://movie.douban.com/subject/1001947/,David Jones,杨辉平 / David Smith / 黄国峰,Paul Smith / Robert Jones / 张明平 / ...,喜剧,印度,印地语,2001-07-23(上海电影节) / 2001-09-12(国际),160分钟,荒野生命之间(韩),tt6103358,9,1418343,82.70%,7.30%,5.00%,3.50%,1.50%,《荒野生命之间》是一部探讨文化的碰撞的宏大电影。故事发生在深邃的海洋，一个破碎的家庭坚守了一个重要的承诺。在David的执导下，节奏把控精准，视觉效果震撼，将喜剧类型的魅力展现得淋漓尽致。本片触动人心深处，展现了电影艺术的无限可能。
黄昏现实的救赎 First Secret,https://movie.douban.com/subject/1001948/,张浩智,郑智贤,金珍敏 / 小林大辅 / 李明龙 / ...,爱情 / 动画,希腊,日语,1970-07-08(柏林电影节) / 1970-09-27(国际),185分钟,黄昏现实的救赎(陆) / 黄昏现实的救赎导演剪辑版,tt2754617,7.3,62272,40.70%,33.30%,16.80%,4.80%,4.40%,《黄昏现实的救赎》是一部探讨生命的价值的震撼电影。故事发生在末日后的废墟，一对相爱的恋人经历了一次深刻的心灵洗礼。在张浩智的执导下，影片画面精美，导演手法独特，将爱情类型的魅力展现得淋漓尽致。本片值得推荐给所有人，展现了电影艺术的无限可能。
冰冷的梦境的传说 Found Death at Dawn,https://movie.douban.com/subject/1001949/,黄杰杰,王国伟 / 郑哲恩,尹英英 / 田中大辅 / 周龙平 / ...,科幻 / 真人秀 / 冒险,英国 / 南非 / 阿根廷,英语 / 法语,2017-01-22(威尼斯电影节) / 2017-01-08(国际),135分钟,冰冷的梦境的传说(台) / 冰冷的梦境的传说导演剪辑版,tt6477473,8.3,175036,77.40%,12.60%,5.00%,2.70%,2.30%,《冰冷的梦境的传说》是一部探讨人性的探索的细腻电影。故事发生在一个遥远的小镇，一个破碎的家庭实现了曾经的梦想。在黄杰杰的执导下，导演手法独特，剧情扣人心弦，将科幻类型的魅力展现得淋漓尽致。本片会成为经典之作，展现了电影艺术的无限可能。
孤独的终点的誓言 Their Promise at Dusk,https://movie.douban.com/subject/1001950/,李文峰,张伟峰 / 黄辉辉,Steven Brown / Paul Davis / 李智珍 / ...,科幻 / 运动,俄罗斯,俄语,1998-04-17(金棕榈奖) / 1998-07-05(国际),220分钟,孤独的终点的誓言(马) / 孤独的终点的誓言加长版,tt4529432,7.8,109365,56.60%,29.80%,8.20%,3.00%,2.40%,《孤独的终点的誓言》是一部探讨真相的揭露的深刻电影。故事发生在极地的冰雪世界，一名失意的作家经历了一次深刻的心灵洗礼。在李文峰的执导下，导演手法独特，寓意深远悠长，将科幻类型的魅力展现得淋漓尽致。本片是一部不可多得的佳作，展现了电影艺术的无限可能。
孤独的和平 Lost Truth of the Soul,https://movie.douban.com/subject/1001951/,周文龙,Michael Garcia / 李浩敏,吴国辉 / James Johnson / George Brown / ...,喜剧 / 悬疑,奥地利,法语,2023-01-09(上海电影节) / 2023-03-15(国际),170分钟,,tt2670866,9.7,795259,84.60%,5.40%,5.00%,2.40%,2.60%,《孤独的和平》是一部探讨身份的认同的宏大电影。故事发生在浪漫的海边小镇，一位年轻的冒险家揭开了一个深藏多年的秘密。在周文龙的执导下，视觉效果震撼，细节处理到位，将喜剧类型的魅力展现得淋漓尽致。本片令人难以忘怀，展现了电影艺术的无限可能。
沉默的自由的旅程 A Lie at Dawn,https://movie.douban.com/subject/1001952/,王辉超,John Williams / 周华华 / 李鹏国,渡边拓也 / James Williams / 杨峰明 / ...,剧情 / 真人秀 / 惊悚,新西兰,法语,1993-07-25(戛纳电影节) / 1993-09-16(国际),185分钟,沉默的自由的旅程修复版 / Journey,tt3851718,6.9,33687,28.70%,36.80%,21.30%,8.90%,4.30%,《沉默的自由的旅程》是一部探讨人性的探索的宏大电影。故事发生在雨林的深处，一位智慧的导师坚守了一个重要的承诺。在王辉超的执导下，细节处理到位，情感表达细腻，将剧情类型的魅力展现得淋漓尽致。本片具有很高的艺术价值，展现了电影艺术的无限可能。
未来的束缚的歌声 Lost Hope of the Soul,https://movie.douban.com/subject/1001953/,吴龙超,山田太郎,Michael Miller / 周国强 / Robert Davis / ...,动作 / 悬疑 / 音乐,伊朗,法语,1973-10-26(伦敦电影节) / 1973-11-01(国际),180分钟,,tt8040099,9,689998,78.30%,11.70%,5.00%,2.70%,2.30%,《未来的束缚的歌声》是一部探讨和平的珍贵的细腻电影。故事发生在极地的冰雪世界，一位坚强的女性踏上了一段改变命运的旅程。在吴龙超的执导下，表演真挚感人，剧情扣人心弦，将动作类型的魅力展现得淋漓尽致。本片让人思考良久，在国际影展上备受瞩目。
荒野和平的故事 Your Death at Dawn,https://movie.douban.com/subject/1001954/,赵文峰,Steven Jones,黄杰建 / 李建峰 / 刘建军 / ...,科幻,希腊,日语,2002-07-03(东京电影节) / 2002-09-27(国际),135分钟,荒野和平的故事加长版,tt1456259,7.6,57991,63.00%,20.00%,9.40%,4.70%,2.90%,《荒野和平的故事》是一部探讨和平的珍贵的宏大电影。故事发生在宁静的乡村，一位坚强的女性完成了一次自我的救赎。在赵文峰的执导下，剧情扣人心弦，思想内涵深刻，将科幻类型的魅力展现得淋漓尽致。本片触动人心深处，获得了观众的一致好评。
远方的终点的抉择 Your Life of the Soul,https://movie.douban.com/subject/1001955/,郑秀贤,山田三郎 / George Johnson / 金浩浩,林珍浩 / Michael Davis / 赵峰杰 / ...,家庭 / 爱情 / 科幻,荷兰,日语,1976-01-28(戛纳电影节) / 1976-01-07(国际),200分钟,远方的终点的抉择特别版,tt6113894,6.8,42348,36.10%,40.10%,14.60%,6.20%,3.00%,《远方的终点的抉择》是一部探讨时间的意义的细腻电影。故事发生在险峻的高山之巅，一对失散多年的兄弟守护了珍贵的东西。在郑秀贤的执导下，剧情扣人心弦，寓意深远悠长，将家庭类型的魅力展现得淋漓尽致。本片充满了希望与力量，在国际影展上备受瞩目。
燃烧的空间 First Hate of the Soul,https://movie.douban.com/subject/1001956/,赵国军,黄建国,田中三郎 / Paul Miller / 尹珍承 / ...,科幻 / 动画 / 情色,芬兰,英语,2009-01-11(釜山电影节) / 2009-02-24(国际),135分钟,燃烧的空间(日) / 燃烧的空间4K修复版,tt2223669,8,409751,71.80%,17.50%,5.70%,2.70%,2.30%,《燃烧的空间》是一部探讨身份的认同的宏大电影。故事发生在深邃的海洋，一名勇敢的战士改变了世界的格局。在赵国军的执导下，思想内涵深刻，气氛营造出色，将科幻类型的魅力展现得淋漓尽致。本片展现了人性的光辉，展现了电影艺术的无限可能。
喧嚣的信念的故事 First Fear at Dusk,https://movie.douban.com/subject/1001957/,刘强建,Paul Jones / David Garcia,Peter Jones / 张平伟 / Peter Johnson / ...,动作 / 运动 / 舞台艺术,瑞士 / 南非,西班牙语,2016-01-05(釜山电影节) / 2016-01-07(国际),195分钟,喧嚣的信念的故事(韩) / 喧嚣的信念的故事加长版,tt4020337,6.2,15176,34.40%,35.00%,17.90%,7.40%,5.30%,《喧嚣的信念的故事》是一部探讨记忆的珍贵的细腻电影。故事发生在恐怖的黑暗领域，一对失散多年的兄弟面对了一场前所未有的挑战。在刘强建的执导下，导演手法独特，寓意深远悠长，将动作类型的魅力展现得淋漓尽致。本片会成为经典之作，在国际影展上备受瞩目。
永恒的敌人的故事 My Death at Dawn,https://movie.douban.com/subject/1001958/,斋藤雄大,杨辉超,高桥凉平 / 吴强强 / 朴珍哲 / ...,动作,荷兰,法语,1985-01-06(金棕榈奖) / 1985-01-11(国际),200分钟,永恒的敌人的故事(韩) / 永恒的敌人的故事修复版,tt6062855,7.1,45471,42.30%,33.40%,12.30%,8.20%,3.80%,《永恒的敌人的故事》是一部探讨成长的烦恼的细腻电影。故事发生在战火纷飞的年代，一名勇敢的战士踏上了一段改变命运的旅程。在斋藤雄大的执导下，寓意深远悠长，剧情扣人心弦，将动作类型的魅力展现得淋漓尽致。本片值得推荐给所有人，在国际影展上备受瞩目。
海洋恐惧的传说 Their Dream at Dusk,https://movie.douban.com/subject/1001959/,崔哲俊,James Brown / 李英恩 / David Rodriguez,Paul Williams / 佐藤三郎 / Paul Williams / ...,动作 / 西部 / 惊悚,意大利,意大利语,1973-08-09(莫斯科电影节) / 1973-08-20(国际),130分钟,海洋恐惧的传说(港),tt4498413,6.1,10250,29.60%,35.50%,20.20%,9.50%,5.20%,《海洋恐惧的传说》是一部探讨梦想的追求的深刻电影。故事发生在宁静的乡村，一位年轻的冒险家找到了生命的真谛。在崔哲俊的执导下，寓意深远悠长，思想内涵深刻，将动作类型的魅力展现得淋漓尽致。本片值得反复品味，在国际影展上备受瞩目。
温暖的空间的约定 A Dream,https://movie.douban.com/subject/1001960/,刘明国,田中健一,Christopher Smith / Robert Wilson / 周文峰 / ...,剧情,希腊,日语,1987-10-01(金棕榈奖) / 1987-12-04(国际),100分钟,温暖的空间的约定(港),tt3707344,9.7,1513004,88.80%,5%,2%,2.50%,1.70%,《温暖的空间的约定》是一部探讨家庭的温暖的细腻电影。故事发生在恐怖的黑暗领域，一对相爱的恋人守护了珍贵的东西。在刘明国的执导下，表演真挚感人，配乐动人心弦，将剧情类型的魅力展现得淋漓尽致。本片值得推荐给所有人，在国际影展上备受瞩目。
海洋记忆的抉择 Our Promise of the Soul,https://movie.douban.com/subject/1001961/,金秀俊,George Johnson,James Jones / 铃木凉平 / Paul Rodriguez / ...,爱情 / 儿童 / 纪录片,葡萄牙 / 瑞士 / 巴西,英语,2003-01-07(巴黎电影节) / 2003-01-01(国际),135分钟,海洋记忆的抉择(韩) / 海洋记忆的抉择加长版,tt2437723,8.7,552094,77.60%,12.40%,5.00%,2.30%,2.70%,《海洋记忆的抉择》是一部探讨命运的挑战的深刻电影。故事发生在浪漫的海边小镇，一对相爱的恋人实现了曾经的梦想。在金秀俊的执导下，配乐动人心弦，气氛营造出色，将爱情类型的魅力展现得淋漓尽致。本片令人难以忘怀，在国际影展上备受瞩目。
星辰现实的歌声 Our Hope of the Soul,https://movie.douban.com/subject/1001962/,张强峰,赵哲敏,李文文 / 铃木凉平 / 伊藤大辅 / ...,科幻 / 儿童 / 舞台艺术,新西兰,汉语普通话,2015-11-04(柏林电影节) / 2015-11-13(国际),170分钟,星辰现实的歌声(马),tt9824754,9.5,2950134,79.50%,10.50%,5.00%,2.10%,2.90%,《星辰现实的歌声》是一部探讨生命的价值的细腻电影。故事发生在奇幻的魔法世界，一名失意的作家踏上了一段改变命运的旅程。在张强峰的执导下，节奏把控精准，表演真挚感人，将科幻类型的魅力展现得淋漓尽致。本片温暖而治愈，展现了电影艺术的无限可能。
喧嚣的谎言之上 The Lie at Dawn,https://movie.douban.com/subject/1001963/,Michael Johnson,杨明辉,佐藤太郎 / 李国超 / 陈军鹏 / ...,动作 / 西部,中国大陆 / 波兰,汉语普通话 / 方言,2013-02-19(金球奖) / 2013-03-02(国际),230分钟,喧嚣的谎言之上(台),tt2461289,9,612275,88.30%,5%,2%,2.10%,2.60%,《喧嚣的谎言之上》是一部探讨文化的碰撞的震撼电影。故事发生在一个遥远的小镇，一名神秘的陌生人踏上了一段改变命运的旅程。在Michael的执导下，表演真挚感人，剧情扣人心弦，将动作类型的魅力展现得淋漓尽致。本片具有很高的艺术价值，在国际影展上备受瞩目。
海洋旅程的证明 The Secret from the Past,https://movie.douban.com/subject/1001964/,Robert Johnson,崔浩敏,小林健一 / 小林三郎 / 吴文峰 / ...,喜剧,巴西,葡萄牙语 / 英语,1994-01-20(多伦多电影节) / 1994-03-08(国际),110分钟,海洋旅程的证明(台) / Journey,tt1376457,8.2,351574,66.80%,23.20%,5.00%,2.70%,2.30%,《海洋旅程的证明》是一部探讨爱情的真谛的深刻电影。故事发生在一个遥远的小镇，一位孤独的老人坚守了一个重要的承诺。在Robert的执导下，表演真挚感人，剧情扣人心弦，将喜剧类型的魅力展现得淋漓尽致。本片触动人心深处，在国际影展上备受瞩目。
燃烧的恐惧的证明 Last Fear from the Past,https://movie.douban.com/subject/1001965/,尹浩恩,John Rodriguez,Christopher Miller / 陈志强 / 赵伟建 / ...,喜剧 / 情色 / 短片,印度 / 芬兰,印地语 / 日语,1995-01-17(柏林电影节) / 1995-03-16(国际),165分钟,燃烧的恐惧的证明(陆) / 燃烧的恐惧的证明修复版,tt3966502,8.8,804496,81.70%,8.30%,5.00%,2.60%,2.40%,《燃烧的恐惧的证明》是一部探讨科技的边界的宏大电影。故事发生在广袤的沙漠，一对相爱的恋人发现了一个惊人的真相。在尹浩恩的执导下，配乐动人心弦，细节处理到位，将喜剧类型的魅力展现得淋漓尽致。本片令人难以忘怀，展现了电影艺术的无限可能。
温暖的朋友的旅程 Last Life at Dawn,https://movie.douban.com/subject/1001966/,Robert Rodriguez,杨杰军,James Johnson / 杨国鹏 / 佐藤大辅 / ...,爱情 / 恐怖 / 犯罪,中国大陆,汉语普通话,1983-07-17(罗马电影节) / 1983-09-27(国际),160分钟,温暖的朋友的旅程(台) / 温暖的朋友的旅程纪念版,tt2720471,7.6,129622,52.60%,25.10%,14.70%,4.20%,3.40%,《温暖的朋友的旅程》是一部探讨家庭的温暖的震撼电影。故事发生在深邃的海洋，一名勇敢的战士坚守了一个重要的承诺。在Robert的执导下，影片画面精美，节奏把控精准，将爱情类型的魅力展现得淋漓尽致。本片值得反复品味，获得了观众的一致好评。
温暖的故乡的救赎 A Love at Dusk,https://movie.douban.com/subject/1001967/,赵明文,赵鹏文 / 赵明龙 / Paul Williams,郑敏浩 / Steven Davis / 佐藤雄大 / ...,爱情,墨西哥,西班牙语,1976-10-18(罗马电影节) / 1976-12-28(国际),120分钟,温暖的故乡的救赎(台) / 温暖的故乡的救赎修复版,tt6105887,8.2,163251,60.60%,23.10%,10.50%,3.30%,2.50%,《温暖的故乡的救赎》是一部探讨科技的边界的宏大电影。故事发生在深邃的太空，一个破碎的家庭找到了生命的真谛。在赵明文的执导下，影片画面精美，节奏把控精准，将爱情类型的魅力展现得淋漓尽致。本片触动人心深处，展现了电影艺术的无限可能。
荒野勇气之外 The Secret,https://movie.douban.com/subject/1001968/,尹浩智,赵平明,赵秀恩 / 张超军 / 赵龙伟 / ...,剧情 / 西部 / 历史,以色列,西班牙语,1996-01-12(柏林电影节) / 1996-04-04(国际),110分钟,荒野勇气之外(马) / 荒野勇气之外纪念版,tt1228576,7.9,94043,62.50%,19.50%,10.10%,3.30%,4.60%,《荒野勇气之外》是一部探讨战争的残酷的深刻电影。故事发生在末日后的废墟，一名神秘的陌生人改变了世界的格局。在尹浩智的执导下，配乐动人心弦，影片画面精美，将剧情类型的魅力展现得淋漓尽致。本片值得反复品味，获得了观众的一致好评。
星辰空间的边缘 A Love at Dusk,https://movie.douban.com/subject/1001969/,Paul Brown,张俊俊 / 田中太郎,Peter Garcia / 铃木次郎 / 佐藤三郎 / ...,剧情 / 战争,印度 / 澳大利亚,印地语 / 英语 / 汉语普通话,2023-02-20(金棕榈奖) / 2023-05-02(国际),210分钟,星辰空间的边缘(韩),tt1286630,8.8,366070,83.80%,6.20%,5.00%,2.70%,2.30%,《星辰空间的边缘》是一部探讨身份的认同的细腻电影。故事发生在末日后的废墟，一名勇敢的战士完成了一次自我的救赎。在Paul的执导下，视觉效果震撼，寓意深远悠长，将剧情类型的魅力展现得淋漓尽致。本片充满了希望与力量，获得了观众的一致好评。
海洋希望的故事 Lost Journey in the Dark,https://movie.douban.com/subject/1001970/,张军军,王明辉 / 朴浩哲 / 姜恩珍,张俊珍 / George Williams / 崔浩承 / ...,剧情 / 爱情,加拿大,法语 / 英语,1995-01-27(威尼斯电影节) / 1995-03-07(国际),160分钟,,tt9935432,6.2,11908,43.00%,28.70%,14.40%,6.00%,7.90%,《海洋希望的故事》是一部探讨自由的渴望的震撼电影。故事发生在奇幻的魔法世界，一名勇敢的战士守护了珍贵的东西。在张军军的执导下，配乐动人心弦，剧情扣人心弦，将剧情类型的魅力展现得淋漓尽致。本片值得推荐给所有人，展现了电影艺术的无限可能。
晨曦死亡的传说 Found Lie at Dawn,https://movie.douban.com/subject/1001971/,渡边次郎,王龙龙 / 陈文志,王鹏龙 / 李军军 / 王文明 / ...,喜剧 / 冒险,中国香港,粤语 / 汉语普通话,1980-02-02(东京电影节) / 1980-02-25(国际),100分钟,晨曦死亡的传说(马) / 晨曦死亡的传说特别版,tt8585518,6.8,32853,33.70%,40.50%,14.50%,7.30%,4.00%,《晨曦死亡的传说》是一部探讨身份的认同的感人电影。故事发生在浪漫的海边小镇，一位智慧的导师坚守了一个重要的承诺。在渡边次郎的执导下，剧情扣人心弦，思想内涵深刻，将喜剧类型的魅力展现得淋漓尽致。本片充满了希望与力量，展现了电影艺术的无限可能。
星辰家庭的传说 My Secret in the Dark,https://movie.douban.com/subject/1001972/,周军鹏,渡边凉平 / 黄国平,Robert Wilson / George Brown / 佐藤次郎 / ...,爱情 / 历史,葡萄牙,日语,2024-09-13(奥斯卡金像奖) / 2024-12-05(国际),175分钟,星辰家庭的传说(日) / 星辰家庭的传说导演剪辑版,tt4628827,6.5,21148,34.90%,44.50%,11.40%,4.40%,4.80%,《星辰家庭的传说》是一部探讨成长的烦恼的深刻电影。故事发生在恐怖的黑暗领域，一位坚强的女性发现了一个惊人的真相。在周军鹏的执导下，节奏把控精准，表演真挚感人，将爱情类型的魅力展现得淋漓尽致。本片令人难以忘怀，展现了电影艺术的无限可能。
未来的旅程的旅程 My Promise,https://movie.douban.com/subject/1001973/,李辉伟,中村雄大,周平军 / 李鹏伟 / 渡边诚 / ...,剧情,法国,法语 / 英语,1987-03-20(多伦多电影节) / 1987-03-27(国际),165分钟,未来的旅程的旅程特别版,tt8683896,9.5,1112818,92.40%,5%,2%,0.50%,0.10%,《未来的旅程的旅程》是一部探讨真相的揭露的震撼电影。故事发生在繁华的都市，一名神秘的陌生人找到了生命的真谛。在李辉伟的执导下，气氛营造出色，寓意深远悠长，将剧情类型的魅力展现得淋漓尽致。本片充满了希望与力量，获得了观众的一致好评。
追寻记忆的故事 My Life,https://movie.douban.com/subject/1001974/,吴龙杰,吴超峰 / 伊藤凉平,姜智秀 / 王辉明 / Paul Wilson / ...,剧情 / 脱口秀,葡萄牙,英语,2022-10-18(圣丹斯电影节) / 2022-11-26(国际),115分钟,追寻记忆的故事(韩),tt3185658,7.5,187203,61.70%,20.80%,11.80%,3.60%,2.10%,《追寻记忆的故事》是一部探讨命运的挑战的细腻电影。故事发生在广袤的沙漠，一名神秘的陌生人找到了生命的真谛。在吴龙杰的执导下，视觉效果震撼，思想内涵深刻，将剧情类型的魅力展现得淋漓尽致。本片让人思考良久，展现了电影艺术的无限可能。
荒野黑暗之下 A Fear at Dusk,https://movie.douban.com/subject/1001975/,吴峰强,田中三郎 / 李浩俊,山田雄大 / 周文建 / Christopher Davis / ...,神话 / 奇幻 / 动作,俄罗斯,俄语 / 英语,2002-07-17(威尼斯电影节) / 2002-07-14(国际),140分钟,,tt9181428,7,36409,48.30%,26.90%,12.60%,7.90%,4.30%,《荒野黑暗之下》是一部探讨自由的渴望的细腻电影。故事发生在极地的冰雪世界，一群志同道合的朋友改变了世界的格局。在吴峰强的执导下，剧情扣人心弦，配乐动人心弦，将神话类型的魅力展现得淋漓尽致。本片值得反复品味，在国际影展上备受瞩目。
远方的秘密 Final Secret of the Soul,https://movie.douban.com/subject/1001976/,姜浩哲,朴智贤 / 张军伟,吴军伟 / 赵国建 / 黄文文 / ...,喜剧,中国香港,粤语,1996-04-18(金球奖) / 1996-04-05(国际),240分钟,远方的秘密(马) / Secret,tt8169587,8,280927,63.30%,21.30%,8.10%,3.00%,4.30%,《远方的秘密》是一部探讨和平的珍贵的细腻电影。故事发生在末日后的废墟，一对相爱的恋人改变了世界的格局。在姜浩哲的执导下，导演手法独特，视觉效果震撼，将喜剧类型的魅力展现得淋漓尽致。本片是一部不可多得的佳作，在国际影展上备受瞩目。
温暖的远方之内 Your Love at Dawn,https://movie.douban.com/subject/1001977/,佐藤翔太,Christopher Smith,John Smith / 山田雄大 / 李峰鹏 / ...,动作 / 惊悚 / 儿童,澳大利亚,英语,2023-01-22(釜山电影节) / 2023-03-16(国际),230分钟,温暖的远方之内纪念版,tt5481086,6.8,40172,38.80%,37.70%,12.30%,5.50%,5.70%,《温暖的远方之内》是一部探讨和平的珍贵的震撼电影。故事发生在雨林的深处，一位坚强的女性揭开了一个深藏多年的秘密。在佐藤翔太的执导下，细节处理到位，视觉效果震撼，将动作类型的魅力展现得淋漓尽致。本片充满了希望与力量，获得了观众的一致好评。
冻结的灵魂的旅程 Lost Hate to the Future,https://movie.douban.com/subject/1001978/,伊藤凉平,John Miller,George Jones / 姜浩秀 / 周杰强 / ...,科幻,西班牙 / 捷克 / 英国,英语,1977-01-24(奥斯卡金像奖) / 1977-03-11(国际),220分钟,冻结的灵魂的旅程纪念版,tt3286345,6,17618,43.20%,30.80%,17.50%,4.80%,3.70%,《冻结的灵魂的旅程》是一部探讨身份的认同的震撼电影。故事发生在深邃的太空，一个破碎的家庭跨越了时空的界限。在伊藤凉平的执导下，细节处理到位，情感表达细腻，将科幻类型的魅力展现得淋漓尽致。本片令人难以忘怀，在国际影展上备受瞩目。
海洋恐惧之外 A Death from the Past,https://movie.douban.com/subject/1001979/,渡边大辅,张秀俊 / 陈文龙,林浩珍 / 张伟杰 / David Brown / ...,歌舞 / 喜剧,土耳其,日语,2023-03-03(伦敦电影节) / 2023-05-28(国际),190分钟,海洋恐惧之外(陆),tt6827662,6.4,18256,32.10%,44.80%,11.60%,5.00%,6.50%,《海洋恐惧之外》是一部探讨身份的认同的宏大电影。故事发生在广袤的沙漠，一名失意的作家守护了珍贵的东西。在渡边大辅的执导下，细节处理到位，气氛营造出色，将歌舞类型的魅力展现得淋漓尽致。本片具有很高的艺术价值，在国际影展上备受瞩目。
海洋梦境之间 My Truth to the Future,https://movie.douban.com/subject/1001980/,山田太郎,赵承英,王建志 / 吴强志 / 王志伟 / ...,爱情 / 脱口秀,韩国,韩语 / 英语,1981-09-18(罗马电影节) / 1981-10-05(国际),190分钟,海洋梦境之间(台) / 海洋梦境之间特别版,tt7524355,7.5,193679,56.60%,27.70%,10.70%,3.00%,2.00%,《海洋梦境之间》是一部探讨空间的奥秘的宏大电影。故事发生在深邃的海洋，一对失散多年的兄弟经历了一次深刻的心灵洗礼。在山田太郎的执导下，剧情扣人心弦，视觉效果震撼，将爱情类型的魅力展现得淋漓尽致。本片具有很高的艺术价值，获得了观众的一致好评。
冻结的时间的审判 Found Love from the Past,https://movie.douban.com/subject/1001981/,Christopher Garcia,赵华文 / 刘峰超 / 周建国,James Jones / Steven Rodriguez / George Johnson / ...,喜剧 / 古装,荷兰 / 澳大利亚 / 爱尔兰,英语,2004-12-28(戛纳电影节) / 2004-12-18(国际),120分钟,冻结的时间的审判(陆) / 冻结的时间的审判导演剪辑版,tt4934539,8.6,269529,76.00%,14.00%,5.00%,2.10%,2.90%,《冻结的时间的审判》是一部探讨友谊的力量的深刻电影。故事发生在浪漫的海边小镇，一对失散多年的兄弟坚守了一个重要的承诺。在Christopher的执导下，节奏把控精准，思想内涵深刻，将喜剧类型的魅力展现得淋漓尽致。本片令人难以忘怀，获得了观众的一致好评。
记忆中的光明的约定 First Hate at Dusk,https://movie.douban.com/subject/1001982/,郑秀贤,周超国 / 李龙鹏 / 小林太郎,George Jones / Robert Jones / 赵志志 / ...,剧情,西班牙,英语,2011-07-10(伦敦电影节) / 2011-09-16(国际),125分钟,记忆中的光明的约定(台) / Light,tt8358354,6.8,17411,39.50%,37.00%,14.20%,6.40%,2.90%,《记忆中的光明的约定》是一部探讨和平的珍贵的深刻电影。故事发生在深邃的海洋，一个破碎的家庭经历了一次深刻的心灵洗礼。在郑秀贤的执导下，节奏把控精准，情感表达细腻，将剧情类型的魅力展现得淋漓尽致。本片充满了希望与力量，获得了观众的一致好评。
沉默的终点的边缘 First Fear from the Past,https://movie.douban.com/subject/1001983/,杨明建,铃木凉平 / 金浩哲,赵秀俊 / 田中凉平 / 张志杰 / ...,爱情 / 脱口秀 / 西部,伊朗,法语,2008-06-23(莫斯科电影节) / 2008-07-01(国际),95分钟,沉默的终点的边缘(新) / 沉默的终点的边缘特别版,tt7666019,7.9,56535,59.90%,23.90%,9.30%,4.10%,2.80%,《沉默的终点的边缘》是一部探讨自然的敬畏的感人电影。故事发生在虚拟的网络空间，一位坚强的女性实现了曾经的梦想。在杨明建的执导下，气氛营造出色，情感表达细腻，将爱情类型的魅力展现得淋漓尽致。本片触动人心深处，获得了观众的一致好评。
永恒的选择的救赎 Found Fear in the Dark,https://movie.douban.com/subject/1001984/,David Davis,George Garcia / 杨鹏强 / David Wilson,John Smith / 陈国建 / 山田翔太 / ...,动作,比利时,日语,2013-05-10(戛纳电影节) / 2013-06-05(国际),200分钟,永恒的选择的救赎(韩),tt9050575,7,20345,46.70%,33.40%,11.20%,5.40%,3.30%,《永恒的选择的救赎》是一部探讨空间的奥秘的震撼电影。故事发生在宁静的乡村，一位孤独的老人经历了一次深刻的心灵洗礼。在David的执导下，视觉效果震撼，配乐动人心弦，将动作类型的魅力展现得淋漓尽致。本片充满了希望与力量，在国际影展上备受瞩目。
过去的希望的回声 Found Promise,https://movie.douban.com/subject/1001985/,李建平,Paul Smith / 李平华 / 张伟超,伊藤三郎 / 赵辉文 / 吴建峰 / ...,动作 / 动画 / 恐怖,俄罗斯,俄语,1989-06-01(釜山电影节) / 1989-08-16(国际),195分钟,过去的希望的回声加长版,tt4001987,7.4,39615,44.50%,37.50%,9.50%,4.90%,3.60%,《过去的希望的回声》是一部探讨文化的碰撞的细腻电影。故事发生在险峻的高山之巅，一对相爱的恋人揭开了一个深藏多年的秘密。在李建平的执导下，思想内涵深刻，配乐动人心弦，将动作类型的魅力展现得淋漓尽致。本片具有很高的艺术价值，展现了电影艺术的无限可能。
温暖的时间的歌声 Final Promise in the Dark,https://movie.douban.com/subject/1001986/,赵龙志,Michael Smith / 李国国 / John Miller,Paul Miller / David Johnson / 黄国华 / ...,爱情 / 真人秀 / 灾难,瑞士,汉语普通话,1978-02-04(戛纳电影节) / 1978-04-24(国际),190分钟,温暖的时间的歌声(陆),tt6062518,8.2,382579,58.70%,28.50%,7.80%,2.10%,2.90%,《温暖的时间的歌声》是一部探讨文化的碰撞的细腻电影。故事发生在虚拟的网络空间，一个天真的孩子面对了一场前所未有的挑战。在赵龙志的执导下，节奏把控精准，影片画面精美，将爱情类型的魅力展现得淋漓尽致。本片具有很高的艺术价值，在国际影展上备受瞩目。
未来的故乡的故事 My Dream at Dawn,https://movie.douban.com/subject/1001987/,小林大辅,赵浩秀,黄超峰 / John Davis / 佐藤拓也 / ...,科幻 / 脱口秀 / 真人秀,意大利,意大利语 / 英语,1996-03-01(上海电影节) / 1996-05-02(国际),150分钟,,tt2245324,6.9,33408,42.80%,32.90%,16.10%,5.00%,3.20%,《未来的故乡的故事》是一部探讨爱情的真谛的震撼电影。故事发生在深邃的海洋，一位智慧的导师跨越了时空的界限。在小林大辅的执导下，导演手法独特，表演真挚感人，将科幻类型的魅力展现得淋漓尽致。本片值得推荐给所有人，获得了观众的一致好评。
冰冷的希望的歌声 My Secret of the Soul,https://movie.douban.com/subject/1001988/,Steven Rodriguez,刘龙龙 / 李鹏建,Peter Brown / Steven Rodriguez / 陈国志 / ...,动作 / 历史,泰国,英语,2004-01-02(柏林电影节) / 2004-01-04(国际),210分钟,冰冷的希望的歌声(港) / 冰冷的希望的歌声纪念版,tt7827818,8.8,959792,83.40%,6.60%,5.00%,2.10%,2.90%,《冰冷的希望的歌声》是一部探讨和平的珍贵的深刻电影。故事发生在神秘的异域，一个破碎的家庭突破了自我的极限。在Steven的执导下，思想内涵深刻，细节处理到位，将动作类型的魅力展现得淋漓尽致。本片是一部不可多得的佳作，获得了观众的一致好评。
冰冷的陌生人的回声 Last Love to the Future,https://movie.douban.com/subject/1001989/,Peter Miller,Michael Davis / 李平辉,周明文 / 小林次郎 / Peter Williams / ...,喜剧,比利时,法语,2002-07-23(威尼斯电影节) / 2002-08-13(国际),145分钟,冰冷的陌生人的回声(韩) / 冰冷的陌生人的回声导演剪辑版,tt3613971,9.2,2557140,85.20%,5%,4.80%,3.10%,1.90%,《冰冷的陌生人的回声》是一部探讨爱情的真谛的细腻电影。故事发生在宁静的乡村，一名勇敢的战士坚守了一个重要的承诺。在Peter的执导下，节奏把控精准，气氛营造出色，将喜剧类型的魅力展现得淋漓尽致。本片展现了人性的光辉，获得了观众的一致好评。
冻结的秘密之上 A Fear to the Future,https://movie.douban.com/subject/1001990/,渡边次郎,金浩哲 / 黄国鹏,赵伟强 / 金英英 / John Brown / ...,爱情,俄罗斯,俄语 / 英语,1971-01-13(釜山电影节) / 1971-03-22(国际),125分钟,,tt5678256,7.7,54224,56.10%,22.50%,12.30%,6.20%,2.90%,《冻结的秘密之上》是一部探讨时间的意义的深刻电影。故事发生在极地的冰雪世界，一名勇敢的战士踏上了一段改变命运的旅程。在渡边次郎的执导下，气氛营造出色，寓意深远悠长，将爱情类型的魅力展现得淋漓尽致。本片触动人心深处，在国际影展上备受瞩目。
天空现实的旅程 First Dream at Dusk,https://movie.douban.com/subject/1001991/,王超鹏,Christopher Johnson / 佐藤健一,朴承珍 / 杨志辉 / 尹敏浩 / ...,喜剧 / 悬疑,荷兰,汉语普通话,1992-01-11(罗马电影节) / 1992-01-07(国际),170分钟,天空现实的旅程(日),tt4766164,9.5,1874581,92.40%,5%,2%,0.50%,0.10%,《天空现实的旅程》是一部探讨空间的奥秘的震撼电影。故事发生在雨林的深处，一个破碎的家庭面对了一场前所未有的挑战。在王超鹏的执导下，气氛营造出色，导演手法独特，将喜剧类型的魅力展现得淋漓尽致。本片充满了希望与力量，在国际影展上备受瞩目。
孤独的生命的痕迹 Your Journey of the Soul,https://movie.douban.com/subject/1001992/,Steven Rodriguez,David Miller,Christopher Wilson / 佐藤凉平 / David Brown / ...,喜剧,中国香港,粤语 / 英语,1982-11-05(金棕榈奖) / 1982-12-20(国际),115分钟,,tt1364574,8.6,820671,87.00%,5%,3.00%,2.20%,2.80%,《孤独的生命的痕迹》是一部探讨时间的意义的震撼电影。故事发生在宁静的乡村，一位年轻的冒险家完成了一次自我的救赎。在Steven的执导下，导演手法独特，节奏把控精准，将喜剧类型的魅力展现得淋漓尽致。本片充满了希望与力量，获得了观众的一致好评。
永恒的英雄 Last Truth to the Future,https://movie.douban.com/subject/1001993/,山田翔太,张杰强,高桥雄大 / 黄峰峰 / 赵军平 / ...,科幻,伊朗,汉语普通话,2020-03-04(东京电影节) / 2020-05-25(国际),100分钟,永恒的英雄(台),tt1422514,7.7,193668,60.30%,24.70%,8.90%,3.60%,2.50%,《永恒的英雄》是一部探讨身份的认同的宏大电影。故事发生在战火纷飞的年代，一个天真的孩子面对了一场前所未有的挑战。在山田翔太的执导下，寓意深远悠长，剧情扣人心弦，将科幻类型的魅力展现得淋漓尽致。本片让人思考良久，获得了观众的一致好评。
遗忘的终点的审判 Final Death of the Soul,https://movie.douban.com/subject/1001994/,Robert Rodriguez,尹哲秀 / 陈明军,赵英俊 / 杨辉国 / 田中凉平 / ...,动作 / 奇幻,泰国,日语,2021-09-02(奥斯卡金像奖) / 2021-11-22(国际),200分钟,,tt8217164,8,204920,65.10%,22.80%,6.50%,3.40%,2.20%,《遗忘的终点的审判》是一部探讨家庭的温暖的深刻电影。故事发生在虚拟的网络空间，一个天真的孩子找到了生命的真谛。在Robert的执导下，气氛营造出色，视觉效果震撼，将动作类型的魅力展现得淋漓尽致。本片会成为经典之作，在国际影展上备受瞩目。
眼前的空间的回声 Found Hate in the Dark,https://movie.douban.com/subject/1001995/,伊藤拓也,杨鹏华,王军平 / 周明超 / James Brown / ...,科幻,意大利,意大利语,2016-01-17(金球奖) / 2016-03-04(国际),140分钟,眼前的空间的回声(新) / 眼前的空间的回声导演剪辑版,tt7725713,6.9,39995,41.40%,32.70%,16.70%,4.50%,4.70%,《眼前的空间的回声》是一部探讨文化的碰撞的震撼电影。故事发生在雨林的深处，一名失意的作家揭开了一个深藏多年的秘密。在伊藤拓也的执导下，视觉效果震撼，思想内涵深刻，将科幻类型的魅力展现得淋漓尽致。本片值得推荐给所有人，获得了观众的一致好评。
永恒的空间的救赎 My Truth in the Dark,https://movie.douban.com/subject/1001996/,张哲珍,崔敏智 / 周明超 / Paul Garcia,John Miller / 王志军 / George Wilson / ...,剧情,越南,英语,1989-09-27(上海电影节) / 1989-09-07(国际),95分钟,,tt6057712,6.6,18692,40.20%,34.90%,14.20%,5.70%,5.00%,《永恒的空间的救赎》是一部探讨人性的探索的宏大电影。故事发生在深邃的太空，一名勇敢的战士经历了一次深刻的心灵洗礼。在张哲珍的执导下，视觉效果震撼，节奏把控精准，将剧情类型的魅力展现得淋漓尽致。本片展现了人性的光辉，在国际影展上备受瞩目。
眼前的敌人的抉择 First Fear to the Future,https://movie.douban.com/subject/1001997/,James Rodriguez,佐藤太郎 / 张峰鹏 / 刘国伟,朴智哲 / 刘军志 / 刘鹏明 / ...,喜剧 / 音乐 / 武侠,墨西哥,西班牙语,2017-06-26(威尼斯电影节) / 2017-09-16(国际),185分钟,眼前的敌人的抉择(台),tt9174602,7.2,97928,50.00%,27.30%,11.40%,7.60%,3.70%,《眼前的敌人的抉择》是一部探讨和平的珍贵的震撼电影。故事发生在神秘的异域，一位孤独的老人跨越了时空的界限。在James的执导下，影片画面精美，配乐动人心弦，将喜剧类型的魅力展现得淋漓尽致。本片是一部不可多得的佳作，获得了观众的一致好评。
记忆中的灵魂之上 The Lie to the Future,https://movie.douban.com/subject/1001998/,吴建文,田中次郎 / Michael Williams / 陈华志,Robert Smith / Christopher Wilson / 赵哲英 / ...,动作 / 战争,爱尔兰 / 奥地利 / 英国,法语,2009-06-14(莫斯科电影节) / 2009-09-27(国际),210分钟,记忆中的灵魂之上特别版,tt9881359,6.2,7441,40.70%,32.60%,15.40%,5.40%,5.90%,《记忆中的灵魂之上》是一部探讨爱情的真谛的深刻电影。故事发生在深邃的太空，一对失散多年的兄弟面对了一场前所未有的挑战。在吴建文的执导下，影片画面精美，配乐动人心弦，将动作类型的魅力展现得淋漓尽致。本片会成为经典之作，展现了电影艺术的无限可能。
迷失的敌人之上 Lost Love to the Future,https://movie.douban.com/subject/1001999/,赵杰龙,杨华志,James Williams / 陈平华 / 王军龙 / ...,动作 / 舞台艺术 / 冒险,伊朗 / 意大利 / 丹麦,日语,2010-11-07(金棕榈奖) / 2010-12-23(国际),190分钟,迷失的敌人之上(日),tt1453665,6.4,11947,38.70%,33.60%,17.80%,4.50%,5.40%,《迷失的敌人之上》是一部探讨友谊的力量的震撼电影。故事发生在恐怖的黑暗领域，一位坚强的女性实现了曾经的梦想。在赵杰龙的执导下，节奏把控精准，导演手法独特，将动作类型的魅力展现得淋漓尽致。本片值得推荐给所有人，获得了观众的一致好评。
